deck_id,card_key,lists,copies,n_lists,inclusion,avg_copies_when_played,avg_copies_per_list,name,cat,legal_post,marks
alakazam-dudunsparce,Abra [MEG 54],444,1830,467,0.9507494646680942,4.121621621621622,3.918629550321199,Abra,pokemon,1,I
alakazam-dudunsparce,Abra [TWM 80],31,35,467,0.06638115631691649,1.1290322580645162,0.07494646680942184,Abra,pokemon,0,H
alakazam-dudunsparce,Adversity Policy,1,1,467,0.0021413276231263384,1.0,0.0021413276231263384,Adversity Policy,trainer,1,I
alakazam-dudunsparce,Air Balloon,360,590,467,0.7708779443254818,1.6388888888888888,1.2633832976445396,Air Balloon,trainer,1,I
alakazam-dudunsparce,Alakazam [MEG 56],444,1418,467,0.9507494646680942,3.1936936936936937,3.0364025695931476,Alakazam,pokemon,1,I
alakazam-dudunsparce,Alakazam [TWM 82],81,81,467,0.1734475374732334,1.0,0.1734475374732334,Alakazam,pokemon,0,H
alakazam-dudunsparce,Amulet of Hope,1,1,467,0.0021413276231263384,1.0,0.0021413276231263384,Amulet of Hope,trainer,0,H
alakazam-dudunsparce,Battle Cage,407,1223,467,0.8715203426124197,3.004914004914005,2.6188436830835116,Battle Cage,trainer,1,I
alakazam-dudunsparce,Beheeyem [TEF 74],1,1,467,0.0021413276231263384,1.0,0.0021413276231263384,Beheeyem,pokemon,0,H
alakazam-dudunsparce,Billy & O'Nare,1,1,467,0.0021413276231263384,1.0,0.0021413276231263384,Billy & O'Nare,trainer,0,H
alakazam-dudunsparce,Boss's Orders,442,1032,467,0.9464668094218416,2.334841628959276,2.209850107066381,Boss's Orders,trainer,1,G/I
alakazam-dudunsparce,Buddy-Buddy Poffin,444,1830,467,0.9507494646680942,4.121621621621622,3.918629550321199,Buddy-Buddy Poffin,trainer,0,H
alakazam-dudunsparce,Budew [ASC 16],5,6,467,0.010706638115631691,1.2,0.01284796573875803,Budew,pokemon,0,H
alakazam-dudunsparce,Chien-Pao [SSP 56],1,1,467,0.0021413276231263384,1.0,0.0021413276231263384,Chien-Pao,pokemon,0,H
alakazam-dudunsparce,Ciphermaniac's Codebreaking,6,7,467,0.01284796573875803,1.1666666666666667,0.014989293361884369,Ciphermaniac's Codebreaking,trainer,0,H
alakazam-dudunsparce,Colress's Tenacity,4,4,467,0.008565310492505354,1.0,0.008565310492505354,Colress's Tenacity,trainer,0,H
alakazam-dudunsparce,Crushing Hammer,6,11,467,0.01284796573875803,1.8333333333333333,0.023554603854389723,Crushing Hammer,trainer,1,F/G/J
alakazam-dudunsparce,Dark Bell,1,1,467,0.0021413276231263384,1.0,0.0021413276231263384,Dark Bell,trainer,1,J
alakazam-dudunsparce,Dawn,444,1707,467,0.9507494646680942,3.8445945945945947,3.6552462526766596,Dawn,trainer,1,I
alakazam-dudunsparce,Dedenne [SSP 87],217,224,467,0.46466809421841543,1.032258064516129,0.4796573875802998,Dedenne,pokemon,0,H
alakazam-dudunsparce,Diancie [SCR 86],1,1,467,0.0021413276231263384,1.0,0.0021413276231263384,Diancie,pokemon,0,H
alakazam-dudunsparce,Dudunsparce [PRE 80],444,1115,467,0.9507494646680942,2.5112612612612613,2.387580299785867,Dudunsparce,pokemon,0,H
alakazam-dudunsparce,Dudunsparce ex [JTG 121],8,8,467,0.017130620985010708,1.0,0.017130620985010708,Dudunsparce ex,pokemon,1,I
alakazam-dudunsparce,Dunsparce [JTG 120],423,1192,467,0.9057815845824411,2.817966903073286,2.5524625267665955,Dunsparce,pokemon,1,I
alakazam-dudunsparce,Dunsparce [PRE 79],78,126,467,0.1670235546038544,1.6153846153846154,0.2698072805139186,Dunsparce,pokemon,0,H
alakazam-dudunsparce,Dusclops [PRE 36],6,9,467,0.01284796573875803,1.5,0.019271948608137045,Dusclops,pokemon,0,H
alakazam-dudunsparce,Dusknoir [PRE 37],7,13,467,0.014989293361884369,1.8571428571428572,0.027837259100642397,Dusknoir,pokemon,0,H
alakazam-dudunsparce,Duskull [PRE 35],7,15,467,0.014989293361884369,2.142857142857143,0.032119914346895075,Duskull,pokemon,0,H
alakazam-dudunsparce,Elgyem [BLK 120],78,79,467,0.1670235546038544,1.0128205128205128,0.16916488222698073,Elgyem,pokemon,1,I
alakazam-dudunsparce,Emma,1,2,467,0.0021413276231263384,2.0,0.004282655246252677,Emma,trainer,1,J
alakazam-dudunsparce,Energy Swatter,4,10,467,0.008565310492505354,2.5,0.021413276231263382,Energy Swatter,trainer,1,J
alakazam-dudunsparce,Enhanced Hammer,327,615,467,0.7002141327623126,1.8807339449541285,1.316916488222698,Enhanced Hammer,trainer,0,H
alakazam-dudunsparce,Enriching Energy,440,462,467,0.9421841541755889,1.05,0.9892933618843683,Enriching Energy,energy,0,H
alakazam-dudunsparce,Eri,370,419,467,0.7922912205567452,1.1324324324324324,0.8972162740899358,Eri,trainer,0,H
alakazam-dudunsparce,Fan Rotom [ASC 171],27,29,467,0.057815845824411134,1.0740740740740742,0.06209850107066381,Fan Rotom,pokemon,0,H
alakazam-dudunsparce,Fezandipiti ex [ASC 142],417,439,467,0.892933618843683,1.052757793764988,0.9400428265524625,Fezandipiti ex,pokemon,0,H
alakazam-dudunsparce,Flutter Mane [PRE 43],8,8,467,0.017130620985010708,1.0,0.017130620985010708,Flutter Mane,pokemon,0,H
alakazam-dudunsparce,Forest of Vitality,8,17,467,0.017130620985010708,2.125,0.03640256959314775,Forest of Vitality,trainer,1,I
alakazam-dudunsparce,Frillish [WHT 126],1,1,467,0.0021413276231263384,1.0,0.0021413276231263384,Frillish,pokemon,1,I
alakazam-dudunsparce,Genesect [SFA 40],407,512,467,0.8715203426124197,1.257985257985258,1.0963597430406853,Genesect,pokemon,0,H
alakazam-dudunsparce,Gravity Gemstone,1,1,467,0.0021413276231263384,1.0,0.0021413276231263384,Gravity Gemstone,trainer,0,H
alakazam-dudunsparce,Gwynn,9,11,467,0.019271948608137045,1.2222222222222223,0.023554603854389723,Gwynn,trainer,1,J
alakazam-dudunsparce,Haban Berry,2,3,467,0.004282655246252677,1.5,0.006423982869379015,Haban Berry,trainer,0,H
alakazam-dudunsparce,Handheld Fan,256,450,467,0.5481798715203426,1.7578125,0.9635974304068522,Handheld Fan,trainer,0,H
alakazam-dudunsparce,Hero's Cape,1,1,467,0.0021413276231263384,1.0,0.0021413276231263384,Hero's Cape,trainer,0,H
alakazam-dudunsparce,Hilda,444,1422,467,0.9507494646680942,3.2027027027027026,3.044967880085653,Hilda,trainer,1,I
alakazam-dudunsparce,Jamming Tower,1,1,467,0.0021413276231263384,1.0,0.0021413276231263384,Jamming Tower,trainer,0,H
alakazam-dudunsparce,Jellicent ex [WHT 160],1,1,467,0.0021413276231263384,1.0,0.0021413276231263384,Jellicent ex,pokemon,1,I
alakazam-dudunsparce,Judge,1,1,467,0.0021413276231263384,1.0,0.0021413276231263384,Judge,trainer,1,G/J
alakazam-dudunsparce,Kadabra [MEG 55],444,1814,467,0.9507494646680942,4.085585585585585,3.8843683083511777,Kadabra,pokemon,1,I
alakazam-dudunsparce,Kieran,1,1,467,0.0021413276231263384,1.0,0.0021413276231263384,Kieran,trainer,0,H
alakazam-dudunsparce,Lana's Aid,358,380,467,0.7665952890792291,1.0614525139664805,0.8137044967880086,Lana's Aid,trainer,0,H
alakazam-dudunsparce,Lillie's Clefairy ex [ASC 280],106,109,467,0.22698072805139186,1.028301886792453,0.2334047109207709,Lillie's Clefairy ex,pokemon,1,I
alakazam-dudunsparce,Lillie's Determination,11,15,467,0.023554603854389723,1.3636363636363635,0.032119914346895075,Lillie's Determination,trainer,1,I
alakazam-dudunsparce,Lillie's Pearl,48,49,467,0.10278372591006424,1.0208333333333333,0.10492505353319058,Lillie's Pearl,trainer,1,I
alakazam-dudunsparce,Lucky Helmet,141,150,467,0.3019271948608137,1.0638297872340425,0.32119914346895073,Lucky Helmet,trainer,0,H
alakazam-dudunsparce,Megaton Blower,2,2,467,0.004282655246252677,1.0,0.004282655246252677,Megaton Blower,trainer,0,H
alakazam-dudunsparce,Meowth ex [POR 107],1,1,467,0.0021413276231263384,1.0,0.0021413276231263384,Meowth ex,pokemon,1,J
alakazam-dudunsparce,Mist Energy,1,2,467,0.0021413276231263384,2.0,0.004282655246252677,Mist Energy,energy,0,H
alakazam-dudunsparce,Morty's Conviction,2,2,467,0.004282655246252677,1.0,0.004282655246252677,Morty's Conviction,trainer,0,H
alakazam-dudunsparce,Night Stretcher,318,364,467,0.6809421841541756,1.1446540880503144,0.7794432548179872,Night Stretcher,trainer,0,H
alakazam-dudunsparce,Nighttime Mine,184,443,467,0.39400428265524623,2.407608695652174,0.9486081370449678,Nighttime Mine,trainer,1,I
alakazam-dudunsparce,Patrat [CRI 70],4,4,467,0.008565310492505354,1.0,0.008565310492505354,Patrat,pokemon,1,J
alakazam-dudunsparce,Pikipek [PBL 66],81,143,467,0.1734475374732334,1.7654320987654322,0.30620985010706636,Pikipek,pokemon,1,J
alakazam-dudunsparce,Poké Pad,444,1836,467,0.9507494646680942,4.135135135135135,3.931477516059957,Poké Pad,trainer,1,J
alakazam-dudunsparce,Powerglass,1,1,467,0.0021413276231263384,1.0,0.0021413276231263384,Powerglass,trainer,0,H
alakazam-dudunsparce,Prime Catcher,1,1,467,0.0021413276231263384,1.0,0.0021413276231263384,Prime Catcher,trainer,0,H
alakazam-dudunsparce,Psychic Energy,444,676,467,0.9507494646680942,1.5225225225225225,1.4475374732334048,Psychic Energy,energy,1,basic
alakazam-dudunsparce,Psyduck [ASC 226],187,190,467,0.4004282655246253,1.0160427807486632,0.4068522483940043,Psyduck,pokemon,1,I
alakazam-dudunsparce,Rabsca [TEF 24],10,14,467,0.021413276231263382,1.4,0.029978586723768737,Rabsca,pokemon,0,H
alakazam-dudunsparce,Rare Candy,444,1362,467,0.9507494646680942,3.0675675675675675,2.9164882226980726,Rare Candy,trainer,1,F/G/I
alakazam-dudunsparce,Rellor [TEF 23],10,15,467,0.021413276231263382,1.5,0.032119914346895075,Rellor,pokemon,0,H
alakazam-dudunsparce,Repel,2,2,467,0.004282655246252677,1.0,0.004282655246252677,Repel,trainer,1,I
alakazam-dudunsparce,Ruffian,9,9,467,0.019271948608137045,1.0,0.019271948608137045,Ruffian,trainer,1,I
alakazam-dudunsparce,Rust Syndicate Grunt,38,49,467,0.08137044967880086,1.2894736842105263,0.10492505353319058,Rust Syndicate Grunt,trainer,1,J
alakazam-dudunsparce,Sacred Ash,435,458,467,0.9314775160599572,1.0528735632183908,0.9807280513918629,Sacred Ash,trainer,1,I
alakazam-dudunsparce,Shaymin [DRI 10],379,398,467,0.8115631691648822,1.050131926121372,0.8522483940042827,Shaymin,pokemon,1,I
alakazam-dudunsparce,Special Red Card,197,202,467,0.42184154175588867,1.0253807106598984,0.43254817987152033,Special Red Card,trainer,1,J
alakazam-dudunsparce,Strange Timepiece,4,7,467,0.008565310492505354,1.75,0.014989293361884369,Strange Timepiece,trainer,1,I
alakazam-dudunsparce,Surfer,1,1,467,0.0021413276231263384,1.0,0.0021413276231263384,Surfer,trainer,0,H
alakazam-dudunsparce,Switch,26,30,467,0.055674518201284794,1.1538461538461537,0.06423982869379015,Switch,trainer,1,F/G/I
alakazam-dudunsparce,Team Rocket's Petrel,3,3,467,0.006423982869379015,1.0,0.006423982869379015,Team Rocket's Petrel,trainer,1,I
alakazam-dudunsparce,Telepathic Psychic Energy,444,1814,467,0.9507494646680942,4.085585585585585,3.8843683083511777,Telepathic Psychic Energy,energy,1,J
alakazam-dudunsparce,Togekiss [ASC 235],14,14,467,0.029978586723768737,1.0,0.029978586723768737,Togekiss,pokemon,0,H
alakazam-dudunsparce,Togepi [ASC 80],14,15,467,0.029978586723768737,1.0714285714285714,0.032119914346895075,Togepi,pokemon,0,H
alakazam-dudunsparce,Tool Scrapper,3,3,467,0.006423982869379015,1.0,0.006423982869379015,Tool Scrapper,trainer,1,I
alakazam-dudunsparce,Toucannon [PBL 68],81,138,467,0.1734475374732334,1.7037037037037037,0.2955032119914347,Toucannon,pokemon,1,J
alakazam-dudunsparce,Transformation Tome,1,2,467,0.0021413276231263384,2.0,0.004282655246252677,Transformation Tome,trainer,1,J
alakazam-dudunsparce,Trumbeak [PBL 67],47,49,467,0.1006423982869379,1.0425531914893618,0.10492505353319058,Trumbeak,pokemon,1,J
alakazam-dudunsparce,Ultra Ball,1,2,467,0.0021413276231263384,2.0,0.004282655246252677,Ultra Ball,trainer,1,F/G/I
alakazam-dudunsparce,Unown [30C 72],1,1,467,0.0021413276231263384,1.0,0.0021413276231263384,Unown,pokemon,1,J
alakazam-dudunsparce,Wondrous Patch,137,220,467,0.29336188436830835,1.6058394160583942,0.47109207708779444,Wondrous Patch,trainer,1,I
alakazam-dudunsparce,Xerosic's Machinations,59,62,467,0.12633832976445397,1.0508474576271187,0.13276231263383298,Xerosic's Machinations,trainer,0,H
alakazam-dusknoir,Abra [MEG 54],99,236,99,1.0,2.3838383838383836,2.3838383838383836,Abra,pokemon,1,I
alakazam-dusknoir,Abra [TWM 80],91,160,99,0.9191919191919192,1.7582417582417582,1.6161616161616161,Abra,pokemon,0,H
alakazam-dusknoir,Air Balloon,8,9,99,0.08080808080808081,1.125,0.09090909090909091,Air Balloon,trainer,1,I
alakazam-dusknoir,Alakazam [MEG 56],99,297,99,1.0,3.0,3.0,Alakazam,pokemon,1,I
alakazam-dusknoir,Alakazam [TWM 82],3,3,99,0.030303030303030304,1.0,0.030303030303030304,Alakazam,pokemon,0,H
alakazam-dusknoir,Battle Cage,2,3,99,0.020202020202020204,1.5,0.030303030303030304,Battle Cage,trainer,1,I
alakazam-dusknoir,Bloodmoon Ursaluna ex [PRE 168],1,1,99,0.010101010101010102,1.0,0.010101010101010102,Bloodmoon Ursaluna ex,pokemon,0,H
alakazam-dusknoir,Boss's Orders,99,117,99,1.0,1.1818181818181819,1.1818181818181819,Boss's Orders,trainer,1,G/I
alakazam-dusknoir,Bronzong [TEF 69],6,8,99,0.06060606060606061,1.3333333333333333,0.08080808080808081,Bronzong,pokemon,0,H
alakazam-dusknoir,Bronzor [TEF 170],6,8,99,0.06060606060606061,1.3333333333333333,0.08080808080808081,Bronzor,pokemon,0,H
alakazam-dusknoir,Buddy-Buddy Poffin,90,279,99,0.9090909090909091,3.1,2.8181818181818183,Buddy-Buddy Poffin,trainer,0,H
alakazam-dusknoir,Budew [ASC 16],89,157,99,0.898989898989899,1.7640449438202248,1.5858585858585859,Budew,pokemon,0,H
alakazam-dusknoir,Buneary [PFL 83],1,1,99,0.010101010101010102,1.0,0.010101010101010102,Buneary,pokemon,1,I
alakazam-dusknoir,Dawn,99,267,99,1.0,2.696969696969697,2.696969696969697,Dawn,trainer,1,I
alakazam-dusknoir,Dedenne [SSP 87],4,4,99,0.04040404040404041,1.0,0.04040404040404041,Dedenne,pokemon,0,H
alakazam-dusknoir,Dudunsparce [PRE 80],1,1,99,0.010101010101010102,1.0,0.010101010101010102,Dudunsparce,pokemon,0,H
alakazam-dusknoir,Dunsparce [JTG 120],1,1,99,0.010101010101010102,1.0,0.010101010101010102,Dunsparce,pokemon,1,I
alakazam-dusknoir,Dusclops [PRE 36],99,199,99,1.0,2.01010101010101,2.01010101010101,Dusclops,pokemon,0,H
alakazam-dusknoir,Dusknoir [PRE 37],99,200,99,1.0,2.0202020202020203,2.0202020202020203,Dusknoir,pokemon,0,H
alakazam-dusknoir,Duskull [PRE 35],99,371,99,1.0,3.7474747474747474,3.7474747474747474,Duskull,pokemon,0,H
alakazam-dusknoir,Enhanced Hammer,23,34,99,0.23232323232323232,1.4782608695652173,0.3434343434343434,Enhanced Hammer,trainer,0,H
alakazam-dusknoir,Eri,6,6,99,0.06060606060606061,1.0,0.06060606060606061,Eri,trainer,0,H
alakazam-dusknoir,Festival Grounds,2,2,99,0.020202020202020204,1.0,0.020202020202020204,Festival Grounds,trainer,0,H
alakazam-dusknoir,Fezandipiti ex [ASC 142],95,95,99,0.9595959595959596,1.0,0.9595959595959596,Fezandipiti ex,pokemon,0,H
alakazam-dusknoir,Flutter Mane [PRE 43],17,17,99,0.1717171717171717,1.0,0.1717171717171717,Flutter Mane,pokemon,0,H
alakazam-dusknoir,Forest of Vitality,2,3,99,0.020202020202020204,1.5,0.030303030303030304,Forest of Vitality,trainer,1,I
alakazam-dusknoir,Frillish [WHT 126],11,38,99,0.1111111111111111,3.4545454545454546,0.3838383838383838,Frillish,pokemon,1,I
alakazam-dusknoir,Genesect [SFA 40],5,5,99,0.050505050505050504,1.0,0.050505050505050504,Genesect,pokemon,0,H
alakazam-dusknoir,Gravity Mountain,1,1,99,0.010101010101010102,1.0,0.010101010101010102,Gravity Mountain,trainer,0,H
alakazam-dusknoir,Gwynn,99,331,99,1.0,3.3434343434343434,3.3434343434343434,Gwynn,trainer,1,J
alakazam-dusknoir,Handheld Fan,3,4,99,0.030303030303030304,1.3333333333333333,0.04040404040404041,Handheld Fan,trainer,0,H
alakazam-dusknoir,Hero's Cape,1,1,99,0.010101010101010102,1.0,0.010101010101010102,Hero's Cape,trainer,0,H
alakazam-dusknoir,Hilda,99,381,99,1.0,3.8484848484848486,3.8484848484848486,Hilda,trainer,1,I
alakazam-dusknoir,Jamming Tower,6,6,99,0.06060606060606061,1.0,0.06060606060606061,Jamming Tower,trainer,0,H
alakazam-dusknoir,Jellicent ex [WHT 160],10,10,99,0.10101010101010101,1.0,0.10101010101010101,Jellicent ex,pokemon,1,I
alakazam-dusknoir,Kadabra [MEG 55],99,390,99,1.0,3.9393939393939394,3.9393939393939394,Kadabra,pokemon,1,I
alakazam-dusknoir,Lana's Aid,8,8,99,0.08080808080808081,1.0,0.08080808080808081,Lana's Aid,trainer,0,H
alakazam-dusknoir,Latias ex [SSP 220],10,10,99,0.10101010101010101,1.0,0.10101010101010101,Latias ex,pokemon,0,H
alakazam-dusknoir,Legacy Energy,1,1,99,0.010101010101010102,1.0,0.010101010101010102,Legacy Energy,energy,0,H
alakazam-dusknoir,Lucky Helmet,4,4,99,0.04040404040404041,1.0,0.04040404040404041,Lucky Helmet,trainer,0,H
alakazam-dusknoir,Max Rod,1,1,99,0.010101010101010102,1.0,0.010101010101010102,Max Rod,trainer,0,H
alakazam-dusknoir,Mega Lopunny ex [PFL 115],1,1,99,0.010101010101010102,1.0,0.010101010101010102,Mega Lopunny ex,pokemon,1,I
alakazam-dusknoir,Megaton Blower,2,2,99,0.020202020202020204,1.0,0.020202020202020204,Megaton Blower,trainer,0,H
alakazam-dusknoir,Mist Energy,9,9,99,0.09090909090909091,1.0,0.09090909090909091,Mist Energy,energy,0,H
alakazam-dusknoir,Night Stretcher,99,210,99,1.0,2.121212121212121,2.121212121212121,Night Stretcher,trainer,0,H
alakazam-dusknoir,Nighttime Mine,5,5,99,0.050505050505050504,1.0,0.050505050505050504,Nighttime Mine,trainer,1,I
alakazam-dusknoir,Patrat [CRI 70],38,38,99,0.3838383838383838,1.0,0.3838383838383838,Patrat,pokemon,1,J
alakazam-dusknoir,Poké Pad,99,395,99,1.0,3.98989898989899,3.98989898989899,Poké Pad,trainer,1,J
alakazam-dusknoir,Pokégear 3.0,1,1,99,0.010101010101010102,1.0,0.010101010101010102,Pokégear 3.0,trainer,1,G/I
alakazam-dusknoir,Prime Catcher,94,94,99,0.9494949494949495,1.0,0.9494949494949495,Prime Catcher,trainer,0,H
alakazam-dusknoir,Psychic Energy,99,103,99,1.0,1.0404040404040404,1.0404040404040404,Psychic Energy,energy,1,basic
alakazam-dusknoir,Psyduck [ASC 226],1,1,99,0.010101010101010102,1.0,0.010101010101010102,Psyduck,pokemon,1,I
alakazam-dusknoir,Rabsca [TEF 24],3,3,99,0.030303030303030304,1.0,0.030303030303030304,Rabsca,pokemon,0,H
alakazam-dusknoir,Rare Candy,99,391,99,1.0,3.9494949494949494,3.9494949494949494,Rare Candy,trainer,1,F/G/I
alakazam-dusknoir,Rellor [DRI 24],1,1,99,0.010101010101010102,1.0,0.010101010101010102,Rellor,pokemon,0,H
alakazam-dusknoir,Rellor [TEF 23],2,2,99,0.020202020202020204,1.0,0.020202020202020204,Rellor,pokemon,0,H
alakazam-dusknoir,Sacred Ash,87,88,99,0.8787878787878788,1.0114942528735633,0.8888888888888888,Sacred Ash,trainer,1,I
alakazam-dusknoir,Shaymin [DRI 10],94,94,99,0.9494949494949495,1.0,0.9494949494949495,Shaymin,pokemon,1,I
alakazam-dusknoir,Special Red Card,96,181,99,0.9696969696969697,1.8854166666666667,1.8282828282828283,Special Red Card,trainer,1,J
alakazam-dusknoir,Strange Timepiece,90,232,99,0.9090909090909091,2.577777777777778,2.3434343434343434,Strange Timepiece,trainer,1,I
alakazam-dusknoir,Switch,5,7,99,0.050505050505050504,1.4,0.0707070707070707,Switch,trainer,1,F/G/I
alakazam-dusknoir,Team Rocket's Petrel,3,4,99,0.030303030303030304,1.3333333333333333,0.04040404040404041,Team Rocket's Petrel,trainer,1,I
alakazam-dusknoir,Team Rocket's Watchtower,8,11,99,0.08080808080808081,1.375,0.1111111111111111,Team Rocket's Watchtower,trainer,1,I
alakazam-dusknoir,Telepathic Psychic Energy,99,394,99,1.0,3.9797979797979797,3.9797979797979797,Telepathic Psychic Energy,energy,1,J
alakazam-dusknoir,Tool Scrapper,1,1,99,0.010101010101010102,1.0,0.010101010101010102,Tool Scrapper,trainer,1,I
alakazam-dusknoir,Wondrous Patch,1,1,99,0.010101010101010102,1.0,0.010101010101010102,Wondrous Patch,trainer,1,I
alakazam-dusknoir,Xerosic's Machinations,1,1,99,0.010101010101010102,1.0,0.010101010101010102,Xerosic's Machinations,trainer,0,H
alakazam-meg,Abra [MEG 54],3,12,3,1.0,4.0,4.0,Abra,pokemon,1,I
alakazam-meg,Air Balloon,1,1,3,0.3333333333333333,1.0,0.3333333333333333,Air Balloon,trainer,1,I
alakazam-meg,Alakazam [MEG 56],3,9,3,1.0,3.0,3.0,Alakazam,pokemon,1,I
alakazam-meg,Battle Cage,2,4,3,0.6666666666666666,2.0,1.3333333333333333,Battle Cage,trainer,1,I
alakazam-meg,Boss's Orders,3,6,3,1.0,2.0,2.0,Boss's Orders,trainer,1,G/I
alakazam-meg,Buddy-Buddy Poffin,3,10,3,1.0,3.3333333333333335,3.3333333333333335,Buddy-Buddy Poffin,trainer,0,H
alakazam-meg,Budew [ASC 16],1,1,3,0.3333333333333333,1.0,0.3333333333333333,Budew,pokemon,0,H
alakazam-meg,Chandelure [TWM 38],1,3,3,0.3333333333333333,3.0,1.0,Chandelure,pokemon,0,H
alakazam-meg,Dawn,3,11,3,1.0,3.6666666666666665,3.6666666666666665,Dawn,trainer,1,I
alakazam-meg,Enhanced Hammer,1,2,3,0.3333333333333333,2.0,0.6666666666666666,Enhanced Hammer,trainer,0,H
alakazam-meg,Eri,1,1,3,0.3333333333333333,1.0,0.3333333333333333,Eri,trainer,0,H
alakazam-meg,Fezandipiti ex [ASC 142],1,1,3,0.3333333333333333,1.0,0.3333333333333333,Fezandipiti ex,pokemon,0,H
alakazam-meg,Fire Energy,1,3,3,0.3333333333333333,3.0,1.0,Fire Energy,energy,1,basic
alakazam-meg,Forest of Vitality,1,2,3,0.3333333333333333,2.0,0.6666666666666666,Forest of Vitality,trainer,1,I
alakazam-meg,Genesect [SFA 40],1,1,3,0.3333333333333333,1.0,0.3333333333333333,Genesect,pokemon,0,H
alakazam-meg,Gwynn,1,1,3,0.3333333333333333,1.0,0.3333333333333333,Gwynn,trainer,1,J
alakazam-meg,Handheld Fan,1,2,3,0.3333333333333333,2.0,0.6666666666666666,Handheld Fan,trainer,0,H
alakazam-meg,Hilda,3,12,3,1.0,4.0,4.0,Hilda,trainer,1,I
alakazam-meg,Kadabra [MEG 55],3,12,3,1.0,4.0,4.0,Kadabra,pokemon,1,I
alakazam-meg,Lampent [PBL 37],1,3,3,0.3333333333333333,3.0,1.0,Lampent,pokemon,1,J
alakazam-meg,Lana's Aid,3,3,3,1.0,1.0,1.0,Lana's Aid,trainer,0,H
alakazam-meg,Litwick [PBL 36],1,4,3,0.3333333333333333,4.0,1.3333333333333333,Litwick,pokemon,1,J
alakazam-meg,Lucky Helmet,1,1,3,0.3333333333333333,1.0,0.3333333333333333,Lucky Helmet,trainer,0,H
alakazam-meg,Max Rod,2,2,3,0.6666666666666666,1.0,0.6666666666666666,Max Rod,trainer,0,H
alakazam-meg,Morty's Conviction,1,2,3,0.3333333333333333,2.0,0.6666666666666666,Morty's Conviction,trainer,0,H
alakazam-meg,Night Stretcher,2,2,3,0.6666666666666666,1.0,0.6666666666666666,Night Stretcher,trainer,0,H
alakazam-meg,Nighttime Mine,1,1,3,0.3333333333333333,1.0,0.3333333333333333,Nighttime Mine,trainer,1,I
alakazam-meg,Patrat [CRI 70],1,1,3,0.3333333333333333,1.0,0.3333333333333333,Patrat,pokemon,1,J
alakazam-meg,Pikipek [PBL 66],2,4,3,0.6666666666666666,2.0,1.3333333333333333,Pikipek,pokemon,1,J
alakazam-meg,Poké Pad,3,11,3,1.0,3.6666666666666665,3.6666666666666665,Poké Pad,trainer,1,J
alakazam-meg,Prime Catcher,1,1,3,0.3333333333333333,1.0,0.3333333333333333,Prime Catcher,trainer,0,H
alakazam-meg,Psychic Energy,3,7,3,1.0,2.3333333333333335,2.3333333333333335,Psychic Energy,energy,1,basic
alakazam-meg,Psyduck [ASC 226],2,2,3,0.6666666666666666,1.0,0.6666666666666666,Psyduck,pokemon,1,I
alakazam-meg,Rabsca [TEF 24],1,1,3,0.3333333333333333,1.0,0.3333333333333333,Rabsca,pokemon,0,H
alakazam-meg,Rare Candy,3,11,3,1.0,3.6666666666666665,3.6666666666666665,Rare Candy,trainer,1,F/G/I
alakazam-meg,Rellor [TEF 23],1,1,3,0.3333333333333333,1.0,0.3333333333333333,Rellor,pokemon,0,H
alakazam-meg,Ruffian,1,1,3,0.3333333333333333,1.0,0.3333333333333333,Ruffian,trainer,1,I
alakazam-meg,Sacred Ash,1,1,3,0.3333333333333333,1.0,0.3333333333333333,Sacred Ash,trainer,1,I
alakazam-meg,Shaymin [DRI 10],1,1,3,0.3333333333333333,1.0,0.3333333333333333,Shaymin,pokemon,1,I
alakazam-meg,Special Red Card,2,2,3,0.6666666666666666,1.0,0.6666666666666666,Special Red Card,trainer,1,J
alakazam-meg,Strange Timepiece,1,1,3,0.3333333333333333,1.0,0.3333333333333333,Strange Timepiece,trainer,1,I
alakazam-meg,Switch,1,1,3,0.3333333333333333,1.0,0.3333333333333333,Switch,trainer,1,F/G/I
alakazam-meg,Telepathic Psychic Energy,3,12,3,1.0,4.0,4.0,Telepathic Psychic Energy,energy,1,J
alakazam-meg,Togekiss [ASC 235],1,1,3,0.3333333333333333,1.0,0.3333333333333333,Togekiss,pokemon,0,H
alakazam-meg,Togepi [ASC 80],1,1,3,0.3333333333333333,1.0,0.3333333333333333,Togepi,pokemon,0,H
alakazam-meg,Toucannon [PBL 68],2,4,3,0.6666666666666666,2.0,1.3333333333333333,Toucannon,pokemon,1,J
alakazam-meg,Trumbeak [PBL 67],2,2,3,0.6666666666666666,1.0,0.6666666666666666,Trumbeak,pokemon,1,J
alakazam-meg,Wondrous Patch,1,1,3,0.3333333333333333,1.0,0.3333333333333333,Wondrous Patch,trainer,1,I
alakazam-meg,Xerosic's Machinations,1,1,3,0.3333333333333333,1.0,0.3333333333333333,Xerosic's Machinations,trainer,0,H
alolan-exeggutor-ex,Alolan Exeggutor ex [SSP 133],2,6,2,1.0,3.0,3.0,Alolan Exeggutor ex,pokemon,0,H
alolan-exeggutor-ex,Boss's Orders,2,5,2,1.0,2.5,2.5,Boss's Orders,trainer,1,G/I
alolan-exeggutor-ex,Buddy-Buddy Poffin,2,5,2,1.0,2.5,2.5,Buddy-Buddy Poffin,trainer,0,H
alolan-exeggutor-ex,Bug Catching Set,1,2,2,0.5,2.0,1.0,Bug Catching Set,trainer,0,H
alolan-exeggutor-ex,Cornerstone Mask Ogerpon ex [PRE 160],1,1,2,0.5,1.0,0.5,Cornerstone Mask Ogerpon ex,pokemon,0,H
alolan-exeggutor-ex,Crispin,2,6,2,1.0,3.0,3.0,Crispin,trainer,0,H
alolan-exeggutor-ex,Crustle [DRI 12],1,1,2,0.5,1.0,0.5,Crustle,pokemon,1,I
alolan-exeggutor-ex,Darkness Energy,1,2,2,0.5,2.0,1.0,Darkness Energy,energy,1,basic
alolan-exeggutor-ex,Dudunsparce [PRE 80],1,3,2,0.5,3.0,1.5,Dudunsparce,pokemon,0,H
alolan-exeggutor-ex,Dunsparce [PRE 79],1,3,2,0.5,3.0,1.5,Dunsparce,pokemon,0,H
alolan-exeggutor-ex,Dwebble [DRI 11],1,1,2,0.5,1.0,0.5,Dwebble,pokemon,1,I
alolan-exeggutor-ex,Energy Retrieval,1,1,2,0.5,1.0,0.5,Energy Retrieval,trainer,1,F/G/I
alolan-exeggutor-ex,Energy Search,1,2,2,0.5,2.0,1.0,Energy Search,trainer,1,F/G/J
alolan-exeggutor-ex,Energy Switch,1,2,2,0.5,2.0,1.0,Energy Switch,trainer,1,F/G/I
alolan-exeggutor-ex,Exeggcute [SSP 1],2,8,2,1.0,4.0,4.0,Exeggcute,pokemon,0,H
alolan-exeggutor-ex,Exeggutor [SSP 3],1,1,2,0.5,1.0,0.5,Exeggutor,pokemon,0,H
alolan-exeggutor-ex,Fighting Energy,2,4,2,1.0,2.0,2.0,Fighting Energy,energy,1,basic
alolan-exeggutor-ex,Grass Energy,2,8,2,1.0,4.0,4.0,Grass Energy,energy,1,basic
alolan-exeggutor-ex,Gravity Mountain,1,2,2,0.5,2.0,1.0,Gravity Mountain,trainer,0,H
alolan-exeggutor-ex,Haban Berry,1,1,2,0.5,1.0,0.5,Haban Berry,trainer,0,H
alolan-exeggutor-ex,Hilda,1,3,2,0.5,3.0,1.5,Hilda,trainer,1,I
alolan-exeggutor-ex,Ignition Energy,1,2,2,0.5,2.0,1.0,Ignition Energy,energy,1,I
alolan-exeggutor-ex,Jamming Tower,1,2,2,0.5,2.0,1.0,Jamming Tower,trainer,0,H
alolan-exeggutor-ex,Jumbo Ice Cream,1,2,2,0.5,2.0,1.0,Jumbo Ice Cream,trainer,1,I
alolan-exeggutor-ex,Legacy Energy,1,1,2,0.5,1.0,0.5,Legacy Energy,energy,0,H
alolan-exeggutor-ex,Lillie's Determination,2,6,2,1.0,3.0,3.0,Lillie's Determination,trainer,1,I
alolan-exeggutor-ex,Mega Starmie ex [POR 102],1,2,2,0.5,2.0,1.0,Mega Starmie ex,pokemon,1,J
alolan-exeggutor-ex,Munkidori [ASC 99],1,2,2,0.5,2.0,1.0,Munkidori,pokemon,0,H
alolan-exeggutor-ex,Night Stretcher,2,3,2,1.0,1.5,1.5,Night Stretcher,trainer,0,H
alolan-exeggutor-ex,Poké Pad,1,4,2,0.5,4.0,2.0,Poké Pad,trainer,1,J
alolan-exeggutor-ex,Pokégear 3.0,1,3,2,0.5,3.0,1.5,Pokégear 3.0,trainer,1,G/I
alolan-exeggutor-ex,Psyduck [ASC 226],1,1,2,0.5,1.0,0.5,Psyduck,pokemon,1,I
alolan-exeggutor-ex,Rocky Fighting Energy,1,1,2,0.5,1.0,0.5,Rocky Fighting Energy,energy,1,J
alolan-exeggutor-ex,Salvatore,1,3,2,0.5,3.0,1.5,Salvatore,trainer,0,H
alolan-exeggutor-ex,Secret Box,1,1,2,0.5,1.0,0.5,Secret Box,trainer,0,H
alolan-exeggutor-ex,Special Red Card,1,1,2,0.5,1.0,0.5,Special Red Card,trainer,1,J
alolan-exeggutor-ex,Staryu [POR 20],1,3,2,0.5,3.0,1.5,Staryu,pokemon,1,J
alolan-exeggutor-ex,Switch,2,2,2,1.0,1.0,1.0,Switch,trainer,1,F/G/I
alolan-exeggutor-ex,Teal Mask Ogerpon ex [PRE 12],1,2,2,0.5,2.0,1.0,Teal Mask Ogerpon ex,pokemon,0,H
alolan-exeggutor-ex,Thick Scale,1,1,2,0.5,1.0,0.5,Thick Scale,trainer,1,I
alolan-exeggutor-ex,Ultra Ball,1,3,2,0.5,3.0,1.5,Ultra Ball,trainer,1,F/G/I
alolan-exeggutor-ex,Water Energy,2,7,2,1.0,3.5,3.5,Water Energy,energy,1,basic
alolan-exeggutor-ex,Xerosic's Machinations,1,1,2,0.5,1.0,0.5,Xerosic's Machinations,trainer,0,H
archaludon-dudunsparce,Antique Armor Fossil,1,3,4,0.25,3.0,0.75,Antique Armor Fossil,trainer,1,J
archaludon-dudunsparce,Archaludon [PFL 75],2,2,4,0.5,1.0,0.5,Archaludon,pokemon,1,I
archaludon-dudunsparce,Archaludon ex [SSP 130],4,12,4,1.0,3.0,3.0,Archaludon ex,pokemon,0,H
archaludon-dudunsparce,Bastiodon [MEP 85],1,3,4,0.25,3.0,0.75,Bastiodon,pokemon,1,J
archaludon-dudunsparce,Battle Cage,2,2,4,0.5,1.0,0.5,Battle Cage,trainer,1,I
archaludon-dudunsparce,Black Belt's Training,2,3,4,0.5,1.5,0.75,Black Belt's Training,trainer,0,H
archaludon-dudunsparce,Boss's Orders,4,14,4,1.0,3.5,3.5,Boss's Orders,trainer,1,G/I
archaludon-dudunsparce,Buddy-Buddy Poffin,2,3,4,0.5,1.5,0.75,Buddy-Buddy Poffin,trainer,0,H
archaludon-dudunsparce,Chien-Pao [SSP 56],1,1,4,0.25,1.0,0.25,Chien-Pao,pokemon,0,H
archaludon-dudunsparce,Crushing Hammer,1,4,4,0.25,4.0,1.0,Crushing Hammer,trainer,1,F/G/J
archaludon-dudunsparce,Dudunsparce [PRE 80],4,11,4,1.0,2.75,2.75,Dudunsparce,pokemon,0,H
archaludon-dudunsparce,Dudunsparce ex [JTG 121],1,1,4,0.25,1.0,0.25,Dudunsparce ex,pokemon,1,I
archaludon-dudunsparce,Dunsparce [JTG 120],3,10,4,0.75,3.3333333333333335,2.5,Dunsparce,pokemon,1,I
archaludon-dudunsparce,Dunsparce [PRE 79],3,5,4,0.75,1.6666666666666667,1.25,Dunsparce,pokemon,0,H
archaludon-dudunsparce,Duraludon [PFL 74],1,3,4,0.25,3.0,0.75,Duraludon,pokemon,1,I
archaludon-dudunsparce,Duraludon [PRE 69],4,13,4,1.0,3.25,3.25,Duraludon,pokemon,0,H
archaludon-dudunsparce,Explorer's Guidance,2,3,4,0.5,1.5,0.75,Explorer's Guidance,trainer,0,H
archaludon-dudunsparce,Fan Rotom [ASC 171],3,6,4,0.75,2.0,1.5,Fan Rotom,pokemon,0,H
archaludon-dudunsparce,Fezandipiti ex [ASC 142],1,1,4,0.25,1.0,0.25,Fezandipiti ex,pokemon,0,H
archaludon-dudunsparce,Fossil Quarry,1,2,4,0.25,2.0,0.5,Fossil Quarry,trainer,1,J
archaludon-dudunsparce,Full Metal Lab,1,2,4,0.25,2.0,0.5,Full Metal Lab,trainer,0,H
archaludon-dudunsparce,Hero's Cape,3,3,4,0.75,1.0,0.75,Hero's Cape,trainer,0,H
archaludon-dudunsparce,Iron Defender,1,2,4,0.25,2.0,0.5,Iron Defender,trainer,1,I
archaludon-dudunsparce,Judge,3,6,4,0.75,2.0,1.5,Judge,trainer,1,G/J
archaludon-dudunsparce,Jumbo Ice Cream,2,6,4,0.5,3.0,1.5,Jumbo Ice Cream,trainer,1,I
archaludon-dudunsparce,Lillie's Determination,4,16,4,1.0,4.0,4.0,Lillie's Determination,trainer,1,I
archaludon-dudunsparce,Magnetic Metal Energy,2,3,4,0.5,1.5,0.75,Magnetic Metal Energy,energy,1,J
archaludon-dudunsparce,Mega Mawile ex [MEG 162],2,2,4,0.5,1.0,0.5,Mega Mawile ex,pokemon,1,I
archaludon-dudunsparce,Meowth ex [POR 107],1,1,4,0.25,1.0,0.25,Meowth ex,pokemon,1,J
archaludon-dudunsparce,Metal Energy,4,35,4,1.0,8.75,8.75,Metal Energy,energy,1,basic
archaludon-dudunsparce,Night Stretcher,4,9,4,1.0,2.25,2.25,Night Stretcher,trainer,0,H
archaludon-dudunsparce,Philippe,2,2,4,0.5,1.0,0.5,Philippe,trainer,1,J
archaludon-dudunsparce,Poké Pad,4,15,4,1.0,3.75,3.75,Poké Pad,trainer,1,J
archaludon-dudunsparce,Prism Tower,3,6,4,0.75,2.0,1.5,Prism Tower,trainer,1,J
archaludon-dudunsparce,Rare Candy,1,1,4,0.25,1.0,0.25,Rare Candy,trainer,1,F/G/I
archaludon-dudunsparce,Relicanth [TEF 173],3,3,4,0.75,1.0,0.75,Relicanth,pokemon,0,H
archaludon-dudunsparce,Scoop Up Cyclone,1,1,4,0.25,1.0,0.25,Scoop Up Cyclone,trainer,0,H
archaludon-dudunsparce,Shieldon [PBL 61],1,2,4,0.25,2.0,0.5,Shieldon,pokemon,1,J
archaludon-dudunsparce,Special Red Card,2,2,4,0.5,1.0,0.5,Special Red Card,trainer,1,J
archaludon-dudunsparce,Team Rocket's Petrel,2,3,4,0.5,1.5,0.75,Team Rocket's Petrel,trainer,1,I
archaludon-dudunsparce,Ultra Ball,4,16,4,1.0,4.0,4.0,Ultra Ball,trainer,1,F/G/I
archaludon-dudunsparce,Xerosic's Machinations,2,2,4,0.5,1.0,0.5,Xerosic's Machinations,trainer,0,H
archaludon-ex,Air Balloon,1,2,4,0.25,2.0,0.5,Air Balloon,trainer,1,I
archaludon-ex,Archaludon [PFL 75],1,1,4,0.25,1.0,0.25,Archaludon,pokemon,1,I
archaludon-ex,Archaludon ex [SSP 130],4,14,4,1.0,3.5,3.5,Archaludon ex,pokemon,0,H
archaludon-ex,Battle Cage,1,2,4,0.25,2.0,0.5,Battle Cage,trainer,1,I
archaludon-ex,Beldum [TEF 113],1,4,4,0.25,4.0,1.0,Beldum,pokemon,0,H
archaludon-ex,Black Belt's Training,1,1,4,0.25,1.0,0.25,Black Belt's Training,trainer,0,H
archaludon-ex,Boss's Orders,4,12,4,1.0,3.0,3.0,Boss's Orders,trainer,1,G/I
archaludon-ex,Brave Bangle,1,1,4,0.25,1.0,0.25,Brave Bangle,trainer,1,I
archaludon-ex,Brock's Scouting,1,2,4,0.25,2.0,0.5,Brock's Scouting,trainer,1,I
archaludon-ex,Buddy-Buddy Poffin,1,4,4,0.25,4.0,1.0,Buddy-Buddy Poffin,trainer,0,H
archaludon-ex,Carmine,2,3,4,0.5,1.5,0.75,Carmine,trainer,0,H
archaludon-ex,Cinderace [MEG 28],1,4,4,0.25,4.0,1.0,Cinderace,pokemon,1,I
archaludon-ex,Crushing Hammer,1,2,4,0.25,2.0,0.5,Crushing Hammer,trainer,1,F/G/J
archaludon-ex,Dialga [MEG 95],1,1,4,0.25,1.0,0.25,Dialga,pokemon,1,I
archaludon-ex,Duraludon [PFL 74],1,2,4,0.25,2.0,0.5,Duraludon,pokemon,1,I
archaludon-ex,Duraludon [PRE 69],4,12,4,1.0,3.0,3.0,Duraludon,pokemon,0,H
archaludon-ex,Energy Recycler,1,2,4,0.25,2.0,0.5,Energy Recycler,trainer,1,I
archaludon-ex,Energy Search,1,1,4,0.25,1.0,0.25,Energy Search,trainer,1,F/G/J
archaludon-ex,Explorer's Guidance,2,5,4,0.5,2.5,1.25,Explorer's Guidance,trainer,0,H
archaludon-ex,Fezandipiti ex [ASC 142],3,3,4,0.75,1.0,0.75,Fezandipiti ex,pokemon,0,H
archaludon-ex,Full Metal Lab,3,6,4,0.75,2.0,1.5,Full Metal Lab,trainer,0,H
archaludon-ex,Genesect [SFA 40],1,1,4,0.25,1.0,0.25,Genesect,pokemon,0,H
archaludon-ex,Genesect ex [BLK 161],1,2,4,0.25,2.0,0.5,Genesect ex,pokemon,1,I
archaludon-ex,Gravity Mountain,1,1,4,0.25,1.0,0.25,Gravity Mountain,trainer,0,H
archaludon-ex,Gwynn,1,1,4,0.25,1.0,0.25,Gwynn,trainer,1,J
archaludon-ex,Handheld Fan,1,1,4,0.25,1.0,0.25,Handheld Fan,trainer,0,H
archaludon-ex,Hero's Cape,2,2,4,0.5,1.0,0.5,Hero's Cape,trainer,0,H
archaludon-ex,Hilda,2,4,4,0.5,2.0,1.0,Hilda,trainer,1,I
archaludon-ex,Iron Defender,3,5,4,0.75,1.6666666666666667,1.25,Iron Defender,trainer,1,I
archaludon-ex,Judge,1,1,4,0.25,1.0,0.25,Judge,trainer,1,G/J
archaludon-ex,Jumbo Ice Cream,1,3,4,0.25,3.0,0.75,Jumbo Ice Cream,trainer,1,I
archaludon-ex,Kieran,1,1,4,0.25,1.0,0.25,Kieran,trainer,0,H
archaludon-ex,Lillie's Determination,4,15,4,1.0,3.75,3.75,Lillie's Determination,trainer,1,I
archaludon-ex,Lucky Helmet,1,1,4,0.25,1.0,0.25,Lucky Helmet,trainer,0,H
archaludon-ex,Maximum Belt,1,1,4,0.25,1.0,0.25,Maximum Belt,trainer,0,H
archaludon-ex,Mega Mawile ex [MEG 162],3,3,4,0.75,1.0,0.75,Mega Mawile ex,pokemon,1,I
archaludon-ex,Meowth ex [POR 107],3,3,4,0.75,1.0,0.75,Meowth ex,pokemon,1,J
archaludon-ex,Metagross [CRI 61],1,2,4,0.25,2.0,0.5,Metagross,pokemon,1,J
archaludon-ex,Metal Energy,4,47,4,1.0,11.75,11.75,Metal Energy,energy,1,basic
archaludon-ex,Metang [SVP 90],1,4,4,0.25,4.0,1.0,Metang,pokemon,0,H
archaludon-ex,Night Stretcher,4,10,4,1.0,2.5,2.5,Night Stretcher,trainer,0,H
archaludon-ex,Philippe,3,5,4,0.75,1.6666666666666667,1.25,Philippe,trainer,1,J
archaludon-ex,Poké Pad,3,10,4,0.75,3.3333333333333335,2.5,Poké Pad,trainer,1,J
archaludon-ex,Pokégear 3.0,3,7,4,0.75,2.3333333333333335,1.75,Pokégear 3.0,trainer,1,G/I
archaludon-ex,Relicanth [TEF 173],3,3,4,0.75,1.0,0.75,Relicanth,pokemon,0,H
archaludon-ex,Scoop Up Cyclone,1,1,4,0.25,1.0,0.25,Scoop Up Cyclone,trainer,0,H
archaludon-ex,Shaymin [DRI 10],1,1,4,0.25,1.0,0.25,Shaymin,pokemon,1,I
archaludon-ex,Special Red Card,2,2,4,0.5,1.0,0.5,Special Red Card,trainer,1,J
archaludon-ex,Team Rocket's Petrel,2,3,4,0.5,1.5,0.75,Team Rocket's Petrel,trainer,1,I
archaludon-ex,Ultra Ball,4,15,4,1.0,3.75,3.75,Ultra Ball,trainer,1,F/G/I
archaludon-ex,Xerosic's Machinations,1,1,4,0.25,1.0,0.25,Xerosic's Machinations,trainer,0,H
azumarill-ssp,Abra [TWM 80],1,4,3,0.3333333333333333,4.0,1.3333333333333333,Abra,pokemon,0,H
azumarill-ssp,Air Balloon,3,4,3,1.0,1.3333333333333333,1.3333333333333333,Air Balloon,trainer,1,I
azumarill-ssp,Alakazam [MEG 56],1,3,3,0.3333333333333333,3.0,1.0,Alakazam,pokemon,1,I
azumarill-ssp,Area Zero Underdepths,2,5,3,0.6666666666666666,2.5,1.6666666666666667,Area Zero Underdepths,trainer,0,H
azumarill-ssp,Azumarill [SSP 74],3,11,3,1.0,3.6666666666666665,3.6666666666666665,Azumarill,pokemon,0,H
azumarill-ssp,Banette [PBL 34],1,1,3,0.3333333333333333,1.0,0.3333333333333333,Banette,pokemon,1,J
azumarill-ssp,Battle Cage,2,4,3,0.6666666666666666,2.0,1.3333333333333333,Battle Cage,trainer,1,I
azumarill-ssp,Boss's Orders,3,8,3,1.0,2.6666666666666665,2.6666666666666665,Boss's Orders,trainer,1,G/I
azumarill-ssp,Brave Bangle,2,2,3,0.6666666666666666,1.0,0.6666666666666666,Brave Bangle,trainer,1,I
azumarill-ssp,Buddy-Buddy Poffin,3,7,3,1.0,2.3333333333333335,2.3333333333333335,Buddy-Buddy Poffin,trainer,0,H
azumarill-ssp,Ciphermaniac's Codebreaking,1,1,3,0.3333333333333333,1.0,0.3333333333333333,Ciphermaniac's Codebreaking,trainer,0,H
azumarill-ssp,Colress's Tenacity,1,1,3,0.3333333333333333,1.0,0.3333333333333333,Colress's Tenacity,trainer,0,H
azumarill-ssp,Cornerstone Mask Ogerpon ex [PRE 160],3,6,3,1.0,2.0,2.0,Cornerstone Mask Ogerpon ex,pokemon,0,H
azumarill-ssp,Crispin,1,1,3,0.3333333333333333,1.0,0.3333333333333333,Crispin,trainer,0,H
azumarill-ssp,Dawn,1,4,3,0.3333333333333333,4.0,1.3333333333333333,Dawn,trainer,1,I
azumarill-ssp,Energy Search,2,2,3,0.6666666666666666,1.0,0.6666666666666666,Energy Search,trainer,1,F/G/J
azumarill-ssp,Fan Rotom [ASC 171],2,4,3,0.6666666666666666,2.0,1.3333333333333333,Fan Rotom,pokemon,0,H
azumarill-ssp,Fezandipiti ex [ASC 142],3,3,3,1.0,1.0,1.0,Fezandipiti ex,pokemon,0,H
azumarill-ssp,Fighting Energy,2,2,3,0.6666666666666666,1.0,0.6666666666666666,Fighting Energy,energy,1,basic
azumarill-ssp,Fighting Gong,2,3,3,0.6666666666666666,1.5,1.0,Fighting Gong,trainer,1,I
azumarill-ssp,Gwynn,1,3,3,0.3333333333333333,3.0,1.0,Gwynn,trainer,1,J
azumarill-ssp,Hoothoot [PRE 77],1,1,3,0.3333333333333333,1.0,0.3333333333333333,Hoothoot,pokemon,0,H
azumarill-ssp,Hoothoot [SCR 114],1,3,3,0.3333333333333333,3.0,1.0,Hoothoot,pokemon,0,H
azumarill-ssp,Hoothoot [TEF 126],1,4,3,0.3333333333333333,4.0,1.3333333333333333,Hoothoot,pokemon,0,H
azumarill-ssp,Judge,1,1,3,0.3333333333333333,1.0,0.3333333333333333,Judge,trainer,1,G/J
azumarill-ssp,Kadabra [MEG 55],1,4,3,0.3333333333333333,4.0,1.3333333333333333,Kadabra,pokemon,1,I
azumarill-ssp,Kieran,1,1,3,0.3333333333333333,1.0,0.3333333333333333,Kieran,trainer,0,H
azumarill-ssp,Lana's Aid,1,1,3,0.3333333333333333,1.0,0.3333333333333333,Lana's Aid,trainer,0,H
azumarill-ssp,Lillie's Clefairy ex [ASC 280],3,3,3,1.0,1.0,1.0,Lillie's Clefairy ex,pokemon,1,I
azumarill-ssp,Lillie's Determination,2,5,3,0.6666666666666666,2.5,1.6666666666666667,Lillie's Determination,trainer,1,I
azumarill-ssp,Marill [ASC 232],2,8,3,0.6666666666666666,4.0,2.6666666666666665,Marill,pokemon,1,J
azumarill-ssp,Marill [TEF 64],1,3,3,0.3333333333333333,3.0,1.0,Marill,pokemon,0,H
azumarill-ssp,Mist Energy,1,2,3,0.3333333333333333,2.0,0.6666666666666666,Mist Energy,energy,0,H
azumarill-ssp,Night Stretcher,3,6,3,1.0,2.0,2.0,Night Stretcher,trainer,0,H
azumarill-ssp,Noctowl [PRE 78],2,7,3,0.6666666666666666,3.5,2.3333333333333335,Noctowl,pokemon,0,H
azumarill-ssp,Pikachu ex [ASC 277],1,1,3,0.3333333333333333,1.0,0.3333333333333333,Pikachu ex,pokemon,0,H
azumarill-ssp,Poké Pad,3,10,3,1.0,3.3333333333333335,3.3333333333333335,Poké Pad,trainer,1,J
azumarill-ssp,Prime Catcher,1,1,3,0.3333333333333333,1.0,0.3333333333333333,Prime Catcher,trainer,0,H
azumarill-ssp,Psychic Energy,3,12,3,1.0,4.0,4.0,Psychic Energy,energy,1,basic
azumarill-ssp,Psyduck [ASC 226],1,1,3,0.3333333333333333,1.0,0.3333333333333333,Psyduck,pokemon,1,I
azumarill-ssp,Rare Candy,1,1,3,0.3333333333333333,1.0,0.3333333333333333,Rare Candy,trainer,1,F/G/I
azumarill-ssp,Shaymin [DRI 10],3,3,3,1.0,1.0,1.0,Shaymin,pokemon,1,I
azumarill-ssp,Shuppet [PBL 33],1,2,3,0.3333333333333333,2.0,0.6666666666666666,Shuppet,pokemon,1,J
azumarill-ssp,Special Red Card,1,1,3,0.3333333333333333,1.0,0.3333333333333333,Special Red Card,trainer,1,J
azumarill-ssp,Switch,2,2,3,0.6666666666666666,1.0,0.6666666666666666,Switch,trainer,1,F/G/I
azumarill-ssp,Telepathic Psychic Energy,2,6,3,0.6666666666666666,3.0,2.0,Telepathic Psychic Energy,energy,1,J
azumarill-ssp,Tool Scrapper,1,1,3,0.3333333333333333,1.0,0.3333333333333333,Tool Scrapper,trainer,1,I
azumarill-ssp,Ultra Ball,2,5,3,0.6666666666666666,2.5,1.6666666666666667,Ultra Ball,trainer,1,F/G/I
azumarill-ssp,Unfair Stamp,2,2,3,0.6666666666666666,1.0,0.6666666666666666,Unfair Stamp,trainer,0,H
azumarill-ssp,Unown [30C 72],1,1,3,0.3333333333333333,1.0,0.3333333333333333,Unown,pokemon,1,J
azumarill-ssp,Water Energy,1,1,3,0.3333333333333333,1.0,0.3333333333333333,Water Energy,energy,1,basic
azumarill-ssp,Wellspring Mask Ogerpon ex [PRE 152],1,1,3,0.3333333333333333,1.0,0.3333333333333333,Wellspring Mask Ogerpon ex,pokemon,0,H
azumarill-ssp,Wondrous Patch,1,1,3,0.3333333333333333,1.0,0.3333333333333333,Wondrous Patch,trainer,1,I
basic-box-m,AZ's Tranquility,4,4,444,0.009009009009009009,1.0,0.009009009009009009,AZ's Tranquility,trainer,1,J
basic-box-m,Area Zero Underdepths,415,1474,444,0.9346846846846847,3.5518072289156626,3.31981981981982,Area Zero Underdepths,trainer,0,H
basic-box-m,Battle Cage,3,4,444,0.006756756756756757,1.3333333333333333,0.009009009009009009,Battle Cage,trainer,1,I
basic-box-m,Black Belt's Training,1,1,444,0.0022522522522522522,1.0,0.0022522522522522522,Black Belt's Training,trainer,0,H
basic-box-m,Black Kyurem ex [SSP 218],3,3,444,0.006756756756756757,1.0,0.006756756756756757,Black Kyurem ex,pokemon,0,H
basic-box-m,Bloodmoon Ursaluna ex [PRE 168],23,23,444,0.0518018018018018,1.0,0.0518018018018018,Bloodmoon Ursaluna ex,pokemon,0,H
basic-box-m,Boss's Orders,415,936,444,0.9346846846846847,2.255421686746988,2.108108108108108,Boss's Orders,trainer,1,G/I
basic-box-m,Briar,14,14,444,0.03153153153153153,1.0,0.03153153153153153,Briar,trainer,0,H
basic-box-m,Brock's Scouting,19,20,444,0.04279279279279279,1.0526315789473684,0.04504504504504504,Brock's Scouting,trainer,1,I
basic-box-m,Budew [ASC 16],1,1,444,0.0022522522522522522,1.0,0.0022522522522522522,Budew,pokemon,0,H
basic-box-m,Bug Catching Set,34,89,444,0.07657657657657657,2.6176470588235294,0.20045045045045046,Bug Catching Set,trainer,0,H
basic-box-m,Chi-Yu [TWM 39],15,15,444,0.033783783783783786,1.0,0.033783783783783786,Chi-Yu,pokemon,0,H
basic-box-m,Chien-Pao [SSP 56],402,429,444,0.9054054054054054,1.0671641791044777,0.9662162162162162,Chien-Pao,pokemon,0,H
basic-box-m,Ciphermaniac's Codebreaking,396,440,444,0.8918918918918919,1.1111111111111112,0.990990990990991,Ciphermaniac's Codebreaking,trainer,0,H
basic-box-m,Community Center,1,1,444,0.0022522522522522522,1.0,0.0022522522522522522,Community Center,trainer,0,H
basic-box-m,Cornerstone Mask Ogerpon ex [PRE 160],6,6,444,0.013513513513513514,1.0,0.013513513513513514,Cornerstone Mask Ogerpon ex,pokemon,0,H
basic-box-m,Crispin,382,1616,444,0.8603603603603603,4.230366492146596,3.6396396396396398,Crispin,trainer,0,H
basic-box-m,Cyrano,400,808,444,0.9009009009009009,2.02,1.8198198198198199,Cyrano,trainer,0,H
basic-box-m,Darkness Energy,15,22,444,0.033783783783783786,1.4666666666666666,0.04954954954954955,Darkness Energy,energy,1,basic
basic-box-m,Dusk Ball,2,4,444,0.0045045045045045045,2.0,0.009009009009009009,Dusk Ball,trainer,0,H
basic-box-m,Eevee [PRE 74],1,1,444,0.0022522522522522522,1.0,0.0022522522522522522,Eevee,pokemon,0,H
basic-box-m,Enamorus [TWM 180],244,253,444,0.5495495495495496,1.0368852459016393,0.5698198198198198,Enamorus,pokemon,0,H
basic-box-m,Energy Recycler,2,2,444,0.0045045045045045045,1.0,0.0045045045045045045,Energy Recycler,trainer,1,I
basic-box-m,Energy Retrieval,7,7,444,0.015765765765765764,1.0,0.015765765765765764,Energy Retrieval,trainer,1,F/G/I
basic-box-m,Energy Search,2,2,444,0.0045045045045045045,1.0,0.0045045045045045045,Energy Search,trainer,1,F/G/J
basic-box-m,Energy Switch,415,1749,444,0.9346846846846847,4.214457831325301,3.939189189189189,Energy Switch,trainer,1,F/G/I
basic-box-m,Eri,1,1,444,0.0022522522522522522,1.0,0.0022522522522522522,Eri,trainer,0,H
basic-box-m,Fan Rotom [ASC 171],2,3,444,0.0045045045045045045,1.5,0.006756756756756757,Fan Rotom,pokemon,0,H
basic-box-m,Fezandipiti ex [ASC 142],415,446,444,0.9346846846846847,1.074698795180723,1.0045045045045045,Fezandipiti ex,pokemon,0,H
basic-box-m,Fighting Energy,366,766,444,0.8243243243243243,2.092896174863388,1.7252252252252251,Fighting Energy,energy,1,basic
basic-box-m,Fire Energy,52,55,444,0.11711711711711711,1.0576923076923077,0.12387387387387387,Fire Energy,energy,1,basic
basic-box-m,Flareon ex [PRE 14],1,1,444,0.0022522522522522522,1.0,0.0022522522522522522,Flareon ex,pokemon,0,H
basic-box-m,Flutter Mane [PRE 43],1,1,444,0.0022522522522522522,1.0,0.0022522522522522522,Flutter Mane,pokemon,0,H
basic-box-m,Frillish [WHT 126],2,2,444,0.0045045045045045045,1.0,0.0045045045045045045,Frillish,pokemon,1,I
basic-box-m,Furfrou [POR 67],2,2,444,0.0045045045045045045,1.0,0.0045045045045045045,Furfrou,pokemon,1,J
basic-box-m,Glass Trumpet,346,471,444,0.7792792792792793,1.361271676300578,1.0608108108108107,Glass Trumpet,trainer,0,H
basic-box-m,Grass Energy,415,2819,444,0.9346846846846847,6.79277108433735,6.349099099099099,Grass Energy,energy,1,basic
basic-box-m,Gravity Mountain,1,1,444,0.0022522522522522522,1.0,0.0022522522522522522,Gravity Mountain,trainer,0,H
basic-box-m,Hero's Cape,101,104,444,0.22747747747747749,1.0297029702970297,0.23423423423423423,Hero's Cape,trainer,0,H
basic-box-m,Hoothoot [SCR 114],2,4,444,0.0045045045045045045,2.0,0.009009009009009009,Hoothoot,pokemon,0,H
basic-box-m,Iron Boulder [PRE 46],2,2,444,0.0045045045045045045,1.0,0.0045045045045045045,Iron Boulder,pokemon,0,H
basic-box-m,Iron Crown ex [PRE 158],289,304,444,0.6509009009009009,1.0519031141868511,0.6846846846846847,Iron Crown ex,pokemon,0,H
basic-box-m,Iron Leaves ex [PRE 176],376,403,444,0.8468468468468469,1.071808510638298,0.9076576576576577,Iron Leaves ex,pokemon,0,H
basic-box-m,Jamming Tower,127,130,444,0.28603603603603606,1.0236220472440944,0.2927927927927928,Jamming Tower,trainer,0,H
basic-box-m,Jellicent ex [WHT 160],1,1,444,0.0022522522522522522,1.0,0.0022522522522522522,Jellicent ex,pokemon,1,I
basic-box-m,Jirachi ex [30C 102],6,6,444,0.013513513513513514,1.0,0.013513513513513514,Jirachi ex,pokemon,1,J
basic-box-m,Judge,93,98,444,0.20945945945945946,1.053763440860215,0.22072072072072071,Judge,trainer,1,G/J
basic-box-m,Kieran,3,3,444,0.006756756756756757,1.0,0.006756756756756757,Kieran,trainer,0,H
basic-box-m,Koraidon ex [ASC 121],70,70,444,0.15765765765765766,1.0,0.15765765765765766,Koraidon ex,pokemon,1,J
basic-box-m,Latias ex [SSP 220],415,882,444,0.9346846846846847,2.125301204819277,1.9864864864864864,Latias ex,pokemon,0,H
basic-box-m,Leafeon ex [PRE 144],1,1,444,0.0022522522522522522,1.0,0.0022522522522522522,Leafeon ex,pokemon,0,H
basic-box-m,Legacy Energy,1,1,444,0.0022522522522522522,1.0,0.0022522522522522522,Legacy Energy,energy,0,H
basic-box-m,Lightning Energy,349,729,444,0.786036036036036,2.0888252148997135,1.6418918918918919,Lightning Energy,energy,1,basic
basic-box-m,Lillie's Clefairy ex [ASC 280],415,874,444,0.9346846846846847,2.1060240963855423,1.9684684684684686,Lillie's Clefairy ex,pokemon,1,I
basic-box-m,Lillie's Determination,79,190,444,0.17792792792792791,2.4050632911392404,0.42792792792792794,Lillie's Determination,trainer,1,I
basic-box-m,Lillie's Pearl,25,31,444,0.05630630630630631,1.24,0.06981981981981981,Lillie's Pearl,trainer,1,I
basic-box-m,Maractus [JTG 160],7,7,444,0.015765765765765764,1.0,0.015765765765765764,Maractus,pokemon,1,I
basic-box-m,Mega Absol ex [MEG 161],1,1,444,0.0022522522522522522,1.0,0.0022522522522522522,Mega Absol ex,pokemon,1,I
basic-box-m,Mega Kangaskhan ex [MEG 104],415,1634,444,0.9346846846846847,3.9373493975903613,3.68018018018018,Mega Kangaskhan ex,pokemon,1,I
basic-box-m,Meowth ex [POR 107],415,1275,444,0.9346846846846847,3.072289156626506,2.8716216216216215,Meowth ex,pokemon,1,J
basic-box-m,Metal Energy,1,1,444,0.0022522522522522522,1.0,0.0022522522522522522,Metal Energy,energy,1,basic
basic-box-m,Mew ex [30C 152],34,46,444,0.07657657657657657,1.3529411764705883,0.1036036036036036,Mew ex,pokemon,1,J
basic-box-m,Mist Energy,4,7,444,0.009009009009009009,1.75,0.015765765765765764,Mist Energy,energy,0,H
basic-box-m,Moltres [PFL 14],16,16,444,0.036036036036036036,1.0,0.036036036036036036,Moltres,pokemon,1,I
basic-box-m,Munkidori [ASC 99],26,27,444,0.05855855855855856,1.0384615384615385,0.060810810810810814,Munkidori,pokemon,0,H
basic-box-m,N's Plan,45,59,444,0.10135135135135136,1.3111111111111111,0.13288288288288289,N's Plan,trainer,1,I
basic-box-m,Night Stretcher,415,857,444,0.9346846846846847,2.0650602409638554,1.9301801801801801,Night Stretcher,trainer,0,H
basic-box-m,Noctowl [PRE 78],2,4,444,0.0045045045045045045,2.0,0.009009009009009009,Noctowl,pokemon,0,H
basic-box-m,Okidogi [PRE 57],2,2,444,0.0045045045045045045,1.0,0.0045045045045045045,Okidogi,pokemon,0,H
basic-box-m,Paldean Tauros [SSP 18],59,59,444,0.13288288288288289,1.0,0.13288288288288289,Paldean Tauros,pokemon,0,H
basic-box-m,Passimian [SSP 111],94,98,444,0.21171171171171171,1.0425531914893618,0.22072072072072071,Passimian,pokemon,0,H
basic-box-m,Patrat [CRI 70],2,2,444,0.0045045045045045045,1.0,0.0045045045045045045,Patrat,pokemon,1,J
basic-box-m,Pecharunt [SVP 129],44,53,444,0.0990990990990991,1.2045454545454546,0.11936936936936937,Pecharunt,pokemon,0,H
basic-box-m,Pecharunt ex [PRE 163],2,2,444,0.0045045045045045045,1.0,0.0045045045045045045,Pecharunt ex,pokemon,0,H
basic-box-m,Pikachu ex [ASC 277],1,1,444,0.0022522522522522522,1.0,0.0022522522522522522,Pikachu ex,pokemon,0,H
basic-box-m,Poké Pad,2,5,444,0.0045045045045045045,2.5,0.01126126126126126,Poké Pad,trainer,1,J
basic-box-m,Pokégear 3.0,3,5,444,0.006756756756756757,1.6666666666666667,0.01126126126126126,Pokégear 3.0,trainer,1,G/I
basic-box-m,Pokémon Catcher,2,3,444,0.0045045045045045045,1.5,0.006756756756756757,Pokémon Catcher,trainer,1,F/G/J
basic-box-m,Prime Catcher,186,194,444,0.4189189189189189,1.043010752688172,0.4369369369369369,Prime Catcher,trainer,0,H
basic-box-m,Prism Energy,50,179,444,0.11261261261261261,3.58,0.40315315315315314,Prism Energy,energy,1,I
basic-box-m,Psychic Energy,391,1070,444,0.8806306306306306,2.7365728900255752,2.40990990990991,Psychic Energy,energy,1,basic
basic-box-m,Psyduck [ASC 226],7,7,444,0.015765765765765764,1.0,0.015765765765765764,Psyduck,pokemon,1,I
basic-box-m,Raging Bolt [SCR 111],2,2,444,0.0045045045045045045,1.0,0.0045045045045045045,Raging Bolt,pokemon,0,H
basic-box-m,Raging Bolt ex [PRE 166],347,367,444,0.7815315315315315,1.057636887608069,0.8265765765765766,Raging Bolt ex,pokemon,0,H
basic-box-m,Reshiram [30C 14],4,4,444,0.009009009009009009,1.0,0.009009009009009009,Reshiram,pokemon,1,J
basic-box-m,Reshiram ex [WHT 158],1,1,444,0.0022522522522522522,1.0,0.0022522522522522522,Reshiram ex,pokemon,1,I
basic-box-m,Ruffian,1,1,444,0.0022522522522522522,1.0,0.0022522522522522522,Ruffian,trainer,1,I
basic-box-m,Scramble Switch,3,3,444,0.006756756756756757,1.0,0.006756756756756757,Scramble Switch,trainer,0,H
basic-box-m,Scream Tail ex [TWM 197],2,2,444,0.0045045045045045045,1.0,0.0045045045045045045,Scream Tail ex,pokemon,0,H
basic-box-m,Sparkling Crystal,1,1,444,0.0022522522522522522,1.0,0.0022522522522522522,Sparkling Crystal,trainer,0,H
basic-box-m,Special Red Card,318,337,444,0.7162162162162162,1.059748427672956,0.759009009009009,Special Red Card,trainer,1,J
basic-box-m,Stunfisk [ASC 62],2,2,444,0.0045045045045045045,1.0,0.0045045045045045045,Stunfisk,pokemon,1,I
basic-box-m,Switch,4,5,444,0.009009009009009009,1.25,0.01126126126126126,Switch,trainer,1,F/G/I
basic-box-m,Teal Mask Ogerpon ex [PRE 12],415,1019,444,0.9346846846846847,2.455421686746988,2.295045045045045,Teal Mask Ogerpon ex,pokemon,0,H
basic-box-m,Team Rocket's Articuno [DRI 51],1,1,444,0.0022522522522522522,1.0,0.0022522522522522522,Team Rocket's Articuno,pokemon,1,I
basic-box-m,Team Rocket's Mimikyu [ASC 238],3,3,444,0.006756756756756757,1.0,0.006756756756756757,Team Rocket's Mimikyu,pokemon,1,I
basic-box-m,Team Rocket's Petrel,1,1,444,0.0022522522522522522,1.0,0.0022522522522522522,Team Rocket's Petrel,trainer,1,I
basic-box-m,Telepathic Psychic Energy,17,38,444,0.038288288288288286,2.235294117647059,0.08558558558558559,Telepathic Psychic Energy,energy,1,J
basic-box-m,Tera Orb,21,29,444,0.0472972972972973,1.380952380952381,0.06531531531531531,Tera Orb,trainer,0,H
basic-box-m,Terapagos ex [ASC 179],3,3,444,0.006756756756756757,1.0,0.006756756756756757,Terapagos ex,pokemon,0,H
basic-box-m,Tool Scrapper,22,22,444,0.04954954954954955,1.0,0.04954954954954955,Tool Scrapper,trainer,1,I
basic-box-m,Ultra Ball,415,1761,444,0.9346846846846847,4.243373493975904,3.9662162162162162,Ultra Ball,trainer,1,F/G/I
basic-box-m,Unfair Stamp,138,141,444,0.3108108108108108,1.0217391304347827,0.31756756756756754,Unfair Stamp,trainer,0,H
basic-box-m,Unown [30C 72],1,1,444,0.0022522522522522522,1.0,0.0022522522522522522,Unown,pokemon,1,J
basic-box-m,Water Energy,379,433,444,0.8536036036036037,1.1424802110817942,0.9752252252252253,Water Energy,energy,1,basic
basic-box-m,Wellspring Mask Ogerpon ex [PRE 152],414,456,444,0.9324324324324325,1.1014492753623188,1.027027027027027,Wellspring Mask Ogerpon ex,pokemon,0,H
basic-box-m,Wondrous Patch,8,11,444,0.018018018018018018,1.375,0.024774774774774775,Wondrous Patch,trainer,1,I
basic-box-m,Xerosic's Machinations,55,56,444,0.12387387387387387,1.018181818181818,0.12612612612612611,Xerosic's Machinations,trainer,0,H
basic-box-m,Yveltal ex [POR 105],1,1,444,0.0022522522522522522,1.0,0.0022522522522522522,Yveltal ex,pokemon,1,J
beedrill-ex-cri,Air Balloon,7,10,37,0.1891891891891892,1.4285714285714286,0.2702702702702703,Air Balloon,trainer,1,I
beedrill-ex-cri,Arboliva ex [DRI 207],3,4,37,0.08108108108108109,1.3333333333333333,0.10810810810810811,Arboliva ex,pokemon,1,I
beedrill-ex-cri,Battle Cage,1,1,37,0.02702702702702703,1.0,0.02702702702702703,Battle Cage,trainer,1,I
beedrill-ex-cri,Beedrill ex [CRI 3],37,148,37,1.0,4.0,4.0,Beedrill ex,pokemon,1,J
beedrill-ex-cri,Black Belt's Training,1,1,37,0.02702702702702703,1.0,0.02702702702702703,Black Belt's Training,trainer,0,H
beedrill-ex-cri,Boss's Orders,37,90,37,1.0,2.4324324324324325,2.4324324324324325,Boss's Orders,trainer,1,G/I
beedrill-ex-cri,Buddy-Buddy Poffin,36,134,37,0.972972972972973,3.7222222222222223,3.6216216216216215,Buddy-Buddy Poffin,trainer,0,H
beedrill-ex-cri,Budew [ASC 16],7,8,37,0.1891891891891892,1.1428571428571428,0.21621621621621623,Budew,pokemon,0,H
beedrill-ex-cri,Bug Catching Set,34,114,37,0.918918918918919,3.3529411764705883,3.081081081081081,Bug Catching Set,trainer,0,H
beedrill-ex-cri,Buneary [PFL 83],1,1,37,0.02702702702702703,1.0,0.02702702702702703,Buneary,pokemon,1,I
beedrill-ex-cri,Celebi [MEG 12],6,11,37,0.16216216216216217,1.8333333333333333,0.2972972972972973,Celebi,pokemon,1,I
beedrill-ex-cri,Chien-Pao [SSP 56],1,1,37,0.02702702702702703,1.0,0.02702702702702703,Chien-Pao,pokemon,0,H
beedrill-ex-cri,Ciphermaniac's Codebreaking,6,8,37,0.16216216216216217,1.3333333333333333,0.21621621621621623,Ciphermaniac's Codebreaking,trainer,0,H
beedrill-ex-cri,Colress's Tenacity,6,7,37,0.16216216216216217,1.1666666666666667,0.1891891891891892,Colress's Tenacity,trainer,0,H
beedrill-ex-cri,Crispin,1,2,37,0.02702702702702703,2.0,0.05405405405405406,Crispin,trainer,0,H
beedrill-ex-cri,Crushing Hammer,1,1,37,0.02702702702702703,1.0,0.02702702702702703,Crushing Hammer,trainer,1,F/G/J
beedrill-ex-cri,Dawn,31,69,37,0.8378378378378378,2.225806451612903,1.864864864864865,Dawn,trainer,1,I
beedrill-ex-cri,Dedenne [SSP 87],1,1,37,0.02702702702702703,1.0,0.02702702702702703,Dedenne,pokemon,0,H
beedrill-ex-cri,Dolliv [DRI 22],3,4,37,0.08108108108108109,1.3333333333333333,0.10810810810810811,Dolliv,pokemon,1,I
beedrill-ex-cri,Dragapult ex [ASC 160],1,2,37,0.02702702702702703,2.0,0.05405405405405406,Dragapult ex,pokemon,0,H
beedrill-ex-cri,Drakloak [ASC 159],1,3,37,0.02702702702702703,3.0,0.08108108108108109,Drakloak,pokemon,0,H
beedrill-ex-cri,Dreepy [ASC 158],1,3,37,0.02702702702702703,3.0,0.08108108108108109,Dreepy,pokemon,0,H
beedrill-ex-cri,Dudunsparce [PRE 80],35,94,37,0.9459459459459459,2.6857142857142855,2.5405405405405403,Dudunsparce,pokemon,0,H
beedrill-ex-cri,Dudunsparce ex [JTG 121],3,3,37,0.08108108108108109,1.0,0.08108108108108109,Dudunsparce ex,pokemon,1,I
beedrill-ex-cri,Dunsparce [JTG 120],29,80,37,0.7837837837837838,2.7586206896551726,2.1621621621621623,Dunsparce,pokemon,1,I
beedrill-ex-cri,Dunsparce [PRE 79],17,31,37,0.4594594594594595,1.8235294117647058,0.8378378378378378,Dunsparce,pokemon,0,H
beedrill-ex-cri,Dusclops [PRE 36],1,1,37,0.02702702702702703,1.0,0.02702702702702703,Dusclops,pokemon,0,H
beedrill-ex-cri,Dusknoir [PRE 37],1,1,37,0.02702702702702703,1.0,0.02702702702702703,Dusknoir,pokemon,0,H
beedrill-ex-cri,Duskull [PRE 35],1,2,37,0.02702702702702703,2.0,0.05405405405405406,Duskull,pokemon,0,H
beedrill-ex-cri,Enriching Energy,2,2,37,0.05405405405405406,1.0,0.05405405405405406,Enriching Energy,energy,0,H
beedrill-ex-cri,Fan Rotom [ASC 171],29,32,37,0.7837837837837838,1.103448275862069,0.8648648648648649,Fan Rotom,pokemon,0,H
beedrill-ex-cri,Fezandipiti ex [ASC 142],27,27,37,0.7297297297297297,1.0,0.7297297297297297,Fezandipiti ex,pokemon,0,H
beedrill-ex-cri,Fire Energy,1,2,37,0.02702702702702703,2.0,0.05405405405405406,Fire Energy,energy,1,basic
beedrill-ex-cri,Forest of Vitality,37,147,37,1.0,3.972972972972973,3.972972972972973,Forest of Vitality,trainer,1,I
beedrill-ex-cri,Grass Energy,37,187,37,1.0,5.054054054054054,5.054054054054054,Grass Energy,energy,1,basic
beedrill-ex-cri,Growing Grass Energy,4,10,37,0.10810810810810811,2.5,0.2702702702702703,Growing Grass Energy,energy,1,J
beedrill-ex-cri,Gwynn,1,1,37,0.02702702702702703,1.0,0.02702702702702703,Gwynn,trainer,1,J
beedrill-ex-cri,Handheld Fan,1,1,37,0.02702702702702703,1.0,0.02702702702702703,Handheld Fan,trainer,0,H
beedrill-ex-cri,Hilda,6,10,37,0.16216216216216217,1.6666666666666667,0.2702702702702703,Hilda,trainer,1,I
beedrill-ex-cri,Judge,11,11,37,0.2972972972972973,1.0,0.2972972972972973,Judge,trainer,1,G/J
beedrill-ex-cri,Kakuna [CRI 2],37,147,37,1.0,3.972972972972973,3.972972972972973,Kakuna,pokemon,1,J
beedrill-ex-cri,Kieran,5,5,37,0.13513513513513514,1.0,0.13513513513513514,Kieran,trainer,0,H
beedrill-ex-cri,Lana's Aid,3,3,37,0.08108108108108109,1.0,0.08108108108108109,Lana's Aid,trainer,0,H
beedrill-ex-cri,Lillie's Determination,37,137,37,1.0,3.7027027027027026,3.7027027027027026,Lillie's Determination,trainer,1,I
beedrill-ex-cri,Maractus [JTG 160],1,1,37,0.02702702702702703,1.0,0.02702702702702703,Maractus,pokemon,1,I
beedrill-ex-cri,Max Rod,19,19,37,0.5135135135135135,1.0,0.5135135135135135,Max Rod,trainer,0,H
beedrill-ex-cri,Mega Lopunny ex [PFL 115],1,1,37,0.02702702702702703,1.0,0.02702702702702703,Mega Lopunny ex,pokemon,1,I
beedrill-ex-cri,Meowth ex [POR 107],31,31,37,0.8378378378378378,1.0,0.8378378378378378,Meowth ex,pokemon,1,J
beedrill-ex-cri,Mew ex [30C 152],3,4,37,0.08108108108108109,1.3333333333333333,0.10810810810810811,Mew ex,pokemon,1,J
beedrill-ex-cri,Mist Energy,1,1,37,0.02702702702702703,1.0,0.02702702702702703,Mist Energy,energy,0,H
beedrill-ex-cri,Night Stretcher,31,54,37,0.8378378378378378,1.7419354838709677,1.4594594594594594,Night Stretcher,trainer,0,H
beedrill-ex-cri,Poké Pad,37,140,37,1.0,3.7837837837837838,3.7837837837837838,Poké Pad,trainer,1,J
beedrill-ex-cri,Prime Catcher,1,1,37,0.02702702702702703,1.0,0.02702702702702703,Prime Catcher,trainer,0,H
beedrill-ex-cri,Psychic Energy,1,2,37,0.02702702702702703,2.0,0.05405405405405406,Psychic Energy,energy,1,basic
beedrill-ex-cri,Psyduck [ASC 226],3,3,37,0.08108108108108109,1.0,0.08108108108108109,Psyduck,pokemon,1,I
beedrill-ex-cri,Rabsca [TEF 24],12,12,37,0.32432432432432434,1.0,0.32432432432432434,Rabsca,pokemon,0,H
beedrill-ex-cri,Rare Candy,5,8,37,0.13513513513513514,1.6,0.21621621621621623,Rare Candy,trainer,1,F/G/I
beedrill-ex-cri,Redeemable Ticket,13,14,37,0.35135135135135137,1.0769230769230769,0.3783783783783784,Redeemable Ticket,trainer,1,I
beedrill-ex-cri,Rellor [DRI 24],2,2,37,0.05405405405405406,1.0,0.05405405405405406,Rellor,pokemon,0,H
beedrill-ex-cri,Rellor [TEF 23],10,10,37,0.2702702702702703,1.0,0.2702702702702703,Rellor,pokemon,0,H
beedrill-ex-cri,Ruffian,1,1,37,0.02702702702702703,1.0,0.02702702702702703,Ruffian,trainer,1,I
beedrill-ex-cri,Sacred Ash,22,23,37,0.5945945945945946,1.0454545454545454,0.6216216216216216,Sacred Ash,trainer,1,I
beedrill-ex-cri,Scatterbug [POR 7],1,1,37,0.02702702702702703,1.0,0.02702702702702703,Scatterbug,pokemon,1,J
beedrill-ex-cri,Secret Box,2,2,37,0.05405405405405406,1.0,0.05405405405405406,Secret Box,trainer,0,H
beedrill-ex-cri,Shaymin [DRI 10],5,5,37,0.13513513513513514,1.0,0.13513513513513514,Shaymin,pokemon,1,I
beedrill-ex-cri,Smoliv [DRI 21],3,4,37,0.08108108108108109,1.3333333333333333,0.10810810810810811,Smoliv,pokemon,1,I
beedrill-ex-cri,Special Red Card,27,29,37,0.7297297297297297,1.0740740740740742,0.7837837837837838,Special Red Card,trainer,1,J
beedrill-ex-cri,Spewpa [POR 8],1,1,37,0.02702702702702703,1.0,0.02702702702702703,Spewpa,pokemon,1,J
beedrill-ex-cri,Surfer,3,3,37,0.08108108108108109,1.0,0.08108108108108109,Surfer,trainer,0,H
beedrill-ex-cri,Switch,4,5,37,0.10810810810810811,1.25,0.13513513513513514,Switch,trainer,1,F/G/I
beedrill-ex-cri,Team Rocket's Articuno [DRI 51],3,3,37,0.08108108108108109,1.0,0.08108108108108109,Team Rocket's Articuno,pokemon,1,I
beedrill-ex-cri,Team Rocket's Kangaskhan ex [ASC 162],3,3,37,0.08108108108108109,1.0,0.08108108108108109,Team Rocket's Kangaskhan ex,pokemon,1,I
beedrill-ex-cri,Team Rocket's Petrel,5,7,37,0.13513513513513514,1.4,0.1891891891891892,Team Rocket's Petrel,trainer,1,I
beedrill-ex-cri,Ultra Ball,36,103,37,0.972972972972973,2.861111111111111,2.7837837837837838,Ultra Ball,trainer,1,F/G/I
beedrill-ex-cri,Unfair Stamp,12,12,37,0.32432432432432434,1.0,0.32432432432432434,Unfair Stamp,trainer,0,H
beedrill-ex-cri,Vivillon [POR 9],1,1,37,0.02702702702702703,1.0,0.02702702702702703,Vivillon,pokemon,1,J
beedrill-ex-cri,Weedle [CRI 1],37,148,37,1.0,4.0,4.0,Weedle,pokemon,1,J
beedrill-ex-cri,Xerosic's Machinations,7,9,37,0.1891891891891892,1.2857142857142858,0.24324324324324326,Xerosic's Machinations,trainer,0,H
blaziken-ex-jtg,Battle Cage,1,2,1,1.0,2.0,2.0,Battle Cage,trainer,1,I
blaziken-ex-jtg,Blaziken ex [JTG 24],1,2,1,1.0,2.0,2.0,Blaziken ex,pokemon,0,H
blaziken-ex-jtg,Bloodmoon Ursaluna ex [PRE 168],1,1,1,1.0,1.0,1.0,Bloodmoon Ursaluna ex,pokemon,0,H
blaziken-ex-jtg,Boss's Orders,1,2,1,1.0,2.0,2.0,Boss's Orders,trainer,1,G/I
blaziken-ex-jtg,Buddy-Buddy Poffin,1,3,1,1.0,3.0,3.0,Buddy-Buddy Poffin,trainer,0,H
blaziken-ex-jtg,Combusken [DRI 41],1,1,1,1.0,1.0,1.0,Combusken,pokemon,1,I
blaziken-ex-jtg,Crispin,1,2,1,1.0,2.0,2.0,Crispin,trainer,0,H
blaziken-ex-jtg,Dawn,1,2,1,1.0,2.0,2.0,Dawn,trainer,1,I
blaziken-ex-jtg,Eevee [PRE 74],1,3,1,1.0,3.0,3.0,Eevee,pokemon,0,H
blaziken-ex-jtg,Energy Search,1,1,1,1.0,1.0,1.0,Energy Search,trainer,1,F/G/J
blaziken-ex-jtg,Fan Rotom [ASC 171],1,2,1,1.0,2.0,2.0,Fan Rotom,pokemon,0,H
blaziken-ex-jtg,Fire Energy,1,2,1,1.0,2.0,2.0,Fire Energy,energy,1,basic
blaziken-ex-jtg,Flareon ex [PRE 14],1,1,1,1.0,1.0,1.0,Flareon ex,pokemon,0,H
blaziken-ex-jtg,Grass Energy,1,2,1,1.0,2.0,2.0,Grass Energy,energy,1,basic
blaziken-ex-jtg,Hilda,1,2,1,1.0,2.0,2.0,Hilda,trainer,1,I
blaziken-ex-jtg,Hoothoot [SCR 114],1,3,1,1.0,3.0,3.0,Hoothoot,pokemon,0,H
blaziken-ex-jtg,Leafeon ex [PRE 144],1,1,1,1.0,1.0,1.0,Leafeon ex,pokemon,0,H
blaziken-ex-jtg,Lightning Energy,1,2,1,1.0,2.0,2.0,Lightning Energy,energy,1,basic
blaziken-ex-jtg,Lillie's Clefairy ex [ASC 280],1,1,1,1.0,1.0,1.0,Lillie's Clefairy ex,pokemon,1,I
blaziken-ex-jtg,Lillie's Determination,1,2,1,1.0,2.0,2.0,Lillie's Determination,trainer,1,I
blaziken-ex-jtg,Night Stretcher,1,2,1,1.0,2.0,2.0,Night Stretcher,trainer,0,H
blaziken-ex-jtg,Noctowl [PRE 78],1,3,1,1.0,3.0,3.0,Noctowl,pokemon,0,H
blaziken-ex-jtg,Poké Pad,1,2,1,1.0,2.0,2.0,Poké Pad,trainer,1,J
blaziken-ex-jtg,Psychic Energy,1,2,1,1.0,2.0,2.0,Psychic Energy,energy,1,basic
blaziken-ex-jtg,Rare Candy,1,1,1,1.0,1.0,1.0,Rare Candy,trainer,1,F/G/I
blaziken-ex-jtg,Rescue Board,1,1,1,1.0,1.0,1.0,Rescue Board,trainer,0,H
blaziken-ex-jtg,Sparkling Crystal,1,1,1,1.0,1.0,1.0,Sparkling Crystal,trainer,0,H
blaziken-ex-jtg,Switch,1,1,1,1.0,1.0,1.0,Switch,trainer,1,F/G/I
blaziken-ex-jtg,Sylveon ex [PRE 156],1,1,1,1.0,1.0,1.0,Sylveon ex,pokemon,0,H
blaziken-ex-jtg,Team Rocket's Mimikyu [ASC 238],1,1,1,1.0,1.0,1.0,Team Rocket's Mimikyu,pokemon,1,I
blaziken-ex-jtg,Tera Orb,1,1,1,1.0,1.0,1.0,Tera Orb,trainer,0,H
blaziken-ex-jtg,Tool Scrapper,1,1,1,1.0,1.0,1.0,Tool Scrapper,trainer,1,I
blaziken-ex-jtg,Torchic [DRI 40],1,2,1,1.0,2.0,2.0,Torchic,pokemon,1,I
blaziken-ex-jtg,Ultra Ball,1,2,1,1.0,2.0,2.0,Ultra Ball,trainer,1,F/G/I
blaziken-ex-jtg,Water Energy,1,2,1,1.0,2.0,2.0,Water Energy,energy,1,basic
blaziken-zoroark,Air Balloon,1,1,1,1.0,1.0,1.0,Air Balloon,trainer,1,I
blaziken-zoroark,Blaziken [DRI 192],1,1,1,1.0,1.0,1.0,Blaziken,pokemon,1,I
blaziken-zoroark,Blaziken ex [JTG 24],1,3,1,1.0,3.0,3.0,Blaziken ex,pokemon,0,H
blaziken-zoroark,Boss's Orders,1,3,1,1.0,3.0,3.0,Boss's Orders,trainer,1,G/I
blaziken-zoroark,Buddy-Buddy Poffin,1,4,1,1.0,4.0,4.0,Buddy-Buddy Poffin,trainer,0,H
blaziken-zoroark,Combusken [DRI 41],1,2,1,1.0,2.0,2.0,Combusken,pokemon,1,I
blaziken-zoroark,Darkness Energy,1,4,1,1.0,4.0,4.0,Darkness Energy,energy,1,basic
blaziken-zoroark,Dawn,1,1,1,1.0,1.0,1.0,Dawn,trainer,1,I
blaziken-zoroark,Fezandipiti ex [ASC 142],1,1,1,1.0,1.0,1.0,Fezandipiti ex,pokemon,0,H
blaziken-zoroark,Fire Energy,1,3,1,1.0,3.0,3.0,Fire Energy,energy,1,basic
blaziken-zoroark,Hilda,1,2,1,1.0,2.0,2.0,Hilda,trainer,1,I
blaziken-zoroark,Lillie's Clefairy ex [ASC 280],1,1,1,1.0,1.0,1.0,Lillie's Clefairy ex,pokemon,1,I
blaziken-zoroark,Lillie's Determination,1,4,1,1.0,4.0,4.0,Lillie's Determination,trainer,1,I
blaziken-zoroark,Munkidori [ASC 99],1,1,1,1.0,1.0,1.0,Munkidori,pokemon,0,H
blaziken-zoroark,N's Reshiram [ASC 154],1,1,1,1.0,1.0,1.0,N's Reshiram,pokemon,1,I
blaziken-zoroark,N's Zoroark ex [ASC 137],1,2,1,1.0,2.0,2.0,N's Zoroark ex,pokemon,1,I
blaziken-zoroark,N's Zorua [ASC 136],1,3,1,1.0,3.0,3.0,N's Zorua,pokemon,1,I
blaziken-zoroark,Night Stretcher,1,2,1,1.0,2.0,2.0,Night Stretcher,trainer,0,H
blaziken-zoroark,Pecharunt [SVP 129],1,1,1,1.0,1.0,1.0,Pecharunt,pokemon,0,H
blaziken-zoroark,Poké Pad,1,3,1,1.0,3.0,3.0,Poké Pad,trainer,1,J
blaziken-zoroark,Psychic Energy,1,1,1,1.0,1.0,1.0,Psychic Energy,energy,1,basic
blaziken-zoroark,Rare Candy,1,3,1,1.0,3.0,3.0,Rare Candy,trainer,1,F/G/I
blaziken-zoroark,Special Red Card,1,1,1,1.0,1.0,1.0,Special Red Card,trainer,1,J
blaziken-zoroark,Switch,1,1,1,1.0,1.0,1.0,Switch,trainer,1,F/G/I
blaziken-zoroark,Tatsugiri [SVP 118],1,2,1,1.0,2.0,2.0,Tatsugiri,pokemon,0,H
blaziken-zoroark,Team Rocket's Watchtower,1,2,1,1.0,2.0,2.0,Team Rocket's Watchtower,trainer,1,I
blaziken-zoroark,Torchic [DRI 40],1,3,1,1.0,3.0,3.0,Torchic,pokemon,1,I
blaziken-zoroark,Ultra Ball,1,3,1,1.0,3.0,3.0,Ultra Ball,trainer,1,F/G/I
blaziken-zoroark,Unfair Stamp,1,1,1,1.0,1.0,1.0,Unfair Stamp,trainer,0,H
bronzong-tef,Battle Cage,1,3,2,0.5,3.0,1.5,Battle Cage,trainer,1,I
bronzong-tef,Boss's Orders,2,5,2,1.0,2.5,2.5,Boss's Orders,trainer,1,G/I
bronzong-tef,Bronzong [TEF 69],2,6,2,1.0,3.0,3.0,Bronzong,pokemon,0,H
bronzong-tef,Bronzor [PRE 66],1,4,2,0.5,4.0,2.0,Bronzor,pokemon,0,H
bronzong-tef,Bronzor [TEF 170],1,3,2,0.5,3.0,1.5,Bronzor,pokemon,0,H
bronzong-tef,Buddy-Buddy Poffin,2,6,2,1.0,3.0,3.0,Buddy-Buddy Poffin,trainer,0,H
bronzong-tef,Budew [ASC 16],1,2,2,0.5,2.0,1.0,Budew,pokemon,0,H
bronzong-tef,Crispin,1,2,2,0.5,2.0,1.0,Crispin,trainer,0,H
bronzong-tef,Crushing Hammer,1,4,2,0.5,4.0,2.0,Crushing Hammer,trainer,1,F/G/J
bronzong-tef,Darkness Energy,1,3,2,0.5,3.0,1.5,Darkness Energy,energy,1,basic
bronzong-tef,Deluxe Bomb,1,1,2,0.5,1.0,0.5,Deluxe Bomb,trainer,0,H
bronzong-tef,Eevee [TWM 135],1,1,2,0.5,1.0,0.5,Eevee,pokemon,0,H
bronzong-tef,Energy Search,1,2,2,0.5,2.0,1.0,Energy Search,trainer,1,F/G/J
bronzong-tef,Fezandipiti ex [ASC 142],1,1,2,0.5,1.0,0.5,Fezandipiti ex,pokemon,0,H
bronzong-tef,Froslass [SVP 117],1,2,2,0.5,2.0,1.0,Froslass,pokemon,0,H
bronzong-tef,Hilda,2,7,2,1.0,3.5,3.5,Hilda,trainer,1,I
bronzong-tef,Jynx [PBL 32],1,3,2,0.5,3.0,1.5,Jynx,pokemon,1,J
bronzong-tef,Lillie's Determination,2,7,2,1.0,3.5,3.5,Lillie's Determination,trainer,1,I
bronzong-tef,Mega Froslass ex [ASC 265],1,2,2,0.5,2.0,1.0,Mega Froslass ex,pokemon,1,I
bronzong-tef,Mist Energy,1,3,2,0.5,3.0,1.5,Mist Energy,energy,0,H
bronzong-tef,Munkidori [ASC 99],1,2,2,0.5,2.0,1.0,Munkidori,pokemon,0,H
bronzong-tef,Neutralization Zone,1,1,2,0.5,1.0,0.5,Neutralization Zone,trainer,0,H
bronzong-tef,Night Stretcher,2,5,2,1.0,2.5,2.5,Night Stretcher,trainer,0,H
bronzong-tef,Patrat [CRI 70],1,2,2,0.5,2.0,1.0,Patrat,pokemon,1,J
bronzong-tef,Poké Pad,2,7,2,1.0,3.5,3.5,Poké Pad,trainer,1,J
bronzong-tef,Pokégear 3.0,1,3,2,0.5,3.0,1.5,Pokégear 3.0,trainer,1,G/I
bronzong-tef,Psychic Energy,2,12,2,1.0,6.0,6.0,Psychic Energy,energy,1,basic
bronzong-tef,Shaymin [DRI 10],1,1,2,0.5,1.0,0.5,Shaymin,pokemon,1,I
bronzong-tef,Snorunt [ASC 227],1,3,2,0.5,3.0,1.5,Snorunt,pokemon,1,I
bronzong-tef,Surfer,1,1,2,0.5,1.0,0.5,Surfer,trainer,0,H
bronzong-tef,Sylveon [PRE 40],1,1,2,0.5,1.0,0.5,Sylveon,pokemon,0,H
bronzong-tef,Team Rocket's Petrel,1,1,2,0.5,1.0,0.5,Team Rocket's Petrel,trainer,1,I
bronzong-tef,Team Rocket's Watchtower,1,2,2,0.5,2.0,1.0,Team Rocket's Watchtower,trainer,1,I
bronzong-tef,Telepathic Psychic Energy,1,3,2,0.5,3.0,1.5,Telepathic Psychic Energy,energy,1,J
bronzong-tef,Water Energy,1,3,2,0.5,3.0,1.5,Water Energy,energy,1,basic
bronzong-tef,Wondrous Patch,1,3,2,0.5,3.0,1.5,Wondrous Patch,trainer,1,I
bronzong-tef,Xerosic's Machinations,1,3,2,0.5,3.0,1.5,Xerosic's Machinations,trainer,0,H
ceruledge-ex,Armarouge [PBL 12],5,5,30,0.16666666666666666,1.0,0.16666666666666666,Armarouge,pokemon,1,J
ceruledge-ex,Battle Cage,3,5,30,0.1,1.6666666666666667,0.16666666666666666,Battle Cage,trainer,1,I
ceruledge-ex,Blowtorch,6,7,30,0.2,1.1666666666666667,0.23333333333333334,Blowtorch,trainer,1,I
ceruledge-ex,Boss's Orders,30,71,30,1.0,2.3666666666666667,2.3666666666666667,Boss's Orders,trainer,1,G/I
ceruledge-ex,Briar,14,14,30,0.4666666666666667,1.0,0.4666666666666667,Briar,trainer,0,H
ceruledge-ex,Brilliant Blender,24,24,30,0.8,1.0,0.8,Brilliant Blender,trainer,0,H
ceruledge-ex,Buddy-Buddy Poffin,3,5,30,0.1,1.6666666666666667,0.16666666666666666,Buddy-Buddy Poffin,trainer,0,H
ceruledge-ex,Budew [ASC 16],1,1,30,0.03333333333333333,1.0,0.03333333333333333,Budew,pokemon,0,H
ceruledge-ex,Buneary [PFL 83],1,1,30,0.03333333333333333,1.0,0.03333333333333333,Buneary,pokemon,1,I
ceruledge-ex,Carmine,29,94,30,0.9666666666666667,3.2413793103448274,3.1333333333333333,Carmine,trainer,0,H
ceruledge-ex,Ceruledge [SSP 197],3,3,30,0.1,1.0,0.1,Ceruledge,pokemon,0,H
ceruledge-ex,Ceruledge ex [PRE 147],30,90,30,1.0,3.0,3.0,Ceruledge ex,pokemon,0,H
ceruledge-ex,Charcadet [MEP 22],13,39,30,0.43333333333333335,3.0,1.3,Charcadet,pokemon,1,I
ceruledge-ex,Charcadet [PBL 11],2,3,30,0.06666666666666667,1.5,0.1,Charcadet,pokemon,1,J
ceruledge-ex,Charcadet [SSP 32],23,75,30,0.7666666666666667,3.260869565217391,2.5,Charcadet,pokemon,0,H
ceruledge-ex,Charcadet [SSP 33],1,2,30,0.03333333333333333,2.0,0.06666666666666667,Charcadet,pokemon,0,H
ceruledge-ex,Chi-Yu [MEG 31],2,2,30,0.06666666666666667,1.0,0.06666666666666667,Chi-Yu,pokemon,1,I
ceruledge-ex,Ciphermaniac's Codebreaking,1,1,30,0.03333333333333333,1.0,0.03333333333333333,Ciphermaniac's Codebreaking,trainer,0,H
ceruledge-ex,Crispin,2,2,30,0.06666666666666667,1.0,0.06666666666666667,Crispin,trainer,0,H
ceruledge-ex,Drilbur [TEF 85],27,29,30,0.9,1.0740740740740742,0.9666666666666667,Drilbur,pokemon,0,H
ceruledge-ex,Explorer's Guidance,23,60,30,0.7666666666666667,2.608695652173913,2.0,Explorer's Guidance,trainer,0,H
ceruledge-ex,Fezandipiti ex [ASC 142],17,17,30,0.5666666666666667,1.0,0.5666666666666667,Fezandipiti ex,pokemon,0,H
ceruledge-ex,Fighting Energy,30,375,30,1.0,12.5,12.5,Fighting Energy,energy,1,basic
ceruledge-ex,Fighting Gong,30,109,30,1.0,3.6333333333333333,3.6333333333333333,Fighting Gong,trainer,1,I
ceruledge-ex,Fire Energy,30,193,30,1.0,6.433333333333334,6.433333333333334,Fire Energy,energy,1,basic
ceruledge-ex,Gravity Mountain,3,5,30,0.1,1.6666666666666667,0.16666666666666666,Gravity Mountain,trainer,0,H
ceruledge-ex,Hilda,1,2,30,0.03333333333333333,2.0,0.06666666666666667,Hilda,trainer,1,I
ceruledge-ex,Jamming Tower,5,6,30,0.16666666666666666,1.2,0.2,Jamming Tower,trainer,0,H
ceruledge-ex,Judge,2,2,30,0.06666666666666667,1.0,0.06666666666666667,Judge,trainer,1,G/J
ceruledge-ex,Kieran,1,1,30,0.03333333333333333,1.0,0.03333333333333333,Kieran,trainer,0,H
ceruledge-ex,Legacy Energy,5,5,30,0.16666666666666666,1.0,0.16666666666666666,Legacy Energy,energy,0,H
ceruledge-ex,Lillie's Determination,13,25,30,0.43333333333333335,1.9230769230769231,0.8333333333333334,Lillie's Determination,trainer,1,I
ceruledge-ex,Lunatone [ASC 105],30,60,30,1.0,2.0,2.0,Lunatone,pokemon,1,I
ceruledge-ex,Mega Lopunny ex [PFL 115],1,1,30,0.03333333333333333,1.0,0.03333333333333333,Mega Lopunny ex,pokemon,1,I
ceruledge-ex,Meowth ex [POR 107],12,12,30,0.4,1.0,0.4,Meowth ex,pokemon,1,J
ceruledge-ex,Mist Energy,11,26,30,0.36666666666666664,2.3636363636363638,0.8666666666666667,Mist Energy,energy,0,H
ceruledge-ex,Naveen,2,3,30,0.06666666666666667,1.5,0.1,Naveen,trainer,1,J
ceruledge-ex,Night Stretcher,30,78,30,1.0,2.6,2.6,Night Stretcher,trainer,0,H
ceruledge-ex,Patrat [CRI 70],1,1,30,0.03333333333333333,1.0,0.03333333333333333,Patrat,pokemon,1,J
ceruledge-ex,Poké Pad,28,82,30,0.9333333333333333,2.9285714285714284,2.7333333333333334,Poké Pad,trainer,1,J
ceruledge-ex,Pokémon Catcher,7,24,30,0.23333333333333334,3.4285714285714284,0.8,Pokémon Catcher,trainer,1,F/G/J
ceruledge-ex,Prime Catcher,1,1,30,0.03333333333333333,1.0,0.03333333333333333,Prime Catcher,trainer,0,H
ceruledge-ex,Prism Tower,18,24,30,0.6,1.3333333333333333,0.8,Prism Tower,trainer,1,J
ceruledge-ex,Psyduck [ASC 226],4,4,30,0.13333333333333333,1.0,0.13333333333333333,Psyduck,pokemon,1,I
ceruledge-ex,Sacred Ash,1,1,30,0.03333333333333333,1.0,0.03333333333333333,Sacred Ash,trainer,1,I
ceruledge-ex,Salvatore,1,1,30,0.03333333333333333,1.0,0.03333333333333333,Salvatore,trainer,0,H
ceruledge-ex,Shaymin [DRI 10],9,9,30,0.3,1.0,0.3,Shaymin,pokemon,1,I
ceruledge-ex,Solrock [ASC 106],30,60,30,1.0,2.0,2.0,Solrock,pokemon,1,I
ceruledge-ex,Special Red Card,14,16,30,0.4666666666666667,1.1428571428571428,0.5333333333333333,Special Red Card,trainer,1,J
ceruledge-ex,Switch,7,8,30,0.23333333333333334,1.1428571428571428,0.26666666666666666,Switch,trainer,1,F/G/I
ceruledge-ex,Team Rocket's Petrel,2,2,30,0.06666666666666667,1.0,0.06666666666666667,Team Rocket's Petrel,trainer,1,I
ceruledge-ex,Team Rocket's Watchtower,1,1,30,0.03333333333333333,1.0,0.03333333333333333,Team Rocket's Watchtower,trainer,1,I
ceruledge-ex,Ultra Ball,30,111,30,1.0,3.7,3.7,Ultra Ball,trainer,1,F/G/I
ceruledge-ex,Xerosic's Machinations,2,2,30,0.06666666666666667,1.0,0.06666666666666667,Xerosic's Machinations,trainer,0,H
cinccino-ex,Air Balloon,2,2,12,0.16666666666666666,1.0,0.16666666666666666,Air Balloon,trainer,1,I
cinccino-ex,Battle Cage,10,23,12,0.8333333333333334,2.3,1.9166666666666667,Battle Cage,trainer,1,I
cinccino-ex,Beldum [CRI 59],9,37,12,0.75,4.111111111111111,3.0833333333333335,Beldum,pokemon,1,J
cinccino-ex,Beldum [TEF 113],2,7,12,0.16666666666666666,3.5,0.5833333333333334,Beldum,pokemon,0,H
cinccino-ex,Boss's Orders,11,25,12,0.9166666666666666,2.272727272727273,2.0833333333333335,Boss's Orders,trainer,1,G/I
cinccino-ex,Brave Bangle,2,2,12,0.16666666666666666,1.0,0.16666666666666666,Brave Bangle,trainer,1,I
cinccino-ex,Brock's Scouting,2,2,12,0.16666666666666666,1.0,0.16666666666666666,Brock's Scouting,trainer,1,I
cinccino-ex,Buddy-Buddy Poffin,11,16,12,0.9166666666666666,1.4545454545454546,1.3333333333333333,Buddy-Buddy Poffin,trainer,0,H
cinccino-ex,Budew [ASC 16],1,1,12,0.08333333333333333,1.0,0.08333333333333333,Budew,pokemon,0,H
cinccino-ex,Cinccino ex [CRI 105],11,31,12,0.9166666666666666,2.8181818181818183,2.5833333333333335,Cinccino ex,pokemon,1,J
cinccino-ex,Cyrano,1,1,12,0.08333333333333333,1.0,0.08333333333333333,Cyrano,trainer,0,H
cinccino-ex,Dudunsparce [PRE 80],1,2,12,0.08333333333333333,2.0,0.16666666666666666,Dudunsparce,pokemon,0,H
cinccino-ex,Dudunsparce ex [JTG 121],1,1,12,0.08333333333333333,1.0,0.08333333333333333,Dudunsparce ex,pokemon,1,I
cinccino-ex,Dunsparce [PRE 79],1,3,12,0.08333333333333333,3.0,0.25,Dunsparce,pokemon,0,H
cinccino-ex,Empoleon ex [PFL 114],1,1,12,0.08333333333333333,1.0,0.08333333333333333,Empoleon ex,pokemon,1,I
cinccino-ex,Energy Recycler,11,20,12,0.9166666666666666,1.8181818181818181,1.6666666666666667,Energy Recycler,trainer,1,I
cinccino-ex,Energy Switch,1,1,12,0.08333333333333333,1.0,0.08333333333333333,Energy Switch,trainer,1,F/G/I
cinccino-ex,Eri,1,1,12,0.08333333333333333,1.0,0.08333333333333333,Eri,trainer,0,H
cinccino-ex,Fan Rotom [ASC 171],1,1,12,0.08333333333333333,1.0,0.08333333333333333,Fan Rotom,pokemon,0,H
cinccino-ex,Fezandipiti ex [ASC 142],3,3,12,0.25,1.0,0.25,Fezandipiti ex,pokemon,0,H
cinccino-ex,Genesect ex [BLK 161],10,21,12,0.8333333333333334,2.1,1.75,Genesect ex,pokemon,1,I
cinccino-ex,Grass Energy,1,9,12,0.08333333333333333,9.0,0.75,Grass Energy,energy,1,basic
cinccino-ex,Gravity Mountain,1,1,12,0.08333333333333333,1.0,0.08333333333333333,Gravity Mountain,trainer,0,H
cinccino-ex,Hero's Cape,2,2,12,0.16666666666666666,1.0,0.16666666666666666,Hero's Cape,trainer,0,H
cinccino-ex,Hilda,3,7,12,0.25,2.3333333333333335,0.5833333333333334,Hilda,trainer,1,I
cinccino-ex,Ignition Energy,3,6,12,0.25,2.0,0.5,Ignition Energy,energy,1,I
cinccino-ex,Judge,3,6,12,0.25,2.0,0.5,Judge,trainer,1,G/J
cinccino-ex,Kieran,1,1,12,0.08333333333333333,1.0,0.08333333333333333,Kieran,trainer,0,H
cinccino-ex,Lillie's Determination,10,31,12,0.8333333333333334,3.1,2.5833333333333335,Lillie's Determination,trainer,1,I
cinccino-ex,Mega Kangaskhan ex [MEG 104],1,1,12,0.08333333333333333,1.0,0.08333333333333333,Mega Kangaskhan ex,pokemon,1,I
cinccino-ex,Mega Mawile ex [MEG 162],1,1,12,0.08333333333333333,1.0,0.08333333333333333,Mega Mawile ex,pokemon,1,I
cinccino-ex,Mega Skarmory ex [POR 106],2,2,12,0.16666666666666666,1.0,0.16666666666666666,Mega Skarmory ex,pokemon,1,J
cinccino-ex,Meowth ex [POR 107],3,4,12,0.25,1.3333333333333333,0.3333333333333333,Meowth ex,pokemon,1,J
cinccino-ex,Metagross [CRI 61],10,15,12,0.8333333333333334,1.5,1.25,Metagross,pokemon,1,J
cinccino-ex,Metal Energy,10,197,12,0.8333333333333334,19.7,16.416666666666668,Metal Energy,energy,1,basic
cinccino-ex,Metang [SVP 90],10,43,12,0.8333333333333334,4.3,3.5833333333333335,Metang,pokemon,0,H
cinccino-ex,Minccino [CRI 72],11,34,12,0.9166666666666666,3.090909090909091,2.8333333333333335,Minccino,pokemon,1,J
cinccino-ex,Minccino [TEF 136],1,1,12,0.08333333333333333,1.0,0.08333333333333333,Minccino,pokemon,0,H
cinccino-ex,Mist Energy,3,5,12,0.25,1.6666666666666667,0.4166666666666667,Mist Energy,energy,0,H
cinccino-ex,Night Stretcher,9,9,12,0.75,1.0,0.75,Night Stretcher,trainer,0,H
cinccino-ex,Nighttime Mine,1,1,12,0.08333333333333333,1.0,0.08333333333333333,Nighttime Mine,trainer,1,I
cinccino-ex,Piplup [PFL 27],1,1,12,0.08333333333333333,1.0,0.08333333333333333,Piplup,pokemon,1,I
cinccino-ex,Poké Pad,1,3,12,0.08333333333333333,3.0,0.25,Poké Pad,trainer,1,J
cinccino-ex,Precious Trolley,9,10,12,0.75,1.1111111111111112,0.8333333333333334,Precious Trolley,trainer,0,H
cinccino-ex,Psyduck [ASC 226],1,1,12,0.08333333333333333,1.0,0.08333333333333333,Psyduck,pokemon,1,I
cinccino-ex,Rare Candy,1,1,12,0.08333333333333333,1.0,0.08333333333333333,Rare Candy,trainer,1,F/G/I
cinccino-ex,Shaymin [DRI 10],5,5,12,0.4166666666666667,1.0,0.4166666666666667,Shaymin,pokemon,1,I
cinccino-ex,Special Red Card,6,7,12,0.5,1.1666666666666667,0.5833333333333334,Special Red Card,trainer,1,J
cinccino-ex,Switch,4,4,12,0.3333333333333333,1.0,0.3333333333333333,Switch,trainer,1,F/G/I
cinccino-ex,Team Rocket's Articuno [DRI 51],1,1,12,0.08333333333333333,1.0,0.08333333333333333,Team Rocket's Articuno,pokemon,1,I
cinccino-ex,Team Rocket's Factory,1,2,12,0.08333333333333333,2.0,0.16666666666666666,Team Rocket's Factory,trainer,1,I
cinccino-ex,Team Rocket's Kangaskhan ex [ASC 162],1,1,12,0.08333333333333333,1.0,0.08333333333333333,Team Rocket's Kangaskhan ex,pokemon,1,I
cinccino-ex,Team Rocket's Petrel,10,42,12,0.8333333333333334,4.2,3.5,Team Rocket's Petrel,trainer,1,I
cinccino-ex,Team Rocket's Transceiver,9,32,12,0.75,3.5555555555555554,2.6666666666666665,Team Rocket's Transceiver,trainer,1,I
cinccino-ex,Ultra Ball,11,28,12,0.9166666666666666,2.5454545454545454,2.3333333333333335,Ultra Ball,trainer,1,F/G/I
cinccino-ex,Yanma [DRI 183],1,3,12,0.08333333333333333,3.0,0.25,Yanma,pokemon,1,I
cinccino-ex,Yanmega ex [DRI 206],1,2,12,0.08333333333333333,2.0,0.16666666666666666,Yanmega ex,pokemon,1,I
clefairy-ogerpon,Area Zero Underdepths,14,47,14,1.0,3.357142857142857,3.357142857142857,Area Zero Underdepths,trainer,0,H
clefairy-ogerpon,Battle Cage,1,1,14,0.07142857142857142,1.0,0.07142857142857142,Battle Cage,trainer,1,I
clefairy-ogerpon,Black Belt's Training,1,1,14,0.07142857142857142,1.0,0.07142857142857142,Black Belt's Training,trainer,0,H
clefairy-ogerpon,Boss's Orders,14,34,14,1.0,2.4285714285714284,2.4285714285714284,Boss's Orders,trainer,1,G/I
clefairy-ogerpon,Bug Catching Set,1,2,14,0.07142857142857142,2.0,0.14285714285714285,Bug Catching Set,trainer,0,H
clefairy-ogerpon,Buneary [PFL 83],1,1,14,0.07142857142857142,1.0,0.07142857142857142,Buneary,pokemon,1,I
clefairy-ogerpon,Chien-Pao [SSP 56],13,13,14,0.9285714285714286,1.0,0.9285714285714286,Chien-Pao,pokemon,0,H
clefairy-ogerpon,Ciphermaniac's Codebreaking,12,16,14,0.8571428571428571,1.3333333333333333,1.1428571428571428,Ciphermaniac's Codebreaking,trainer,0,H
clefairy-ogerpon,Crispin,14,48,14,1.0,3.4285714285714284,3.4285714285714284,Crispin,trainer,0,H
clefairy-ogerpon,Cyrano,14,20,14,1.0,1.4285714285714286,1.4285714285714286,Cyrano,trainer,0,H
clefairy-ogerpon,Dusk Ball,5,14,14,0.35714285714285715,2.8,1.0,Dusk Ball,trainer,0,H
clefairy-ogerpon,Energy Retrieval,1,1,14,0.07142857142857142,1.0,0.07142857142857142,Energy Retrieval,trainer,1,F/G/I
clefairy-ogerpon,Energy Switch,14,51,14,1.0,3.642857142857143,3.642857142857143,Energy Switch,trainer,1,F/G/I
clefairy-ogerpon,Fezandipiti ex [ASC 142],14,16,14,1.0,1.1428571428571428,1.1428571428571428,Fezandipiti ex,pokemon,0,H
clefairy-ogerpon,Fighting Energy,5,6,14,0.35714285714285715,1.2,0.42857142857142855,Fighting Energy,energy,1,basic
clefairy-ogerpon,Fire Energy,11,13,14,0.7857142857142857,1.1818181818181819,0.9285714285714286,Fire Energy,energy,1,basic
clefairy-ogerpon,Glass Trumpet,1,1,14,0.07142857142857142,1.0,0.07142857142857142,Glass Trumpet,trainer,0,H
clefairy-ogerpon,Grass Energy,14,73,14,1.0,5.214285714285714,5.214285714285714,Grass Energy,energy,1,basic
clefairy-ogerpon,Handheld Fan,1,1,14,0.07142857142857142,1.0,0.07142857142857142,Handheld Fan,trainer,0,H
clefairy-ogerpon,Hero's Cape,1,1,14,0.07142857142857142,1.0,0.07142857142857142,Hero's Cape,trainer,0,H
clefairy-ogerpon,Iron Crown ex [PRE 158],8,8,14,0.5714285714285714,1.0,0.5714285714285714,Iron Crown ex,pokemon,0,H
clefairy-ogerpon,Iron Leaves ex [PRE 176],12,12,14,0.8571428571428571,1.0,0.8571428571428571,Iron Leaves ex,pokemon,0,H
clefairy-ogerpon,Judge,6,6,14,0.42857142857142855,1.0,0.42857142857142855,Judge,trainer,1,G/J
clefairy-ogerpon,Koraidon ex [ASC 121],3,3,14,0.21428571428571427,1.0,0.21428571428571427,Koraidon ex,pokemon,1,J
clefairy-ogerpon,Latias ex [SSP 220],14,29,14,1.0,2.0714285714285716,2.0714285714285716,Latias ex,pokemon,0,H
clefairy-ogerpon,Legacy Energy,1,1,14,0.07142857142857142,1.0,0.07142857142857142,Legacy Energy,energy,0,H
clefairy-ogerpon,Lillie's Clefairy ex [ASC 280],14,43,14,1.0,3.0714285714285716,3.0714285714285716,Lillie's Clefairy ex,pokemon,1,I
clefairy-ogerpon,Lillie's Determination,6,12,14,0.42857142857142855,2.0,0.8571428571428571,Lillie's Determination,trainer,1,I
clefairy-ogerpon,Lillie's Pearl,14,29,14,1.0,2.0714285714285716,2.0714285714285716,Lillie's Pearl,trainer,1,I
clefairy-ogerpon,Mega Kangaskhan ex [MEG 104],14,47,14,1.0,3.357142857142857,3.357142857142857,Mega Kangaskhan ex,pokemon,1,I
clefairy-ogerpon,Mega Lopunny ex [PFL 115],1,1,14,0.07142857142857142,1.0,0.07142857142857142,Mega Lopunny ex,pokemon,1,I
clefairy-ogerpon,Meowth ex [POR 107],14,37,14,1.0,2.642857142857143,2.642857142857143,Meowth ex,pokemon,1,J
clefairy-ogerpon,Mew ex [30C 152],2,2,14,0.14285714285714285,1.0,0.14285714285714285,Mew ex,pokemon,1,J
clefairy-ogerpon,Mist Energy,2,2,14,0.14285714285714285,1.0,0.14285714285714285,Mist Energy,energy,0,H
clefairy-ogerpon,Moltres [PFL 14],3,3,14,0.21428571428571427,1.0,0.21428571428571427,Moltres,pokemon,1,I
clefairy-ogerpon,N's Plan,1,1,14,0.07142857142857142,1.0,0.07142857142857142,N's Plan,trainer,1,I
clefairy-ogerpon,Night Stretcher,13,21,14,0.9285714285714286,1.6153846153846154,1.5,Night Stretcher,trainer,0,H
clefairy-ogerpon,Paldean Tauros [SSP 18],12,12,14,0.8571428571428571,1.0,0.8571428571428571,Paldean Tauros,pokemon,0,H
clefairy-ogerpon,Passimian [SSP 111],3,3,14,0.21428571428571427,1.0,0.21428571428571427,Passimian,pokemon,0,H
clefairy-ogerpon,Prime Catcher,3,3,14,0.21428571428571427,1.0,0.21428571428571427,Prime Catcher,trainer,0,H
clefairy-ogerpon,Prism Energy,5,7,14,0.35714285714285715,1.4,0.5,Prism Energy,energy,1,I
clefairy-ogerpon,Psychic Energy,14,37,14,1.0,2.642857142857143,2.642857142857143,Psychic Energy,energy,1,basic
clefairy-ogerpon,Special Red Card,11,11,14,0.7857142857142857,1.0,0.7857142857142857,Special Red Card,trainer,1,J
clefairy-ogerpon,Teal Mask Ogerpon ex [PRE 12],14,31,14,1.0,2.2142857142857144,2.2142857142857144,Teal Mask Ogerpon ex,pokemon,0,H
clefairy-ogerpon,Telepathic Psychic Energy,14,25,14,1.0,1.7857142857142858,1.7857142857142858,Telepathic Psychic Energy,energy,1,J
clefairy-ogerpon,Tool Scrapper,1,1,14,0.07142857142857142,1.0,0.07142857142857142,Tool Scrapper,trainer,1,I
clefairy-ogerpon,Ultra Ball,14,53,14,1.0,3.7857142857142856,3.7857142857142856,Ultra Ball,trainer,1,F/G/I
clefairy-ogerpon,Unfair Stamp,9,9,14,0.6428571428571429,1.0,0.6428571428571429,Unfair Stamp,trainer,0,H
clefairy-ogerpon,Water Energy,13,14,14,0.9285714285714286,1.0769230769230769,1.0,Water Energy,energy,1,basic
clefairy-ogerpon,Wellspring Mask Ogerpon ex [PRE 152],13,14,14,0.9285714285714286,1.0769230769230769,1.0,Wellspring Mask Ogerpon ex,pokemon,0,H
clefairy-ogerpon,Wondrous Patch,1,1,14,0.07142857142857142,1.0,0.07142857142857142,Wondrous Patch,trainer,1,I
clefairy-ogerpon,Xerosic's Machinations,2,2,14,0.14285714285714285,1.0,0.14285714285714285,Xerosic's Machinations,trainer,0,H
conkeldurr-twm,Battle Cage,1,1,1,1.0,1.0,1.0,Battle Cage,trainer,1,I
conkeldurr-twm,Binding Mochi,1,2,1,1.0,2.0,2.0,Binding Mochi,trainer,0,H
conkeldurr-twm,Bloodmoon Ursaluna ex [PRE 168],1,1,1,1.0,1.0,1.0,Bloodmoon Ursaluna ex,pokemon,0,H
conkeldurr-twm,Boomerang Energy,1,3,1,1.0,3.0,3.0,Boomerang Energy,energy,0,H
conkeldurr-twm,Boss's Orders,1,4,1,1.0,4.0,4.0,Boss's Orders,trainer,1,G/I
conkeldurr-twm,Brute Bonnet [TWM 118],1,2,1,1.0,2.0,2.0,Brute Bonnet,pokemon,0,H
conkeldurr-twm,Buddy-Buddy Poffin,1,4,1,1.0,4.0,4.0,Buddy-Buddy Poffin,trainer,0,H
conkeldurr-twm,Colress's Tenacity,1,2,1,1.0,2.0,2.0,Colress's Tenacity,trainer,0,H
conkeldurr-twm,Conkeldurr [TWM 105],1,3,1,1.0,3.0,3.0,Conkeldurr,pokemon,0,H
conkeldurr-twm,Core Memory,1,3,1,1.0,3.0,3.0,Core Memory,trainer,1,J
conkeldurr-twm,Dudunsparce [PRE 80],1,3,1,1.0,3.0,3.0,Dudunsparce,pokemon,0,H
conkeldurr-twm,Dunsparce [JTG 120],1,3,1,1.0,3.0,3.0,Dunsparce,pokemon,1,I
conkeldurr-twm,Dunsparce [PRE 79],1,1,1,1.0,1.0,1.0,Dunsparce,pokemon,0,H
conkeldurr-twm,Enriching Energy,1,1,1,1.0,1.0,1.0,Enriching Energy,energy,0,H
conkeldurr-twm,Fan Rotom [ASC 171],1,2,1,1.0,2.0,2.0,Fan Rotom,pokemon,0,H
conkeldurr-twm,Gravity Mountain,1,1,1,1.0,1.0,1.0,Gravity Mountain,trainer,0,H
conkeldurr-twm,Gurdurr [BLK 126],1,1,1,1.0,1.0,1.0,Gurdurr,pokemon,1,I
conkeldurr-twm,Hilda,1,4,1,1.0,4.0,4.0,Hilda,trainer,1,I
conkeldurr-twm,Lillie's Determination,1,4,1,1.0,4.0,4.0,Lillie's Determination,trainer,1,I
conkeldurr-twm,Lumiose City,1,1,1,1.0,1.0,1.0,Lumiose City,trainer,1,J
conkeldurr-twm,Poké Pad,1,4,1,1.0,4.0,4.0,Poké Pad,trainer,1,J
conkeldurr-twm,Premium Power Pro,1,2,1,1.0,2.0,2.0,Premium Power Pro,trainer,1,I
conkeldurr-twm,Sacred Ash,1,2,1,1.0,2.0,2.0,Sacred Ash,trainer,1,I
conkeldurr-twm,Timburr [BLK 125],1,4,1,1.0,4.0,4.0,Timburr,pokemon,1,I
conkeldurr-twm,Ultra Ball,1,2,1,1.0,2.0,2.0,Ultra Ball,trainer,1,F/G/I
cornerstone-mask-ogerpon-ex,Battle Cage,1,3,1,1.0,3.0,3.0,Battle Cage,trainer,1,I
cornerstone-mask-ogerpon-ex,Boss's Orders,1,3,1,1.0,3.0,3.0,Boss's Orders,trainer,1,G/I
cornerstone-mask-ogerpon-ex,Budew [ASC 16],1,2,1,1.0,2.0,2.0,Budew,pokemon,0,H
cornerstone-mask-ogerpon-ex,Ciphermaniac's Codebreaking,1,1,1,1.0,1.0,1.0,Ciphermaniac's Codebreaking,trainer,0,H
cornerstone-mask-ogerpon-ex,Cornerstone Mask Ogerpon ex [PRE 160],1,3,1,1.0,3.0,3.0,Cornerstone Mask Ogerpon ex,pokemon,0,H
cornerstone-mask-ogerpon-ex,Crispin,1,4,1,1.0,4.0,4.0,Crispin,trainer,0,H
cornerstone-mask-ogerpon-ex,Energy Recycler,1,2,1,1.0,2.0,2.0,Energy Recycler,trainer,1,I
cornerstone-mask-ogerpon-ex,Energy Search,1,3,1,1.0,3.0,3.0,Energy Search,trainer,1,F/G/J
cornerstone-mask-ogerpon-ex,Fighting Energy,1,7,1,1.0,7.0,7.0,Fighting Energy,energy,1,basic
cornerstone-mask-ogerpon-ex,Fighting Gong,1,4,1,1.0,4.0,4.0,Fighting Gong,trainer,1,I
cornerstone-mask-ogerpon-ex,Lillie's Determination,1,3,1,1.0,3.0,3.0,Lillie's Determination,trainer,1,I
cornerstone-mask-ogerpon-ex,Lunatone [ASC 105],1,2,1,1.0,2.0,2.0,Lunatone,pokemon,1,I
cornerstone-mask-ogerpon-ex,Maximum Belt,1,1,1,1.0,1.0,1.0,Maximum Belt,trainer,0,H
cornerstone-mask-ogerpon-ex,Night Stretcher,1,4,1,1.0,4.0,4.0,Night Stretcher,trainer,0,H
cornerstone-mask-ogerpon-ex,Poké Pad,1,2,1,1.0,2.0,2.0,Poké Pad,trainer,1,J
cornerstone-mask-ogerpon-ex,Premium Power Pro,1,4,1,1.0,4.0,4.0,Premium Power Pro,trainer,1,I
cornerstone-mask-ogerpon-ex,Rocky Fighting Energy,1,2,1,1.0,2.0,2.0,Rocky Fighting Energy,energy,1,J
cornerstone-mask-ogerpon-ex,Solrock [ASC 106],1,3,1,1.0,3.0,3.0,Solrock,pokemon,1,I
cornerstone-mask-ogerpon-ex,Switch,1,2,1,1.0,2.0,2.0,Switch,trainer,1,F/G/I
cornerstone-mask-ogerpon-ex,Tera Orb,1,1,1,1.0,1.0,1.0,Tera Orb,trainer,0,H
cornerstone-mask-ogerpon-ex,Water Energy,1,4,1,1.0,4.0,4.0,Water Energy,energy,1,basic
crustle-dri,AZ's Tranquility,3,3,288,0.010416666666666666,1.0,0.010416666666666666,AZ's Tranquility,trainer,1,J
crustle-dri,Air Balloon,57,57,288,0.19791666666666666,1.0,0.19791666666666666,Air Balloon,trainer,1,I
crustle-dri,Applin [PRE 9],1,2,288,0.003472222222222222,2.0,0.006944444444444444,Applin,pokemon,0,H
crustle-dri,Battle Cage,9,13,288,0.03125,1.4444444444444444,0.04513888888888889,Battle Cage,trainer,1,I
crustle-dri,Bayleef [ASC 9],1,1,288,0.003472222222222222,1.0,0.003472222222222222,Bayleef,pokemon,1,J
crustle-dri,Bayleef [MEG 9],1,1,288,0.003472222222222222,1.0,0.003472222222222222,Bayleef,pokemon,1,I
crustle-dri,Bianca's Devotion,156,158,288,0.5416666666666666,1.0128205128205128,0.5486111111111112,Bianca's Devotion,trainer,0,H
crustle-dri,Boss's Orders,280,1143,288,0.9722222222222222,4.082142857142857,3.96875,Boss's Orders,trainer,1,G/I
crustle-dri,Bouffalant [SCR 119],2,2,288,0.006944444444444444,1.0,0.006944444444444444,Bouffalant,pokemon,0,H
crustle-dri,Bouffalant [SSP 151],2,2,288,0.006944444444444444,1.0,0.006944444444444444,Bouffalant,pokemon,0,H
crustle-dri,Brave Bangle,4,4,288,0.013888888888888888,1.0,0.013888888888888888,Brave Bangle,trainer,1,I
crustle-dri,Bubbly Water Energy,1,2,288,0.003472222222222222,2.0,0.006944444444444444,Bubbly Water Energy,energy,1,J
crustle-dri,Buddy-Buddy Poffin,278,553,288,0.9652777777777778,1.9892086330935252,1.9201388888888888,Buddy-Buddy Poffin,trainer,0,H
crustle-dri,Budew [ASC 16],1,1,288,0.003472222222222222,1.0,0.003472222222222222,Budew,pokemon,0,H
crustle-dri,Bug Catching Set,1,4,288,0.003472222222222222,4.0,0.013888888888888888,Bug Catching Set,trainer,0,H
crustle-dri,Celebi [MEG 12],1,1,288,0.003472222222222222,1.0,0.003472222222222222,Celebi,pokemon,1,I
crustle-dri,Chikorita [MEG 8],1,2,288,0.003472222222222222,2.0,0.006944444444444444,Chikorita,pokemon,1,I
crustle-dri,Cinderace [MEG 28],3,9,288,0.010416666666666666,3.0,0.03125,Cinderace,pokemon,1,I
crustle-dri,Ciphermaniac's Codebreaking,6,7,288,0.020833333333333332,1.1666666666666667,0.024305555555555556,Ciphermaniac's Codebreaking,trainer,0,H
crustle-dri,Colress's Tenacity,8,10,288,0.027777777777777776,1.25,0.034722222222222224,Colress's Tenacity,trainer,0,H
crustle-dri,Community Center,14,14,288,0.04861111111111111,1.0,0.04861111111111111,Community Center,trainer,0,H
crustle-dri,Cook,1,2,288,0.003472222222222222,2.0,0.006944444444444444,Cook,trainer,0,H
crustle-dri,Cornerstone Mask Ogerpon ex [PRE 160],15,15,288,0.052083333333333336,1.0,0.052083333333333336,Cornerstone Mask Ogerpon ex,pokemon,0,H
crustle-dri,Counter Gain,3,3,288,0.010416666666666666,1.0,0.010416666666666666,Counter Gain,trainer,0,H
crustle-dri,Crispin,9,20,288,0.03125,2.2222222222222223,0.06944444444444445,Crispin,trainer,0,H
crustle-dri,Crushing Hammer,11,34,288,0.03819444444444445,3.090909090909091,0.11805555555555555,Crushing Hammer,trainer,1,F/G/J
crustle-dri,Crustle [DRI 12],280,858,288,0.9722222222222222,3.0642857142857145,2.9791666666666665,Crustle,pokemon,1,I
crustle-dri,Cyrano,1,1,288,0.003472222222222222,1.0,0.003472222222222222,Cyrano,trainer,0,H
crustle-dri,Darkness Energy,2,3,288,0.006944444444444444,1.5,0.010416666666666666,Darkness Energy,energy,1,basic
crustle-dri,Dawn,1,1,288,0.003472222222222222,1.0,0.003472222222222222,Dawn,trainer,1,I
crustle-dri,Dedenne [SSP 87],3,3,288,0.010416666666666666,1.0,0.010416666666666666,Dedenne,pokemon,0,H
crustle-dri,Deduction Kit,1,1,288,0.003472222222222222,1.0,0.003472222222222222,Deduction Kit,trainer,0,H
crustle-dri,Dipplin [PRE 10],1,2,288,0.003472222222222222,2.0,0.006944444444444444,Dipplin,pokemon,0,H
crustle-dri,Dragapult ex [ASC 160],1,1,288,0.003472222222222222,1.0,0.003472222222222222,Dragapult ex,pokemon,0,H
crustle-dri,Drakloak [ASC 159],1,2,288,0.003472222222222222,2.0,0.006944444444444444,Drakloak,pokemon,0,H
crustle-dri,Dreepy [ASC 158],1,2,288,0.003472222222222222,2.0,0.006944444444444444,Dreepy,pokemon,0,H
crustle-dri,Dudunsparce [PRE 80],1,2,288,0.003472222222222222,2.0,0.006944444444444444,Dudunsparce,pokemon,0,H
crustle-dri,Dunsparce [JTG 120],1,2,288,0.003472222222222222,2.0,0.006944444444444444,Dunsparce,pokemon,1,I
crustle-dri,Dwebble [DRI 11],280,860,288,0.9722222222222222,3.0714285714285716,2.986111111111111,Dwebble,pokemon,1,I
crustle-dri,Electrike [PBL 23],3,8,288,0.010416666666666666,2.6666666666666665,0.027777777777777776,Electrike,pokemon,1,J
crustle-dri,Energy Retrieval,1,1,288,0.003472222222222222,1.0,0.003472222222222222,Energy Retrieval,trainer,1,F/G/I
crustle-dri,Energy Swatter,1,1,288,0.003472222222222222,1.0,0.003472222222222222,Energy Swatter,trainer,1,J
crustle-dri,Enhanced Hammer,43,45,288,0.14930555555555555,1.0465116279069768,0.15625,Enhanced Hammer,trainer,0,H
crustle-dri,Eri,276,658,288,0.9583333333333334,2.3840579710144927,2.2847222222222223,Eri,trainer,0,H
crustle-dri,Feebas [SSP 198],2,3,288,0.006944444444444444,1.5,0.010416666666666666,Feebas,pokemon,0,H
crustle-dri,Festival Grounds,130,134,288,0.4513888888888889,1.0307692307692307,0.4652777777777778,Festival Grounds,trainer,0,H
crustle-dri,Fezandipiti ex [ASC 142],1,1,288,0.003472222222222222,1.0,0.003472222222222222,Fezandipiti ex,pokemon,0,H
crustle-dri,Fighting Energy,13,14,288,0.04513888888888889,1.0769230769230769,0.04861111111111111,Fighting Energy,energy,1,basic
crustle-dri,Fire Energy,4,6,288,0.013888888888888888,1.5,0.020833333333333332,Fire Energy,energy,1,basic
crustle-dri,Forest of Vitality,5,7,288,0.017361111111111112,1.4,0.024305555555555556,Forest of Vitality,trainer,1,I
crustle-dri,Furfrou [POR 67],2,2,288,0.006944444444444444,1.0,0.006944444444444444,Furfrou,pokemon,1,J
crustle-dri,Grass Energy,258,293,288,0.8958333333333334,1.1356589147286822,1.0173611111111112,Grass Energy,energy,1,basic
crustle-dri,Gravity Gemstone,4,4,288,0.013888888888888888,1.0,0.013888888888888888,Gravity Gemstone,trainer,0,H
crustle-dri,Gravity Mountain,3,3,288,0.010416666666666666,1.0,0.010416666666666666,Gravity Mountain,trainer,0,H
crustle-dri,Growing Grass Energy,279,1132,288,0.96875,4.057347670250896,3.9305555555555554,Growing Grass Energy,energy,1,J
crustle-dri,Gwynn,1,1,288,0.003472222222222222,1.0,0.003472222222222222,Gwynn,trainer,1,J
crustle-dri,Hand Trimmer,7,7,288,0.024305555555555556,1.0,0.024305555555555556,Hand Trimmer,trainer,0,H
crustle-dri,Handheld Fan,203,211,288,0.7048611111111112,1.0394088669950738,0.7326388888888888,Handheld Fan,trainer,0,H
crustle-dri,Hero's Cape,280,287,288,0.9722222222222222,1.025,0.9965277777777778,Hero's Cape,trainer,0,H
crustle-dri,Hilda,277,786,288,0.9618055555555556,2.8375451263537905,2.7291666666666665,Hilda,trainer,1,I
crustle-dri,Hydrapple ex [PRE 11],1,2,288,0.003472222222222222,2.0,0.006944444444444444,Hydrapple ex,pokemon,0,H
crustle-dri,Ignition Energy,1,1,288,0.003472222222222222,1.0,0.003472222222222222,Ignition Energy,energy,1,I
crustle-dri,Judge,4,6,288,0.013888888888888888,1.5,0.020833333333333332,Judge,trainer,1,G/J
crustle-dri,Jumbo Ice Cream,279,1144,288,0.96875,4.100358422939068,3.9722222222222223,Jumbo Ice Cream,trainer,1,I
crustle-dri,Lana's Aid,2,2,288,0.006944444444444444,1.0,0.006944444444444444,Lana's Aid,trainer,0,H
crustle-dri,Lightning Energy,4,4,288,0.013888888888888888,1.0,0.013888888888888888,Lightning Energy,energy,1,basic
crustle-dri,Lillie's Determination,280,1134,288,0.9722222222222222,4.05,3.9375,Lillie's Determination,trainer,1,I
crustle-dri,Lisia's Appeal,11,11,288,0.03819444444444445,1.0,0.03819444444444445,Lisia's Appeal,trainer,0,H
crustle-dri,Lumiose City,252,264,288,0.875,1.0476190476190477,0.9166666666666666,Lumiose City,trainer,1,J
crustle-dri,Lumiose Galette,4,4,288,0.013888888888888888,1.0,0.013888888888888888,Lumiose Galette,trainer,1,J
crustle-dri,Manectric [PBL 24],3,5,288,0.010416666666666666,1.6666666666666667,0.017361111111111112,Manectric,pokemon,1,J
crustle-dri,Maractus [JTG 160],4,5,288,0.013888888888888888,1.25,0.017361111111111112,Maractus,pokemon,1,I
crustle-dri,Maushold [SSP 158],1,1,288,0.003472222222222222,1.0,0.003472222222222222,Maushold,pokemon,0,H
crustle-dri,Mega Kangaskhan ex [MEG 104],279,1112,288,0.96875,3.985663082437276,3.861111111111111,Mega Kangaskhan ex,pokemon,1,I
crustle-dri,Mega Manectric ex [MEG 158],3,3,288,0.010416666666666666,1.0,0.010416666666666666,Mega Manectric ex,pokemon,1,I
crustle-dri,Meganium [MEG 10],1,2,288,0.003472222222222222,2.0,0.006944444444444444,Meganium,pokemon,1,I
crustle-dri,Meowth ex [POR 107],1,1,288,0.003472222222222222,1.0,0.003472222222222222,Meowth ex,pokemon,1,J
crustle-dri,Metal Energy,1,1,288,0.003472222222222222,1.0,0.003472222222222222,Metal Energy,energy,1,basic
crustle-dri,Milotic ex [SSP 217],2,3,288,0.006944444444444444,1.5,0.010416666666666666,Milotic ex,pokemon,0,H
crustle-dri,Mist Energy,279,1140,288,0.96875,4.086021505376344,3.9583333333333335,Mist Energy,energy,0,H
crustle-dri,Morty's Conviction,2,3,288,0.006944444444444444,1.5,0.010416666666666666,Morty's Conviction,trainer,0,H
crustle-dri,Munkidori [ASC 99],2,2,288,0.006944444444444444,1.0,0.006944444444444444,Munkidori,pokemon,0,H
crustle-dri,N's Plan,2,2,288,0.006944444444444444,1.0,0.006944444444444444,N's Plan,trainer,1,I
crustle-dri,Neutralization Zone,1,1,288,0.003472222222222222,1.0,0.003472222222222222,Neutralization Zone,trainer,0,H
crustle-dri,Night Stretcher,13,13,288,0.04513888888888889,1.0,0.04513888888888889,Night Stretcher,trainer,0,H
crustle-dri,Nighttime Mine,2,2,288,0.006944444444444444,1.0,0.006944444444444444,Nighttime Mine,trainer,1,I
crustle-dri,Paldean Tauros [SSP 18],1,1,288,0.003472222222222222,1.0,0.003472222222222222,Paldean Tauros,pokemon,0,H
crustle-dri,Paradise Resort,1,1,288,0.003472222222222222,1.0,0.003472222222222222,Paradise Resort,trainer,1,G/H/J
crustle-dri,Patrat [CRI 70],1,1,288,0.003472222222222222,1.0,0.003472222222222222,Patrat,pokemon,1,J
crustle-dri,Payapa Berry,6,6,288,0.020833333333333332,1.0,0.020833333333333332,Payapa Berry,trainer,0,H
crustle-dri,Poké Pad,10,17,288,0.034722222222222224,1.7,0.059027777777777776,Poké Pad,trainer,1,J
crustle-dri,Pokégear 3.0,277,852,288,0.9618055555555556,3.0758122743682312,2.9583333333333335,Pokégear 3.0,trainer,1,G/I
crustle-dri,Pokémon Center Lady,263,276,288,0.9131944444444444,1.049429657794677,0.9583333333333334,Pokémon Center Lady,trainer,1,I
crustle-dri,Prism Energy,1,2,288,0.003472222222222222,2.0,0.006944444444444444,Prism Energy,energy,1,I
crustle-dri,Prism Tower,147,151,288,0.5104166666666666,1.0272108843537415,0.5243055555555556,Prism Tower,trainer,1,J
crustle-dri,Psychic Energy,5,8,288,0.017361111111111112,1.6,0.027777777777777776,Psychic Energy,energy,1,basic
crustle-dri,Psyduck [ASC 226],33,34,288,0.11458333333333333,1.0303030303030303,0.11805555555555555,Psyduck,pokemon,1,I
crustle-dri,Rocky Fighting Energy,3,5,288,0.010416666666666666,1.6666666666666667,0.017361111111111112,Rocky Fighting Energy,energy,1,J
crustle-dri,Ruffian,5,6,288,0.017361111111111112,1.2,0.020833333333333332,Ruffian,trainer,1,I
crustle-dri,Rust Syndicate Grunt,1,3,288,0.003472222222222222,3.0,0.010416666666666666,Rust Syndicate Grunt,trainer,1,J
crustle-dri,Sacred Charm,9,9,288,0.03125,1.0,0.03125,Sacred Charm,trainer,1,I
crustle-dri,Shaymin [DRI 10],3,3,288,0.010416666666666666,1.0,0.010416666666666666,Shaymin,pokemon,1,I
crustle-dri,Special Red Card,113,113,288,0.3923611111111111,1.0,0.3923611111111111,Special Red Card,trainer,1,J
crustle-dri,Spiky Energy,275,1105,288,0.9548611111111112,4.0181818181818185,3.8368055555555554,Spiky Energy,energy,1,I
crustle-dri,Super Potion,2,2,288,0.006944444444444444,1.0,0.006944444444444444,Super Potion,trainer,1,I
crustle-dri,Surfer,4,4,288,0.013888888888888888,1.0,0.013888888888888888,Surfer,trainer,0,H
crustle-dri,Switch,275,294,288,0.9548611111111112,1.069090909090909,1.0208333333333333,Switch,trainer,1,F/G/I
crustle-dri,Teal Mask Ogerpon ex [PRE 12],1,4,288,0.003472222222222222,4.0,0.013888888888888888,Teal Mask Ogerpon ex,pokemon,0,H
crustle-dri,Team Rocket's Articuno [DRI 51],1,1,288,0.003472222222222222,1.0,0.003472222222222222,Team Rocket's Articuno,pokemon,1,I
crustle-dri,Team Rocket's Factory,250,260,288,0.8680555555555556,1.04,0.9027777777777778,Team Rocket's Factory,trainer,1,I
crustle-dri,Team Rocket's Kangaskhan ex [ASC 162],1,1,288,0.003472222222222222,1.0,0.003472222222222222,Team Rocket's Kangaskhan ex,pokemon,1,I
crustle-dri,Team Rocket's Petrel,279,1132,288,0.96875,4.057347670250896,3.9305555555555554,Team Rocket's Petrel,trainer,1,I
crustle-dri,Team Rocket's Transceiver,1,1,288,0.003472222222222222,1.0,0.003472222222222222,Team Rocket's Transceiver,trainer,1,I
crustle-dri,Team Rocket's Watchtower,3,3,288,0.010416666666666666,1.0,0.010416666666666666,Team Rocket's Watchtower,trainer,1,I
crustle-dri,Tool Scrapper,16,16,288,0.05555555555555555,1.0,0.05555555555555555,Tool Scrapper,trainer,1,I
crustle-dri,Turtonator [POR 17],1,4,288,0.003472222222222222,4.0,0.013888888888888888,Turtonator,pokemon,1,J
crustle-dri,Ultra Ball,273,281,288,0.9479166666666666,1.0293040293040292,0.9756944444444444,Ultra Ball,trainer,1,F/G/I
crustle-dri,Voltaic Lightning Energy,3,12,288,0.010416666666666666,4.0,0.041666666666666664,Voltaic Lightning Energy,energy,1,J
crustle-dri,Water Energy,5,9,288,0.017361111111111112,1.8,0.03125,Water Energy,energy,1,basic
crustle-dri,Wellspring Mask Ogerpon ex [PRE 152],1,1,288,0.003472222222222222,1.0,0.003472222222222222,Wellspring Mask Ogerpon ex,pokemon,0,H
crustle-dri,Xerosic's Machinations,278,389,288,0.9652777777777778,1.3992805755395683,1.3506944444444444,Xerosic's Machinations,trainer,0,H
cynthia-garchomp-ex,AZ's Tranquility,4,5,106,0.03773584905660377,1.25,0.04716981132075472,AZ's Tranquility,trainer,1,J
cynthia-garchomp-ex,Air Balloon,4,4,106,0.03773584905660377,1.0,0.03773584905660377,Air Balloon,trainer,1,I
cynthia-garchomp-ex,Battle Cage,17,25,106,0.16037735849056603,1.4705882352941178,0.2358490566037736,Battle Cage,trainer,1,I
cynthia-garchomp-ex,Boss's Orders,104,354,106,0.9811320754716981,3.4038461538461537,3.339622641509434,Boss's Orders,trainer,1,G/I
cynthia-garchomp-ex,Brock's Scouting,2,2,106,0.018867924528301886,1.0,0.018867924528301886,Brock's Scouting,trainer,1,I
cynthia-garchomp-ex,Buddy-Buddy Poffin,104,393,106,0.9811320754716981,3.7788461538461537,3.707547169811321,Buddy-Buddy Poffin,trainer,0,H
cynthia-garchomp-ex,Budew [ASC 16],15,16,106,0.14150943396226415,1.0666666666666667,0.1509433962264151,Budew,pokemon,0,H
cynthia-garchomp-ex,Colress's Tenacity,2,4,106,0.018867924528301886,2.0,0.03773584905660377,Colress's Tenacity,trainer,0,H
cynthia-garchomp-ex,Cornerstone Mask Ogerpon ex [PRE 160],6,6,106,0.05660377358490566,1.0,0.05660377358490566,Cornerstone Mask Ogerpon ex,pokemon,0,H
cynthia-garchomp-ex,Crispin,2,5,106,0.018867924528301886,2.5,0.04716981132075472,Crispin,trainer,0,H
cynthia-garchomp-ex,Crushing Hammer,1,3,106,0.009433962264150943,3.0,0.02830188679245283,Crushing Hammer,trainer,1,F/G/J
cynthia-garchomp-ex,Cynthia's Gabite [ASC 110],104,421,106,0.9811320754716981,4.048076923076923,3.9716981132075473,Cynthia's Gabite,pokemon,1,I
cynthia-garchomp-ex,Cynthia's Garchomp ex [ASC 111],104,318,106,0.9811320754716981,3.0576923076923075,3.0,Cynthia's Garchomp ex,pokemon,1,I
cynthia-garchomp-ex,Cynthia's Gible [ASC 109],104,423,106,0.9811320754716981,4.0673076923076925,3.990566037735849,Cynthia's Gible,pokemon,1,I
cynthia-garchomp-ex,Cynthia's Power Weight,104,346,106,0.9811320754716981,3.326923076923077,3.2641509433962264,Cynthia's Power Weight,trainer,1,I
cynthia-garchomp-ex,Cynthia's Roselia [DRI 7],104,379,106,0.9811320754716981,3.644230769230769,3.5754716981132075,Cynthia's Roselia,pokemon,1,I
cynthia-garchomp-ex,Cynthia's Roserade [DRI 184],104,342,106,0.9811320754716981,3.2884615384615383,3.2264150943396226,Cynthia's Roserade,pokemon,1,I
cynthia-garchomp-ex,Cynthia's Spiritomb [ASC 133],99,103,106,0.9339622641509434,1.0404040404040404,0.9716981132075472,Cynthia's Spiritomb,pokemon,1,I
cynthia-garchomp-ex,Darkness Energy,2,6,106,0.018867924528301886,3.0,0.05660377358490566,Darkness Energy,energy,1,basic
cynthia-garchomp-ex,Dawn,1,2,106,0.009433962264150943,2.0,0.018867924528301886,Dawn,trainer,1,I
cynthia-garchomp-ex,Energy Recycler,1,1,106,0.009433962264150943,1.0,0.009433962264150943,Energy Recycler,trainer,1,I
cynthia-garchomp-ex,Energy Search,1,2,106,0.009433962264150943,2.0,0.018867924528301886,Energy Search,trainer,1,F/G/J
cynthia-garchomp-ex,Fennel,1,1,106,0.009433962264150943,1.0,0.009433962264150943,Fennel,trainer,1,I
cynthia-garchomp-ex,Fighting Energy,104,415,106,0.9811320754716981,3.9903846153846154,3.9150943396226414,Fighting Energy,energy,1,basic
cynthia-garchomp-ex,Fighting Gong,104,317,106,0.9811320754716981,3.048076923076923,2.990566037735849,Fighting Gong,trainer,1,I
cynthia-garchomp-ex,Fire Energy,2,2,106,0.018867924528301886,1.0,0.018867924528301886,Fire Energy,energy,1,basic
cynthia-garchomp-ex,Forest of Vitality,15,17,106,0.14150943396226415,1.1333333333333333,0.16037735849056603,Forest of Vitality,trainer,1,I
cynthia-garchomp-ex,Gastrodon [SSP 107],1,1,106,0.009433962264150943,1.0,0.009433962264150943,Gastrodon,pokemon,0,H
cynthia-garchomp-ex,Grand Tree,3,3,106,0.02830188679245283,1.0,0.02830188679245283,Grand Tree,trainer,0,H
cynthia-garchomp-ex,Harlequin,1,1,106,0.009433962264150943,1.0,0.009433962264150943,Harlequin,trainer,1,I
cynthia-garchomp-ex,Hero's Cape,1,1,106,0.009433962264150943,1.0,0.009433962264150943,Hero's Cape,trainer,0,H
cynthia-garchomp-ex,Hilda,92,187,106,0.8679245283018868,2.032608695652174,1.7641509433962264,Hilda,trainer,1,I
cynthia-garchomp-ex,Judge,58,80,106,0.5471698113207547,1.3793103448275863,0.7547169811320755,Judge,trainer,1,G/J
cynthia-garchomp-ex,Kieran,16,16,106,0.1509433962264151,1.0,0.1509433962264151,Kieran,trainer,0,H
cynthia-garchomp-ex,Lana's Aid,3,3,106,0.02830188679245283,1.0,0.02830188679245283,Lana's Aid,trainer,0,H
cynthia-garchomp-ex,Larry's Skill,2,4,106,0.018867924528301886,2.0,0.03773584905660377,Larry's Skill,trainer,0,H
cynthia-garchomp-ex,Lillie's Determination,104,410,106,0.9811320754716981,3.9423076923076925,3.8679245283018866,Lillie's Determination,trainer,1,I
cynthia-garchomp-ex,Lucian,1,2,106,0.009433962264150943,2.0,0.018867924528301886,Lucian,trainer,0,H
cynthia-garchomp-ex,Maximum Belt,1,1,106,0.009433962264150943,1.0,0.009433962264150943,Maximum Belt,trainer,0,H
cynthia-garchomp-ex,Meowth ex [POR 107],5,6,106,0.04716981132075472,1.2,0.05660377358490566,Meowth ex,pokemon,1,J
cynthia-garchomp-ex,Moltres [PFL 14],2,2,106,0.018867924528301886,1.0,0.018867924528301886,Moltres,pokemon,1,I
cynthia-garchomp-ex,Munkidori [ASC 99],2,4,106,0.018867924528301886,2.0,0.03773584905660377,Munkidori,pokemon,0,H
cynthia-garchomp-ex,Naveen,1,1,106,0.009433962264150943,1.0,0.009433962264150943,Naveen,trainer,1,J
cynthia-garchomp-ex,Neo Upper Energy,70,71,106,0.660377358490566,1.0142857142857142,0.6698113207547169,Neo Upper Energy,energy,0,H
cynthia-garchomp-ex,Night Stretcher,82,129,106,0.7735849056603774,1.5731707317073171,1.2169811320754718,Night Stretcher,trainer,0,H
cynthia-garchomp-ex,Okidogi [PRE 57],1,2,106,0.009433962264150943,2.0,0.018867924528301886,Okidogi,pokemon,0,H
cynthia-garchomp-ex,Poké Pad,104,393,106,0.9811320754716981,3.7788461538461537,3.707547169811321,Poké Pad,trainer,1,J
cynthia-garchomp-ex,Pokégear 3.0,58,113,106,0.5471698113207547,1.9482758620689655,1.0660377358490567,Pokégear 3.0,trainer,1,G/I
cynthia-garchomp-ex,Powerglass,6,7,106,0.05660377358490566,1.1666666666666667,0.0660377358490566,Powerglass,trainer,0,H
cynthia-garchomp-ex,Premium Power Pro,77,148,106,0.7264150943396226,1.922077922077922,1.3962264150943395,Premium Power Pro,trainer,1,I
cynthia-garchomp-ex,Prime Catcher,6,6,106,0.05660377358490566,1.0,0.05660377358490566,Prime Catcher,trainer,0,H
cynthia-garchomp-ex,Prism Tower,11,16,106,0.10377358490566038,1.4545454545454546,0.1509433962264151,Prism Tower,trainer,1,J
cynthia-garchomp-ex,Psyduck [ASC 226],13,13,106,0.12264150943396226,1.0,0.12264150943396226,Psyduck,pokemon,1,I
cynthia-garchomp-ex,Rare Candy,47,54,106,0.44339622641509435,1.148936170212766,0.5094339622641509,Rare Candy,trainer,1,F/G/I
cynthia-garchomp-ex,Relicanth [TEF 173],8,8,106,0.07547169811320754,1.0,0.07547169811320754,Relicanth,pokemon,0,H
cynthia-garchomp-ex,Rocky Fighting Energy,104,390,106,0.9811320754716981,3.75,3.6792452830188678,Rocky Fighting Energy,energy,1,J
cynthia-garchomp-ex,Rosa's Encouragement,6,7,106,0.05660377358490566,1.1666666666666667,0.0660377358490566,Rosa's Encouragement,trainer,1,J
cynthia-garchomp-ex,Sacred Ash,2,2,106,0.018867924528301886,1.0,0.018867924528301886,Sacred Ash,trainer,1,I
cynthia-garchomp-ex,Salvatore,1,1,106,0.009433962264150943,1.0,0.009433962264150943,Salvatore,trainer,0,H
cynthia-garchomp-ex,Scoop Up Cyclone,1,1,106,0.009433962264150943,1.0,0.009433962264150943,Scoop Up Cyclone,trainer,0,H
cynthia-garchomp-ex,Secret Box,5,5,106,0.04716981132075472,1.0,0.04716981132075472,Secret Box,trainer,0,H
cynthia-garchomp-ex,Shaymin [DRI 10],50,50,106,0.4716981132075472,1.0,0.4716981132075472,Shaymin,pokemon,1,I
cynthia-garchomp-ex,Shellos [SSP 46],1,1,106,0.009433962264150943,1.0,0.009433962264150943,Shellos,pokemon,0,H
cynthia-garchomp-ex,Special Red Card,49,51,106,0.46226415094339623,1.0408163265306123,0.4811320754716981,Special Red Card,trainer,1,J
cynthia-garchomp-ex,Surfer,10,11,106,0.09433962264150944,1.1,0.10377358490566038,Surfer,trainer,0,H
cynthia-garchomp-ex,Survival Brace,1,1,106,0.009433962264150943,1.0,0.009433962264150943,Survival Brace,trainer,0,H
cynthia-garchomp-ex,Switch,67,71,106,0.6320754716981132,1.0597014925373134,0.6698113207547169,Switch,trainer,1,F/G/I
cynthia-garchomp-ex,Tarragon,2,2,106,0.018867924528301886,1.0,0.018867924528301886,Tarragon,trainer,1,J
cynthia-garchomp-ex,Team Rocket's Factory,1,1,106,0.009433962264150943,1.0,0.009433962264150943,Team Rocket's Factory,trainer,1,I
cynthia-garchomp-ex,Team Rocket's Petrel,45,75,106,0.42452830188679247,1.6666666666666667,0.7075471698113207,Team Rocket's Petrel,trainer,1,I
cynthia-garchomp-ex,Team Rocket's Transceiver,1,1,106,0.009433962264150943,1.0,0.009433962264150943,Team Rocket's Transceiver,trainer,1,I
cynthia-garchomp-ex,Team Rocket's Watchtower,36,53,106,0.33962264150943394,1.4722222222222223,0.5,Team Rocket's Watchtower,trainer,1,I
cynthia-garchomp-ex,Tool Scrapper,4,4,106,0.03773584905660377,1.0,0.03773584905660377,Tool Scrapper,trainer,1,I
cynthia-garchomp-ex,Ultra Ball,5,10,106,0.04716981132075472,2.0,0.09433962264150944,Ultra Ball,trainer,1,F/G/I
cynthia-garchomp-ex,Unfair Stamp,17,17,106,0.16037735849056603,1.0,0.16037735849056603,Unfair Stamp,trainer,0,H
cynthia-garchomp-ex,Xerosic's Machinations,10,11,106,0.09433962264150944,1.1,0.10377358490566038,Xerosic's Machinations,trainer,0,H
cynthia-garchomp-ex,Yveltal [30C 100],1,1,106,0.009433962264150943,1.0,0.009433962264150943,Yveltal,pokemon,1,J
decidueye-ex,Air Balloon,2,3,3,0.6666666666666666,1.5,1.0,Air Balloon,trainer,1,I
decidueye-ex,Boss's Orders,3,7,3,1.0,2.3333333333333335,2.3333333333333335,Boss's Orders,trainer,1,G/I
decidueye-ex,Buddy-Buddy Poffin,3,7,3,1.0,2.3333333333333335,2.3333333333333335,Buddy-Buddy Poffin,trainer,0,H
decidueye-ex,Budew [ASC 16],1,1,3,0.3333333333333333,1.0,0.3333333333333333,Budew,pokemon,0,H
decidueye-ex,Bug Catching Set,3,11,3,1.0,3.6666666666666665,3.6666666666666665,Bug Catching Set,trainer,0,H
decidueye-ex,Colress's Tenacity,2,3,3,0.6666666666666666,1.5,1.0,Colress's Tenacity,trainer,0,H
decidueye-ex,Dartrix [POR 11],3,10,3,1.0,3.3333333333333335,3.3333333333333335,Dartrix,pokemon,1,J
decidueye-ex,Dawn,3,10,3,1.0,3.3333333333333335,3.3333333333333335,Dawn,trainer,1,I
decidueye-ex,Decidueye ex [POR 100],3,10,3,1.0,3.3333333333333335,3.3333333333333335,Decidueye ex,pokemon,1,J
decidueye-ex,Energy Search,1,1,3,0.3333333333333333,1.0,0.3333333333333333,Energy Search,trainer,1,F/G/J
decidueye-ex,Fezandipiti ex [ASC 142],3,3,3,1.0,1.0,1.0,Fezandipiti ex,pokemon,0,H
decidueye-ex,Forest of Vitality,3,12,3,1.0,4.0,4.0,Forest of Vitality,trainer,1,I
decidueye-ex,Grass Energy,3,9,3,1.0,3.0,3.0,Grass Energy,energy,1,basic
decidueye-ex,Growing Grass Energy,3,10,3,1.0,3.3333333333333335,3.3333333333333335,Growing Grass Energy,energy,1,J
decidueye-ex,Hilda,1,1,3,0.3333333333333333,1.0,0.3333333333333333,Hilda,trainer,1,I
decidueye-ex,Ignition Energy,2,4,3,0.6666666666666666,2.0,1.3333333333333333,Ignition Energy,energy,1,I
decidueye-ex,Iris's Fighting Spirit,1,2,3,0.3333333333333333,2.0,0.6666666666666666,Iris's Fighting Spirit,trainer,1,I
decidueye-ex,Judge,2,4,3,0.6666666666666666,2.0,1.3333333333333333,Judge,trainer,1,G/J
decidueye-ex,Legacy Energy,1,1,3,0.3333333333333333,1.0,0.3333333333333333,Legacy Energy,energy,0,H
decidueye-ex,Lillie's Determination,3,11,3,1.0,3.6666666666666665,3.6666666666666665,Lillie's Determination,trainer,1,I
decidueye-ex,Max Rod,1,1,3,0.3333333333333333,1.0,0.3333333333333333,Max Rod,trainer,0,H
decidueye-ex,Meowth ex [POR 107],2,2,3,0.6666666666666666,1.0,0.6666666666666666,Meowth ex,pokemon,1,J
decidueye-ex,Morty's Conviction,1,1,3,0.3333333333333333,1.0,0.3333333333333333,Morty's Conviction,trainer,0,H
decidueye-ex,Night Stretcher,3,6,3,1.0,2.0,2.0,Night Stretcher,trainer,0,H
decidueye-ex,Poké Pad,3,8,3,1.0,2.6666666666666665,2.6666666666666665,Poké Pad,trainer,1,J
decidueye-ex,Prime Catcher,1,1,3,0.3333333333333333,1.0,0.3333333333333333,Prime Catcher,trainer,0,H
decidueye-ex,Relicanth [TEF 173],3,3,3,1.0,1.0,1.0,Relicanth,pokemon,0,H
decidueye-ex,Rowlet [MEP 43],1,3,3,0.3333333333333333,3.0,1.0,Rowlet,pokemon,1,J
decidueye-ex,Rowlet [POR 10],1,3,3,0.3333333333333333,3.0,1.0,Rowlet,pokemon,1,J
decidueye-ex,Rowlet [SFA 3],1,4,3,0.3333333333333333,4.0,1.3333333333333333,Rowlet,pokemon,0,H
decidueye-ex,Scatterbug [POR 7],2,5,3,0.6666666666666666,2.5,1.6666666666666667,Scatterbug,pokemon,1,J
decidueye-ex,Scatterbug [SSP 5],1,2,3,0.3333333333333333,2.0,0.6666666666666666,Scatterbug,pokemon,0,H
decidueye-ex,Shaymin [DRI 10],1,1,3,0.3333333333333333,1.0,0.3333333333333333,Shaymin,pokemon,1,I
decidueye-ex,Spewpa [POR 8],2,5,3,0.6666666666666666,2.5,1.6666666666666667,Spewpa,pokemon,1,J
decidueye-ex,Spewpa [SSP 6],1,2,3,0.3333333333333333,2.0,0.6666666666666666,Spewpa,pokemon,0,H
decidueye-ex,Team Rocket's Petrel,1,1,3,0.3333333333333333,1.0,0.3333333333333333,Team Rocket's Petrel,trainer,1,I
decidueye-ex,Ultra Ball,3,4,3,1.0,1.3333333333333333,1.3333333333333333,Ultra Ball,trainer,1,F/G/I
decidueye-ex,Vivillon [POR 9],3,7,3,1.0,2.3333333333333335,2.3333333333333335,Vivillon,pokemon,1,J
decidueye-ex,Xerosic's Machinations,1,1,3,0.3333333333333333,1.0,0.3333333333333333,Xerosic's Machinations,trainer,0,H
dhelmise-pbl,Abra [MEG 54],6,18,246,0.024390243902439025,3.0,0.07317073170731707,Abra,pokemon,1,I
dhelmise-pbl,Abra [TWM 80],1,3,246,0.0040650406504065045,3.0,0.012195121951219513,Abra,pokemon,0,H
dhelmise-pbl,Acerola's Mischief,1,1,246,0.0040650406504065045,1.0,0.0040650406504065045,Acerola's Mischief,trainer,1,I
dhelmise-pbl,Air Balloon,44,52,246,0.17886178861788618,1.1818181818181819,0.21138211382113822,Air Balloon,trainer,1,I
dhelmise-pbl,Alakazam [MEG 56],7,17,246,0.028455284552845527,2.4285714285714284,0.06910569105691057,Alakazam,pokemon,1,I
dhelmise-pbl,Banette [ASC 234],1,1,246,0.0040650406504065045,1.0,0.0040650406504065045,Banette,pokemon,1,I
dhelmise-pbl,Banette [PBL 34],237,877,246,0.9634146341463414,3.70042194092827,3.565040650406504,Banette,pokemon,1,J
dhelmise-pbl,Battle Cage,5,10,246,0.02032520325203252,2.0,0.04065040650406504,Battle Cage,trainer,1,I
dhelmise-pbl,Black Belt's Training,32,36,246,0.13008130081300814,1.125,0.14634146341463414,Black Belt's Training,trainer,0,H
dhelmise-pbl,Bloodmoon Ursaluna ex [PRE 168],93,93,246,0.3780487804878049,1.0,0.3780487804878049,Bloodmoon Ursaluna ex,pokemon,0,H
dhelmise-pbl,Boss's Orders,237,678,246,0.9634146341463414,2.8607594936708862,2.7560975609756095,Boss's Orders,trainer,1,G/I
dhelmise-pbl,Brave Bangle,12,12,246,0.04878048780487805,1.0,0.04878048780487805,Brave Bangle,trainer,1,I
dhelmise-pbl,Brilliant Blender,58,58,246,0.23577235772357724,1.0,0.23577235772357724,Brilliant Blender,trainer,0,H
dhelmise-pbl,Buddy-Buddy Poffin,80,172,246,0.3252032520325203,2.15,0.6991869918699187,Buddy-Buddy Poffin,trainer,0,H
dhelmise-pbl,Budew [ASC 16],2,2,246,0.008130081300813009,1.0,0.008130081300813009,Budew,pokemon,0,H
dhelmise-pbl,Call Bell,1,3,246,0.0040650406504065045,3.0,0.012195121951219513,Call Bell,trainer,0,H
dhelmise-pbl,Carmine,8,25,246,0.032520325203252036,3.125,0.1016260162601626,Carmine,trainer,0,H
dhelmise-pbl,Chien-Pao [SSP 56],3,3,246,0.012195121951219513,1.0,0.012195121951219513,Chien-Pao,pokemon,0,H
dhelmise-pbl,Colress's Tenacity,2,3,246,0.008130081300813009,1.5,0.012195121951219513,Colress's Tenacity,trainer,0,H
dhelmise-pbl,Cornerstone Mask Ogerpon ex [PRE 160],2,2,246,0.008130081300813009,1.0,0.008130081300813009,Cornerstone Mask Ogerpon ex,pokemon,0,H
dhelmise-pbl,Crispin,1,1,246,0.0040650406504065045,1.0,0.0040650406504065045,Crispin,trainer,0,H
dhelmise-pbl,Crushing Hammer,2,3,246,0.008130081300813009,1.5,0.012195121951219513,Crushing Hammer,trainer,1,F/G/J
dhelmise-pbl,Dawn,2,3,246,0.008130081300813009,1.5,0.012195121951219513,Dawn,trainer,1,I
dhelmise-pbl,Dhelmise [MEP 84],237,937,246,0.9634146341463414,3.9535864978902953,3.8089430894308944,Dhelmise,pokemon,1,J
dhelmise-pbl,Diancie [SCR 86],1,1,246,0.0040650406504065045,1.0,0.0040650406504065045,Diancie,pokemon,0,H
dhelmise-pbl,Dragapult ex [ASC 160],1,1,246,0.0040650406504065045,1.0,0.0040650406504065045,Dragapult ex,pokemon,0,H
dhelmise-pbl,Drakloak [ASC 159],6,15,246,0.024390243902439025,2.5,0.06097560975609756,Drakloak,pokemon,0,H
dhelmise-pbl,Dreepy [ASC 158],6,17,246,0.024390243902439025,2.8333333333333335,0.06910569105691057,Dreepy,pokemon,0,H
dhelmise-pbl,Dudunsparce [PRE 80],158,292,246,0.6422764227642277,1.8481012658227849,1.1869918699186992,Dudunsparce,pokemon,0,H
dhelmise-pbl,Dudunsparce ex [JTG 121],42,42,246,0.17073170731707318,1.0,0.17073170731707318,Dudunsparce ex,pokemon,1,I
dhelmise-pbl,Dunsparce [JTG 120],147,312,246,0.5975609756097561,2.122448979591837,1.2682926829268293,Dunsparce,pokemon,1,I
dhelmise-pbl,Dunsparce [PRE 79],22,31,246,0.08943089430894309,1.4090909090909092,0.12601626016260162,Dunsparce,pokemon,0,H
dhelmise-pbl,Dusclops [PRE 36],2,3,246,0.008130081300813009,1.5,0.012195121951219513,Dusclops,pokemon,0,H
dhelmise-pbl,Dusk Ball,1,1,246,0.0040650406504065045,1.0,0.0040650406504065045,Dusk Ball,trainer,0,H
dhelmise-pbl,Dusknoir [PRE 37],2,2,246,0.008130081300813009,1.0,0.008130081300813009,Dusknoir,pokemon,0,H
dhelmise-pbl,Duskull [PRE 35],2,4,246,0.008130081300813009,2.0,0.016260162601626018,Duskull,pokemon,0,H
dhelmise-pbl,Energy Search,4,5,246,0.016260162601626018,1.25,0.02032520325203252,Energy Search,trainer,1,F/G/J
dhelmise-pbl,Enhanced Hammer,8,8,246,0.032520325203252036,1.0,0.032520325203252036,Enhanced Hammer,trainer,0,H
dhelmise-pbl,Eri,4,4,246,0.016260162601626018,1.0,0.016260162601626018,Eri,trainer,0,H
dhelmise-pbl,Explorer's Guidance,106,302,246,0.43089430894308944,2.849056603773585,1.2276422764227641,Explorer's Guidance,trainer,0,H
dhelmise-pbl,Festival Grounds,1,1,246,0.0040650406504065045,1.0,0.0040650406504065045,Festival Grounds,trainer,0,H
dhelmise-pbl,Fezandipiti ex [ASC 142],20,20,246,0.08130081300813008,1.0,0.08130081300813008,Fezandipiti ex,pokemon,0,H
dhelmise-pbl,Fire Energy,2,3,246,0.008130081300813009,1.5,0.012195121951219513,Fire Energy,energy,1,basic
dhelmise-pbl,Flutter Mane [PRE 43],36,36,246,0.14634146341463414,1.0,0.14634146341463414,Flutter Mane,pokemon,0,H
dhelmise-pbl,Genesect [SFA 40],11,11,246,0.044715447154471545,1.0,0.044715447154471545,Genesect,pokemon,0,H
dhelmise-pbl,Gravity Mountain,2,2,246,0.008130081300813009,1.0,0.008130081300813009,Gravity Mountain,trainer,0,H
dhelmise-pbl,Gwynn,232,783,246,0.943089430894309,3.375,3.182926829268293,Gwynn,trainer,1,J
dhelmise-pbl,Hand Trimmer,2,2,246,0.008130081300813009,1.0,0.008130081300813009,Hand Trimmer,trainer,0,H
dhelmise-pbl,Handheld Fan,2,4,246,0.008130081300813009,2.0,0.016260162601626018,Handheld Fan,trainer,0,H
dhelmise-pbl,Hassel,6,6,246,0.024390243902439025,1.0,0.024390243902439025,Hassel,trainer,0,H
dhelmise-pbl,Hero's Cape,1,1,246,0.0040650406504065045,1.0,0.0040650406504065045,Hero's Cape,trainer,0,H
dhelmise-pbl,Hilda,4,4,246,0.016260162601626018,1.0,0.016260162601626018,Hilda,trainer,1,I
dhelmise-pbl,Jamming Tower,29,30,246,0.11788617886178862,1.0344827586206897,0.12195121951219512,Jamming Tower,trainer,0,H
dhelmise-pbl,Judge,11,11,246,0.044715447154471545,1.0,0.044715447154471545,Judge,trainer,1,G/J
dhelmise-pbl,Kadabra [MEG 55],7,18,246,0.028455284552845527,2.5714285714285716,0.07317073170731707,Kadabra,pokemon,1,I
dhelmise-pbl,Kieran,19,20,246,0.07723577235772358,1.0526315789473684,0.08130081300813008,Kieran,trainer,0,H
dhelmise-pbl,Lana's Aid,31,31,246,0.12601626016260162,1.0,0.12601626016260162,Lana's Aid,trainer,0,H
dhelmise-pbl,Larry's Skill,13,23,246,0.052845528455284556,1.7692307692307692,0.09349593495934959,Larry's Skill,trainer,0,H
dhelmise-pbl,Latias ex [SSP 220],121,122,246,0.491869918699187,1.0082644628099173,0.4959349593495935,Latias ex,pokemon,0,H
dhelmise-pbl,Legacy Energy,149,152,246,0.6056910569105691,1.0201342281879195,0.6178861788617886,Legacy Energy,energy,0,H
dhelmise-pbl,Lillie's Clefairy ex [ASC 280],236,331,246,0.959349593495935,1.402542372881356,1.3455284552845528,Lillie's Clefairy ex,pokemon,1,I
dhelmise-pbl,Lillie's Determination,232,795,246,0.943089430894309,3.4267241379310347,3.231707317073171,Lillie's Determination,trainer,1,I
dhelmise-pbl,Lillie's Pearl,9,9,246,0.036585365853658534,1.0,0.036585365853658534,Lillie's Pearl,trainer,1,I
dhelmise-pbl,Lisia's Appeal,1,1,246,0.0040650406504065045,1.0,0.0040650406504065045,Lisia's Appeal,trainer,0,H
dhelmise-pbl,Lucky Helmet,16,26,246,0.06504065040650407,1.625,0.10569105691056911,Lucky Helmet,trainer,0,H
dhelmise-pbl,Maximum Belt,2,2,246,0.008130081300813009,1.0,0.008130081300813009,Maximum Belt,trainer,0,H
dhelmise-pbl,Meowth ex [POR 107],32,32,246,0.13008130081300814,1.0,0.13008130081300814,Meowth ex,pokemon,1,J
dhelmise-pbl,Moltres [PFL 14],9,9,246,0.036585365853658534,1.0,0.036585365853658534,Moltres,pokemon,1,I
dhelmise-pbl,Morpeko [TWM 72],1,1,246,0.0040650406504065045,1.0,0.0040650406504065045,Morpeko,pokemon,0,H
dhelmise-pbl,Morty's Conviction,2,4,246,0.008130081300813009,2.0,0.016260162601626018,Morty's Conviction,trainer,0,H
dhelmise-pbl,Naveen,7,14,246,0.028455284552845527,2.0,0.056910569105691054,Naveen,trainer,1,J
dhelmise-pbl,Neutralization Zone,1,1,246,0.0040650406504065045,1.0,0.0040650406504065045,Neutralization Zone,trainer,0,H
dhelmise-pbl,Night Stretcher,236,657,246,0.959349593495935,2.7838983050847457,2.6707317073170733,Night Stretcher,trainer,0,H
dhelmise-pbl,Nighttime Mine,3,4,246,0.012195121951219513,1.3333333333333333,0.016260162601626018,Nighttime Mine,trainer,1,I
dhelmise-pbl,Patrat [CRI 70],140,144,246,0.5691056910569106,1.0285714285714285,0.5853658536585366,Patrat,pokemon,1,J
dhelmise-pbl,Poké Pad,235,938,246,0.9552845528455285,3.991489361702128,3.813008130081301,Poké Pad,trainer,1,J
dhelmise-pbl,Pokégear 3.0,63,112,246,0.25609756097560976,1.7777777777777777,0.45528455284552843,Pokégear 3.0,trainer,1,G/I
dhelmise-pbl,Poltchageist [PBL 5],224,791,246,0.9105691056910569,3.53125,3.2154471544715446,Poltchageist,pokemon,1,J
dhelmise-pbl,Prime Catcher,7,7,246,0.028455284552845527,1.0,0.028455284552845527,Prime Catcher,trainer,0,H
dhelmise-pbl,Prism Energy,9,21,246,0.036585365853658534,2.3333333333333335,0.08536585365853659,Prism Energy,energy,1,I
dhelmise-pbl,Prism Tower,230,620,246,0.9349593495934959,2.6956521739130435,2.5203252032520327,Prism Tower,trainer,1,J
dhelmise-pbl,Psychic Energy,235,663,246,0.9552845528455285,2.821276595744681,2.6951219512195124,Psychic Energy,energy,1,basic
dhelmise-pbl,Psyduck [ASC 226],7,7,246,0.028455284552845527,1.0,0.028455284552845527,Psyduck,pokemon,1,I
dhelmise-pbl,Rare Candy,5,6,246,0.02032520325203252,1.2,0.024390243902439025,Rare Candy,trainer,1,F/G/I
dhelmise-pbl,Redeemable Ticket,1,1,246,0.0040650406504065045,1.0,0.0040650406504065045,Redeemable Ticket,trainer,1,I
dhelmise-pbl,Ruffian,9,9,246,0.036585365853658534,1.0,0.036585365853658534,Ruffian,trainer,1,I
dhelmise-pbl,Sacred Ash,14,14,246,0.056910569105691054,1.0,0.056910569105691054,Sacred Ash,trainer,1,I
dhelmise-pbl,Secret Box,20,20,246,0.08130081300813008,1.0,0.08130081300813008,Secret Box,trainer,0,H
dhelmise-pbl,Shaymin [DRI 10],179,186,246,0.7276422764227642,1.0391061452513966,0.7560975609756098,Shaymin,pokemon,1,I
dhelmise-pbl,Shuppet [PBL 33],236,933,246,0.959349593495935,3.9533898305084745,3.792682926829268,Shuppet,pokemon,1,J
dhelmise-pbl,Sinistcha [PBL 6],230,713,246,0.9349593495934959,3.1,2.8983739837398375,Sinistcha,pokemon,1,J
dhelmise-pbl,Special Red Card,85,88,246,0.34552845528455284,1.035294117647059,0.35772357723577236,Special Red Card,trainer,1,J
dhelmise-pbl,Spiritomb [PBL 35],131,140,246,0.532520325203252,1.0687022900763359,0.5691056910569106,Spiritomb,pokemon,1,J
dhelmise-pbl,Stunfisk [ASC 62],1,1,246,0.0040650406504065045,1.0,0.0040650406504065045,Stunfisk,pokemon,1,I
dhelmise-pbl,Surfer,13,14,246,0.052845528455284556,1.0769230769230769,0.056910569105691054,Surfer,trainer,0,H
dhelmise-pbl,Survival Brace,1,1,246,0.0040650406504065045,1.0,0.0040650406504065045,Survival Brace,trainer,0,H
dhelmise-pbl,Switch,63,67,246,0.25609756097560976,1.0634920634920635,0.27235772357723576,Switch,trainer,1,F/G/I
dhelmise-pbl,Tatsugiri [SVP 118],4,5,246,0.016260162601626018,1.25,0.02032520325203252,Tatsugiri,pokemon,0,H
dhelmise-pbl,Team Rocket's Factory,2,3,246,0.008130081300813009,1.5,0.012195121951219513,Team Rocket's Factory,trainer,1,I
dhelmise-pbl,Team Rocket's Petrel,20,53,246,0.08130081300813008,2.65,0.21544715447154472,Team Rocket's Petrel,trainer,1,I
dhelmise-pbl,Team Rocket's Transceiver,4,10,246,0.016260162601626018,2.5,0.04065040650406504,Team Rocket's Transceiver,trainer,1,I
dhelmise-pbl,Team Rocket's Watchtower,4,6,246,0.016260162601626018,1.5,0.024390243902439025,Team Rocket's Watchtower,trainer,1,I
dhelmise-pbl,Telepathic Psychic Energy,236,953,246,0.959349593495935,4.038135593220339,3.8739837398373984,Telepathic Psychic Energy,energy,1,J
dhelmise-pbl,Tool Scrapper,6,6,246,0.024390243902439025,1.0,0.024390243902439025,Tool Scrapper,trainer,1,I
dhelmise-pbl,Ultra Ball,236,946,246,0.959349593495935,4.008474576271187,3.845528455284553,Ultra Ball,trainer,1,F/G/I
dhelmise-pbl,Unfair Stamp,4,4,246,0.016260162601626018,1.0,0.016260162601626018,Unfair Stamp,trainer,0,H
dhelmise-pbl,Unown [30C 72],1,1,246,0.0040650406504065045,1.0,0.0040650406504065045,Unown,pokemon,1,J
dhelmise-pbl,Wondrous Patch,21,26,246,0.08536585365853659,1.2380952380952381,0.10569105691056911,Wondrous Patch,trainer,1,I
dhelmise-pbl,Xerosic's Machinations,6,6,246,0.024390243902439025,1.0,0.024390243902439025,Xerosic's Machinations,trainer,0,H
dhelmise-pbl,Yveltal [30C 100],29,29,246,0.11788617886178862,1.0,0.11788617886178862,Yveltal,pokemon,1,J
diancie-dusknoir,AZ's Tranquility,1,1,9,0.1111111111111111,1.0,0.1111111111111111,AZ's Tranquility,trainer,1,J
diancie-dusknoir,Battle Cage,1,1,9,0.1111111111111111,1.0,0.1111111111111111,Battle Cage,trainer,1,I
diancie-dusknoir,Black Belt's Training,1,1,9,0.1111111111111111,1.0,0.1111111111111111,Black Belt's Training,trainer,0,H
diancie-dusknoir,Boss's Orders,9,23,9,1.0,2.5555555555555554,2.5555555555555554,Boss's Orders,trainer,1,G/I
diancie-dusknoir,Bronzong [TEF 69],3,3,9,0.3333333333333333,1.0,0.3333333333333333,Bronzong,pokemon,0,H
diancie-dusknoir,Bronzor [TEF 170],3,3,9,0.3333333333333333,1.0,0.3333333333333333,Bronzor,pokemon,0,H
diancie-dusknoir,Buddy-Buddy Poffin,1,1,9,0.1111111111111111,1.0,0.1111111111111111,Buddy-Buddy Poffin,trainer,0,H
diancie-dusknoir,Carmine,2,5,9,0.2222222222222222,2.5,0.5555555555555556,Carmine,trainer,0,H
diancie-dusknoir,Dusclops [PRE 36],9,17,9,1.0,1.8888888888888888,1.8888888888888888,Dusclops,pokemon,0,H
diancie-dusknoir,Dusknoir [PRE 37],9,19,9,1.0,2.111111111111111,2.111111111111111,Dusknoir,pokemon,0,H
diancie-dusknoir,Duskull [PRE 35],9,24,9,1.0,2.6666666666666665,2.6666666666666665,Duskull,pokemon,0,H
diancie-dusknoir,Fezandipiti ex [ASC 142],4,4,9,0.4444444444444444,1.0,0.4444444444444444,Fezandipiti ex,pokemon,0,H
diancie-dusknoir,Flutter Mane [PRE 43],3,3,9,0.3333333333333333,1.0,0.3333333333333333,Flutter Mane,pokemon,0,H
diancie-dusknoir,Frillish [WHT 126],6,8,9,0.6666666666666666,1.3333333333333333,0.8888888888888888,Frillish,pokemon,1,I
diancie-dusknoir,Hilda,1,1,9,0.1111111111111111,1.0,0.1111111111111111,Hilda,trainer,1,I
diancie-dusknoir,Jacinthe,4,4,9,0.4444444444444444,1.0,0.4444444444444444,Jacinthe,trainer,1,J
diancie-dusknoir,Jellicent ex [WHT 160],1,1,9,0.1111111111111111,1.0,0.1111111111111111,Jellicent ex,pokemon,1,I
diancie-dusknoir,Judge,9,25,9,1.0,2.7777777777777777,2.7777777777777777,Judge,trainer,1,G/J
diancie-dusknoir,Latias ex [SSP 220],9,16,9,1.0,1.7777777777777777,1.7777777777777777,Latias ex,pokemon,0,H
diancie-dusknoir,Lillie's Clefairy ex [ASC 280],9,16,9,1.0,1.7777777777777777,1.7777777777777777,Lillie's Clefairy ex,pokemon,1,I
diancie-dusknoir,Lillie's Determination,9,35,9,1.0,3.888888888888889,3.888888888888889,Lillie's Determination,trainer,1,I
diancie-dusknoir,Lillie's Pearl,6,6,9,0.6666666666666666,1.0,0.6666666666666666,Lillie's Pearl,trainer,1,I
diancie-dusknoir,Mega Diancie ex [ASC 267],9,27,9,1.0,3.0,3.0,Mega Diancie ex,pokemon,1,I
diancie-dusknoir,Mega Signal,1,2,9,0.1111111111111111,2.0,0.2222222222222222,Mega Signal,trainer,1,I
diancie-dusknoir,Meloetta ex [BLK 159],1,1,9,0.1111111111111111,1.0,0.1111111111111111,Meloetta ex,pokemon,1,I
diancie-dusknoir,Meowth ex [POR 107],9,9,9,1.0,1.0,1.0,Meowth ex,pokemon,1,J
diancie-dusknoir,Mystery Garden,9,29,9,1.0,3.2222222222222223,3.2222222222222223,Mystery Garden,trainer,1,I
diancie-dusknoir,Night Stretcher,9,19,9,1.0,2.111111111111111,2.111111111111111,Night Stretcher,trainer,0,H
diancie-dusknoir,Poké Pad,8,13,9,0.8888888888888888,1.625,1.4444444444444444,Poké Pad,trainer,1,J
diancie-dusknoir,Powerglass,9,19,9,1.0,2.111111111111111,2.111111111111111,Powerglass,trainer,0,H
diancie-dusknoir,Prime Catcher,1,1,9,0.1111111111111111,1.0,0.1111111111111111,Prime Catcher,trainer,0,H
diancie-dusknoir,Psychic Energy,9,67,9,1.0,7.444444444444445,7.444444444444445,Psychic Energy,energy,1,basic
diancie-dusknoir,Rare Candy,8,13,9,0.8888888888888888,1.625,1.4444444444444444,Rare Candy,trainer,1,F/G/I
diancie-dusknoir,Secret Box,8,8,9,0.8888888888888888,1.0,0.8888888888888888,Secret Box,trainer,0,H
diancie-dusknoir,Shaymin [DRI 10],1,1,9,0.1111111111111111,1.0,0.1111111111111111,Shaymin,pokemon,1,I
diancie-dusknoir,Smoochum [SSP 75],1,1,9,0.1111111111111111,1.0,0.1111111111111111,Smoochum,pokemon,0,H
diancie-dusknoir,Special Red Card,5,5,9,0.5555555555555556,1.0,0.5555555555555556,Special Red Card,trainer,1,J
diancie-dusknoir,Surfer,1,1,9,0.1111111111111111,1.0,0.1111111111111111,Surfer,trainer,0,H
diancie-dusknoir,Switch,3,3,9,0.3333333333333333,1.0,0.3333333333333333,Switch,trainer,1,F/G/I
diancie-dusknoir,Team Rocket's Petrel,1,2,9,0.1111111111111111,2.0,0.2222222222222222,Team Rocket's Petrel,trainer,1,I
diancie-dusknoir,Telepathic Psychic Energy,9,36,9,1.0,4.0,4.0,Telepathic Psychic Energy,energy,1,J
diancie-dusknoir,Ultra Ball,9,35,9,1.0,3.888888888888889,3.888888888888889,Ultra Ball,trainer,1,F/G/I
diancie-dusknoir,Wondrous Patch,9,31,9,1.0,3.4444444444444446,3.4444444444444446,Wondrous Patch,trainer,1,I
doublade-por,Abra [MEG 54],1,1,13,0.07692307692307693,1.0,0.07692307692307693,Abra,pokemon,1,I
doublade-por,Abra [TWM 80],1,3,13,0.07692307692307693,3.0,0.23076923076923078,Abra,pokemon,0,H
doublade-por,Aegislash [POR 58],13,51,13,1.0,3.923076923076923,3.923076923076923,Aegislash,pokemon,1,J
doublade-por,Air Balloon,5,8,13,0.38461538461538464,1.6,0.6153846153846154,Air Balloon,trainer,1,I
doublade-por,Alakazam [MEG 56],1,3,13,0.07692307692307693,3.0,0.23076923076923078,Alakazam,pokemon,1,I
doublade-por,Battle Cage,9,15,13,0.6923076923076923,1.6666666666666667,1.1538461538461537,Battle Cage,trainer,1,I
doublade-por,Beldum [CRI 59],2,6,13,0.15384615384615385,3.0,0.46153846153846156,Beldum,pokemon,1,J
doublade-por,Bloodmoon Ursaluna ex [PRE 168],1,1,13,0.07692307692307693,1.0,0.07692307692307693,Bloodmoon Ursaluna ex,pokemon,0,H
doublade-por,Boss's Orders,13,28,13,1.0,2.1538461538461537,2.1538461538461537,Boss's Orders,trainer,1,G/I
doublade-por,Brave Bangle,3,3,13,0.23076923076923078,1.0,0.23076923076923078,Brave Bangle,trainer,1,I
doublade-por,Brock's Scouting,4,6,13,0.3076923076923077,1.5,0.46153846153846156,Brock's Scouting,trainer,1,I
doublade-por,Buddy-Buddy Poffin,11,16,13,0.8461538461538461,1.4545454545454546,1.2307692307692308,Buddy-Buddy Poffin,trainer,0,H
doublade-por,Budew [ASC 16],3,4,13,0.23076923076923078,1.3333333333333333,0.3076923076923077,Budew,pokemon,0,H
doublade-por,Crispin,5,9,13,0.38461538461538464,1.8,0.6923076923076923,Crispin,trainer,0,H
doublade-por,Darkness Energy,1,1,13,0.07692307692307693,1.0,0.07692307692307693,Darkness Energy,energy,1,basic
doublade-por,Dawn,5,11,13,0.38461538461538464,2.2,0.8461538461538461,Dawn,trainer,1,I
doublade-por,Doublade [MEP 67],13,52,13,1.0,4.0,4.0,Doublade,pokemon,1,J
doublade-por,Dudunsparce [PRE 80],1,2,13,0.07692307692307693,2.0,0.15384615384615385,Dudunsparce,pokemon,0,H
doublade-por,Dunsparce [JTG 120],1,2,13,0.07692307692307693,2.0,0.15384615384615385,Dunsparce,pokemon,1,I
doublade-por,Empoleon ex [PFL 114],1,1,13,0.07692307692307693,1.0,0.07692307692307693,Empoleon ex,pokemon,1,I
doublade-por,Energy Recycler,10,12,13,0.7692307692307693,1.2,0.9230769230769231,Energy Recycler,trainer,1,I
doublade-por,Enhanced Hammer,2,3,13,0.15384615384615385,1.5,0.23076923076923078,Enhanced Hammer,trainer,0,H
doublade-por,Fezandipiti ex [ASC 142],7,7,13,0.5384615384615384,1.0,0.5384615384615384,Fezandipiti ex,pokemon,0,H
doublade-por,Fighting Energy,2,8,13,0.15384615384615385,4.0,0.6153846153846154,Fighting Energy,energy,1,basic
doublade-por,Fighting Gong,1,3,13,0.07692307692307693,3.0,0.23076923076923078,Fighting Gong,trainer,1,I
doublade-por,Full Metal Lab,1,1,13,0.07692307692307693,1.0,0.07692307692307693,Full Metal Lab,trainer,0,H
doublade-por,Genesect [SFA 40],1,1,13,0.07692307692307693,1.0,0.07692307692307693,Genesect,pokemon,0,H
doublade-por,Genesect ex [BLK 161],13,31,13,1.0,2.3846153846153846,2.3846153846153846,Genesect ex,pokemon,1,I
doublade-por,Grass Energy,1,1,13,0.07692307692307693,1.0,0.07692307692307693,Grass Energy,energy,1,basic
doublade-por,Gravity Mountain,1,2,13,0.07692307692307693,2.0,0.15384615384615385,Gravity Mountain,trainer,0,H
doublade-por,Hassel,1,2,13,0.07692307692307693,2.0,0.15384615384615385,Hassel,trainer,0,H
doublade-por,Hilda,3,7,13,0.23076923076923078,2.3333333333333335,0.5384615384615384,Hilda,trainer,1,I
doublade-por,Honedge [POR 56],13,52,13,1.0,4.0,4.0,Honedge,pokemon,1,J
doublade-por,Hyper Aroma,1,1,13,0.07692307692307693,1.0,0.07692307692307693,Hyper Aroma,trainer,0,H
doublade-por,Ignition Energy,3,11,13,0.23076923076923078,3.6666666666666665,0.8461538461538461,Ignition Energy,energy,1,I
doublade-por,Judge,1,1,13,0.07692307692307693,1.0,0.07692307692307693,Judge,trainer,1,G/J
doublade-por,Kadabra [MEG 55],1,4,13,0.07692307692307693,4.0,0.3076923076923077,Kadabra,pokemon,1,I
doublade-por,Kofu,1,3,13,0.07692307692307693,3.0,0.23076923076923078,Kofu,trainer,0,H
doublade-por,Lana's Aid,7,7,13,0.5384615384615384,1.0,0.5384615384615384,Lana's Aid,trainer,0,H
doublade-por,Latias ex [SSP 220],1,2,13,0.07692307692307693,2.0,0.15384615384615385,Latias ex,pokemon,0,H
doublade-por,Lightning Energy,1,1,13,0.07692307692307693,1.0,0.07692307692307693,Lightning Energy,energy,1,basic
doublade-por,Lillie's Clefairy ex [ASC 280],1,1,13,0.07692307692307693,1.0,0.07692307692307693,Lillie's Clefairy ex,pokemon,1,I
doublade-por,Lillie's Determination,9,19,13,0.6923076923076923,2.111111111111111,1.4615384615384615,Lillie's Determination,trainer,1,I
doublade-por,Lunatone [ASC 105],1,2,13,0.07692307692307693,2.0,0.15384615384615385,Lunatone,pokemon,1,I
doublade-por,Magnetic Metal Energy,3,5,13,0.23076923076923078,1.6666666666666667,0.38461538461538464,Magnetic Metal Energy,energy,1,J
doublade-por,Meowth ex [POR 107],5,5,13,0.38461538461538464,1.0,0.38461538461538464,Meowth ex,pokemon,1,J
doublade-por,Metagross [CRI 61],1,2,13,0.07692307692307693,2.0,0.15384615384615385,Metagross,pokemon,1,J
doublade-por,Metal Energy,12,62,13,0.9230769230769231,5.166666666666667,4.769230769230769,Metal Energy,energy,1,basic
doublade-por,Metang [SVP 90],2,6,13,0.15384615384615385,3.0,0.46153846153846156,Metang,pokemon,0,H
doublade-por,Mist Energy,1,2,13,0.07692307692307693,2.0,0.15384615384615385,Mist Energy,energy,0,H
doublade-por,Night Stretcher,12,19,13,0.9230769230769231,1.5833333333333333,1.4615384615384615,Night Stretcher,trainer,0,H
doublade-por,Nighttime Mine,1,2,13,0.07692307692307693,2.0,0.15384615384615385,Nighttime Mine,trainer,1,I
doublade-por,Perrin,1,2,13,0.07692307692307693,2.0,0.15384615384615385,Perrin,trainer,0,H
doublade-por,Philippe,2,2,13,0.15384615384615385,1.0,0.15384615384615385,Philippe,trainer,1,J
doublade-por,Piplup [PFL 27],1,1,13,0.07692307692307693,1.0,0.07692307692307693,Piplup,pokemon,1,I
doublade-por,Poké Pad,7,16,13,0.5384615384615384,2.2857142857142856,1.2307692307692308,Poké Pad,trainer,1,J
doublade-por,Pokégear 3.0,4,7,13,0.3076923076923077,1.75,0.5384615384615384,Pokégear 3.0,trainer,1,G/I
doublade-por,Precious Trolley,12,12,13,0.9230769230769231,1.0,0.9230769230769231,Precious Trolley,trainer,0,H
doublade-por,Psychic Energy,10,42,13,0.7692307692307693,4.2,3.230769230769231,Psychic Energy,energy,1,basic
doublade-por,Psyduck [ASC 226],2,2,13,0.15384615384615385,1.0,0.15384615384615385,Psyduck,pokemon,1,I
doublade-por,Rare Candy,7,15,13,0.5384615384615384,2.142857142857143,1.1538461538461537,Rare Candy,trainer,1,F/G/I
doublade-por,Redeemable Ticket,2,2,13,0.15384615384615385,1.0,0.15384615384615385,Redeemable Ticket,trainer,1,I
doublade-por,Sacred Ash,12,14,13,0.9230769230769231,1.1666666666666667,1.0769230769230769,Sacred Ash,trainer,1,I
doublade-por,Shaymin [DRI 10],6,6,13,0.46153846153846156,1.0,0.46153846153846156,Shaymin,pokemon,1,I
doublade-por,Smoochum [SSP 75],1,2,13,0.07692307692307693,2.0,0.15384615384615385,Smoochum,pokemon,0,H
doublade-por,Solrock [ASC 106],1,2,13,0.07692307692307693,2.0,0.15384615384615385,Solrock,pokemon,1,I
doublade-por,Special Red Card,4,4,13,0.3076923076923077,1.0,0.3076923076923077,Special Red Card,trainer,1,J
doublade-por,Steven's Beldum [DRI 143],7,16,13,0.5384615384615384,2.2857142857142856,1.2307692307692308,Steven's Beldum,pokemon,1,I
doublade-por,Steven's Metagross ex [ASC 289],7,15,13,0.5384615384615384,2.142857142857143,1.1538461538461537,Steven's Metagross ex,pokemon,1,I
doublade-por,Steven's Metang [DRI 144],7,9,13,0.5384615384615384,1.2857142857142858,0.6923076923076923,Steven's Metang,pokemon,1,I
doublade-por,Switch,6,6,13,0.46153846153846156,1.0,0.46153846153846156,Switch,trainer,1,F/G/I
doublade-por,Team Rocket's Articuno [DRI 51],1,1,13,0.07692307692307693,1.0,0.07692307692307693,Team Rocket's Articuno,pokemon,1,I
doublade-por,Team Rocket's Factory,4,4,13,0.3076923076923077,1.0,0.3076923076923077,Team Rocket's Factory,trainer,1,I
doublade-por,Team Rocket's Kangaskhan ex [ASC 162],1,1,13,0.07692307692307693,1.0,0.07692307692307693,Team Rocket's Kangaskhan ex,pokemon,1,I
doublade-por,Team Rocket's Petrel,13,46,13,1.0,3.5384615384615383,3.5384615384615383,Team Rocket's Petrel,trainer,1,I
doublade-por,Team Rocket's Transceiver,8,27,13,0.6153846153846154,3.375,2.076923076923077,Team Rocket's Transceiver,trainer,1,I
doublade-por,Team Rocket's Watchtower,2,2,13,0.15384615384615385,1.0,0.15384615384615385,Team Rocket's Watchtower,trainer,1,I
doublade-por,Telepathic Psychic Energy,1,2,13,0.07692307692307693,2.0,0.15384615384615385,Telepathic Psychic Energy,energy,1,J
doublade-por,Ultra Ball,7,9,13,0.5384615384615384,1.2857142857142858,0.6923076923076923,Ultra Ball,trainer,1,F/G/I
doublade-por,Water Energy,1,1,13,0.07692307692307693,1.0,0.07692307692307693,Water Energy,energy,1,basic
doublade-por,Xerosic's Machinations,3,4,13,0.23076923076923078,1.3333333333333333,0.3076923076923077,Xerosic's Machinations,trainer,0,H
dragapult-blaziken,Air Balloon,10,10,358,0.027932960893854747,1.0,0.027932960893854747,Air Balloon,trainer,1,I
dragapult-blaziken,Area Zero Underdepths,85,99,358,0.23743016759776536,1.1647058823529413,0.276536312849162,Area Zero Underdepths,trainer,0,H
dragapult-blaziken,Black Kyurem ex [SSP 218],2,2,358,0.00558659217877095,1.0,0.00558659217877095,Black Kyurem ex,pokemon,0,H
dragapult-blaziken,Blaziken [DRI 192],20,20,358,0.055865921787709494,1.0,0.055865921787709494,Blaziken,pokemon,1,I
dragapult-blaziken,Blaziken ex [JTG 24],344,716,358,0.9608938547486033,2.0813953488372094,2.0,Blaziken ex,pokemon,0,H
dragapult-blaziken,Boss's Orders,344,1064,358,0.9608938547486033,3.0930232558139537,2.9720670391061454,Boss's Orders,trainer,1,G/I
dragapult-blaziken,Buddy-Buddy Poffin,344,1421,358,0.9608938547486033,4.130813953488372,3.96927374301676,Buddy-Buddy Poffin,trainer,0,H
dragapult-blaziken,Budew [ASC 16],344,407,358,0.9608938547486033,1.183139534883721,1.1368715083798884,Budew,pokemon,0,H
dragapult-blaziken,Chi-Yu [MEG 31],2,2,358,0.00558659217877095,1.0,0.00558659217877095,Chi-Yu,pokemon,1,I
dragapult-blaziken,Chi-Yu [TWM 39],198,201,358,0.553072625698324,1.0151515151515151,0.5614525139664804,Chi-Yu,pokemon,0,H
dragapult-blaziken,Chien-Pao [SSP 56],7,7,358,0.019553072625698324,1.0,0.019553072625698324,Chien-Pao,pokemon,0,H
dragapult-blaziken,Combusken [DRI 41],337,356,358,0.9413407821229051,1.056379821958457,0.994413407821229,Combusken,pokemon,1,I
dragapult-blaziken,Combusken [JTG 23],2,2,358,0.00558659217877095,1.0,0.00558659217877095,Combusken,pokemon,0,H
dragapult-blaziken,Counter Gain,2,2,358,0.00558659217877095,1.0,0.00558659217877095,Counter Gain,trainer,0,H
dragapult-blaziken,Crispin,343,676,358,0.9581005586592178,1.9708454810495626,1.888268156424581,Crispin,trainer,0,H
dragapult-blaziken,Crushing Hammer,3,10,358,0.008379888268156424,3.3333333333333335,0.027932960893854747,Crushing Hammer,trainer,1,F/G/J
dragapult-blaziken,Dark Bell,1,2,358,0.002793296089385475,2.0,0.00558659217877095,Dark Bell,trainer,1,J
dragapult-blaziken,Darkness Energy,339,706,358,0.946927374301676,2.0825958702064895,1.9720670391061452,Darkness Energy,energy,1,basic
dragapult-blaziken,Dawn,299,335,358,0.835195530726257,1.120401337792642,0.9357541899441341,Dawn,trainer,1,I
dragapult-blaziken,Dragapult ex [ASC 160],344,726,358,0.9608938547486033,2.11046511627907,2.0279329608938546,Dragapult ex,pokemon,0,H
dragapult-blaziken,Drakloak [ASC 159],344,1428,358,0.9608938547486033,4.151162790697675,3.988826815642458,Drakloak,pokemon,0,H
dragapult-blaziken,Dreepy [ASC 158],344,1430,358,0.9608938547486033,4.156976744186046,3.994413407821229,Dreepy,pokemon,0,H
dragapult-blaziken,Dudunsparce [PRE 80],2,3,358,0.00558659217877095,1.5,0.008379888268156424,Dudunsparce,pokemon,0,H
dragapult-blaziken,Dunsparce [JTG 120],2,2,358,0.00558659217877095,1.0,0.00558659217877095,Dunsparce,pokemon,1,I
dragapult-blaziken,Dunsparce [PRE 79],1,1,358,0.002793296089385475,1.0,0.002793296089385475,Dunsparce,pokemon,0,H
dragapult-blaziken,Eevee [PRE 74],1,1,358,0.002793296089385475,1.0,0.002793296089385475,Eevee,pokemon,0,H
dragapult-blaziken,Eri,1,1,358,0.002793296089385475,1.0,0.002793296089385475,Eri,trainer,0,H
dragapult-blaziken,Explorer's Guidance,1,4,358,0.002793296089385475,4.0,0.0111731843575419,Explorer's Guidance,trainer,0,H
dragapult-blaziken,Fezandipiti ex [ASC 142],342,356,358,0.9553072625698324,1.04093567251462,0.994413407821229,Fezandipiti ex,pokemon,0,H
dragapult-blaziken,Fire Energy,344,1081,358,0.9608938547486033,3.1424418604651163,3.0195530726256985,Fire Energy,energy,1,basic
dragapult-blaziken,Hero's Cape,9,9,358,0.025139664804469275,1.0,0.025139664804469275,Hero's Cape,trainer,0,H
dragapult-blaziken,Hilda,1,1,358,0.002793296089385475,1.0,0.002793296089385475,Hilda,trainer,1,I
dragapult-blaziken,Ho-Oh [SSP 19],1,1,358,0.002793296089385475,1.0,0.002793296089385475,Ho-Oh,pokemon,0,H
dragapult-blaziken,Jamming Tower,74,76,358,0.20670391061452514,1.027027027027027,0.2122905027932961,Jamming Tower,trainer,0,H
dragapult-blaziken,Judge,220,241,358,0.6145251396648045,1.0954545454545455,0.6731843575418994,Judge,trainer,1,G/J
dragapult-blaziken,Lillie's Clefairy ex [ASC 280],189,193,358,0.5279329608938548,1.0211640211640212,0.5391061452513967,Lillie's Clefairy ex,pokemon,1,I
dragapult-blaziken,Lillie's Determination,344,1422,358,0.9608938547486033,4.133720930232558,3.9720670391061454,Lillie's Determination,trainer,1,I
dragapult-blaziken,Lillie's Pearl,5,5,358,0.013966480446927373,1.0,0.013966480446927373,Lillie's Pearl,trainer,1,I
dragapult-blaziken,Maractus [JTG 160],1,1,358,0.002793296089385475,1.0,0.002793296089385475,Maractus,pokemon,1,I
dragapult-blaziken,Mega Absol ex [MEG 161],1,1,358,0.002793296089385475,1.0,0.002793296089385475,Mega Absol ex,pokemon,1,I
dragapult-blaziken,Meowth ex [POR 107],341,357,358,0.952513966480447,1.0469208211143695,0.9972067039106145,Meowth ex,pokemon,1,J
dragapult-blaziken,Mew ex [30C 152],4,4,358,0.0111731843575419,1.0,0.0111731843575419,Mew ex,pokemon,1,J
dragapult-blaziken,Moltres [PFL 14],17,17,358,0.04748603351955307,1.0,0.04748603351955307,Moltres,pokemon,1,I
dragapult-blaziken,Munkidori [ASC 99],339,680,358,0.946927374301676,2.005899705014749,1.899441340782123,Munkidori,pokemon,0,H
dragapult-blaziken,Night Stretcher,344,725,358,0.9608938547486033,2.1075581395348837,2.025139664804469,Night Stretcher,trainer,0,H
dragapult-blaziken,Ninetales [CRI 9],1,1,358,0.002793296089385475,1.0,0.002793296089385475,Ninetales,pokemon,1,J
dragapult-blaziken,Paldean Tauros [SSP 18],7,7,358,0.019553072625698324,1.0,0.019553072625698324,Paldean Tauros,pokemon,0,H
dragapult-blaziken,Patrat [CRI 70],5,5,358,0.013966480446927373,1.0,0.013966480446927373,Patrat,pokemon,1,J
dragapult-blaziken,Pecharunt [SVP 129],7,7,358,0.019553072625698324,1.0,0.019553072625698324,Pecharunt,pokemon,0,H
dragapult-blaziken,Poké Pad,344,1248,358,0.9608938547486033,3.627906976744186,3.4860335195530725,Poké Pad,trainer,1,J
dragapult-blaziken,Prime Catcher,1,1,358,0.002793296089385475,1.0,0.002793296089385475,Prime Catcher,trainer,0,H
dragapult-blaziken,Psychic Energy,344,1080,358,0.9608938547486033,3.13953488372093,3.016759776536313,Psychic Energy,energy,1,basic
dragapult-blaziken,Psyduck [ASC 226],22,22,358,0.061452513966480445,1.0,0.061452513966480445,Psyduck,pokemon,1,I
dragapult-blaziken,Rare Candy,343,839,358,0.9581005586592178,2.446064139941691,2.3435754189944134,Rare Candy,trainer,1,F/G/I
dragapult-blaziken,Risky Ruins,196,211,358,0.547486033519553,1.0765306122448979,0.5893854748603352,Risky Ruins,trainer,1,I
dragapult-blaziken,Rosa's Encouragement,5,5,358,0.013966480446927373,1.0,0.013966480446927373,Rosa's Encouragement,trainer,1,J
dragapult-blaziken,Ruffian,1,1,358,0.002793296089385475,1.0,0.002793296089385475,Ruffian,trainer,1,I
dragapult-blaziken,Secret Box,8,8,358,0.0223463687150838,1.0,0.0223463687150838,Secret Box,trainer,0,H
dragapult-blaziken,Shaymin [DRI 10],140,141,358,0.39106145251396646,1.0071428571428571,0.39385474860335196,Shaymin,pokemon,1,I
dragapult-blaziken,Sparkling Crystal,1,1,358,0.002793296089385475,1.0,0.002793296089385475,Sparkling Crystal,trainer,0,H
dragapult-blaziken,Special Red Card,291,301,358,0.8128491620111732,1.034364261168385,0.840782122905028,Special Red Card,trainer,1,J
dragapult-blaziken,Switch,1,1,358,0.002793296089385475,1.0,0.002793296089385475,Switch,trainer,1,F/G/I
dragapult-blaziken,Sylveon [PRE 40],1,1,358,0.002793296089385475,1.0,0.002793296089385475,Sylveon,pokemon,0,H
dragapult-blaziken,Team Rocket's Petrel,12,12,358,0.0335195530726257,1.0,0.0335195530726257,Team Rocket's Petrel,trainer,1,I
dragapult-blaziken,Team Rocket's Watchtower,286,349,358,0.7988826815642458,1.2202797202797202,0.9748603351955307,Team Rocket's Watchtower,trainer,1,I
dragapult-blaziken,Tool Scrapper,14,14,358,0.03910614525139665,1.0,0.03910614525139665,Tool Scrapper,trainer,1,I
dragapult-blaziken,Torchic [DRI 40],342,711,358,0.9553072625698324,2.0789473684210527,1.9860335195530727,Torchic,pokemon,1,I
dragapult-blaziken,Torchic [JTG 22],5,7,358,0.013966480446927373,1.4,0.019553072625698324,Torchic,pokemon,0,H
dragapult-blaziken,Torchic [MEP 56],2,3,358,0.00558659217877095,1.5,0.008379888268156424,Torchic,pokemon,1,J
dragapult-blaziken,Ultra Ball,344,1332,358,0.9608938547486033,3.872093023255814,3.7206703910614527,Ultra Ball,trainer,1,F/G/I
dragapult-blaziken,Unfair Stamp,326,339,358,0.9106145251396648,1.039877300613497,0.946927374301676,Unfair Stamp,trainer,0,H
dragapult-blaziken,Vulpix [CRI 8],1,1,358,0.002793296089385475,1.0,0.002793296089385475,Vulpix,pokemon,1,J
dragapult-blaziken,Xerosic's Machinations,24,25,358,0.0670391061452514,1.0416666666666667,0.06983240223463687,Xerosic's Machinations,trainer,0,H
dragapult-blaziken,Yveltal [30C 100],1,1,358,0.002793296089385475,1.0,0.002793296089385475,Yveltal,pokemon,1,J
dragapult-blaziken,Yveltal [MEG 88],1,1,358,0.002793296089385475,1.0,0.002793296089385475,Yveltal,pokemon,1,I
dragapult-blaziken,Yveltal ex [POR 105],1,1,358,0.002793296089385475,1.0,0.002793296089385475,Yveltal ex,pokemon,1,J
dragapult-dudunsparce,Acerola's Mischief,1,1,37,0.02702702702702703,1.0,0.02702702702702703,Acerola's Mischief,trainer,1,I
dragapult-dudunsparce,Air Balloon,1,2,37,0.02702702702702703,2.0,0.05405405405405406,Air Balloon,trainer,1,I
dragapult-dudunsparce,Boss's Orders,37,106,37,1.0,2.864864864864865,2.864864864864865,Boss's Orders,trainer,1,G/I
dragapult-dudunsparce,Briar,1,1,37,0.02702702702702703,1.0,0.02702702702702703,Briar,trainer,0,H
dragapult-dudunsparce,Buddy-Buddy Poffin,37,146,37,1.0,3.945945945945946,3.945945945945946,Buddy-Buddy Poffin,trainer,0,H
dragapult-dudunsparce,Budew [ASC 16],36,49,37,0.972972972972973,1.3611111111111112,1.3243243243243243,Budew,pokemon,0,H
dragapult-dudunsparce,Chi-Yu [TWM 39],2,2,37,0.05405405405405406,1.0,0.05405405405405406,Chi-Yu,pokemon,0,H
dragapult-dudunsparce,Comfey [SCR 63],1,1,37,0.02702702702702703,1.0,0.02702702702702703,Comfey,pokemon,0,H
dragapult-dudunsparce,Crispin,37,75,37,1.0,2.027027027027027,2.027027027027027,Crispin,trainer,0,H
dragapult-dudunsparce,Crushing Hammer,16,55,37,0.43243243243243246,3.4375,1.4864864864864864,Crushing Hammer,trainer,1,F/G/J
dragapult-dudunsparce,Darkness Energy,35,79,37,0.9459459459459459,2.257142857142857,2.135135135135135,Darkness Energy,energy,1,basic
dragapult-dudunsparce,Dawn,3,3,37,0.08108108108108109,1.0,0.08108108108108109,Dawn,trainer,1,I
dragapult-dudunsparce,Dedenne [SSP 87],1,1,37,0.02702702702702703,1.0,0.02702702702702703,Dedenne,pokemon,0,H
dragapult-dudunsparce,Dragapult ex [ASC 160],37,102,37,1.0,2.7567567567567566,2.7567567567567566,Dragapult ex,pokemon,0,H
dragapult-dudunsparce,Drakloak [ASC 159],37,144,37,1.0,3.891891891891892,3.891891891891892,Drakloak,pokemon,0,H
dragapult-dudunsparce,Dreepy [ASC 158],37,146,37,1.0,3.945945945945946,3.945945945945946,Dreepy,pokemon,0,H
dragapult-dudunsparce,Dudunsparce [PRE 80],37,57,37,1.0,1.5405405405405406,1.5405405405405406,Dudunsparce,pokemon,0,H
dragapult-dudunsparce,Dudunsparce ex [JTG 121],29,29,37,0.7837837837837838,1.0,0.7837837837837838,Dudunsparce ex,pokemon,1,I
dragapult-dudunsparce,Dunsparce [JTG 120],30,63,37,0.8108108108108109,2.1,1.7027027027027026,Dunsparce,pokemon,1,I
dragapult-dudunsparce,Dunsparce [PRE 79],7,14,37,0.1891891891891892,2.0,0.3783783783783784,Dunsparce,pokemon,0,H
dragapult-dudunsparce,Elgyem [BLK 120],1,2,37,0.02702702702702703,2.0,0.05405405405405406,Elgyem,pokemon,1,I
dragapult-dudunsparce,Energy Switch,1,1,37,0.02702702702702703,1.0,0.02702702702702703,Energy Switch,trainer,1,F/G/I
dragapult-dudunsparce,Enhanced Hammer,1,1,37,0.02702702702702703,1.0,0.02702702702702703,Enhanced Hammer,trainer,0,H
dragapult-dudunsparce,Eri,1,1,37,0.02702702702702703,1.0,0.02702702702702703,Eri,trainer,0,H
dragapult-dudunsparce,Fan Rotom [ASC 171],1,1,37,0.02702702702702703,1.0,0.02702702702702703,Fan Rotom,pokemon,0,H
dragapult-dudunsparce,Festival Grounds,1,1,37,0.02702702702702703,1.0,0.02702702702702703,Festival Grounds,trainer,0,H
dragapult-dudunsparce,Fezandipiti ex [ASC 142],30,30,37,0.8108108108108109,1.0,0.8108108108108109,Fezandipiti ex,pokemon,0,H
dragapult-dudunsparce,Fire Energy,37,111,37,1.0,3.0,3.0,Fire Energy,energy,1,basic
dragapult-dudunsparce,Froakie [CRI 20],1,3,37,0.02702702702702703,3.0,0.08108108108108109,Froakie,pokemon,1,J
dragapult-dudunsparce,Frogadier [CRI 21],1,2,37,0.02702702702702703,2.0,0.05405405405405406,Frogadier,pokemon,1,J
dragapult-dudunsparce,Gravity Gemstone,1,1,37,0.02702702702702703,1.0,0.02702702702702703,Gravity Gemstone,trainer,0,H
dragapult-dudunsparce,Gwynn,1,1,37,0.02702702702702703,1.0,0.02702702702702703,Gwynn,trainer,1,J
dragapult-dudunsparce,Hand Trimmer,1,1,37,0.02702702702702703,1.0,0.02702702702702703,Hand Trimmer,trainer,0,H
dragapult-dudunsparce,Handheld Fan,1,1,37,0.02702702702702703,1.0,0.02702702702702703,Handheld Fan,trainer,0,H
dragapult-dudunsparce,Hassel,1,1,37,0.02702702702702703,1.0,0.02702702702702703,Hassel,trainer,0,H
dragapult-dudunsparce,Hero's Cape,10,10,37,0.2702702702702703,1.0,0.2702702702702703,Hero's Cape,trainer,0,H
dragapult-dudunsparce,Hilda,3,4,37,0.08108108108108109,1.3333333333333333,0.10810810810810811,Hilda,trainer,1,I
dragapult-dudunsparce,Jamming Tower,3,3,37,0.08108108108108109,1.0,0.08108108108108109,Jamming Tower,trainer,0,H
dragapult-dudunsparce,Judge,20,20,37,0.5405405405405406,1.0,0.5405405405405406,Judge,trainer,1,G/J
dragapult-dudunsparce,Kieran,1,1,37,0.02702702702702703,1.0,0.02702702702702703,Kieran,trainer,0,H
dragapult-dudunsparce,Lana's Aid,1,1,37,0.02702702702702703,1.0,0.02702702702702703,Lana's Aid,trainer,0,H
dragapult-dudunsparce,Lillie's Clefairy ex [ASC 280],7,7,37,0.1891891891891892,1.0,0.1891891891891892,Lillie's Clefairy ex,pokemon,1,I
dragapult-dudunsparce,Lillie's Determination,37,145,37,1.0,3.918918918918919,3.918918918918919,Lillie's Determination,trainer,1,I
dragapult-dudunsparce,Lively Stadium,1,1,37,0.02702702702702703,1.0,0.02702702702702703,Lively Stadium,trainer,0,H
dragapult-dudunsparce,Lucian,1,1,37,0.02702702702702703,1.0,0.02702702702702703,Lucian,trainer,0,H
dragapult-dudunsparce,Lumiose City,1,1,37,0.02702702702702703,1.0,0.02702702702702703,Lumiose City,trainer,1,J
dragapult-dudunsparce,Maractus [JTG 160],1,1,37,0.02702702702702703,1.0,0.02702702702702703,Maractus,pokemon,1,I
dragapult-dudunsparce,Mega Greninja ex [CRI 100],1,2,37,0.02702702702702703,2.0,0.05405405405405406,Mega Greninja ex,pokemon,1,J
dragapult-dudunsparce,Meowth ex [POR 107],36,36,37,0.972972972972973,1.0,0.972972972972973,Meowth ex,pokemon,1,J
dragapult-dudunsparce,Mew ex [30C 152],1,1,37,0.02702702702702703,1.0,0.02702702702702703,Mew ex,pokemon,1,J
dragapult-dudunsparce,Moltres [PFL 14],13,13,37,0.35135135135135137,1.0,0.35135135135135137,Moltres,pokemon,1,I
dragapult-dudunsparce,Munkidori [ASC 99],35,67,37,0.9459459459459459,1.9142857142857144,1.8108108108108107,Munkidori,pokemon,0,H
dragapult-dudunsparce,Neo Upper Energy,3,3,37,0.08108108108108109,1.0,0.08108108108108109,Neo Upper Energy,energy,0,H
dragapult-dudunsparce,Night Stretcher,37,86,37,1.0,2.324324324324324,2.324324324324324,Night Stretcher,trainer,0,H
dragapult-dudunsparce,Patrat [CRI 70],1,1,37,0.02702702702702703,1.0,0.02702702702702703,Patrat,pokemon,1,J
dragapult-dudunsparce,Poké Pad,37,147,37,1.0,3.972972972972973,3.972972972972973,Poké Pad,trainer,1,J
dragapult-dudunsparce,Pokégear 3.0,1,2,37,0.02702702702702703,2.0,0.05405405405405406,Pokégear 3.0,trainer,1,G/I
dragapult-dudunsparce,Psychic Energy,37,111,37,1.0,3.0,3.0,Psychic Energy,energy,1,basic
dragapult-dudunsparce,Psyduck [ASC 226],1,1,37,0.02702702702702703,1.0,0.02702702702702703,Psyduck,pokemon,1,I
dragapult-dudunsparce,Rare Candy,8,14,37,0.21621621621621623,1.75,0.3783783783783784,Rare Candy,trainer,1,F/G/I
dragapult-dudunsparce,Risky Ruins,35,63,37,0.9459459459459459,1.8,1.7027027027027026,Risky Ruins,trainer,1,I
dragapult-dudunsparce,Rosa's Encouragement,30,30,37,0.8108108108108109,1.0,0.8108108108108109,Rosa's Encouragement,trainer,1,J
dragapult-dudunsparce,Ruffian,1,1,37,0.02702702702702703,1.0,0.02702702702702703,Ruffian,trainer,1,I
dragapult-dudunsparce,Rust Syndicate Grunt,1,1,37,0.02702702702702703,1.0,0.02702702702702703,Rust Syndicate Grunt,trainer,1,J
dragapult-dudunsparce,Shaymin [DRI 10],14,14,37,0.3783783783783784,1.0,0.3783783783783784,Shaymin,pokemon,1,I
dragapult-dudunsparce,Special Red Card,30,30,37,0.8108108108108109,1.0,0.8108108108108109,Special Red Card,trainer,1,J
dragapult-dudunsparce,Survival Brace,1,1,37,0.02702702702702703,1.0,0.02702702702702703,Survival Brace,trainer,0,H
dragapult-dudunsparce,Switch,2,2,37,0.05405405405405406,1.0,0.05405405405405406,Switch,trainer,1,F/G/I
dragapult-dudunsparce,Team Rocket's Petrel,2,2,37,0.05405405405405406,1.0,0.05405405405405406,Team Rocket's Petrel,trainer,1,I
dragapult-dudunsparce,Team Rocket's Watchtower,4,5,37,0.10810810810810811,1.25,0.13513513513513514,Team Rocket's Watchtower,trainer,1,I
dragapult-dudunsparce,Tool Scrapper,2,2,37,0.05405405405405406,1.0,0.05405405405405406,Tool Scrapper,trainer,1,I
dragapult-dudunsparce,Ultra Ball,36,118,37,0.972972972972973,3.2777777777777777,3.189189189189189,Ultra Ball,trainer,1,F/G/I
dragapult-dudunsparce,Unfair Stamp,23,23,37,0.6216216216216216,1.0,0.6216216216216216,Unfair Stamp,trainer,0,H
dragapult-dudunsparce,Water Energy,1,4,37,0.02702702702702703,4.0,0.10810810810810811,Water Energy,energy,1,basic
dragapult-dudunsparce,Wondrous Patch,1,1,37,0.02702702702702703,1.0,0.02702702702702703,Wondrous Patch,trainer,1,I
dragapult-dudunsparce,Xerosic's Machinations,6,6,37,0.16216216216216217,1.0,0.16216216216216217,Xerosic's Machinations,trainer,0,H
dragapult-dudunsparce,Yveltal [MEG 88],4,4,37,0.10810810810810811,1.0,0.10810810810810811,Yveltal,pokemon,1,I
dragapult-dusknoir,Air Balloon,1,1,510,0.00196078431372549,1.0,0.00196078431372549,Air Balloon,trainer,1,I
dragapult-dusknoir,Area Zero Underdepths,23,34,510,0.045098039215686274,1.4782608695652173,0.06666666666666667,Area Zero Underdepths,trainer,0,H
dragapult-dusknoir,Battle Cage,1,1,510,0.00196078431372549,1.0,0.00196078431372549,Battle Cage,trainer,1,I
dragapult-dusknoir,Blaziken ex [JTG 24],4,5,510,0.00784313725490196,1.25,0.00980392156862745,Blaziken ex,pokemon,0,H
dragapult-dusknoir,Bloodmoon Ursaluna ex [PRE 168],2,2,510,0.00392156862745098,1.0,0.00392156862745098,Bloodmoon Ursaluna ex,pokemon,0,H
dragapult-dusknoir,Blowtorch,1,1,510,0.00196078431372549,1.0,0.00196078431372549,Blowtorch,trainer,1,I
dragapult-dusknoir,Boss's Orders,480,1450,510,0.9411764705882353,3.0208333333333335,2.843137254901961,Boss's Orders,trainer,1,G/I
dragapult-dusknoir,Briar,1,1,510,0.00196078431372549,1.0,0.00196078431372549,Briar,trainer,0,H
dragapult-dusknoir,Brock's Scouting,1,1,510,0.00196078431372549,1.0,0.00196078431372549,Brock's Scouting,trainer,1,I
dragapult-dusknoir,Bronzong [TEF 69],1,1,510,0.00196078431372549,1.0,0.00196078431372549,Bronzong,pokemon,0,H
dragapult-dusknoir,Bronzor [PRE 66],1,1,510,0.00196078431372549,1.0,0.00196078431372549,Bronzor,pokemon,0,H
dragapult-dusknoir,Buddy-Buddy Poffin,480,2022,510,0.9411764705882353,4.2125,3.9647058823529413,Buddy-Buddy Poffin,trainer,0,H
dragapult-dusknoir,Budew [ASC 16],478,825,510,0.9372549019607843,1.7259414225941423,1.6176470588235294,Budew,pokemon,0,H
dragapult-dusknoir,Chi-Yu [MEG 31],2,2,510,0.00392156862745098,1.0,0.00392156862745098,Chi-Yu,pokemon,1,I
dragapult-dusknoir,Chi-Yu [TWM 39],13,13,510,0.025490196078431372,1.0,0.025490196078431372,Chi-Yu,pokemon,0,H
dragapult-dusknoir,Chien-Pao [SSP 56],2,2,510,0.00392156862745098,1.0,0.00392156862745098,Chien-Pao,pokemon,0,H
dragapult-dusknoir,Ciphermaniac's Codebreaking,2,2,510,0.00392156862745098,1.0,0.00392156862745098,Ciphermaniac's Codebreaking,trainer,0,H
dragapult-dusknoir,Combusken [DRI 41],2,2,510,0.00392156862745098,1.0,0.00392156862745098,Combusken,pokemon,1,I
dragapult-dusknoir,Combusken [JTG 23],1,1,510,0.00196078431372549,1.0,0.00196078431372549,Combusken,pokemon,0,H
dragapult-dusknoir,Crispin,462,942,510,0.9058823529411765,2.038961038961039,1.8470588235294119,Crispin,trainer,0,H
dragapult-dusknoir,Crushing Hammer,147,516,510,0.28823529411764703,3.510204081632653,1.011764705882353,Crushing Hammer,trainer,1,F/G/J
dragapult-dusknoir,Dark Bell,3,4,510,0.0058823529411764705,1.3333333333333333,0.00784313725490196,Dark Bell,trainer,1,J
dragapult-dusknoir,Darkness Energy,284,536,510,0.5568627450980392,1.8873239436619718,1.0509803921568628,Darkness Energy,energy,1,basic
dragapult-dusknoir,Dawn,286,350,510,0.5607843137254902,1.2237762237762237,0.6862745098039216,Dawn,trainer,1,I
dragapult-dusknoir,Dragapult ex [ASC 160],480,1429,510,0.9411764705882353,2.9770833333333333,2.8019607843137253,Dragapult ex,pokemon,0,H
dragapult-dusknoir,Drakloak [ASC 159],480,2026,510,0.9411764705882353,4.220833333333333,3.9725490196078432,Drakloak,pokemon,0,H
dragapult-dusknoir,Dreepy [ASC 158],480,2026,510,0.9411764705882353,4.220833333333333,3.9725490196078432,Dreepy,pokemon,0,H
dragapult-dusknoir,Dudunsparce [PRE 80],6,7,510,0.011764705882352941,1.1666666666666667,0.013725490196078431,Dudunsparce,pokemon,0,H
dragapult-dusknoir,Dunsparce [JTG 120],5,5,510,0.00980392156862745,1.0,0.00980392156862745,Dunsparce,pokemon,1,I
dragapult-dusknoir,Dunsparce [PRE 79],2,2,510,0.00392156862745098,1.0,0.00392156862745098,Dunsparce,pokemon,0,H
dragapult-dusknoir,Dusclops [PRE 36],477,978,510,0.9352941176470588,2.050314465408805,1.9176470588235295,Dusclops,pokemon,0,H
dragapult-dusknoir,Dusknoir [PRE 37],480,561,510,0.9411764705882353,1.16875,1.1,Dusknoir,pokemon,0,H
dragapult-dusknoir,Duskull [PRE 35],480,1049,510,0.9411764705882353,2.185416666666667,2.056862745098039,Duskull,pokemon,0,H
dragapult-dusknoir,Energy Search,3,4,510,0.0058823529411764705,1.3333333333333333,0.00784313725490196,Energy Search,trainer,1,F/G/J
dragapult-dusknoir,Energy Switch,1,1,510,0.00196078431372549,1.0,0.00196078431372549,Energy Switch,trainer,1,F/G/I
dragapult-dusknoir,Enhanced Hammer,3,3,510,0.0058823529411764705,1.0,0.0058823529411764705,Enhanced Hammer,trainer,0,H
dragapult-dusknoir,Fan Rotom [ASC 171],1,2,510,0.00196078431372549,2.0,0.00392156862745098,Fan Rotom,pokemon,0,H
dragapult-dusknoir,Festival Grounds,1,1,510,0.00196078431372549,1.0,0.00196078431372549,Festival Grounds,trainer,0,H
dragapult-dusknoir,Fezandipiti ex [ASC 142],477,506,510,0.9352941176470588,1.0607966457023061,0.9921568627450981,Fezandipiti ex,pokemon,0,H
dragapult-dusknoir,Fire Energy,480,1717,510,0.9411764705882353,3.5770833333333334,3.3666666666666667,Fire Energy,energy,1,basic
dragapult-dusknoir,Forest of Vitality,4,7,510,0.00784313725490196,1.75,0.013725490196078431,Forest of Vitality,trainer,1,I
dragapult-dusknoir,Grand Tree,1,1,510,0.00196078431372549,1.0,0.00196078431372549,Grand Tree,trainer,0,H
dragapult-dusknoir,Handheld Fan,9,9,510,0.01764705882352941,1.0,0.01764705882352941,Handheld Fan,trainer,0,H
dragapult-dusknoir,Harlequin,2,2,510,0.00392156862745098,1.0,0.00392156862745098,Harlequin,trainer,1,I
dragapult-dusknoir,Hero's Cape,4,4,510,0.00784313725490196,1.0,0.00784313725490196,Hero's Cape,trainer,0,H
dragapult-dusknoir,Hilda,24,64,510,0.047058823529411764,2.6666666666666665,0.12549019607843137,Hilda,trainer,1,I
dragapult-dusknoir,Hoothoot [SCR 114],2,5,510,0.00392156862745098,2.5,0.00980392156862745,Hoothoot,pokemon,0,H
dragapult-dusknoir,Jamming Tower,367,442,510,0.7196078431372549,1.2043596730245232,0.8666666666666667,Jamming Tower,trainer,0,H
dragapult-dusknoir,Judge,324,350,510,0.6352941176470588,1.0802469135802468,0.6862745098039216,Judge,trainer,1,G/J
dragapult-dusknoir,Lana's Aid,1,1,510,0.00196078431372549,1.0,0.00196078431372549,Lana's Aid,trainer,0,H
dragapult-dusknoir,Latias ex [SSP 220],9,9,510,0.01764705882352941,1.0,0.01764705882352941,Latias ex,pokemon,0,H
dragapult-dusknoir,Lillie's Clefairy ex [ASC 280],13,13,510,0.025490196078431372,1.0,0.025490196078431372,Lillie's Clefairy ex,pokemon,1,I
dragapult-dusknoir,Lillie's Determination,480,2026,510,0.9411764705882353,4.220833333333333,3.9725490196078432,Lillie's Determination,trainer,1,I
dragapult-dusknoir,Lumiose City,2,2,510,0.00392156862745098,1.0,0.00392156862745098,Lumiose City,trainer,1,J
dragapult-dusknoir,Maractus [JTG 160],2,2,510,0.00392156862745098,1.0,0.00392156862745098,Maractus,pokemon,1,I
dragapult-dusknoir,Mega Starmie ex [POR 102],1,1,510,0.00196078431372549,1.0,0.00196078431372549,Mega Starmie ex,pokemon,1,J
dragapult-dusknoir,Meowth ex [POR 107],465,502,510,0.9117647058823529,1.0795698924731183,0.984313725490196,Meowth ex,pokemon,1,J
dragapult-dusknoir,Mew ex [30C 152],5,5,510,0.00980392156862745,1.0,0.00980392156862745,Mew ex,pokemon,1,J
dragapult-dusknoir,Mist Energy,1,1,510,0.00196078431372549,1.0,0.00196078431372549,Mist Energy,energy,0,H
dragapult-dusknoir,Moltres [PFL 14],284,293,510,0.5568627450980392,1.0316901408450705,0.5745098039215686,Moltres,pokemon,1,I
dragapult-dusknoir,Morty's Conviction,1,1,510,0.00196078431372549,1.0,0.00196078431372549,Morty's Conviction,trainer,0,H
dragapult-dusknoir,Munkidori [ASC 99],283,332,510,0.5549019607843138,1.1731448763250882,0.6509803921568628,Munkidori,pokemon,0,H
dragapult-dusknoir,Neo Upper Energy,21,21,510,0.041176470588235294,1.0,0.041176470588235294,Neo Upper Energy,energy,0,H
dragapult-dusknoir,Night Stretcher,480,1360,510,0.9411764705882353,2.8333333333333335,2.6666666666666665,Night Stretcher,trainer,0,H
dragapult-dusknoir,Noctowl [PRE 78],2,5,510,0.00392156862745098,2.5,0.00980392156862745,Noctowl,pokemon,0,H
dragapult-dusknoir,Paldean Tauros [SSP 18],1,1,510,0.00196078431372549,1.0,0.00196078431372549,Paldean Tauros,pokemon,0,H
dragapult-dusknoir,Patrat [CRI 70],173,177,510,0.3392156862745098,1.023121387283237,0.34705882352941175,Patrat,pokemon,1,J
dragapult-dusknoir,Pikipek [PBL 66],10,20,510,0.0196078431372549,2.0,0.0392156862745098,Pikipek,pokemon,1,J
dragapult-dusknoir,Poké Pad,479,2011,510,0.9392156862745098,4.198329853862213,3.943137254901961,Poké Pad,trainer,1,J
dragapult-dusknoir,Pokégear 3.0,11,22,510,0.021568627450980392,2.0,0.043137254901960784,Pokégear 3.0,trainer,1,G/I
dragapult-dusknoir,Prime Catcher,1,1,510,0.00196078431372549,1.0,0.00196078431372549,Prime Catcher,trainer,0,H
dragapult-dusknoir,Psychic Energy,470,1683,510,0.9215686274509803,3.5808510638297872,3.3,Psychic Energy,energy,1,basic
dragapult-dusknoir,Psyduck [ASC 226],1,1,510,0.00196078431372549,1.0,0.00196078431372549,Psyduck,pokemon,1,I
dragapult-dusknoir,Rabsca [TEF 24],5,5,510,0.00980392156862745,1.0,0.00980392156862745,Rabsca,pokemon,0,H
dragapult-dusknoir,Rare Candy,189,417,510,0.37058823529411766,2.2063492063492065,0.8176470588235294,Rare Candy,trainer,1,F/G/I
dragapult-dusknoir,Rellor [DRI 24],1,1,510,0.00196078431372549,1.0,0.00196078431372549,Rellor,pokemon,0,H
dragapult-dusknoir,Rellor [TEF 23],4,4,510,0.00784313725490196,1.0,0.00784313725490196,Rellor,pokemon,0,H
dragapult-dusknoir,Risky Ruins,111,141,510,0.21764705882352942,1.2702702702702702,0.27647058823529413,Risky Ruins,trainer,1,I
dragapult-dusknoir,Rosa's Encouragement,390,409,510,0.7647058823529411,1.0487179487179488,0.8019607843137255,Rosa's Encouragement,trainer,1,J
dragapult-dusknoir,Scoop Up Cyclone,1,1,510,0.00196078431372549,1.0,0.00196078431372549,Scoop Up Cyclone,trainer,0,H
dragapult-dusknoir,Shaymin [DRI 10],97,99,510,0.19019607843137254,1.0206185567010309,0.19411764705882353,Shaymin,pokemon,1,I
dragapult-dusknoir,Sparkling Crystal,16,16,510,0.03137254901960784,1.0,0.03137254901960784,Sparkling Crystal,trainer,0,H
dragapult-dusknoir,Special Red Card,406,438,510,0.796078431372549,1.0788177339901477,0.8588235294117647,Special Red Card,trainer,1,J
dragapult-dusknoir,Staryu [POR 20],1,1,510,0.00196078431372549,1.0,0.00196078431372549,Staryu,pokemon,1,J
dragapult-dusknoir,Surfer,1,1,510,0.00196078431372549,1.0,0.00196078431372549,Surfer,trainer,0,H
dragapult-dusknoir,Switch,13,15,510,0.025490196078431372,1.1538461538461537,0.029411764705882353,Switch,trainer,1,F/G/I
dragapult-dusknoir,Team Rocket's Factory,1,1,510,0.00196078431372549,1.0,0.00196078431372549,Team Rocket's Factory,trainer,1,I
dragapult-dusknoir,Team Rocket's Petrel,18,20,510,0.03529411764705882,1.1111111111111112,0.0392156862745098,Team Rocket's Petrel,trainer,1,I
dragapult-dusknoir,Team Rocket's Watchtower,280,330,510,0.5490196078431373,1.1785714285714286,0.6470588235294118,Team Rocket's Watchtower,trainer,1,I
dragapult-dusknoir,Telepathic Psychic Energy,12,45,510,0.023529411764705882,3.75,0.08823529411764706,Telepathic Psychic Energy,energy,1,J
dragapult-dusknoir,Tera Orb,1,1,510,0.00196078431372549,1.0,0.00196078431372549,Tera Orb,trainer,0,H
dragapult-dusknoir,Tool Scrapper,7,7,510,0.013725490196078431,1.0,0.013725490196078431,Tool Scrapper,trainer,1,I
dragapult-dusknoir,Torchic [DRI 40],4,6,510,0.00784313725490196,1.5,0.011764705882352941,Torchic,pokemon,1,I
dragapult-dusknoir,Toucannon [PBL 68],10,20,510,0.0196078431372549,2.0,0.0392156862745098,Toucannon,pokemon,1,J
dragapult-dusknoir,Trumbeak [PBL 67],1,1,510,0.00196078431372549,1.0,0.00196078431372549,Trumbeak,pokemon,1,J
dragapult-dusknoir,Ultra Ball,468,1724,510,0.9176470588235294,3.6837606837606836,3.380392156862745,Ultra Ball,trainer,1,F/G/I
dragapult-dusknoir,Unfair Stamp,438,465,510,0.8588235294117647,1.0616438356164384,0.9117647058823529,Unfair Stamp,trainer,0,H
dragapult-dusknoir,Water Energy,3,3,510,0.0058823529411764705,1.0,0.0058823529411764705,Water Energy,energy,1,basic
dragapult-dusknoir,Wellspring Mask Ogerpon ex [PRE 152],3,5,510,0.0058823529411764705,1.6666666666666667,0.00980392156862745,Wellspring Mask Ogerpon ex,pokemon,0,H
dragapult-dusknoir,Wondrous Patch,1,1,510,0.00196078431372549,1.0,0.00196078431372549,Wondrous Patch,trainer,1,I
dragapult-dusknoir,Xerosic's Machinations,13,14,510,0.025490196078431372,1.0769230769230769,0.027450980392156862,Xerosic's Machinations,trainer,0,H
dragapult-dusknoir,Yveltal [MEG 88],3,3,510,0.0058823529411764705,1.0,0.0058823529411764705,Yveltal,pokemon,1,I
dragapult-ex,Abra [MEG 54],4,14,1360,0.0029411764705882353,3.5,0.010294117647058823,Abra,pokemon,1,I
dragapult-ex,Abra [TWM 80],14,14,1360,0.010294117647058823,1.0,0.010294117647058823,Abra,pokemon,0,H
dragapult-ex,Accompanying Flute,1,3,1360,0.0007352941176470588,3.0,0.0022058823529411764,Accompanying Flute,trainer,0,H
dragapult-ex,Air Balloon,13,17,1360,0.009558823529411765,1.3076923076923077,0.0125,Air Balloon,trainer,1,I
dragapult-ex,Alakazam [MEG 56],13,21,1360,0.009558823529411765,1.6153846153846154,0.015441176470588236,Alakazam,pokemon,1,I
dragapult-ex,Alakazam [TWM 82],1,1,1360,0.0007352941176470588,1.0,0.0007352941176470588,Alakazam,pokemon,0,H
dragapult-ex,Alomomola [BLK 108],1,1,1360,0.0007352941176470588,1.0,0.0007352941176470588,Alomomola,pokemon,1,I
dragapult-ex,Area Zero Underdepths,21,28,1360,0.015441176470588236,1.3333333333333333,0.020588235294117647,Area Zero Underdepths,trainer,0,H
dragapult-ex,Azumarill [SSP 74],2,3,1360,0.0014705882352941176,1.5,0.0022058823529411764,Azumarill,pokemon,0,H
dragapult-ex,Banette [PBL 34],1,4,1360,0.0007352941176470588,4.0,0.0029411764705882353,Banette,pokemon,1,J
dragapult-ex,Battle Cage,1,1,1360,0.0007352941176470588,1.0,0.0007352941176470588,Battle Cage,trainer,1,I
dragapult-ex,Blaziken ex [JTG 24],1,1,1360,0.0007352941176470588,1.0,0.0007352941176470588,Blaziken ex,pokemon,0,H
dragapult-ex,Bloodmoon Ursaluna ex [PRE 168],2,2,1360,0.0014705882352941176,1.0,0.0014705882352941176,Bloodmoon Ursaluna ex,pokemon,0,H
dragapult-ex,Blowtorch,1,2,1360,0.0007352941176470588,2.0,0.0014705882352941176,Blowtorch,trainer,1,I
dragapult-ex,Boss's Orders,1155,4054,1360,0.8492647058823529,3.50995670995671,2.9808823529411765,Boss's Orders,trainer,1,G/I
dragapult-ex,Brock's Scouting,3,4,1360,0.0022058823529411764,1.3333333333333333,0.0029411764705882353,Brock's Scouting,trainer,1,I
dragapult-ex,Bronzong [TEF 69],11,21,1360,0.008088235294117648,1.9090909090909092,0.015441176470588236,Bronzong,pokemon,0,H
dragapult-ex,Bronzor [PRE 66],11,19,1360,0.008088235294117648,1.7272727272727273,0.013970588235294118,Bronzor,pokemon,0,H
dragapult-ex,Bronzor [TEF 170],2,2,1360,0.0014705882352941176,1.0,0.0014705882352941176,Bronzor,pokemon,0,H
dragapult-ex,Buddy-Buddy Poffin,1155,5431,1360,0.8492647058823529,4.702164502164502,3.9933823529411763,Buddy-Buddy Poffin,trainer,0,H
dragapult-ex,Budew [ASC 16],1154,2520,1360,0.8485294117647059,2.1837088388214903,1.8529411764705883,Budew,pokemon,0,H
dragapult-ex,Buneary [PFL 83],4,4,1360,0.0029411764705882353,1.0,0.0029411764705882353,Buneary,pokemon,1,I
dragapult-ex,Chi-Yu [MEG 31],1,1,1360,0.0007352941176470588,1.0,0.0007352941176470588,Chi-Yu,pokemon,1,I
dragapult-ex,Chi-Yu [TWM 39],31,32,1360,0.022794117647058822,1.032258064516129,0.023529411764705882,Chi-Yu,pokemon,0,H
dragapult-ex,Chien-Pao [SSP 56],1,1,1360,0.0007352941176470588,1.0,0.0007352941176470588,Chien-Pao,pokemon,0,H
dragapult-ex,Combusken [DRI 41],1,1,1360,0.0007352941176470588,1.0,0.0007352941176470588,Combusken,pokemon,1,I
dragapult-ex,Crispin,1154,2757,1360,0.8485294117647059,2.3890814558058926,2.0272058823529413,Crispin,trainer,0,H
dragapult-ex,Crushing Hammer,1113,5109,1360,0.8183823529411764,4.590296495956873,3.7566176470588237,Crushing Hammer,trainer,1,F/G/J
dragapult-ex,Dark Bell,16,23,1360,0.011764705882352941,1.4375,0.016911764705882352,Dark Bell,trainer,1,J
dragapult-ex,Darkness Energy,1143,3015,1360,0.8404411764705882,2.6377952755905514,2.2169117647058822,Darkness Energy,energy,1,basic
dragapult-ex,Dawn,69,77,1360,0.05073529411764706,1.1159420289855073,0.05661764705882353,Dawn,trainer,1,I
dragapult-ex,Deluxe Bomb,1,1,1360,0.0007352941176470588,1.0,0.0007352941176470588,Deluxe Bomb,trainer,0,H
dragapult-ex,Dhelmise [MEP 84],1,2,1360,0.0007352941176470588,2.0,0.0014705882352941176,Dhelmise,pokemon,1,J
dragapult-ex,Dragapult ex [ASC 160],1155,4013,1360,0.8492647058823529,3.4744588744588745,2.950735294117647,Dragapult ex,pokemon,0,H
dragapult-ex,Drakloak [ASC 159],1155,5433,1360,0.8492647058823529,4.703896103896104,3.9948529411764704,Drakloak,pokemon,0,H
dragapult-ex,Dreepy [ASC 158],1155,5434,1360,0.8492647058823529,4.704761904761905,3.9955882352941177,Dreepy,pokemon,0,H
dragapult-ex,Dudunsparce [PRE 80],750,834,1360,0.5514705882352942,1.112,0.6132352941176471,Dudunsparce,pokemon,0,H
dragapult-ex,Dudunsparce ex [JTG 121],222,230,1360,0.16323529411764706,1.0360360360360361,0.16911764705882354,Dudunsparce ex,pokemon,1,I
dragapult-ex,Dunsparce [JTG 120],652,709,1360,0.47941176470588237,1.0874233128834356,0.5213235294117647,Dunsparce,pokemon,1,I
dragapult-ex,Dunsparce [PRE 79],134,137,1360,0.09852941176470588,1.0223880597014925,0.10073529411764706,Dunsparce,pokemon,0,H
dragapult-ex,Dusclops [PRE 36],1,2,1360,0.0007352941176470588,2.0,0.0014705882352941176,Dusclops,pokemon,0,H
dragapult-ex,Duskull [PRE 35],1,2,1360,0.0007352941176470588,2.0,0.0014705882352941176,Duskull,pokemon,0,H
dragapult-ex,Eevee [PRE 74],1,1,1360,0.0007352941176470588,1.0,0.0007352941176470588,Eevee,pokemon,0,H
dragapult-ex,Elgyem [BLK 120],1,1,1360,0.0007352941176470588,1.0,0.0007352941176470588,Elgyem,pokemon,1,I
dragapult-ex,Energy Recycler,2,2,1360,0.0014705882352941176,1.0,0.0014705882352941176,Energy Recycler,trainer,1,I
dragapult-ex,Energy Switch,1,1,1360,0.0007352941176470588,1.0,0.0007352941176470588,Energy Switch,trainer,1,F/G/I
dragapult-ex,Enhanced Hammer,9,14,1360,0.006617647058823529,1.5555555555555556,0.010294117647058823,Enhanced Hammer,trainer,0,H
dragapult-ex,Eri,4,4,1360,0.0029411764705882353,1.0,0.0029411764705882353,Eri,trainer,0,H
dragapult-ex,Espeon [30C 69],1,1,1360,0.0007352941176470588,1.0,0.0007352941176470588,Espeon,pokemon,1,J
dragapult-ex,Fan Rotom [ASC 171],1,2,1360,0.0007352941176470588,2.0,0.0014705882352941176,Fan Rotom,pokemon,0,H
dragapult-ex,Festival Grounds,3,4,1360,0.0022058823529411764,1.3333333333333333,0.0029411764705882353,Festival Grounds,trainer,0,H
dragapult-ex,Fezandipiti ex [ASC 142],1153,1355,1360,0.8477941176470588,1.1751951431049437,0.9963235294117647,Fezandipiti ex,pokemon,0,H
dragapult-ex,Fire Energy,1155,4247,1360,0.8492647058823529,3.677056277056277,3.1227941176470586,Fire Energy,energy,1,basic
dragapult-ex,Forest of Vitality,3,4,1360,0.0022058823529411764,1.3333333333333333,0.0029411764705882353,Forest of Vitality,trainer,1,I
dragapult-ex,Froslass [SVP 117],5,5,1360,0.003676470588235294,1.0,0.003676470588235294,Froslass,pokemon,0,H
dragapult-ex,Genesect [SFA 40],1,1,1360,0.0007352941176470588,1.0,0.0007352941176470588,Genesect,pokemon,0,H
dragapult-ex,Gwynn,1,3,1360,0.0007352941176470588,3.0,0.0022058823529411764,Gwynn,trainer,1,J
dragapult-ex,Hand Trimmer,2,2,1360,0.0014705882352941176,1.0,0.0014705882352941176,Hand Trimmer,trainer,0,H
dragapult-ex,Handheld Fan,31,34,1360,0.022794117647058822,1.096774193548387,0.025,Handheld Fan,trainer,0,H
dragapult-ex,Harlequin,1,1,1360,0.0007352941176470588,1.0,0.0007352941176470588,Harlequin,trainer,1,I
dragapult-ex,Hero's Cape,17,17,1360,0.0125,1.0,0.0125,Hero's Cape,trainer,0,H
dragapult-ex,Hilda,16,35,1360,0.011764705882352941,2.1875,0.025735294117647058,Hilda,trainer,1,I
dragapult-ex,Hoothoot [SCR 114],2,4,1360,0.0014705882352941176,2.0,0.0029411764705882353,Hoothoot,pokemon,0,H
dragapult-ex,Ignition Energy,4,5,1360,0.0029411764705882353,1.25,0.003676470588235294,Ignition Energy,energy,1,I
dragapult-ex,Jamming Tower,121,129,1360,0.08897058823529412,1.0661157024793388,0.09485294117647058,Jamming Tower,trainer,0,H
dragapult-ex,Judge,920,1073,1360,0.6764705882352942,1.166304347826087,0.7889705882352941,Judge,trainer,1,G/J
dragapult-ex,Jynx [PBL 32],1,1,1360,0.0007352941176470588,1.0,0.0007352941176470588,Jynx,pokemon,1,J
dragapult-ex,Kadabra [MEG 55],13,19,1360,0.009558823529411765,1.4615384615384615,0.013970588235294118,Kadabra,pokemon,1,I
dragapult-ex,Latias ex [SSP 220],10,10,1360,0.007352941176470588,1.0,0.007352941176470588,Latias ex,pokemon,0,H
dragapult-ex,Legacy Energy,6,6,1360,0.004411764705882353,1.0,0.004411764705882353,Legacy Energy,energy,0,H
dragapult-ex,Lillie's Clefairy ex [ASC 280],29,29,1360,0.021323529411764706,1.0,0.021323529411764706,Lillie's Clefairy ex,pokemon,1,I
dragapult-ex,Lillie's Determination,1154,5417,1360,0.8485294117647059,4.694107452339688,3.9830882352941175,Lillie's Determination,trainer,1,I
dragapult-ex,Lisia's Appeal,1,1,1360,0.0007352941176470588,1.0,0.0007352941176470588,Lisia's Appeal,trainer,0,H
dragapult-ex,Lumiose City,1,1,1360,0.0007352941176470588,1.0,0.0007352941176470588,Lumiose City,trainer,1,J
dragapult-ex,Maractus [JTG 160],1,1,1360,0.0007352941176470588,1.0,0.0007352941176470588,Maractus,pokemon,1,I
dragapult-ex,Marill [ASC 232],2,3,1360,0.0014705882352941176,1.5,0.0022058823529411764,Marill,pokemon,1,J
dragapult-ex,Mega Lopunny ex [PFL 115],4,4,1360,0.0029411764705882353,1.0,0.0029411764705882353,Mega Lopunny ex,pokemon,1,I
dragapult-ex,Mega Starmie ex [POR 102],6,14,1360,0.004411764705882353,2.3333333333333335,0.010294117647058823,Mega Starmie ex,pokemon,1,J
dragapult-ex,Meowth ex [POR 107],1141,1349,1360,0.8389705882352941,1.182296231375986,0.9919117647058824,Meowth ex,pokemon,1,J
dragapult-ex,Mew ex [30C 152],10,13,1360,0.007352941176470588,1.3,0.009558823529411765,Mew ex,pokemon,1,J
dragapult-ex,Mewtwo ex [30C 151],1,4,1360,0.0007352941176470588,4.0,0.0029411764705882353,Mewtwo ex,pokemon,1,J
dragapult-ex,Mist Energy,1,1,1360,0.0007352941176470588,1.0,0.0007352941176470588,Mist Energy,energy,0,H
dragapult-ex,Moltres [PFL 14],569,619,1360,0.4183823529411765,1.0878734622144113,0.4551470588235294,Moltres,pokemon,1,I
dragapult-ex,Munkidori [ASC 99],1143,2653,1360,0.8404411764705882,2.321084864391951,1.950735294117647,Munkidori,pokemon,0,H
dragapult-ex,Munkidori ex [SFA 37],1,2,1360,0.0007352941176470588,2.0,0.0014705882352941176,Munkidori ex,pokemon,0,H
dragapult-ex,Neo Upper Energy,5,5,1360,0.003676470588235294,1.0,0.003676470588235294,Neo Upper Energy,energy,0,H
dragapult-ex,Night Stretcher,1155,3831,1360,0.8492647058823529,3.3168831168831168,2.8169117647058823,Night Stretcher,trainer,0,H
dragapult-ex,Nighttime Mine,1,1,1360,0.0007352941176470588,1.0,0.0007352941176470588,Nighttime Mine,trainer,1,I
dragapult-ex,Noctowl [PRE 78],2,4,1360,0.0014705882352941176,2.0,0.0029411764705882353,Noctowl,pokemon,0,H
dragapult-ex,Patrat [CRI 70],17,17,1360,0.0125,1.0,0.0125,Patrat,pokemon,1,J
dragapult-ex,Patrat [WHT 152],1,4,1360,0.0007352941176470588,4.0,0.0029411764705882353,Patrat,pokemon,1,I
dragapult-ex,Pecharunt ex [PRE 163],7,7,1360,0.005147058823529412,1.0,0.005147058823529412,Pecharunt ex,pokemon,0,H
dragapult-ex,Pikipek [PBL 66],3,6,1360,0.0022058823529411764,2.0,0.004411764705882353,Pikipek,pokemon,1,J
dragapult-ex,Poké Pad,1155,5415,1360,0.8492647058823529,4.688311688311688,3.9816176470588234,Poké Pad,trainer,1,J
dragapult-ex,Pokégear 3.0,14,27,1360,0.010294117647058823,1.9285714285714286,0.019852941176470587,Pokégear 3.0,trainer,1,G/I
dragapult-ex,Pokémon Catcher,2,6,1360,0.0014705882352941176,3.0,0.004411764705882353,Pokémon Catcher,trainer,1,F/G/J
dragapult-ex,Prime Catcher,1,1,1360,0.0007352941176470588,1.0,0.0007352941176470588,Prime Catcher,trainer,0,H
dragapult-ex,Prism Tower,1,2,1360,0.0007352941176470588,2.0,0.0014705882352941176,Prism Tower,trainer,1,J
dragapult-ex,Psychic Energy,1155,4278,1360,0.8492647058823529,3.703896103896104,3.1455882352941176,Psychic Energy,energy,1,basic
dragapult-ex,Psyduck [ASC 226],60,61,1360,0.04411764705882353,1.0166666666666666,0.04485294117647059,Psyduck,pokemon,1,I
dragapult-ex,Rabsca [TEF 24],3,5,1360,0.0022058823529411764,1.6666666666666667,0.003676470588235294,Rabsca,pokemon,0,H
dragapult-ex,Rare Candy,39,68,1360,0.028676470588235293,1.7435897435897436,0.05,Rare Candy,trainer,1,F/G/I
dragapult-ex,Rellor [TEF 23],3,5,1360,0.0022058823529411764,1.6666666666666667,0.003676470588235294,Rellor,pokemon,0,H
dragapult-ex,Risky Ruins,1063,2274,1360,0.7816176470588235,2.139228598306679,1.6720588235294118,Risky Ruins,trainer,1,I
dragapult-ex,Rosa's Encouragement,1114,1311,1360,0.8191176470588235,1.1768402154398563,0.9639705882352941,Rosa's Encouragement,trainer,1,J
dragapult-ex,Ruffian,4,4,1360,0.0029411764705882353,1.0,0.0029411764705882353,Ruffian,trainer,1,I
dragapult-ex,Rust Syndicate Grunt,2,2,1360,0.0014705882352941176,1.0,0.0014705882352941176,Rust Syndicate Grunt,trainer,1,J
dragapult-ex,Sacred Ash,3,3,1360,0.0022058823529411764,1.0,0.0022058823529411764,Sacred Ash,trainer,1,I
dragapult-ex,Salvatore,5,6,1360,0.003676470588235294,1.2,0.004411764705882353,Salvatore,trainer,0,H
dragapult-ex,Shaymin [DRI 10],134,135,1360,0.09852941176470588,1.007462686567164,0.09926470588235294,Shaymin,pokemon,1,I
dragapult-ex,Shuppet [PBL 33],1,4,1360,0.0007352941176470588,4.0,0.0029411764705882353,Shuppet,pokemon,1,J
dragapult-ex,Snorunt [ASC 227],5,5,1360,0.003676470588235294,1.0,0.003676470588235294,Snorunt,pokemon,1,I
dragapult-ex,Sparkling Crystal,2,2,1360,0.0014705882352941176,1.0,0.0014705882352941176,Sparkling Crystal,trainer,0,H
dragapult-ex,Special Red Card,732,803,1360,0.538235294117647,1.0969945355191257,0.5904411764705882,Special Red Card,trainer,1,J
dragapult-ex,Staryu [POR 20],6,14,1360,0.004411764705882353,2.3333333333333335,0.010294117647058823,Staryu,pokemon,1,J
dragapult-ex,Switch,14,17,1360,0.010294117647058823,1.2142857142857142,0.0125,Switch,trainer,1,F/G/I
dragapult-ex,Tatsugiri [SVP 118],1,1,1360,0.0007352941176470588,1.0,0.0007352941176470588,Tatsugiri,pokemon,0,H
dragapult-ex,Team Rocket's Mewtwo ex [ASC 281],1,2,1360,0.0007352941176470588,2.0,0.0014705882352941176,Team Rocket's Mewtwo ex,pokemon,1,I
dragapult-ex,Team Rocket's Petrel,8,8,1360,0.0058823529411764705,1.0,0.0058823529411764705,Team Rocket's Petrel,trainer,1,I
dragapult-ex,Team Rocket's Watchtower,267,398,1360,0.1963235294117647,1.4906367041198503,0.2926470588235294,Team Rocket's Watchtower,trainer,1,I
dragapult-ex,Telepathic Psychic Energy,7,14,1360,0.005147058823529412,2.0,0.010294117647058823,Telepathic Psychic Energy,energy,1,J
dragapult-ex,Tera Orb,1,3,1360,0.0007352941176470588,3.0,0.0022058823529411764,Tera Orb,trainer,0,H
dragapult-ex,Terapagos ex [ASC 179],1,1,1360,0.0007352941176470588,1.0,0.0007352941176470588,Terapagos ex,pokemon,0,H
dragapult-ex,Togekiss [ASC 235],1,1,1360,0.0007352941176470588,1.0,0.0007352941176470588,Togekiss,pokemon,0,H
dragapult-ex,Togepi [ASC 80],1,2,1360,0.0007352941176470588,2.0,0.0014705882352941176,Togepi,pokemon,0,H
dragapult-ex,Togetic [ASC 81],1,1,1360,0.0007352941176470588,1.0,0.0007352941176470588,Togetic,pokemon,0,H
dragapult-ex,Tool Scrapper,32,32,1360,0.023529411764705882,1.0,0.023529411764705882,Tool Scrapper,trainer,1,I
dragapult-ex,Torchic [DRI 40],1,1,1360,0.0007352941176470588,1.0,0.0007352941176470588,Torchic,pokemon,1,I
dragapult-ex,Toucannon [PBL 68],3,6,1360,0.0022058823529411764,2.0,0.004411764705882353,Toucannon,pokemon,1,J
dragapult-ex,Trumbeak [PBL 67],2,2,1360,0.0014705882352941176,1.0,0.0014705882352941176,Trumbeak,pokemon,1,J
dragapult-ex,Ultra Ball,1153,4291,1360,0.8477941176470588,3.7215958369470945,3.1551470588235295,Ultra Ball,trainer,1,F/G/I
dragapult-ex,Unfair Stamp,1131,1327,1360,0.8316176470588236,1.1732979664014147,0.975735294117647,Unfair Stamp,trainer,0,H
dragapult-ex,Wally's Compassion,1,1,1360,0.0007352941176470588,1.0,0.0007352941176470588,Wally's Compassion,trainer,1,I
dragapult-ex,Water Energy,7,16,1360,0.005147058823529412,2.2857142857142856,0.011764705882352941,Water Energy,energy,1,basic
dragapult-ex,Wellspring Mask Ogerpon ex [PRE 152],2,4,1360,0.0014705882352941176,2.0,0.0029411764705882353,Wellspring Mask Ogerpon ex,pokemon,0,H
dragapult-ex,Wondrous Patch,2,3,1360,0.0014705882352941176,1.5,0.0022058823529411764,Wondrous Patch,trainer,1,I
dragapult-ex,Xerosic's Machinations,55,55,1360,0.04044117647058824,1.0,0.04044117647058824,Xerosic's Machinations,trainer,0,H
dragapult-ex,Yveltal [MEG 88],36,36,1360,0.026470588235294117,1.0,0.026470588235294117,Yveltal,pokemon,1,I
dragapult-froslass,Area Zero Underdepths,1,2,2,0.5,2.0,1.0,Area Zero Underdepths,trainer,0,H
dragapult-froslass,Boss's Orders,2,6,2,1.0,3.0,3.0,Boss's Orders,trainer,1,G/I
dragapult-froslass,Buddy-Buddy Poffin,2,8,2,1.0,4.0,4.0,Buddy-Buddy Poffin,trainer,0,H
dragapult-froslass,Budew [ASC 16],2,3,2,1.0,1.5,1.5,Budew,pokemon,0,H
dragapult-froslass,Crispin,2,4,2,1.0,2.0,2.0,Crispin,trainer,0,H
dragapult-froslass,Crushing Hammer,1,4,2,0.5,4.0,2.0,Crushing Hammer,trainer,1,F/G/J
dragapult-froslass,Darkness Energy,2,6,2,1.0,3.0,3.0,Darkness Energy,energy,1,basic
dragapult-froslass,Dragapult ex [ASC 160],2,4,2,1.0,2.0,2.0,Dragapult ex,pokemon,0,H
dragapult-froslass,Drakloak [ASC 159],2,8,2,1.0,4.0,4.0,Drakloak,pokemon,0,H
dragapult-froslass,Dreepy [ASC 158],2,8,2,1.0,4.0,4.0,Dreepy,pokemon,0,H
dragapult-froslass,Fezandipiti ex [ASC 142],2,2,2,1.0,1.0,1.0,Fezandipiti ex,pokemon,0,H
dragapult-froslass,Fire Energy,2,6,2,1.0,3.0,3.0,Fire Energy,energy,1,basic
dragapult-froslass,Froslass [SVP 117],2,4,2,1.0,2.0,2.0,Froslass,pokemon,0,H
dragapult-froslass,Hilda,1,1,2,0.5,1.0,0.5,Hilda,trainer,1,I
dragapult-froslass,Judge,1,1,2,0.5,1.0,0.5,Judge,trainer,1,G/J
dragapult-froslass,Lillie's Determination,2,8,2,1.0,4.0,4.0,Lillie's Determination,trainer,1,I
dragapult-froslass,Maractus [JTG 160],1,1,2,0.5,1.0,0.5,Maractus,pokemon,1,I
dragapult-froslass,Mega Froslass ex [ASC 265],1,1,2,0.5,1.0,0.5,Mega Froslass ex,pokemon,1,I
dragapult-froslass,Meowth ex [POR 107],2,2,2,1.0,1.0,1.0,Meowth ex,pokemon,1,J
dragapult-froslass,Munkidori [ASC 99],2,4,2,1.0,2.0,2.0,Munkidori,pokemon,0,H
dragapult-froslass,Night Stretcher,2,3,2,1.0,1.5,1.5,Night Stretcher,trainer,0,H
dragapult-froslass,Poké Pad,2,8,2,1.0,4.0,4.0,Poké Pad,trainer,1,J
dragapult-froslass,Psychic Energy,2,6,2,1.0,3.0,3.0,Psychic Energy,energy,1,basic
dragapult-froslass,Risky Ruins,1,2,2,0.5,2.0,1.0,Risky Ruins,trainer,1,I
dragapult-froslass,Rosa's Encouragement,2,2,2,1.0,1.0,1.0,Rosa's Encouragement,trainer,1,J
dragapult-froslass,Snorunt [ASC 227],2,4,2,1.0,2.0,2.0,Snorunt,pokemon,1,I
dragapult-froslass,Special Red Card,1,1,2,0.5,1.0,0.5,Special Red Card,trainer,1,J
dragapult-froslass,Ultra Ball,2,7,2,1.0,3.5,3.5,Ultra Ball,trainer,1,F/G/I
dragapult-froslass,Unfair Stamp,2,2,2,1.0,1.0,1.0,Unfair Stamp,trainer,0,H
dragapult-froslass,Water Energy,1,1,2,0.5,1.0,0.5,Water Energy,energy,1,basic
dragapult-froslass,Yveltal [MEG 88],1,1,2,0.5,1.0,0.5,Yveltal,pokemon,1,I
dragonite-eelektrik,Air Balloon,1,1,1,1.0,1.0,1.0,Air Balloon,trainer,1,I
dragonite-eelektrik,Battle Cage,1,1,1,1.0,1.0,1.0,Battle Cage,trainer,1,I
dragonite-eelektrik,Boss's Orders,1,2,1,1.0,2.0,2.0,Boss's Orders,trainer,1,G/I
dragonite-eelektrik,Crispin,1,2,1,1.0,2.0,2.0,Crispin,trainer,0,H
dragonite-eelektrik,Dragonair [ASC 151],1,3,1,1.0,3.0,3.0,Dragonair,pokemon,1,I
dragonite-eelektrik,Dratini [ASC 150],1,3,1,1.0,3.0,3.0,Dratini,pokemon,1,I
dragonite-eelektrik,Eelektrik [ASC 60],1,2,1,1.0,2.0,2.0,Eelektrik,pokemon,1,I
dragonite-eelektrik,Fezandipiti ex [ASC 142],1,1,1,1.0,1.0,1.0,Fezandipiti ex,pokemon,0,H
dragonite-eelektrik,Lightning Energy,1,5,1,1.0,5.0,5.0,Lightning Energy,energy,1,basic
dragonite-eelektrik,Lillie's Determination,1,4,1,1.0,4.0,4.0,Lillie's Determination,trainer,1,I
dragonite-eelektrik,Mega Dragonite ex [ASC 152],1,3,1,1.0,3.0,3.0,Mega Dragonite ex,pokemon,1,I
dragonite-eelektrik,Mega Eelektross ex [ASC 266],1,1,1,1.0,1.0,1.0,Mega Eelektross ex,pokemon,1,I
dragonite-eelektrik,Meowth ex [POR 107],1,1,1,1.0,1.0,1.0,Meowth ex,pokemon,1,J
dragonite-eelektrik,Night Stretcher,1,2,1,1.0,2.0,2.0,Night Stretcher,trainer,0,H
dragonite-eelektrik,Poké Pad,1,4,1,1.0,4.0,4.0,Poké Pad,trainer,1,J
dragonite-eelektrik,Powerglass,1,2,1,1.0,2.0,2.0,Powerglass,trainer,0,H
dragonite-eelektrik,Precious Trolley,1,1,1,1.0,1.0,1.0,Precious Trolley,trainer,0,H
dragonite-eelektrik,Psyduck [ASC 226],1,1,1,1.0,1.0,1.0,Psyduck,pokemon,1,I
dragonite-eelektrik,Rare Candy,1,2,1,1.0,2.0,2.0,Rare Candy,trainer,1,F/G/I
dragonite-eelektrik,Shaymin [DRI 10],1,1,1,1.0,1.0,1.0,Shaymin,pokemon,1,I
dragonite-eelektrik,Special Red Card,1,1,1,1.0,1.0,1.0,Special Red Card,trainer,1,J
dragonite-eelektrik,Stunfisk [ASC 62],1,1,1,1.0,1.0,1.0,Stunfisk,pokemon,1,I
dragonite-eelektrik,Tatsugiri [SVP 118],1,1,1,1.0,1.0,1.0,Tatsugiri,pokemon,0,H
dragonite-eelektrik,Team Rocket's Petrel,1,3,1,1.0,3.0,3.0,Team Rocket's Petrel,trainer,1,I
dragonite-eelektrik,Team Rocket's Watchtower,1,2,1,1.0,2.0,2.0,Team Rocket's Watchtower,trainer,1,I
dragonite-eelektrik,Tynamo [ASC 59],1,2,1,1.0,2.0,2.0,Tynamo,pokemon,1,I
dragonite-eelektrik,Ultra Ball,1,3,1,1.0,3.0,3.0,Ultra Ball,trainer,1,F/G/I
dragonite-eelektrik,Volcanion ex [JTG 171],1,1,1,1.0,1.0,1.0,Volcanion ex,pokemon,1,I
dragonite-eelektrik,Wally's Compassion,1,1,1,1.0,1.0,1.0,Wally's Compassion,trainer,1,I
dragonite-eelektrik,Water Energy,1,3,1,1.0,3.0,3.0,Water Energy,energy,1,basic
dudunsparce-control,Accompanying Flute,1,3,2,0.5,3.0,1.5,Accompanying Flute,trainer,0,H
dudunsparce-control,Acerola's Mischief,1,1,2,0.5,1.0,0.5,Acerola's Mischief,trainer,1,I
dudunsparce-control,Battle Cage,1,1,2,0.5,1.0,0.5,Battle Cage,trainer,1,I
dudunsparce-control,Bloodmoon Ursaluna ex [PRE 168],1,1,2,0.5,1.0,0.5,Bloodmoon Ursaluna ex,pokemon,0,H
dudunsparce-control,Boss's Orders,2,6,2,1.0,3.0,3.0,Boss's Orders,trainer,1,G/I
dudunsparce-control,Brock's Scouting,1,1,2,0.5,1.0,0.5,Brock's Scouting,trainer,1,I
dudunsparce-control,Buddy-Buddy Poffin,2,5,2,1.0,2.5,2.5,Buddy-Buddy Poffin,trainer,0,H
dudunsparce-control,Budew [ASC 16],2,2,2,1.0,1.0,1.0,Budew,pokemon,0,H
dudunsparce-control,Comfey [SCR 63],1,1,2,0.5,1.0,0.5,Comfey,pokemon,0,H
dudunsparce-control,Cornerstone Mask Ogerpon ex [PRE 160],1,1,2,0.5,1.0,0.5,Cornerstone Mask Ogerpon ex,pokemon,0,H
dudunsparce-control,Cubchoo [BLK 109],1,1,2,0.5,1.0,0.5,Cubchoo,pokemon,1,I
dudunsparce-control,Darkness Energy,1,2,2,0.5,2.0,1.0,Darkness Energy,energy,1,basic
dudunsparce-control,Dedenne [SSP 87],2,2,2,1.0,1.0,1.0,Dedenne,pokemon,0,H
dudunsparce-control,Dudunsparce [PRE 80],2,8,2,1.0,4.0,4.0,Dudunsparce,pokemon,0,H
dudunsparce-control,Dunsparce [JTG 120],2,6,2,1.0,3.0,3.0,Dunsparce,pokemon,1,I
dudunsparce-control,Dunsparce [PRE 79],1,2,2,0.5,2.0,1.0,Dunsparce,pokemon,0,H
dudunsparce-control,Eevee [PRE 74],1,1,2,0.5,1.0,0.5,Eevee,pokemon,0,H
dudunsparce-control,Elgyem [BLK 120],2,4,2,1.0,2.0,2.0,Elgyem,pokemon,1,I
dudunsparce-control,Energy Search,1,1,2,0.5,1.0,0.5,Energy Search,trainer,1,F/G/J
dudunsparce-control,Enhanced Hammer,1,1,2,0.5,1.0,0.5,Enhanced Hammer,trainer,0,H
dudunsparce-control,Ethan's Sudowoodo [DRI 93],2,2,2,1.0,1.0,1.0,Ethan's Sudowoodo,pokemon,1,I
dudunsparce-control,Fan Rotom [ASC 171],1,1,2,0.5,1.0,0.5,Fan Rotom,pokemon,0,H
dudunsparce-control,Fighting Energy,1,1,2,0.5,1.0,0.5,Fighting Energy,energy,1,basic
dudunsparce-control,Grafaiai [SSP 121],1,1,2,0.5,1.0,0.5,Grafaiai,pokemon,0,H
dudunsparce-control,Gravity Gemstone,1,2,2,0.5,2.0,1.0,Gravity Gemstone,trainer,0,H
dudunsparce-control,Handheld Fan,2,3,2,1.0,1.5,1.5,Handheld Fan,trainer,0,H
dudunsparce-control,Hero's Cape,1,1,2,0.5,1.0,0.5,Hero's Cape,trainer,0,H
dudunsparce-control,Hilda,1,2,2,0.5,2.0,1.0,Hilda,trainer,1,I
dudunsparce-control,Judge,1,1,2,0.5,1.0,0.5,Judge,trainer,1,G/J
dudunsparce-control,Lacey,1,1,2,0.5,1.0,0.5,Lacey,trainer,0,H
dudunsparce-control,Lana's Aid,2,2,2,1.0,1.0,1.0,Lana's Aid,trainer,0,H
dudunsparce-control,Latias ex [SSP 220],1,1,2,0.5,1.0,0.5,Latias ex,pokemon,0,H
dudunsparce-control,Lillie's Determination,2,8,2,1.0,4.0,4.0,Lillie's Determination,trainer,1,I
dudunsparce-control,Lively Stadium,1,1,2,0.5,1.0,0.5,Lively Stadium,trainer,0,H
dudunsparce-control,Lumiose City,1,1,2,0.5,1.0,0.5,Lumiose City,trainer,1,J
dudunsparce-control,Neutralization Zone,1,1,2,0.5,1.0,0.5,Neutralization Zone,trainer,0,H
dudunsparce-control,Night Stretcher,2,3,2,1.0,1.5,1.5,Night Stretcher,trainer,0,H
dudunsparce-control,Nighttime Mine,1,1,2,0.5,1.0,0.5,Nighttime Mine,trainer,1,I
dudunsparce-control,Poké Pad,2,7,2,1.0,3.5,3.5,Poké Pad,trainer,1,J
dudunsparce-control,Prism Energy,2,6,2,1.0,3.0,3.0,Prism Energy,energy,1,I
dudunsparce-control,Psychic Energy,2,3,2,1.0,1.5,1.5,Psychic Energy,energy,1,basic
dudunsparce-control,Psyduck [ASC 226],2,2,2,1.0,1.0,1.0,Psyduck,pokemon,1,I
dudunsparce-control,Redeemable Ticket,2,2,2,1.0,1.0,1.0,Redeemable Ticket,trainer,1,I
dudunsparce-control,Rocky Fighting Energy,1,2,2,0.5,2.0,1.0,Rocky Fighting Energy,energy,1,J
dudunsparce-control,Ruffian,1,1,2,0.5,1.0,0.5,Ruffian,trainer,1,I
dudunsparce-control,Rust Syndicate Grunt,1,1,2,0.5,1.0,0.5,Rust Syndicate Grunt,trainer,1,J
dudunsparce-control,Shaymin [DRI 10],2,2,2,1.0,1.0,1.0,Shaymin,pokemon,1,I
dudunsparce-control,Shroodle [SSP 120],1,1,2,0.5,1.0,0.5,Shroodle,pokemon,0,H
dudunsparce-control,Sylveon [PRE 40],1,1,2,0.5,1.0,0.5,Sylveon,pokemon,0,H
dudunsparce-control,Team Rocket's Articuno [DRI 51],1,1,2,0.5,1.0,0.5,Team Rocket's Articuno,pokemon,1,I
dudunsparce-control,Team Rocket's Petrel,1,2,2,0.5,2.0,1.0,Team Rocket's Petrel,trainer,1,I
dudunsparce-control,Ultra Ball,2,2,2,1.0,1.0,1.0,Ultra Ball,trainer,1,F/G/I
dudunsparce-control,Water Energy,1,1,2,0.5,1.0,0.5,Water Energy,energy,1,basic
dudunsparce-control,Xerosic's Machinations,2,3,2,1.0,1.5,1.5,Xerosic's Machinations,trainer,0,H
eelektrik-blk,Acerola's Mischief,1,1,2,0.5,1.0,0.5,Acerola's Mischief,trainer,1,I
eelektrik-blk,Battle Cage,1,1,2,0.5,1.0,0.5,Battle Cage,trainer,1,I
eelektrik-blk,Boss's Orders,2,5,2,1.0,2.5,2.5,Boss's Orders,trainer,1,G/I
eelektrik-blk,Buddy-Buddy Poffin,2,5,2,1.0,2.5,2.5,Buddy-Buddy Poffin,trainer,0,H
eelektrik-blk,Budew [ASC 16],1,1,2,0.5,1.0,0.5,Budew,pokemon,0,H
eelektrik-blk,Canari,1,4,2,0.5,4.0,2.0,Canari,trainer,1,I
eelektrik-blk,Cinderace [MEG 28],1,4,2,0.5,4.0,2.0,Cinderace,pokemon,1,I
eelektrik-blk,Eelektrik [ASC 60],2,6,2,1.0,3.0,3.0,Eelektrik,pokemon,1,I
eelektrik-blk,Energy Switch,1,2,2,0.5,2.0,1.0,Energy Switch,trainer,1,F/G/I
eelektrik-blk,Fezandipiti ex [ASC 142],2,2,2,1.0,1.0,1.0,Fezandipiti ex,pokemon,0,H
eelektrik-blk,Hero's Cape,1,1,2,0.5,1.0,0.5,Hero's Cape,trainer,0,H
eelektrik-blk,Hilda,2,4,2,1.0,2.0,2.0,Hilda,trainer,1,I
eelektrik-blk,Lightning Energy,2,21,2,1.0,10.5,10.5,Lightning Energy,energy,1,basic
eelektrik-blk,Lillie's Determination,2,7,2,1.0,3.5,3.5,Lillie's Determination,trainer,1,I
eelektrik-blk,Mega Eelektross ex [ASC 266],1,1,2,0.5,1.0,0.5,Mega Eelektross ex,pokemon,1,I
eelektrik-blk,Mega Zeraora ex [MEP 89],2,6,2,1.0,3.0,3.0,Mega Zeraora ex,pokemon,1,J
eelektrik-blk,Meowth ex [POR 107],2,2,2,1.0,1.0,1.0,Meowth ex,pokemon,1,J
eelektrik-blk,Miraidon [MEP 82],1,2,2,0.5,2.0,1.0,Miraidon,pokemon,1,J
eelektrik-blk,Night Stretcher,1,3,2,0.5,3.0,1.5,Night Stretcher,trainer,0,H
eelektrik-blk,Poké Pad,2,7,2,1.0,3.5,3.5,Poké Pad,trainer,1,J
eelektrik-blk,Pokégear 3.0,1,4,2,0.5,4.0,2.0,Pokégear 3.0,trainer,1,G/I
eelektrik-blk,Prime Catcher,1,1,2,0.5,1.0,0.5,Prime Catcher,trainer,0,H
eelektrik-blk,Prism Tower,2,4,2,1.0,2.0,2.0,Prism Tower,trainer,1,J
eelektrik-blk,Special Red Card,1,1,2,0.5,1.0,0.5,Special Red Card,trainer,1,J
eelektrik-blk,Switch,1,2,2,0.5,2.0,1.0,Switch,trainer,1,F/G/I
eelektrik-blk,Tynamo [ASC 59],2,7,2,1.0,3.5,3.5,Tynamo,pokemon,1,I
eelektrik-blk,Ultra Ball,2,8,2,1.0,4.0,4.0,Ultra Ball,trainer,1,F/G/I
eelektrik-blk,Voltaic Lightning Energy,2,6,2,1.0,3.0,3.0,Voltaic Lightning Energy,energy,1,J
eelektrik-blk,Waitress,1,1,2,0.5,1.0,0.5,Waitress,trainer,1,J
eelektrik-blk,Zeraora [DRI 78],1,1,2,0.5,1.0,0.5,Zeraora,pokemon,1,I
ethan-magcargo,Blowtorch,1,1,1,1.0,1.0,1.0,Blowtorch,trainer,1,I
ethan-magcargo,Boss's Orders,1,2,1,1.0,2.0,2.0,Boss's Orders,trainer,1,G/I
ethan-magcargo,Energy Retrieval,1,4,1,1.0,4.0,4.0,Energy Retrieval,trainer,1,F/G/I
ethan-magcargo,Energy Search,1,1,1,1.0,1.0,1.0,Energy Search,trainer,1,F/G/J
ethan-magcargo,Ethan's Adventure,1,2,1,1.0,2.0,2.0,Ethan's Adventure,trainer,1,I
ethan-magcargo,Ethan's Ho-Oh ex [ASC 26],1,3,1,1.0,3.0,3.0,Ethan's Ho-Oh ex,pokemon,1,I
ethan-magcargo,Ethan's Magcargo [ASC 222],1,3,1,1.0,3.0,3.0,Ethan's Magcargo,pokemon,1,I
ethan-magcargo,Ethan's Pinsir [DRI 1],1,1,1,1.0,1.0,1.0,Ethan's Pinsir,pokemon,1,I
ethan-magcargo,Ethan's Slugma [ASC 23],1,3,1,1.0,3.0,3.0,Ethan's Slugma,pokemon,1,I
ethan-magcargo,Fezandipiti ex [ASC 142],1,1,1,1.0,1.0,1.0,Fezandipiti ex,pokemon,0,H
ethan-magcargo,Fire Energy,1,12,1,1.0,12.0,12.0,Fire Energy,energy,1,basic
ethan-magcargo,Latias ex [SSP 220],1,2,1,1.0,2.0,2.0,Latias ex,pokemon,0,H
ethan-magcargo,Lillie's Determination,1,2,1,1.0,2.0,2.0,Lillie's Determination,trainer,1,I
ethan-magcargo,Mega Kangaskhan ex [MEG 104],1,2,1,1.0,2.0,2.0,Mega Kangaskhan ex,pokemon,1,I
ethan-magcargo,Night Stretcher,1,2,1,1.0,2.0,2.0,Night Stretcher,trainer,0,H
ethan-magcargo,Pokégear 3.0,1,2,1,1.0,2.0,2.0,Pokégear 3.0,trainer,1,G/I
ethan-magcargo,Precious Trolley,1,1,1,1.0,1.0,1.0,Precious Trolley,trainer,0,H
ethan-magcargo,Redeemable Ticket,1,1,1,1.0,1.0,1.0,Redeemable Ticket,trainer,1,I
ethan-magcargo,Special Red Card,1,2,1,1.0,2.0,2.0,Special Red Card,trainer,1,J
ethan-magcargo,Switch,1,2,1,1.0,2.0,2.0,Switch,trainer,1,F/G/I
ethan-magcargo,Team Rocket's Factory,1,2,1,1.0,2.0,2.0,Team Rocket's Factory,trainer,1,I
ethan-magcargo,Team Rocket's Petrel,1,4,1,1.0,4.0,4.0,Team Rocket's Petrel,trainer,1,I
ethan-magcargo,Team Rocket's Transceiver,1,4,1,1.0,4.0,4.0,Team Rocket's Transceiver,trainer,1,I
ethan-magcargo,Ultra Ball,1,1,1,1.0,1.0,1.0,Ultra Ball,trainer,1,F/G/I
ethan-typhlosion,Air Balloon,6,6,47,0.1276595744680851,1.0,0.1276595744680851,Air Balloon,trainer,1,I
ethan-typhlosion,Battle Cage,36,73,47,0.7659574468085106,2.0277777777777777,1.553191489361702,Battle Cage,trainer,1,I
ethan-typhlosion,Black Belt's Training,15,15,47,0.3191489361702128,1.0,0.3191489361702128,Black Belt's Training,trainer,0,H
ethan-typhlosion,Blowtorch,1,1,47,0.02127659574468085,1.0,0.02127659574468085,Blowtorch,trainer,1,I
ethan-typhlosion,Boss's Orders,47,94,47,1.0,2.0,2.0,Boss's Orders,trainer,1,G/I
ethan-typhlosion,Brave Bangle,47,94,47,1.0,2.0,2.0,Brave Bangle,trainer,1,I
ethan-typhlosion,Buddy-Buddy Poffin,47,144,47,1.0,3.0638297872340425,3.0638297872340425,Buddy-Buddy Poffin,trainer,0,H
ethan-typhlosion,Budew [ASC 16],14,14,47,0.2978723404255319,1.0,0.2978723404255319,Budew,pokemon,0,H
ethan-typhlosion,Carmine,1,4,47,0.02127659574468085,4.0,0.0851063829787234,Carmine,trainer,0,H
ethan-typhlosion,Chi-Yu [MEG 31],1,1,47,0.02127659574468085,1.0,0.02127659574468085,Chi-Yu,pokemon,1,I
ethan-typhlosion,Crispin,1,1,47,0.02127659574468085,1.0,0.02127659574468085,Crispin,trainer,0,H
ethan-typhlosion,Dawn,1,1,47,0.02127659574468085,1.0,0.02127659574468085,Dawn,trainer,1,I
ethan-typhlosion,Dragapult ex [ASC 160],1,1,47,0.02127659574468085,1.0,0.02127659574468085,Dragapult ex,pokemon,0,H
ethan-typhlosion,Drakloak [ASC 159],31,72,47,0.6595744680851063,2.3225806451612905,1.5319148936170213,Drakloak,pokemon,0,H
ethan-typhlosion,Dreepy [ASC 158],31,74,47,0.6595744680851063,2.3870967741935485,1.574468085106383,Dreepy,pokemon,0,H
ethan-typhlosion,Dudunsparce [PRE 80],8,16,47,0.1702127659574468,2.0,0.3404255319148936,Dudunsparce,pokemon,0,H
ethan-typhlosion,Dunsparce [JTG 120],7,13,47,0.14893617021276595,1.8571428571428572,0.2765957446808511,Dunsparce,pokemon,1,I
ethan-typhlosion,Dunsparce [PRE 79],2,3,47,0.0425531914893617,1.5,0.06382978723404255,Dunsparce,pokemon,0,H
ethan-typhlosion,Ethan's Adventure,47,188,47,1.0,4.0,4.0,Ethan's Adventure,trainer,1,I
ethan-typhlosion,Ethan's Cyndaquil [DRI 32],47,188,47,1.0,4.0,4.0,Ethan's Cyndaquil,pokemon,1,I
ethan-typhlosion,Ethan's Pichu [DRI 71],1,1,47,0.02127659574468085,1.0,0.02127659574468085,Ethan's Pichu,pokemon,1,I
ethan-typhlosion,Ethan's Quilava [DRI 33],47,185,47,1.0,3.9361702127659575,3.9361702127659575,Ethan's Quilava,pokemon,1,I
ethan-typhlosion,Ethan's Typhlosion [DRI 190],47,151,47,1.0,3.2127659574468086,3.2127659574468086,Ethan's Typhlosion,pokemon,1,I
ethan-typhlosion,Fezandipiti ex [ASC 142],36,36,47,0.7659574468085106,1.0,0.7659574468085106,Fezandipiti ex,pokemon,0,H
ethan-typhlosion,Fire Energy,47,241,47,1.0,5.127659574468085,5.127659574468085,Fire Energy,energy,1,basic
ethan-typhlosion,Gravity Mountain,29,39,47,0.6170212765957447,1.3448275862068966,0.8297872340425532,Gravity Mountain,trainer,0,H
ethan-typhlosion,Gwynn,1,2,47,0.02127659574468085,2.0,0.0425531914893617,Gwynn,trainer,1,J
ethan-typhlosion,Jamming Tower,1,1,47,0.02127659574468085,1.0,0.02127659574468085,Jamming Tower,trainer,0,H
ethan-typhlosion,Judge,11,11,47,0.23404255319148937,1.0,0.23404255319148937,Judge,trainer,1,G/J
ethan-typhlosion,Kieran,42,43,47,0.8936170212765957,1.0238095238095237,0.9148936170212766,Kieran,trainer,0,H
ethan-typhlosion,Lana's Aid,40,43,47,0.851063829787234,1.075,0.9148936170212766,Lana's Aid,trainer,0,H
ethan-typhlosion,Lillie's Clefairy ex [ASC 280],1,1,47,0.02127659574468085,1.0,0.02127659574468085,Lillie's Clefairy ex,pokemon,1,I
ethan-typhlosion,Lillie's Determination,45,116,47,0.9574468085106383,2.577777777777778,2.4680851063829787,Lillie's Determination,trainer,1,I
ethan-typhlosion,Maximum Belt,3,3,47,0.06382978723404255,1.0,0.06382978723404255,Maximum Belt,trainer,0,H
ethan-typhlosion,Meowth ex [POR 107],5,5,47,0.10638297872340426,1.0,0.10638297872340426,Meowth ex,pokemon,1,J
ethan-typhlosion,Moltres [PFL 14],2,2,47,0.0425531914893617,1.0,0.0425531914893617,Moltres,pokemon,1,I
ethan-typhlosion,N's Zoroark ex [ASC 137],1,2,47,0.02127659574468085,2.0,0.0425531914893617,N's Zoroark ex,pokemon,1,I
ethan-typhlosion,N's Zorua [ASC 136],1,2,47,0.02127659574468085,2.0,0.0425531914893617,N's Zorua,pokemon,1,I
ethan-typhlosion,Naveen,1,3,47,0.02127659574468085,3.0,0.06382978723404255,Naveen,trainer,1,J
ethan-typhlosion,Night Stretcher,47,96,47,1.0,2.0425531914893615,2.0425531914893615,Night Stretcher,trainer,0,H
ethan-typhlosion,Patrat [CRI 70],1,1,47,0.02127659574468085,1.0,0.02127659574468085,Patrat,pokemon,1,J
ethan-typhlosion,Pikipek [PBL 66],4,8,47,0.0851063829787234,2.0,0.1702127659574468,Pikipek,pokemon,1,J
ethan-typhlosion,Poké Pad,47,170,47,1.0,3.617021276595745,3.617021276595745,Poké Pad,trainer,1,J
ethan-typhlosion,Pokégear 3.0,2,3,47,0.0425531914893617,1.5,0.06382978723404255,Pokégear 3.0,trainer,1,G/I
ethan-typhlosion,Pokémon Catcher,3,3,47,0.06382978723404255,1.0,0.06382978723404255,Pokémon Catcher,trainer,1,F/G/J
ethan-typhlosion,Prism Tower,5,7,47,0.10638297872340426,1.4,0.14893617021276595,Prism Tower,trainer,1,J
ethan-typhlosion,Psychic Energy,2,4,47,0.0425531914893617,2.0,0.0851063829787234,Psychic Energy,energy,1,basic
ethan-typhlosion,Psyduck [ASC 226],24,24,47,0.5106382978723404,1.0,0.5106382978723404,Psyduck,pokemon,1,I
ethan-typhlosion,Rare Candy,47,97,47,1.0,2.0638297872340425,2.0638297872340425,Rare Candy,trainer,1,F/G/I
ethan-typhlosion,Redeemable Ticket,43,43,47,0.9148936170212766,1.0,0.9148936170212766,Redeemable Ticket,trainer,1,I
ethan-typhlosion,Rescue Board,1,1,47,0.02127659574468085,1.0,0.02127659574468085,Rescue Board,trainer,0,H
ethan-typhlosion,Rosa's Encouragement,1,1,47,0.02127659574468085,1.0,0.02127659574468085,Rosa's Encouragement,trainer,1,J
ethan-typhlosion,Ruffian,1,1,47,0.02127659574468085,1.0,0.02127659574468085,Ruffian,trainer,1,I
ethan-typhlosion,Sacred Ash,40,41,47,0.851063829787234,1.025,0.8723404255319149,Sacred Ash,trainer,1,I
ethan-typhlosion,Secret Box,42,42,47,0.8936170212765957,1.0,0.8936170212765957,Secret Box,trainer,0,H
ethan-typhlosion,Shaymin [DRI 10],47,47,47,1.0,1.0,1.0,Shaymin,pokemon,1,I
ethan-typhlosion,Special Red Card,37,37,47,0.7872340425531915,1.0,0.7872340425531915,Special Red Card,trainer,1,J
ethan-typhlosion,Surfer,1,1,47,0.02127659574468085,1.0,0.02127659574468085,Surfer,trainer,0,H
ethan-typhlosion,Switch,11,11,47,0.23404255319148937,1.0,0.23404255319148937,Switch,trainer,1,F/G/I
ethan-typhlosion,Tatsugiri [SVP 118],1,1,47,0.02127659574468085,1.0,0.02127659574468085,Tatsugiri,pokemon,0,H
ethan-typhlosion,Team Rocket's Petrel,6,7,47,0.1276595744680851,1.1666666666666667,0.14893617021276595,Team Rocket's Petrel,trainer,1,I
ethan-typhlosion,Team Rocket's Watchtower,8,8,47,0.1702127659574468,1.0,0.1702127659574468,Team Rocket's Watchtower,trainer,1,I
ethan-typhlosion,Tool Scrapper,9,9,47,0.19148936170212766,1.0,0.19148936170212766,Tool Scrapper,trainer,1,I
ethan-typhlosion,Toucannon [PBL 68],4,8,47,0.0851063829787234,2.0,0.1702127659574468,Toucannon,pokemon,1,J
ethan-typhlosion,Trumbeak [PBL 67],4,4,47,0.0851063829787234,1.0,0.0851063829787234,Trumbeak,pokemon,1,J
ethan-typhlosion,Ultra Ball,47,175,47,1.0,3.723404255319149,3.723404255319149,Ultra Ball,trainer,1,F/G/I
ethan-typhlosion,Unfair Stamp,2,2,47,0.0425531914893617,1.0,0.0425531914893617,Unfair Stamp,trainer,0,H
ethan-typhlosion,Victini [SSP 21],45,77,47,0.9574468085106383,1.711111111111111,1.6382978723404256,Victini,pokemon,0,H
ethan-typhlosion,Xerosic's Machinations,1,1,47,0.02127659574468085,1.0,0.02127659574468085,Xerosic's Machinations,trainer,0,H
festival-lead,Air Balloon,243,504,253,0.9604743083003953,2.074074074074074,1.992094861660079,Air Balloon,trainer,1,I
festival-lead,Applin [DRI 16],2,2,253,0.007905138339920948,1.0,0.007905138339920948,Applin,pokemon,1,I
festival-lead,Applin [PRE 9],110,286,253,0.43478260869565216,2.6,1.1304347826086956,Applin,pokemon,0,H
festival-lead,Applin [TWM 126],125,219,253,0.49407114624505927,1.752,0.8656126482213439,Applin,pokemon,0,H
festival-lead,Applin [TWM 17],177,466,253,0.6996047430830039,2.632768361581921,1.841897233201581,Applin,pokemon,0,H
festival-lead,Black Belt's Training,18,24,253,0.07114624505928854,1.3333333333333333,0.09486166007905138,Black Belt's Training,trainer,0,H
festival-lead,Bloodmoon Ursaluna ex [PRE 168],3,3,253,0.011857707509881422,1.0,0.011857707509881422,Bloodmoon Ursaluna ex,pokemon,0,H
festival-lead,Boss's Orders,245,522,253,0.9683794466403162,2.130612244897959,2.0632411067193677,Boss's Orders,trainer,1,G/I
festival-lead,Brave Bangle,245,503,253,0.9683794466403162,2.053061224489796,1.9881422924901186,Brave Bangle,trainer,1,I
festival-lead,Brock's Scouting,2,3,253,0.007905138339920948,1.5,0.011857707509881422,Brock's Scouting,trainer,1,I
festival-lead,Buddy-Buddy Poffin,245,1000,253,0.9683794466403162,4.081632653061225,3.952569169960474,Buddy-Buddy Poffin,trainer,0,H
festival-lead,Budew [ASC 16],7,7,253,0.02766798418972332,1.0,0.02766798418972332,Budew,pokemon,0,H
festival-lead,Bug Catching Set,141,360,253,0.5573122529644269,2.5531914893617023,1.4229249011857708,Bug Catching Set,trainer,0,H
festival-lead,Colress's Tenacity,1,1,253,0.003952569169960474,1.0,0.003952569169960474,Colress's Tenacity,trainer,0,H
festival-lead,Crispin,1,2,253,0.003952569169960474,2.0,0.007905138339920948,Crispin,trainer,0,H
festival-lead,Dawn,22,24,253,0.08695652173913043,1.0909090909090908,0.09486166007905138,Dawn,trainer,1,I
festival-lead,Dipplin [PRE 10],245,800,253,0.9683794466403162,3.2653061224489797,3.1620553359683794,Dipplin,pokemon,0,H
festival-lead,Energy Search,2,2,253,0.007905138339920948,1.0,0.007905138339920948,Energy Search,trainer,1,F/G/J
festival-lead,Festival Grounds,245,964,253,0.9683794466403162,3.9346938775510205,3.8102766798418974,Festival Grounds,trainer,0,H
festival-lead,Fire Energy,2,3,253,0.007905138339920948,1.5,0.011857707509881422,Fire Energy,energy,1,basic
festival-lead,Flutter Mane [PRE 43],1,1,253,0.003952569169960474,1.0,0.003952569169960474,Flutter Mane,pokemon,0,H
festival-lead,Forest of Vitality,71,71,253,0.28063241106719367,1.0,0.28063241106719367,Forest of Vitality,trainer,1,I
festival-lead,Gladion's Final Battle,238,501,253,0.9407114624505929,2.1050420168067228,1.9802371541501975,Gladion's Final Battle,trainer,1,J
festival-lead,Goldeen [PBL 13],2,2,253,0.007905138339920948,1.0,0.007905138339920948,Goldeen,pokemon,1,J
festival-lead,Goldeen [PRE 20],244,440,253,0.9644268774703557,1.8032786885245902,1.7391304347826086,Goldeen,pokemon,0,H
festival-lead,Grass Energy,244,916,253,0.9644268774703557,3.7540983606557377,3.6205533596837944,Grass Energy,energy,1,basic
festival-lead,Grookey [MEP 52],54,157,253,0.2134387351778656,2.9074074074074074,0.6205533596837944,Grookey,pokemon,1,J
festival-lead,Grookey [TWM 14],215,754,253,0.849802371541502,3.5069767441860464,2.9802371541501977,Grookey,pokemon,0,H
festival-lead,Growing Grass Energy,198,378,253,0.782608695652174,1.9090909090909092,1.4940711462450593,Growing Grass Energy,energy,1,J
festival-lead,Hand Trimmer,7,7,253,0.02766798418972332,1.0,0.02766798418972332,Hand Trimmer,trainer,0,H
festival-lead,Hilda,6,6,253,0.023715415019762844,1.0,0.023715415019762844,Hilda,trainer,1,I
festival-lead,Judge,10,11,253,0.039525691699604744,1.1,0.043478260869565216,Judge,trainer,1,G/J
festival-lead,Kieran,226,238,253,0.8932806324110671,1.0530973451327434,0.9407114624505929,Kieran,trainer,0,H
festival-lead,Lana's Aid,81,83,253,0.3201581027667984,1.0246913580246915,0.32806324110671936,Lana's Aid,trainer,0,H
festival-lead,Legacy Energy,1,1,253,0.003952569169960474,1.0,0.003952569169960474,Legacy Energy,energy,0,H
festival-lead,Lillie's Determination,245,999,253,0.9683794466403162,4.077551020408163,3.9486166007905137,Lillie's Determination,trainer,1,I
festival-lead,Lilligant [JTG 7],4,4,253,0.015810276679841896,1.0,0.015810276679841896,Lilligant,pokemon,0,H
festival-lead,Lucian,1,1,253,0.003952569169960474,1.0,0.003952569169960474,Lucian,trainer,0,H
festival-lead,Maximum Belt,7,7,253,0.02766798418972332,1.0,0.02766798418972332,Maximum Belt,trainer,0,H
festival-lead,Mega Starmie ex [POR 102],1,2,253,0.003952569169960474,2.0,0.007905138339920948,Mega Starmie ex,pokemon,1,J
festival-lead,Meowth ex [POR 107],5,5,253,0.019762845849802372,1.0,0.019762845849802372,Meowth ex,pokemon,1,J
festival-lead,Mist Energy,7,10,253,0.02766798418972332,1.4285714285714286,0.039525691699604744,Mist Energy,energy,0,H
festival-lead,Moltres [PFL 14],3,3,253,0.011857707509881422,1.0,0.011857707509881422,Moltres,pokemon,1,I
festival-lead,Night Stretcher,239,369,253,0.9446640316205533,1.5439330543933054,1.458498023715415,Night Stretcher,trainer,0,H
festival-lead,Patrat [CRI 70],6,6,253,0.023715415019762844,1.0,0.023715415019762844,Patrat,pokemon,1,J
festival-lead,Petilil [BLK 6],4,4,253,0.015810276679841896,1.0,0.015810276679841896,Petilil,pokemon,1,I
festival-lead,Poké Pad,245,983,253,0.9683794466403162,4.012244897959183,3.8853754940711465,Poké Pad,trainer,1,J
festival-lead,Pokégear 3.0,1,1,253,0.003952569169960474,1.0,0.003952569169960474,Pokégear 3.0,trainer,1,G/I
festival-lead,Pokémon Catcher,24,45,253,0.09486166007905138,1.875,0.17786561264822134,Pokémon Catcher,trainer,1,F/G/J
festival-lead,Precious Trolley,1,1,253,0.003952569169960474,1.0,0.003952569169960474,Precious Trolley,trainer,0,H
festival-lead,Prime Catcher,1,1,253,0.003952569169960474,1.0,0.003952569169960474,Prime Catcher,trainer,0,H
festival-lead,Prism Energy,1,4,253,0.003952569169960474,4.0,0.015810276679841896,Prism Energy,energy,1,I
festival-lead,Psyduck [ASC 226],98,102,253,0.38735177865612647,1.0408163265306123,0.4031620553359684,Psyduck,pokemon,1,I
festival-lead,Rabsca [TEF 24],237,260,253,0.9367588932806324,1.0970464135021096,1.0276679841897234,Rabsca,pokemon,0,H
festival-lead,Redeemable Ticket,3,3,253,0.011857707509881422,1.0,0.011857707509881422,Redeemable Ticket,trainer,1,I
festival-lead,Rellor [DRI 24],16,17,253,0.06324110671936758,1.0625,0.06719367588932806,Rellor,pokemon,0,H
festival-lead,Rellor [TEF 23],226,289,253,0.8932806324110671,1.2787610619469028,1.1422924901185771,Rellor,pokemon,0,H
festival-lead,Rillaboom [TWM 16],12,12,253,0.04743083003952569,1.0,0.04743083003952569,Rillaboom,pokemon,0,H
festival-lead,Ruffian,1,1,253,0.003952569169960474,1.0,0.003952569169960474,Ruffian,trainer,1,I
festival-lead,Sacred Ash,179,183,253,0.7075098814229249,1.0223463687150838,0.7233201581027668,Sacred Ash,trainer,1,I
festival-lead,Seaking [PRE 21],241,287,253,0.9525691699604744,1.1908713692946058,1.134387351778656,Seaking,pokemon,0,H
festival-lead,Secret Box,235,242,253,0.9288537549407114,1.0297872340425531,0.9565217391304348,Secret Box,trainer,0,H
festival-lead,Shaymin [DRI 10],189,192,253,0.7470355731225297,1.0158730158730158,0.758893280632411,Shaymin,pokemon,1,I
festival-lead,Special Red Card,13,13,253,0.05138339920948617,1.0,0.05138339920948617,Special Red Card,trainer,1,J
festival-lead,Staryu [POR 20],1,2,253,0.003952569169960474,2.0,0.007905138339920948,Staryu,pokemon,1,J
festival-lead,Stunfisk [ASC 62],1,1,253,0.003952569169960474,1.0,0.003952569169960474,Stunfisk,pokemon,1,I
festival-lead,Super Potion,1,1,253,0.003952569169960474,1.0,0.003952569169960474,Super Potion,trainer,1,I
festival-lead,Switch,202,208,253,0.7984189723320159,1.0297029702970297,0.8221343873517787,Switch,trainer,1,F/G/I
festival-lead,Team Rocket's Petrel,1,3,253,0.003952569169960474,3.0,0.011857707509881422,Team Rocket's Petrel,trainer,1,I
festival-lead,Thwackey [SVP 115],245,857,253,0.9683794466403162,3.4979591836734696,3.3873517786561265,Thwackey,pokemon,0,H
festival-lead,Tool Scrapper,180,185,253,0.7114624505928854,1.0277777777777777,0.7312252964426877,Tool Scrapper,trainer,1,I
festival-lead,Ultra Ball,236,610,253,0.932806324110672,2.5847457627118646,2.411067193675889,Ultra Ball,trainer,1,F/G/I
festival-lead,Unfair Stamp,1,1,253,0.003952569169960474,1.0,0.003952569169960474,Unfair Stamp,trainer,0,H
festival-lead,Water Energy,1,4,253,0.003952569169960474,4.0,0.015810276679841896,Water Energy,energy,1,basic
festival-lead,Xerosic's Machinations,1,1,253,0.003952569169960474,1.0,0.003952569169960474,Xerosic's Machinations,trainer,0,H
flareon-ex,Air Balloon,1,1,2,0.5,1.0,0.5,Air Balloon,trainer,1,I
flareon-ex,Area Zero Underdepths,1,1,2,0.5,1.0,0.5,Area Zero Underdepths,trainer,0,H
flareon-ex,Battle Cage,2,4,2,1.0,2.0,2.0,Battle Cage,trainer,1,I
flareon-ex,Black Belt's Training,1,1,2,0.5,1.0,0.5,Black Belt's Training,trainer,0,H
flareon-ex,Boss's Orders,2,4,2,1.0,2.0,2.0,Boss's Orders,trainer,1,G/I
flareon-ex,Buddy-Buddy Poffin,2,5,2,1.0,2.5,2.5,Buddy-Buddy Poffin,trainer,0,H
flareon-ex,Buneary [PFL 83],1,1,2,0.5,1.0,0.5,Buneary,pokemon,1,I
flareon-ex,Crispin,2,5,2,1.0,2.5,2.5,Crispin,trainer,0,H
flareon-ex,Cyrano,1,1,2,0.5,1.0,0.5,Cyrano,trainer,0,H
flareon-ex,Drayton,1,1,2,0.5,1.0,0.5,Drayton,trainer,0,H
flareon-ex,Eevee [PRE 74],2,4,2,1.0,2.0,2.0,Eevee,pokemon,0,H
flareon-ex,Eevee [SFA 50],1,1,2,0.5,1.0,0.5,Eevee,pokemon,0,H
flareon-ex,Eevee ex [PRE 167],2,2,2,1.0,1.0,1.0,Eevee ex,pokemon,0,H
flareon-ex,Energy Recycler,1,1,2,0.5,1.0,0.5,Energy Recycler,trainer,1,I
flareon-ex,Espeon ex [PRE 155],1,1,2,0.5,1.0,0.5,Espeon ex,pokemon,0,H
flareon-ex,Fan Rotom [ASC 171],1,2,2,0.5,2.0,1.0,Fan Rotom,pokemon,0,H
flareon-ex,Fezandipiti ex [ASC 142],2,2,2,1.0,1.0,1.0,Fezandipiti ex,pokemon,0,H
flareon-ex,Fire Energy,2,4,2,1.0,2.0,2.0,Fire Energy,energy,1,basic
flareon-ex,Flareon ex [PRE 14],2,4,2,1.0,2.0,2.0,Flareon ex,pokemon,0,H
flareon-ex,Glass Trumpet,1,2,2,0.5,2.0,1.0,Glass Trumpet,trainer,0,H
flareon-ex,Grass Energy,2,3,2,1.0,1.5,1.5,Grass Energy,energy,1,basic
flareon-ex,Hoothoot [SCR 114],1,1,2,0.5,1.0,0.5,Hoothoot,pokemon,0,H
flareon-ex,Hoothoot [TEF 126],1,1,2,0.5,1.0,0.5,Hoothoot,pokemon,0,H
flareon-ex,Jolteon ex [PRE 153],1,1,2,0.5,1.0,0.5,Jolteon ex,pokemon,0,H
flareon-ex,Leafeon ex [PRE 144],2,3,2,1.0,1.5,1.5,Leafeon ex,pokemon,0,H
flareon-ex,Lightning Energy,2,4,2,1.0,2.0,2.0,Lightning Energy,energy,1,basic
flareon-ex,Lillie's Clefairy ex [ASC 280],2,3,2,1.0,1.5,1.5,Lillie's Clefairy ex,pokemon,1,I
flareon-ex,Lillie's Determination,2,7,2,1.0,3.5,3.5,Lillie's Determination,trainer,1,I
flareon-ex,Lillie's Pearl,1,1,2,0.5,1.0,0.5,Lillie's Pearl,trainer,1,I
flareon-ex,Mega Lopunny ex [PFL 115],1,1,2,0.5,1.0,0.5,Mega Lopunny ex,pokemon,1,I
flareon-ex,Meowth ex [POR 107],1,1,2,0.5,1.0,0.5,Meowth ex,pokemon,1,J
flareon-ex,N's Plan,1,1,2,0.5,1.0,0.5,N's Plan,trainer,1,I
flareon-ex,Night Stretcher,2,5,2,1.0,2.5,2.5,Night Stretcher,trainer,0,H
flareon-ex,Noctowl [PRE 78],1,2,2,0.5,2.0,1.0,Noctowl,pokemon,0,H
flareon-ex,Pikipek [PBL 66],1,2,2,0.5,2.0,1.0,Pikipek,pokemon,1,J
flareon-ex,Poké Pad,2,4,2,1.0,2.0,2.0,Poké Pad,trainer,1,J
flareon-ex,Psychic Energy,2,4,2,1.0,2.0,2.0,Psychic Energy,energy,1,basic
flareon-ex,Rare Candy,1,1,2,0.5,1.0,0.5,Rare Candy,trainer,1,F/G/I
flareon-ex,Sacred Ash,1,1,2,0.5,1.0,0.5,Sacred Ash,trainer,1,I
flareon-ex,Shaymin [DRI 10],1,1,2,0.5,1.0,0.5,Shaymin,pokemon,1,I
flareon-ex,Sparkling Crystal,1,1,2,0.5,1.0,0.5,Sparkling Crystal,trainer,0,H
flareon-ex,Special Red Card,2,2,2,1.0,1.0,1.0,Special Red Card,trainer,1,J
flareon-ex,Switch,1,2,2,0.5,2.0,1.0,Switch,trainer,1,F/G/I
flareon-ex,Sylveon [PRE 40],1,1,2,0.5,1.0,0.5,Sylveon,pokemon,0,H
flareon-ex,Sylveon ex [PRE 156],1,1,2,0.5,1.0,0.5,Sylveon ex,pokemon,0,H
flareon-ex,Team Rocket's Petrel,2,2,2,1.0,1.0,1.0,Team Rocket's Petrel,trainer,1,I
flareon-ex,Tera Orb,1,1,2,0.5,1.0,0.5,Tera Orb,trainer,0,H
flareon-ex,Toucannon [PBL 68],1,2,2,0.5,2.0,1.0,Toucannon,pokemon,1,J
flareon-ex,Trumbeak [PBL 67],1,1,2,0.5,1.0,0.5,Trumbeak,pokemon,1,J
flareon-ex,Ultra Ball,2,5,2,1.0,2.5,2.5,Ultra Ball,trainer,1,F/G/I
flareon-ex,Unfair Stamp,1,1,2,0.5,1.0,0.5,Unfair Stamp,trainer,0,H
flareon-ex,Water Energy,2,4,2,1.0,2.0,2.0,Water Energy,energy,1,basic
flareon-ex,Wellspring Mask Ogerpon ex [PRE 152],1,1,2,0.5,1.0,0.5,Wellspring Mask Ogerpon ex,pokemon,0,H
flareon-ex,Xerosic's Machinations,2,2,2,1.0,1.0,1.0,Xerosic's Machinations,trainer,0,H
flareon-noctowl,Air Balloon,4,5,6,0.6666666666666666,1.25,0.8333333333333334,Air Balloon,trainer,1,I
flareon-noctowl,Area Zero Underdepths,6,14,6,1.0,2.3333333333333335,2.3333333333333335,Area Zero Underdepths,trainer,0,H
flareon-noctowl,Black Belt's Training,4,4,6,0.6666666666666666,1.0,0.6666666666666666,Black Belt's Training,trainer,0,H
flareon-noctowl,Boss's Orders,6,12,6,1.0,2.0,2.0,Boss's Orders,trainer,1,G/I
flareon-noctowl,Buddy-Buddy Poffin,6,16,6,1.0,2.6666666666666665,2.6666666666666665,Buddy-Buddy Poffin,trainer,0,H
flareon-noctowl,Budew [ASC 16],1,1,6,0.16666666666666666,1.0,0.16666666666666666,Budew,pokemon,0,H
flareon-noctowl,Chien-Pao [SSP 56],2,2,6,0.3333333333333333,1.0,0.3333333333333333,Chien-Pao,pokemon,0,H
flareon-noctowl,Crispin,6,16,6,1.0,2.6666666666666665,2.6666666666666665,Crispin,trainer,0,H
flareon-noctowl,Cyrano,4,4,6,0.6666666666666666,1.0,0.6666666666666666,Cyrano,trainer,0,H
flareon-noctowl,Darkness Energy,2,3,6,0.3333333333333333,1.5,0.5,Darkness Energy,energy,1,basic
flareon-noctowl,Dawn,1,1,6,0.16666666666666666,1.0,0.16666666666666666,Dawn,trainer,1,I
flareon-noctowl,Deino [SSP 117],1,2,6,0.16666666666666666,2.0,0.3333333333333333,Deino,pokemon,0,H
flareon-noctowl,Eevee [PRE 74],6,11,6,1.0,1.8333333333333333,1.8333333333333333,Eevee,pokemon,0,H
flareon-noctowl,Eevee ex [PRE 167],6,10,6,1.0,1.6666666666666667,1.6666666666666667,Eevee ex,pokemon,0,H
flareon-noctowl,Energy Recycler,2,2,6,0.3333333333333333,1.0,0.3333333333333333,Energy Recycler,trainer,1,I
flareon-noctowl,Energy Search,3,3,6,0.5,1.0,0.5,Energy Search,trainer,1,F/G/J
flareon-noctowl,Energy Switch,4,5,6,0.6666666666666666,1.25,0.8333333333333334,Energy Switch,trainer,1,F/G/I
flareon-noctowl,Espeon ex [30C 70],1,2,6,0.16666666666666666,2.0,0.3333333333333333,Espeon ex,pokemon,1,J
flareon-noctowl,Espeon ex [PRE 155],2,2,6,0.3333333333333333,1.0,0.3333333333333333,Espeon ex,pokemon,0,H
flareon-noctowl,Fan Rotom [ASC 171],6,11,6,1.0,1.8333333333333333,1.8333333333333333,Fan Rotom,pokemon,0,H
flareon-noctowl,Fezandipiti ex [ASC 142],5,5,6,0.8333333333333334,1.0,0.8333333333333334,Fezandipiti ex,pokemon,0,H
flareon-noctowl,Fire Energy,6,13,6,1.0,2.1666666666666665,2.1666666666666665,Fire Energy,energy,1,basic
flareon-noctowl,Flareon ex [PRE 14],6,12,6,1.0,2.0,2.0,Flareon ex,pokemon,0,H
flareon-noctowl,Glass Trumpet,3,3,6,0.5,1.0,0.5,Glass Trumpet,trainer,0,H
flareon-noctowl,Grass Energy,5,6,6,0.8333333333333334,1.2,1.0,Grass Energy,energy,1,basic
flareon-noctowl,Gravity Mountain,1,1,6,0.16666666666666666,1.0,0.16666666666666666,Gravity Mountain,trainer,0,H
flareon-noctowl,Hilda,4,5,6,0.6666666666666666,1.25,0.8333333333333334,Hilda,trainer,1,I
flareon-noctowl,Hoothoot [SCR 114],6,19,6,1.0,3.1666666666666665,3.1666666666666665,Hoothoot,pokemon,0,H
flareon-noctowl,Hoothoot [TEF 126],1,3,6,0.16666666666666666,3.0,0.5,Hoothoot,pokemon,0,H
flareon-noctowl,Hydreigon ex [SSP 119],1,2,6,0.16666666666666666,2.0,0.3333333333333333,Hydreigon ex,pokemon,0,H
flareon-noctowl,Judge,2,3,6,0.3333333333333333,1.5,0.5,Judge,trainer,1,G/J
flareon-noctowl,Latias ex [SSP 220],3,3,6,0.5,1.0,0.5,Latias ex,pokemon,0,H
flareon-noctowl,Leafeon ex [PRE 144],5,5,6,0.8333333333333334,1.0,0.8333333333333334,Leafeon ex,pokemon,0,H
flareon-noctowl,Lightning Energy,6,10,6,1.0,1.6666666666666667,1.6666666666666667,Lightning Energy,energy,1,basic
flareon-noctowl,Lillie's Clefairy ex [ASC 280],6,7,6,1.0,1.1666666666666667,1.1666666666666667,Lillie's Clefairy ex,pokemon,1,I
flareon-noctowl,Lillie's Determination,4,9,6,0.6666666666666666,2.25,1.5,Lillie's Determination,trainer,1,I
flareon-noctowl,Meowth ex [POR 107],1,1,6,0.16666666666666666,1.0,0.16666666666666666,Meowth ex,pokemon,1,J
flareon-noctowl,Metal Energy,1,1,6,0.16666666666666666,1.0,0.16666666666666666,Metal Energy,energy,1,basic
flareon-noctowl,Night Stretcher,6,10,6,1.0,1.6666666666666667,1.6666666666666667,Night Stretcher,trainer,0,H
flareon-noctowl,Noctowl [PRE 78],6,22,6,1.0,3.6666666666666665,3.6666666666666665,Noctowl,pokemon,0,H
flareon-noctowl,Paldean Tauros [SSP 18],1,1,6,0.16666666666666666,1.0,0.16666666666666666,Paldean Tauros,pokemon,0,H
flareon-noctowl,Poké Pad,5,17,6,0.8333333333333334,3.4,2.8333333333333335,Poké Pad,trainer,1,J
flareon-noctowl,Pokégear 3.0,1,2,6,0.16666666666666666,2.0,0.3333333333333333,Pokégear 3.0,trainer,1,G/I
flareon-noctowl,Psychic Energy,6,11,6,1.0,1.8333333333333333,1.8333333333333333,Psychic Energy,energy,1,basic
flareon-noctowl,Rare Candy,1,1,6,0.16666666666666666,1.0,0.16666666666666666,Rare Candy,trainer,1,F/G/I
flareon-noctowl,Sparkling Crystal,6,6,6,1.0,1.0,1.0,Sparkling Crystal,trainer,0,H
flareon-noctowl,Special Red Card,1,1,6,0.16666666666666666,1.0,0.16666666666666666,Special Red Card,trainer,1,J
flareon-noctowl,Switch,6,7,6,1.0,1.1666666666666667,1.1666666666666667,Switch,trainer,1,F/G/I
flareon-noctowl,Sylveon ex [30C 153],1,1,6,0.16666666666666666,1.0,0.16666666666666666,Sylveon ex,pokemon,1,J
flareon-noctowl,Sylveon ex [PRE 156],3,3,6,0.5,1.0,0.5,Sylveon ex,pokemon,0,H
flareon-noctowl,Team Rocket's Mimikyu [ASC 238],1,1,6,0.16666666666666666,1.0,0.16666666666666666,Team Rocket's Mimikyu,pokemon,1,I
flareon-noctowl,Tera Orb,6,11,6,1.0,1.8333333333333333,1.8333333333333333,Tera Orb,trainer,0,H
flareon-noctowl,Terapagos ex [ASC 179],1,1,6,0.16666666666666666,1.0,0.16666666666666666,Terapagos ex,pokemon,0,H
flareon-noctowl,Tool Scrapper,2,2,6,0.3333333333333333,1.0,0.3333333333333333,Tool Scrapper,trainer,1,I
flareon-noctowl,Ultra Ball,6,15,6,1.0,2.5,2.5,Ultra Ball,trainer,1,F/G/I
flareon-noctowl,Water Energy,6,10,6,1.0,1.6666666666666667,1.6666666666666667,Water Energy,energy,1,basic
flareon-noctowl,Wellspring Mask Ogerpon ex [PRE 152],2,2,6,0.3333333333333333,1.0,0.3333333333333333,Wellspring Mask Ogerpon ex,pokemon,0,H
flareon-noctowl,Xerosic's Machinations,1,1,6,0.16666666666666666,1.0,0.16666666666666666,Xerosic's Machinations,trainer,0,H
flareon-noctowl,Zweilous [SSP 118],1,1,6,0.16666666666666666,1.0,0.16666666666666666,Zweilous,pokemon,0,H
froslass-munkidori,Air Balloon,1,2,1,1.0,2.0,2.0,Air Balloon,trainer,1,I
froslass-munkidori,Boss's Orders,1,3,1,1.0,3.0,3.0,Boss's Orders,trainer,1,G/I
froslass-munkidori,Buddy-Buddy Poffin,1,4,1,1.0,4.0,4.0,Buddy-Buddy Poffin,trainer,0,H
froslass-munkidori,Crispin,1,2,1,1.0,2.0,2.0,Crispin,trainer,0,H
froslass-munkidori,Darkness Energy,1,5,1,1.0,5.0,5.0,Darkness Energy,energy,1,basic
froslass-munkidori,Fezandipiti ex [ASC 142],1,1,1,1.0,1.0,1.0,Fezandipiti ex,pokemon,0,H
froslass-munkidori,Froslass [SVP 117],1,3,1,1.0,3.0,3.0,Froslass,pokemon,0,H
froslass-munkidori,Hero's Cape,1,1,1,1.0,1.0,1.0,Hero's Cape,trainer,0,H
froslass-munkidori,Hilda,1,2,1,1.0,2.0,2.0,Hilda,trainer,1,I
froslass-munkidori,Judge,1,2,1,1.0,2.0,2.0,Judge,trainer,1,G/J
froslass-munkidori,Lillie's Determination,1,4,1,1.0,4.0,4.0,Lillie's Determination,trainer,1,I
froslass-munkidori,Mega Froslass ex [ASC 265],1,2,1,1.0,2.0,2.0,Mega Froslass ex,pokemon,1,I
froslass-munkidori,Meowth ex [POR 107],1,1,1,1.0,1.0,1.0,Meowth ex,pokemon,1,J
froslass-munkidori,Munkidori [ASC 99],1,3,1,1.0,3.0,3.0,Munkidori,pokemon,0,H
froslass-munkidori,Night Stretcher,1,2,1,1.0,2.0,2.0,Night Stretcher,trainer,0,H
froslass-munkidori,Poké Pad,1,2,1,1.0,2.0,2.0,Poké Pad,trainer,1,J
froslass-munkidori,Pokégear 3.0,1,3,1,1.0,3.0,3.0,Pokégear 3.0,trainer,1,G/I
froslass-munkidori,Psychic Energy,1,1,1,1.0,1.0,1.0,Psychic Energy,energy,1,basic
froslass-munkidori,Shaymin [DRI 10],1,1,1,1.0,1.0,1.0,Shaymin,pokemon,1,I
froslass-munkidori,Snorunt [ASC 227],1,4,1,1.0,4.0,4.0,Snorunt,pokemon,1,I
froslass-munkidori,Special Red Card,1,1,1,1.0,1.0,1.0,Special Red Card,trainer,1,J
froslass-munkidori,Team Rocket's Watchtower,1,2,1,1.0,2.0,2.0,Team Rocket's Watchtower,trainer,1,I
froslass-munkidori,Ultra Ball,1,2,1,1.0,2.0,2.0,Ultra Ball,trainer,1,F/G/I
froslass-munkidori,Wally's Compassion,1,1,1,1.0,1.0,1.0,Wally's Compassion,trainer,1,I
froslass-munkidori,Water Energy,1,4,1,1.0,4.0,4.0,Water Energy,energy,1,basic
froslass-munkidori,Wellspring Mask Ogerpon ex [PRE 152],1,2,1,1.0,2.0,2.0,Wellspring Mask Ogerpon ex,pokemon,0,H
gengar-ex,Air Balloon,2,5,2,1.0,2.5,2.5,Air Balloon,trainer,1,I
gengar-ex,Boss's Orders,2,3,2,1.0,1.5,1.5,Boss's Orders,trainer,1,G/I
gengar-ex,Buddy-Buddy Poffin,2,8,2,1.0,4.0,4.0,Buddy-Buddy Poffin,trainer,0,H
gengar-ex,Chi-Yu [PBL 59],1,1,2,0.5,1.0,0.5,Chi-Yu,pokemon,1,J
gengar-ex,Darkness Energy,2,19,2,1.0,9.5,9.5,Darkness Energy,energy,1,basic
gengar-ex,Dawn,1,2,2,0.5,2.0,1.0,Dawn,trainer,1,I
gengar-ex,Energy Recycler,1,1,2,0.5,1.0,0.5,Energy Recycler,trainer,1,I
gengar-ex,Fezandipiti ex [ASC 142],1,1,2,0.5,1.0,0.5,Fezandipiti ex,pokemon,0,H
gengar-ex,Gastly [ASC 123],2,8,2,1.0,4.0,4.0,Gastly,pokemon,1,I
gengar-ex,Gengar ex [30C 154],2,6,2,1.0,3.0,3.0,Gengar ex,pokemon,1,J
gengar-ex,Grimsley's Move,1,1,2,0.5,1.0,0.5,Grimsley's Move,trainer,1,I
gengar-ex,Haunter [ASC 124],2,5,2,1.0,2.5,2.5,Haunter,pokemon,1,I
gengar-ex,Lillie's Determination,2,8,2,1.0,4.0,4.0,Lillie's Determination,trainer,1,I
gengar-ex,Mega Gengar ex [ASC 125],2,3,2,1.0,1.5,1.5,Mega Gengar ex,pokemon,1,I
gengar-ex,Morty's Conviction,1,1,2,0.5,1.0,0.5,Morty's Conviction,trainer,0,H
gengar-ex,Munkidori [ASC 99],2,3,2,1.0,1.5,1.5,Munkidori,pokemon,0,H
gengar-ex,Neo Upper Energy,1,1,2,0.5,1.0,0.5,Neo Upper Energy,energy,0,H
gengar-ex,Night Stretcher,2,4,2,1.0,2.0,2.0,Night Stretcher,trainer,0,H
gengar-ex,Pecharunt ex [PRE 163],2,2,2,1.0,1.0,1.0,Pecharunt ex,pokemon,0,H
gengar-ex,Poké Pad,2,6,2,1.0,3.0,3.0,Poké Pad,trainer,1,J
gengar-ex,Psyduck [ASC 226],1,1,2,0.5,1.0,0.5,Psyduck,pokemon,1,I
gengar-ex,Rare Candy,2,6,2,1.0,3.0,3.0,Rare Candy,trainer,1,F/G/I
gengar-ex,Shaymin [DRI 10],2,2,2,1.0,1.0,1.0,Shaymin,pokemon,1,I
gengar-ex,Special Red Card,2,2,2,1.0,1.0,1.0,Special Red Card,trainer,1,J
gengar-ex,Tatsugiri [SVP 118],1,1,2,0.5,1.0,0.5,Tatsugiri,pokemon,0,H
gengar-ex,Team Rocket's Petrel,1,2,2,0.5,2.0,1.0,Team Rocket's Petrel,trainer,1,I
gengar-ex,Team Rocket's Watchtower,1,2,2,0.5,2.0,1.0,Team Rocket's Watchtower,trainer,1,I
gengar-ex,Toxel [MEP 78],2,4,2,1.0,2.0,2.0,Toxel,pokemon,1,I
gengar-ex,Toxtricity [MEP 17],2,4,2,1.0,2.0,2.0,Toxtricity,pokemon,1,I
gengar-ex,Ultra Ball,2,7,2,1.0,3.5,3.5,Ultra Ball,trainer,1,F/G/I
gengar-ex,Unfair Stamp,1,1,2,0.5,1.0,0.5,Unfair Stamp,trainer,0,H
greninja-ex,Air Balloon,9,12,33,0.2727272727272727,1.3333333333333333,0.36363636363636365,Air Balloon,trainer,1,I
greninja-ex,Area Zero Underdepths,1,1,33,0.030303030303030304,1.0,0.030303030303030304,Area Zero Underdepths,trainer,0,H
greninja-ex,Battle Cage,2,3,33,0.06060606060606061,1.5,0.09090909090909091,Battle Cage,trainer,1,I
greninja-ex,Black Belt's Training,1,1,33,0.030303030303030304,1.0,0.030303030303030304,Black Belt's Training,trainer,0,H
greninja-ex,Bloodmoon Ursaluna ex [PRE 168],2,2,33,0.06060606060606061,1.0,0.06060606060606061,Bloodmoon Ursaluna ex,pokemon,0,H
greninja-ex,Boss's Orders,33,70,33,1.0,2.121212121212121,2.121212121212121,Boss's Orders,trainer,1,G/I
greninja-ex,Brock's Scouting,2,2,33,0.06060606060606061,1.0,0.06060606060606061,Brock's Scouting,trainer,1,I
greninja-ex,Bubbly Water Energy,9,9,33,0.2727272727272727,1.0,0.2727272727272727,Bubbly Water Energy,energy,1,J
greninja-ex,Buddy-Buddy Poffin,33,130,33,1.0,3.9393939393939394,3.9393939393939394,Buddy-Buddy Poffin,trainer,0,H
greninja-ex,Budew [ASC 16],30,31,33,0.9090909090909091,1.0333333333333334,0.9393939393939394,Budew,pokemon,0,H
greninja-ex,Carmine,2,2,33,0.06060606060606061,1.0,0.06060606060606061,Carmine,trainer,0,H
greninja-ex,Colress's Tenacity,31,64,33,0.9393939393939394,2.064516129032258,1.9393939393939394,Colress's Tenacity,trainer,0,H
greninja-ex,Crushing Hammer,1,1,33,0.030303030303030304,1.0,0.030303030303030304,Crushing Hammer,trainer,1,F/G/J
greninja-ex,Dawn,3,3,33,0.09090909090909091,1.0,0.09090909090909091,Dawn,trainer,1,I
greninja-ex,Dragapult ex [ASC 160],1,1,33,0.030303030303030304,1.0,0.030303030303030304,Dragapult ex,pokemon,0,H
greninja-ex,Drakloak [ASC 159],1,3,33,0.030303030303030304,3.0,0.09090909090909091,Drakloak,pokemon,0,H
greninja-ex,Dreepy [ASC 158],1,3,33,0.030303030303030304,3.0,0.09090909090909091,Dreepy,pokemon,0,H
greninja-ex,Dudunsparce [PRE 80],4,7,33,0.12121212121212122,1.75,0.21212121212121213,Dudunsparce,pokemon,0,H
greninja-ex,Dudunsparce ex [JTG 121],3,3,33,0.09090909090909091,1.0,0.09090909090909091,Dudunsparce ex,pokemon,1,I
greninja-ex,Dunsparce [JTG 120],2,3,33,0.06060606060606061,1.5,0.09090909090909091,Dunsparce,pokemon,1,I
greninja-ex,Dunsparce [PRE 79],3,5,33,0.09090909090909091,1.6666666666666667,0.15151515151515152,Dunsparce,pokemon,0,H
greninja-ex,Dusclops [PRE 36],29,54,33,0.8787878787878788,1.8620689655172413,1.6363636363636365,Dusclops,pokemon,0,H
greninja-ex,Dusknoir [PRE 37],29,56,33,0.8787878787878788,1.9310344827586208,1.696969696969697,Dusknoir,pokemon,0,H
greninja-ex,Duskull [PRE 35],29,60,33,0.8787878787878788,2.0689655172413794,1.8181818181818181,Duskull,pokemon,0,H
greninja-ex,Energy Search,1,1,33,0.030303030303030304,1.0,0.030303030303030304,Energy Search,trainer,1,F/G/J
greninja-ex,Fezandipiti ex [ASC 142],28,28,33,0.8484848484848485,1.0,0.8484848484848485,Fezandipiti ex,pokemon,0,H
greninja-ex,Froakie [CRI 20],32,100,33,0.9696969696969697,3.125,3.0303030303030303,Froakie,pokemon,1,J
greninja-ex,Froakie [TWM 56],1,4,33,0.030303030303030304,4.0,0.12121212121212122,Froakie,pokemon,0,H
greninja-ex,Frogadier [CRI 21],32,61,33,0.9696969696969697,1.90625,1.8484848484848484,Frogadier,pokemon,1,J
greninja-ex,Frogadier [TWM 57],4,5,33,0.12121212121212122,1.25,0.15151515151515152,Frogadier,pokemon,0,H
greninja-ex,Glalie [TWM 52],7,7,33,0.21212121212121213,1.0,0.21212121212121213,Glalie,pokemon,0,H
greninja-ex,Grand Tree,31,31,33,0.9393939393939394,1.0,0.9393939393939394,Grand Tree,trainer,0,H
greninja-ex,Gravity Gemstone,1,1,33,0.030303030303030304,1.0,0.030303030303030304,Gravity Gemstone,trainer,0,H
greninja-ex,Gravity Mountain,12,12,33,0.36363636363636365,1.0,0.36363636363636365,Gravity Mountain,trainer,0,H
greninja-ex,Greninja ex [30C 148],6,7,33,0.18181818181818182,1.1666666666666667,0.21212121212121213,Greninja ex,pokemon,1,J
greninja-ex,Greninja ex [TWM 106],33,68,33,1.0,2.0606060606060606,2.0606060606060606,Greninja ex,pokemon,0,H
greninja-ex,Hilda,33,73,33,1.0,2.212121212121212,2.212121212121212,Hilda,trainer,1,I
greninja-ex,Ignition Energy,33,90,33,1.0,2.727272727272727,2.727272727272727,Ignition Energy,energy,1,I
greninja-ex,Jamming Tower,8,8,33,0.24242424242424243,1.0,0.24242424242424243,Jamming Tower,trainer,0,H
greninja-ex,Judge,14,15,33,0.42424242424242425,1.0714285714285714,0.45454545454545453,Judge,trainer,1,G/J
greninja-ex,Kieran,5,5,33,0.15151515151515152,1.0,0.15151515151515152,Kieran,trainer,0,H
greninja-ex,Latias ex [SSP 220],16,16,33,0.48484848484848486,1.0,0.48484848484848486,Latias ex,pokemon,0,H
greninja-ex,Legacy Energy,1,1,33,0.030303030303030304,1.0,0.030303030303030304,Legacy Energy,energy,0,H
greninja-ex,Lillie's Clefairy ex [ASC 280],1,1,33,0.030303030303030304,1.0,0.030303030303030304,Lillie's Clefairy ex,pokemon,1,I
greninja-ex,Lillie's Determination,33,123,33,1.0,3.727272727272727,3.727272727272727,Lillie's Determination,trainer,1,I
greninja-ex,Lucian,1,1,33,0.030303030303030304,1.0,0.030303030303030304,Lucian,trainer,0,H
greninja-ex,Mega Froslass ex [ASC 265],25,31,33,0.7575757575757576,1.24,0.9393939393939394,Mega Froslass ex,pokemon,1,I
greninja-ex,Mega Greninja ex [CRI 100],7,7,33,0.21212121212121213,1.0,0.21212121212121213,Mega Greninja ex,pokemon,1,J
greninja-ex,Mega Starmie ex [POR 102],14,16,33,0.42424242424242425,1.1428571428571428,0.48484848484848486,Mega Starmie ex,pokemon,1,J
greninja-ex,Meowth ex [POR 107],33,52,33,1.0,1.5757575757575757,1.5757575757575757,Meowth ex,pokemon,1,J
greninja-ex,Mew ex [30C 152],1,1,33,0.030303030303030304,1.0,0.030303030303030304,Mew ex,pokemon,1,J
greninja-ex,N's Zoroark ex [ASC 137],2,4,33,0.06060606060606061,2.0,0.12121212121212122,N's Zoroark ex,pokemon,1,I
greninja-ex,N's Zorua [ASC 136],2,4,33,0.06060606060606061,2.0,0.12121212121212122,N's Zorua,pokemon,1,I
greninja-ex,Neo Upper Energy,1,1,33,0.030303030303030304,1.0,0.030303030303030304,Neo Upper Energy,energy,0,H
greninja-ex,Night Stretcher,31,48,33,0.9393939393939394,1.5483870967741935,1.4545454545454546,Night Stretcher,trainer,0,H
greninja-ex,Nighttime Mine,1,1,33,0.030303030303030304,1.0,0.030303030303030304,Nighttime Mine,trainer,1,I
greninja-ex,Patrat [CRI 70],1,1,33,0.030303030303030304,1.0,0.030303030303030304,Patrat,pokemon,1,J
greninja-ex,Poké Pad,33,96,33,1.0,2.909090909090909,2.909090909090909,Poké Pad,trainer,1,J
greninja-ex,Powerglass,1,1,33,0.030303030303030304,1.0,0.030303030303030304,Powerglass,trainer,0,H
greninja-ex,Psyduck [ASC 226],2,2,33,0.06060606060606061,1.0,0.06060606060606061,Psyduck,pokemon,1,I
greninja-ex,Rare Candy,33,85,33,1.0,2.5757575757575757,2.5757575757575757,Rare Candy,trainer,1,F/G/I
greninja-ex,Sacred Ash,5,5,33,0.15151515151515152,1.0,0.15151515151515152,Sacred Ash,trainer,1,I
greninja-ex,Salvatore,5,5,33,0.15151515151515152,1.0,0.15151515151515152,Salvatore,trainer,0,H
greninja-ex,Shaymin [DRI 10],9,9,33,0.2727272727272727,1.0,0.2727272727272727,Shaymin,pokemon,1,I
greninja-ex,Snorunt [ASC 227],25,40,33,0.7575757575757576,1.6,1.2121212121212122,Snorunt,pokemon,1,I
greninja-ex,Special Red Card,22,23,33,0.6666666666666666,1.0454545454545454,0.696969696969697,Special Red Card,trainer,1,J
greninja-ex,Staryu [POR 20],14,16,33,0.42424242424242425,1.1428571428571428,0.48484848484848486,Staryu,pokemon,1,J
greninja-ex,Surfer,7,7,33,0.21212121212121213,1.0,0.21212121212121213,Surfer,trainer,0,H
greninja-ex,Surfing Beach,5,5,33,0.15151515151515152,1.0,0.15151515151515152,Surfing Beach,trainer,1,I
greninja-ex,Switch,15,16,33,0.45454545454545453,1.0666666666666667,0.48484848484848486,Switch,trainer,1,F/G/I
greninja-ex,Team Rocket's Petrel,8,8,33,0.24242424242424243,1.0,0.24242424242424243,Team Rocket's Petrel,trainer,1,I
greninja-ex,Team Rocket's Watchtower,2,2,33,0.06060606060606061,1.0,0.06060606060606061,Team Rocket's Watchtower,trainer,1,I
greninja-ex,Ultra Ball,33,105,33,1.0,3.1818181818181817,3.1818181818181817,Ultra Ball,trainer,1,F/G/I
greninja-ex,Wally's Compassion,4,4,33,0.12121212121212122,1.0,0.12121212121212122,Wally's Compassion,trainer,1,I
greninja-ex,Water Energy,33,197,33,1.0,5.96969696969697,5.96969696969697,Water Energy,energy,1,basic
greninja-ex,Wellspring Mask Ogerpon ex [PRE 152],1,2,33,0.030303030303030304,2.0,0.06060606060606061,Wellspring Mask Ogerpon ex,pokemon,0,H
greninja-ex,Xerosic's Machinations,2,2,33,0.06060606060606061,1.0,0.06060606060606061,Xerosic's Machinations,trainer,0,H
greninja-froslass,Air Balloon,1,1,1,1.0,1.0,1.0,Air Balloon,trainer,1,I
greninja-froslass,Boss's Orders,1,2,1,1.0,2.0,2.0,Boss's Orders,trainer,1,G/I
greninja-froslass,Buddy-Buddy Poffin,1,4,1,1.0,4.0,4.0,Buddy-Buddy Poffin,trainer,0,H
greninja-froslass,Budew [ASC 16],1,1,1,1.0,1.0,1.0,Budew,pokemon,0,H
greninja-froslass,Darkness Energy,1,3,1,1.0,3.0,3.0,Darkness Energy,energy,1,basic
greninja-froslass,Energy Search,1,1,1,1.0,1.0,1.0,Energy Search,trainer,1,F/G/J
greninja-froslass,Froakie [CRI 20],1,3,1,1.0,3.0,3.0,Froakie,pokemon,1,J
greninja-froslass,Frogadier [CRI 21],1,1,1,1.0,1.0,1.0,Frogadier,pokemon,1,J
greninja-froslass,Froslass [SVP 117],1,2,1,1.0,2.0,2.0,Froslass,pokemon,0,H
greninja-froslass,Greninja ex [30C 148],1,3,1,1.0,3.0,3.0,Greninja ex,pokemon,1,J
greninja-froslass,Hilda,1,3,1,1.0,3.0,3.0,Hilda,trainer,1,I
greninja-froslass,Lillie's Determination,1,4,1,1.0,4.0,4.0,Lillie's Determination,trainer,1,I
greninja-froslass,Mega Froslass ex [ASC 265],1,2,1,1.0,2.0,2.0,Mega Froslass ex,pokemon,1,I
greninja-froslass,Munkidori [ASC 99],1,3,1,1.0,3.0,3.0,Munkidori,pokemon,0,H
greninja-froslass,Night Stretcher,1,2,1,1.0,2.0,2.0,Night Stretcher,trainer,0,H
greninja-froslass,Poké Pad,1,4,1,1.0,4.0,4.0,Poké Pad,trainer,1,J
greninja-froslass,Pokégear 3.0,1,2,1,1.0,2.0,2.0,Pokégear 3.0,trainer,1,G/I
greninja-froslass,Rare Candy,1,3,1,1.0,3.0,3.0,Rare Candy,trainer,1,F/G/I
greninja-froslass,Shaymin [DRI 10],1,1,1,1.0,1.0,1.0,Shaymin,pokemon,1,I
greninja-froslass,Snorunt [ASC 227],1,4,1,1.0,4.0,4.0,Snorunt,pokemon,1,I
greninja-froslass,Surfing Beach,1,3,1,1.0,3.0,3.0,Surfing Beach,trainer,1,I
greninja-froslass,Ultra Ball,1,3,1,1.0,3.0,3.0,Ultra Ball,trainer,1,F/G/I
greninja-froslass,Unfair Stamp,1,1,1,1.0,1.0,1.0,Unfair Stamp,trainer,0,H
greninja-froslass,Water Energy,1,4,1,1.0,4.0,4.0,Water Energy,energy,1,basic
grimmsnarl-froslass,Air Balloon,96,103,99,0.9696969696969697,1.0729166666666667,1.0404040404040404,Air Balloon,trainer,1,I
grimmsnarl-froslass,Bloodmoon Ursaluna ex [PRE 168],13,13,99,0.13131313131313133,1.0,0.13131313131313133,Bloodmoon Ursaluna ex,pokemon,0,H
grimmsnarl-froslass,Boss's Orders,98,273,99,0.98989898989899,2.7857142857142856,2.757575757575758,Boss's Orders,trainer,1,G/I
grimmsnarl-froslass,Bubbly Water Energy,1,1,99,0.010101010101010102,1.0,0.010101010101010102,Bubbly Water Energy,energy,1,J
grimmsnarl-froslass,Buddy-Buddy Poffin,98,217,99,0.98989898989899,2.2142857142857144,2.191919191919192,Buddy-Buddy Poffin,trainer,0,H
grimmsnarl-froslass,Budew [ASC 16],97,148,99,0.9797979797979798,1.5257731958762886,1.494949494949495,Budew,pokemon,0,H
grimmsnarl-froslass,Colress's Tenacity,3,4,99,0.030303030303030304,1.3333333333333333,0.04040404040404041,Colress's Tenacity,trainer,0,H
grimmsnarl-froslass,Crispin,1,1,99,0.010101010101010102,1.0,0.010101010101010102,Crispin,trainer,0,H
grimmsnarl-froslass,Crushing Hammer,1,2,99,0.010101010101010102,2.0,0.020202020202020204,Crushing Hammer,trainer,1,F/G/J
grimmsnarl-froslass,Dark Bell,17,17,99,0.1717171717171717,1.0,0.1717171717171717,Dark Bell,trainer,1,J
grimmsnarl-froslass,Darkness Energy,98,866,99,0.98989898989899,8.83673469387755,8.747474747474747,Darkness Energy,energy,1,basic
grimmsnarl-froslass,Dawn,4,7,99,0.04040404040404041,1.75,0.0707070707070707,Dawn,trainer,1,I
grimmsnarl-froslass,Dudunsparce [PRE 80],3,3,99,0.030303030303030304,1.0,0.030303030303030304,Dudunsparce,pokemon,0,H
grimmsnarl-froslass,Dunsparce [JTG 120],2,2,99,0.020202020202020204,1.0,0.020202020202020204,Dunsparce,pokemon,1,I
grimmsnarl-froslass,Dunsparce [PRE 79],1,1,99,0.010101010101010102,1.0,0.010101010101010102,Dunsparce,pokemon,0,H
grimmsnarl-froslass,Dusclops [PRE 36],1,1,99,0.010101010101010102,1.0,0.010101010101010102,Dusclops,pokemon,0,H
grimmsnarl-froslass,Dusknoir [PRE 37],1,1,99,0.010101010101010102,1.0,0.010101010101010102,Dusknoir,pokemon,0,H
grimmsnarl-froslass,Duskull [PRE 35],1,1,99,0.010101010101010102,1.0,0.010101010101010102,Duskull,pokemon,0,H
grimmsnarl-froslass,Energy Recycler,6,6,99,0.06060606060606061,1.0,0.06060606060606061,Energy Recycler,trainer,1,I
grimmsnarl-froslass,Energy Search,4,4,99,0.04040404040404041,1.0,0.04040404040404041,Energy Search,trainer,1,F/G/J
grimmsnarl-froslass,Energy Switch,48,49,99,0.48484848484848486,1.0208333333333333,0.494949494949495,Energy Switch,trainer,1,F/G/I
grimmsnarl-froslass,Fezandipiti ex [ASC 142],4,4,99,0.04040404040404041,1.0,0.04040404040404041,Fezandipiti ex,pokemon,0,H
grimmsnarl-froslass,Froslass [SVP 117],98,266,99,0.98989898989899,2.7142857142857144,2.686868686868687,Froslass,pokemon,0,H
grimmsnarl-froslass,Gwynn,92,196,99,0.9292929292929293,2.130434782608696,1.97979797979798,Gwynn,trainer,1,J
grimmsnarl-froslass,Handheld Fan,1,1,99,0.010101010101010102,1.0,0.010101010101010102,Handheld Fan,trainer,0,H
grimmsnarl-froslass,Hassel,1,1,99,0.010101010101010102,1.0,0.010101010101010102,Hassel,trainer,0,H
grimmsnarl-froslass,Hero's Cape,2,2,99,0.020202020202020204,1.0,0.020202020202020204,Hero's Cape,trainer,0,H
grimmsnarl-froslass,Hilda,3,5,99,0.030303030303030304,1.6666666666666667,0.050505050505050504,Hilda,trainer,1,I
grimmsnarl-froslass,Hop's Cramorant [ASC 177],1,1,99,0.010101010101010102,1.0,0.010101010101010102,Hop's Cramorant,pokemon,1,I
grimmsnarl-froslass,Iris's Fighting Spirit,1,1,99,0.010101010101010102,1.0,0.010101010101010102,Iris's Fighting Spirit,trainer,1,I
grimmsnarl-froslass,Judge,16,18,99,0.16161616161616163,1.125,0.18181818181818182,Judge,trainer,1,G/J
grimmsnarl-froslass,Larry's Skill,3,5,99,0.030303030303030304,1.6666666666666667,0.050505050505050504,Larry's Skill,trainer,0,H
grimmsnarl-froslass,Lillie's Determination,97,384,99,0.9797979797979798,3.9587628865979383,3.878787878787879,Lillie's Determination,trainer,1,I
grimmsnarl-froslass,Lucky Helmet,1,1,99,0.010101010101010102,1.0,0.010101010101010102,Lucky Helmet,trainer,0,H
grimmsnarl-froslass,Lumiose City,1,1,99,0.010101010101010102,1.0,0.010101010101010102,Lumiose City,trainer,1,J
grimmsnarl-froslass,Maractus [JTG 160],1,1,99,0.010101010101010102,1.0,0.010101010101010102,Maractus,pokemon,1,I
grimmsnarl-froslass,Marnie's Grimmsnarl ex [ASC 287],98,237,99,0.98989898989899,2.4183673469387754,2.393939393939394,Marnie's Grimmsnarl ex,pokemon,1,I
grimmsnarl-froslass,Marnie's Impidimp [DRI 134],98,346,99,0.98989898989899,3.5306122448979593,3.494949494949495,Marnie's Impidimp,pokemon,1,I
grimmsnarl-froslass,Marnie's Morgrem [DRI 135],98,242,99,0.98989898989899,2.4693877551020407,2.4444444444444446,Marnie's Morgrem,pokemon,1,I
grimmsnarl-froslass,Marnie's Morpeko [DRI 137],6,6,99,0.06060606060606061,1.0,0.06060606060606061,Marnie's Morpeko,pokemon,1,I
grimmsnarl-froslass,Mega Froslass ex [ASC 265],4,4,99,0.04040404040404041,1.0,0.04040404040404041,Mega Froslass ex,pokemon,1,I
grimmsnarl-froslass,Meowth ex [POR 107],3,3,99,0.030303030303030304,1.0,0.030303030303030304,Meowth ex,pokemon,1,J
grimmsnarl-froslass,Moltres [PFL 14],1,1,99,0.010101010101010102,1.0,0.010101010101010102,Moltres,pokemon,1,I
grimmsnarl-froslass,Morty's Conviction,1,2,99,0.010101010101010102,2.0,0.020202020202020204,Morty's Conviction,trainer,0,H
grimmsnarl-froslass,Munkidori [ASC 99],98,381,99,0.98989898989899,3.8877551020408165,3.8484848484848486,Munkidori,pokemon,0,H
grimmsnarl-froslass,Night Stretcher,98,216,99,0.98989898989899,2.204081632653061,2.1818181818181817,Night Stretcher,trainer,0,H
grimmsnarl-froslass,Pecharunt ex [PRE 163],1,1,99,0.010101010101010102,1.0,0.010101010101010102,Pecharunt ex,pokemon,0,H
grimmsnarl-froslass,Poké Pad,98,387,99,0.98989898989899,3.9489795918367347,3.909090909090909,Poké Pad,trainer,1,J
grimmsnarl-froslass,Pokégear 3.0,46,53,99,0.46464646464646464,1.1521739130434783,0.5353535353535354,Pokégear 3.0,trainer,1,G/I
grimmsnarl-froslass,Pokémon Catcher,2,3,99,0.020202020202020204,1.5,0.030303030303030304,Pokémon Catcher,trainer,1,F/G/J
grimmsnarl-froslass,Precious Trolley,1,1,99,0.010101010101010102,1.0,0.010101010101010102,Precious Trolley,trainer,0,H
grimmsnarl-froslass,Prism Energy,5,8,99,0.050505050505050504,1.6,0.08080808080808081,Prism Energy,energy,1,I
grimmsnarl-froslass,Psychic Energy,1,1,99,0.010101010101010102,1.0,0.010101010101010102,Psychic Energy,energy,1,basic
grimmsnarl-froslass,Psyduck [ASC 226],21,21,99,0.21212121212121213,1.0,0.21212121212121213,Psyduck,pokemon,1,I
grimmsnarl-froslass,Punk Helmet,4,4,99,0.04040404040404041,1.0,0.04040404040404041,Punk Helmet,trainer,1,I
grimmsnarl-froslass,Rare Candy,98,150,99,0.98989898989899,1.530612244897959,1.5151515151515151,Rare Candy,trainer,1,F/G/I
grimmsnarl-froslass,Risky Ruins,1,1,99,0.010101010101010102,1.0,0.010101010101010102,Risky Ruins,trainer,1,I
grimmsnarl-froslass,Secret Box,87,88,99,0.8787878787878788,1.0114942528735633,0.8888888888888888,Secret Box,trainer,0,H
grimmsnarl-froslass,Shaymin [DRI 10],61,61,99,0.6161616161616161,1.0,0.6161616161616161,Shaymin,pokemon,1,I
grimmsnarl-froslass,Snorunt [ASC 227],97,272,99,0.9797979797979798,2.804123711340206,2.7474747474747474,Snorunt,pokemon,1,I
grimmsnarl-froslass,Snorunt [TWM 51],1,3,99,0.010101010101010102,3.0,0.030303030303030304,Snorunt,pokemon,0,H
grimmsnarl-froslass,Special Red Card,94,96,99,0.9494949494949495,1.0212765957446808,0.9696969696969697,Special Red Card,trainer,1,J
grimmsnarl-froslass,Spikemuth Gym,98,352,99,0.98989898989899,3.5918367346938775,3.5555555555555554,Spikemuth Gym,trainer,1,I
grimmsnarl-froslass,Switch,1,1,99,0.010101010101010102,1.0,0.010101010101010102,Switch,trainer,1,F/G/I
grimmsnarl-froslass,Tatsugiri [SVP 118],17,17,99,0.1717171717171717,1.0,0.1717171717171717,Tatsugiri,pokemon,0,H
grimmsnarl-froslass,Team Rocket's Petrel,95,226,99,0.9595959595959596,2.3789473684210525,2.282828282828283,Team Rocket's Petrel,trainer,1,I
grimmsnarl-froslass,Team Rocket's Sneasel [DRI 128],1,1,99,0.010101010101010102,1.0,0.010101010101010102,Team Rocket's Sneasel,pokemon,1,I
grimmsnarl-froslass,Team Rocket's Transceiver,1,2,99,0.010101010101010102,2.0,0.020202020202020204,Team Rocket's Transceiver,trainer,1,I
grimmsnarl-froslass,Team Rocket's Watchtower,20,20,99,0.20202020202020202,1.0,0.20202020202020202,Team Rocket's Watchtower,trainer,1,I
grimmsnarl-froslass,Tool Scrapper,3,3,99,0.030303030303030304,1.0,0.030303030303030304,Tool Scrapper,trainer,1,I
grimmsnarl-froslass,Tremendous Bomb,1,1,99,0.010101010101010102,1.0,0.010101010101010102,Tremendous Bomb,trainer,1,J
grimmsnarl-froslass,Ultra Ball,11,12,99,0.1111111111111111,1.0909090909090908,0.12121212121212122,Ultra Ball,trainer,1,F/G/I
grimmsnarl-froslass,Unfair Stamp,8,8,99,0.08080808080808081,1.0,0.08080808080808081,Unfair Stamp,trainer,0,H
grimmsnarl-froslass,Water Energy,3,7,99,0.030303030303030304,2.3333333333333335,0.0707070707070707,Water Energy,energy,1,basic
grimmsnarl-froslass,Xerosic's Machinations,1,1,99,0.010101010101010102,1.0,0.010101010101010102,Xerosic's Machinations,trainer,0,H
grimmsnarl-froslass,Yveltal [MEG 88],91,94,99,0.9191919191919192,1.032967032967033,0.9494949494949495,Yveltal,pokemon,1,I
heatran-metang,Battle Cage,1,1,1,1.0,1.0,1.0,Battle Cage,trainer,1,I
heatran-metang,Beldum [CRI 59],1,4,1,1.0,4.0,4.0,Beldum,pokemon,1,J
heatran-metang,Brock's Scouting,1,1,1,1.0,1.0,1.0,Brock's Scouting,trainer,1,I
heatran-metang,Buddy-Buddy Poffin,1,2,1,1.0,2.0,2.0,Buddy-Buddy Poffin,trainer,0,H
heatran-metang,Energy Recycler,1,3,1,1.0,3.0,3.0,Energy Recycler,trainer,1,I
heatran-metang,Genesect ex [BLK 161],1,2,1,1.0,2.0,2.0,Genesect ex,pokemon,1,I
heatran-metang,Heatran [TWM 123],1,4,1,1.0,4.0,4.0,Heatran,pokemon,0,H
heatran-metang,Lana's Aid,1,1,1,1.0,1.0,1.0,Lana's Aid,trainer,0,H
heatran-metang,Metagross [CRI 61],1,1,1,1.0,1.0,1.0,Metagross,pokemon,1,J
heatran-metang,Metal Energy,1,24,1,1.0,24.0,24.0,Metal Energy,energy,1,basic
heatran-metang,Metang [SVP 90],1,4,1,1.0,4.0,4.0,Metang,pokemon,0,H
heatran-metang,Poké Pad,1,3,1,1.0,3.0,3.0,Poké Pad,trainer,1,J
heatran-metang,Precious Trolley,1,1,1,1.0,1.0,1.0,Precious Trolley,trainer,0,H
heatran-metang,Shaymin [DRI 10],1,1,1,1.0,1.0,1.0,Shaymin,pokemon,1,I
heatran-metang,Team Rocket's Petrel,1,4,1,1.0,4.0,4.0,Team Rocket's Petrel,trainer,1,I
heatran-metang,Team Rocket's Transceiver,1,4,1,1.0,4.0,4.0,Team Rocket's Transceiver,trainer,1,I
hop-zacian,Air Balloon,2,3,8,0.25,1.5,0.375,Air Balloon,trainer,1,I
hop-zacian,Archaludon ex [SSP 130],1,3,8,0.125,3.0,0.375,Archaludon ex,pokemon,0,H
hop-zacian,Battle Cage,2,2,8,0.25,1.0,0.25,Battle Cage,trainer,1,I
hop-zacian,Black Belt's Training,1,1,8,0.125,1.0,0.125,Black Belt's Training,trainer,0,H
hop-zacian,Bloodmoon Ursaluna ex [PRE 168],4,4,8,0.5,1.0,0.5,Bloodmoon Ursaluna ex,pokemon,0,H
hop-zacian,Boss's Orders,8,23,8,1.0,2.875,2.875,Boss's Orders,trainer,1,G/I
hop-zacian,Brock's Scouting,1,1,8,0.125,1.0,0.125,Brock's Scouting,trainer,1,I
hop-zacian,Buddy-Buddy Poffin,1,2,8,0.125,2.0,0.25,Buddy-Buddy Poffin,trainer,0,H
hop-zacian,Cyrano,2,3,8,0.25,1.5,0.375,Cyrano,trainer,0,H
hop-zacian,Darkness Energy,1,5,8,0.125,5.0,0.625,Darkness Energy,energy,1,basic
hop-zacian,Duraludon [PRE 69],1,3,8,0.125,3.0,0.375,Duraludon,pokemon,0,H
hop-zacian,Dusclops [PRE 36],1,2,8,0.125,2.0,0.25,Dusclops,pokemon,0,H
hop-zacian,Dusknoir [PRE 37],1,1,8,0.125,1.0,0.125,Dusknoir,pokemon,0,H
hop-zacian,Duskull [PRE 35],1,2,8,0.125,2.0,0.25,Duskull,pokemon,0,H
hop-zacian,Energy Search,3,5,8,0.375,1.6666666666666667,0.625,Energy Search,trainer,1,F/G/J
hop-zacian,Energy Switch,1,1,8,0.125,1.0,0.125,Energy Switch,trainer,1,F/G/I
hop-zacian,Fezandipiti ex [ASC 142],6,6,8,0.75,1.0,0.75,Fezandipiti ex,pokemon,0,H
hop-zacian,Genesect [SFA 40],1,1,8,0.125,1.0,0.125,Genesect,pokemon,0,H
hop-zacian,Hilda,1,2,8,0.125,2.0,0.25,Hilda,trainer,1,I
hop-zacian,Hop's Bag,8,22,8,1.0,2.75,2.75,Hop's Bag,trainer,1,I
hop-zacian,Hop's Choice Band,8,32,8,1.0,4.0,4.0,Hop's Choice Band,trainer,1,I
hop-zacian,Hop's Cramorant [ASC 177],5,8,8,0.625,1.6,1.0,Hop's Cramorant,pokemon,1,I
hop-zacian,Hop's Dubwool [JTG 136],1,1,8,0.125,1.0,0.125,Hop's Dubwool,pokemon,1,I
hop-zacian,Hop's Phantump [ASC 95],5,14,8,0.625,2.8,1.75,Hop's Phantump,pokemon,1,I
hop-zacian,Hop's Snorlax [JTG 117],8,15,8,1.0,1.875,1.875,Hop's Snorlax,pokemon,1,I
hop-zacian,Hop's Trevenant [ASC 237],5,9,8,0.625,1.8,1.125,Hop's Trevenant,pokemon,1,I
hop-zacian,Hop's Wooloo [JTG 135],1,1,8,0.125,1.0,0.125,Hop's Wooloo,pokemon,1,I
hop-zacian,Hop's Zacian ex [JTG 111],8,20,8,1.0,2.5,2.5,Hop's Zacian ex,pokemon,1,I
hop-zacian,Iris's Fighting Spirit,1,1,8,0.125,1.0,0.125,Iris's Fighting Spirit,trainer,1,I
hop-zacian,Judge,3,7,8,0.375,2.3333333333333335,0.875,Judge,trainer,1,G/J
hop-zacian,Kieran,2,2,8,0.25,1.0,0.25,Kieran,trainer,0,H
hop-zacian,Kofu,1,3,8,0.125,3.0,0.375,Kofu,trainer,0,H
hop-zacian,Lana's Aid,1,1,8,0.125,1.0,0.125,Lana's Aid,trainer,0,H
hop-zacian,Latias ex [SSP 220],6,7,8,0.75,1.1666666666666667,0.875,Latias ex,pokemon,0,H
hop-zacian,Lillie's Clefairy ex [ASC 280],3,3,8,0.375,1.0,0.375,Lillie's Clefairy ex,pokemon,1,I
hop-zacian,Lillie's Determination,8,29,8,1.0,3.625,3.625,Lillie's Determination,trainer,1,I
hop-zacian,Magnetic Metal Energy,1,2,8,0.125,2.0,0.25,Magnetic Metal Energy,energy,1,J
hop-zacian,Mega Mawile ex [MEG 162],2,2,8,0.25,1.0,0.25,Mega Mawile ex,pokemon,1,I
hop-zacian,Meowth ex [POR 107],3,3,8,0.375,1.0,0.375,Meowth ex,pokemon,1,J
hop-zacian,Metal Energy,6,36,8,0.75,6.0,4.5,Metal Energy,energy,1,basic
hop-zacian,Mist Energy,2,4,8,0.25,2.0,0.5,Mist Energy,energy,0,H
hop-zacian,Munkidori [ASC 99],1,1,8,0.125,1.0,0.125,Munkidori,pokemon,0,H
hop-zacian,N's Zoroark ex [ASC 137],1,4,8,0.125,4.0,0.5,N's Zoroark ex,pokemon,1,I
hop-zacian,N's Zorua [ASC 136],1,4,8,0.125,4.0,0.5,N's Zorua,pokemon,1,I
hop-zacian,Night Stretcher,8,15,8,1.0,1.875,1.875,Night Stretcher,trainer,0,H
hop-zacian,Nighttime Mine,1,1,8,0.125,1.0,0.125,Nighttime Mine,trainer,1,I
hop-zacian,Patrat [CRI 70],1,1,8,0.125,1.0,0.125,Patrat,pokemon,1,J
hop-zacian,Philippe,5,7,8,0.625,1.4,0.875,Philippe,trainer,1,J
hop-zacian,Poké Pad,7,16,8,0.875,2.2857142857142856,2.0,Poké Pad,trainer,1,J
hop-zacian,Pokégear 3.0,6,14,8,0.75,2.3333333333333335,1.75,Pokégear 3.0,trainer,1,G/I
hop-zacian,Pokémon Catcher,1,3,8,0.125,3.0,0.375,Pokémon Catcher,trainer,1,F/G/J
hop-zacian,Postwick,8,28,8,1.0,3.5,3.5,Postwick,trainer,1,I
hop-zacian,Prime Catcher,1,1,8,0.125,1.0,0.125,Prime Catcher,trainer,0,H
hop-zacian,Prism Energy,1,1,8,0.125,1.0,0.125,Prism Energy,energy,1,I
hop-zacian,Psychic Energy,1,1,8,0.125,1.0,0.125,Psychic Energy,energy,1,basic
hop-zacian,Psyduck [ASC 226],1,1,8,0.125,1.0,0.125,Psyduck,pokemon,1,I
hop-zacian,Repel,1,1,8,0.125,1.0,0.125,Repel,trainer,1,I
hop-zacian,Ruffian,1,1,8,0.125,1.0,0.125,Ruffian,trainer,1,I
hop-zacian,Secret Box,7,7,8,0.875,1.0,0.875,Secret Box,trainer,0,H
hop-zacian,Shaymin [DRI 10],2,2,8,0.25,1.0,0.25,Shaymin,pokemon,1,I
hop-zacian,Special Red Card,7,7,8,0.875,1.0,0.875,Special Red Card,trainer,1,J
hop-zacian,Super Potion,1,1,8,0.125,1.0,0.125,Super Potion,trainer,1,I
hop-zacian,Switch,6,9,8,0.75,1.5,1.125,Switch,trainer,1,F/G/I
hop-zacian,Team Rocket's Petrel,6,18,8,0.75,3.0,2.25,Team Rocket's Petrel,trainer,1,I
hop-zacian,Team Rocket's Transceiver,3,7,8,0.375,2.3333333333333335,0.875,Team Rocket's Transceiver,trainer,1,I
hop-zacian,Telepathic Psychic Energy,3,9,8,0.375,3.0,1.125,Telepathic Psychic Energy,energy,1,J
hop-zacian,Tool Scrapper,2,2,8,0.25,1.0,0.25,Tool Scrapper,trainer,1,I
hop-zacian,Ultra Ball,8,23,8,1.0,2.875,2.875,Ultra Ball,trainer,1,F/G/I
hop-zacian,Xerosic's Machinations,2,2,8,0.25,1.0,0.25,Xerosic's Machinations,trainer,0,H
hop-zacian,Yveltal [MEG 88],1,1,8,0.125,1.0,0.125,Yveltal,pokemon,1,I
hops-trevenant,Air Balloon,23,23,35,0.6571428571428571,1.0,0.6571428571428571,Air Balloon,trainer,1,I
hops-trevenant,Battle Cage,2,2,35,0.05714285714285714,1.0,0.05714285714285714,Battle Cage,trainer,1,I
hops-trevenant,Bloodmoon Ursaluna ex [PRE 168],1,1,35,0.02857142857142857,1.0,0.02857142857142857,Bloodmoon Ursaluna ex,pokemon,0,H
hops-trevenant,Boss's Orders,35,107,35,1.0,3.057142857142857,3.057142857142857,Boss's Orders,trainer,1,G/I
hops-trevenant,Buddy-Buddy Poffin,2,5,35,0.05714285714285714,2.5,0.14285714285714285,Buddy-Buddy Poffin,trainer,0,H
hops-trevenant,Colress's Tenacity,3,4,35,0.08571428571428572,1.3333333333333333,0.11428571428571428,Colress's Tenacity,trainer,0,H
hops-trevenant,Crushing Hammer,1,2,35,0.02857142857142857,2.0,0.05714285714285714,Crushing Hammer,trainer,1,F/G/J
hops-trevenant,Dudunsparce [PRE 80],2,4,35,0.05714285714285714,2.0,0.11428571428571428,Dudunsparce,pokemon,0,H
hops-trevenant,Dunsparce [JTG 120],2,3,35,0.05714285714285714,1.5,0.08571428571428572,Dunsparce,pokemon,1,I
hops-trevenant,Dunsparce [PRE 79],1,1,35,0.02857142857142857,1.0,0.02857142857142857,Dunsparce,pokemon,0,H
hops-trevenant,Energy Search,1,1,35,0.02857142857142857,1.0,0.02857142857142857,Energy Search,trainer,1,F/G/J
hops-trevenant,Eri,1,1,35,0.02857142857142857,1.0,0.02857142857142857,Eri,trainer,0,H
hops-trevenant,Fezandipiti ex [ASC 142],6,6,35,0.17142857142857143,1.0,0.17142857142857143,Fezandipiti ex,pokemon,0,H
hops-trevenant,Flutter Mane [PRE 43],5,5,35,0.14285714285714285,1.0,0.14285714285714285,Flutter Mane,pokemon,0,H
hops-trevenant,Genesect [SFA 40],6,6,35,0.17142857142857143,1.0,0.17142857142857143,Genesect,pokemon,0,H
hops-trevenant,Hassel,33,62,35,0.9428571428571428,1.878787878787879,1.7714285714285714,Hassel,trainer,0,H
hops-trevenant,Hilda,5,9,35,0.14285714285714285,1.8,0.2571428571428571,Hilda,trainer,1,I
hops-trevenant,Hop's Bag,35,73,35,1.0,2.085714285714286,2.085714285714286,Hop's Bag,trainer,1,I
hops-trevenant,Hop's Choice Band,35,140,35,1.0,4.0,4.0,Hop's Choice Band,trainer,1,I
hops-trevenant,Hop's Cramorant [ASC 177],32,34,35,0.9142857142857143,1.0625,0.9714285714285714,Hop's Cramorant,pokemon,1,I
hops-trevenant,Hop's Dubwool [JTG 136],26,27,35,0.7428571428571429,1.0384615384615385,0.7714285714285715,Hop's Dubwool,pokemon,1,I
hops-trevenant,Hop's Phantump [ASC 95],35,140,35,1.0,4.0,4.0,Hop's Phantump,pokemon,1,I
hops-trevenant,Hop's Snorlax [JTG 117],35,65,35,1.0,1.8571428571428572,1.8571428571428572,Hop's Snorlax,pokemon,1,I
hops-trevenant,Hop's Trevenant [ASC 237],35,111,35,1.0,3.1714285714285713,3.1714285714285713,Hop's Trevenant,pokemon,1,I
hops-trevenant,Hop's Wooloo [JTG 135],26,27,35,0.7428571428571429,1.0384615384615385,0.7714285714285715,Hop's Wooloo,pokemon,1,I
hops-trevenant,Hop's Zacian ex [JTG 111],7,7,35,0.2,1.0,0.2,Hop's Zacian ex,pokemon,1,I
hops-trevenant,Judge,4,4,35,0.11428571428571428,1.0,0.11428571428571428,Judge,trainer,1,G/J
hops-trevenant,Kieran,3,3,35,0.08571428571428572,1.0,0.08571428571428572,Kieran,trainer,0,H
hops-trevenant,Lana's Aid,1,1,35,0.02857142857142857,1.0,0.02857142857142857,Lana's Aid,trainer,0,H
hops-trevenant,Latias ex [SSP 220],15,15,35,0.42857142857142855,1.0,0.42857142857142855,Latias ex,pokemon,0,H
hops-trevenant,Lillie's Clefairy ex [ASC 280],35,35,35,1.0,1.0,1.0,Lillie's Clefairy ex,pokemon,1,I
hops-trevenant,Lillie's Determination,35,138,35,1.0,3.942857142857143,3.942857142857143,Lillie's Determination,trainer,1,I
hops-trevenant,Lillie's Pearl,2,2,35,0.05714285714285714,1.0,0.05714285714285714,Lillie's Pearl,trainer,1,I
hops-trevenant,Lucky Helmet,2,2,35,0.05714285714285714,1.0,0.05714285714285714,Lucky Helmet,trainer,0,H
hops-trevenant,Meowth ex [POR 107],1,1,35,0.02857142857142857,1.0,0.02857142857142857,Meowth ex,pokemon,1,J
hops-trevenant,Mist Energy,34,128,35,0.9714285714285714,3.764705882352941,3.657142857142857,Mist Energy,energy,0,H
hops-trevenant,Morty's Conviction,2,3,35,0.05714285714285714,1.5,0.08571428571428572,Morty's Conviction,trainer,0,H
hops-trevenant,Naveen,1,2,35,0.02857142857142857,2.0,0.05714285714285714,Naveen,trainer,1,J
hops-trevenant,Night Stretcher,35,98,35,1.0,2.8,2.8,Night Stretcher,trainer,0,H
hops-trevenant,Patrat [CRI 70],4,4,35,0.11428571428571428,1.0,0.11428571428571428,Patrat,pokemon,1,J
hops-trevenant,Poké Pad,35,132,35,1.0,3.7714285714285714,3.7714285714285714,Poké Pad,trainer,1,J
hops-trevenant,Pokégear 3.0,27,69,35,0.7714285714285715,2.5555555555555554,1.9714285714285715,Pokégear 3.0,trainer,1,G/I
hops-trevenant,Postwick,35,139,35,1.0,3.9714285714285715,3.9714285714285715,Postwick,trainer,1,I
hops-trevenant,Prime Catcher,1,1,35,0.02857142857142857,1.0,0.02857142857142857,Prime Catcher,trainer,0,H
hops-trevenant,Psychic Energy,4,5,35,0.11428571428571428,1.25,0.14285714285714285,Psychic Energy,energy,1,basic
hops-trevenant,Psyduck [ASC 226],7,7,35,0.2,1.0,0.2,Psyduck,pokemon,1,I
hops-trevenant,Ruffian,6,6,35,0.17142857142857143,1.0,0.17142857142857143,Ruffian,trainer,1,I
hops-trevenant,Sacred Ash,5,5,35,0.14285714285714285,1.0,0.14285714285714285,Sacred Ash,trainer,1,I
hops-trevenant,Secret Box,34,34,35,0.9714285714285714,1.0,0.9714285714285714,Secret Box,trainer,0,H
hops-trevenant,Shaymin [DRI 10],32,32,35,0.9142857142857143,1.0,0.9142857142857143,Shaymin,pokemon,1,I
hops-trevenant,Special Red Card,20,21,35,0.5714285714285714,1.05,0.6,Special Red Card,trainer,1,J
hops-trevenant,Switch,34,48,35,0.9714285714285714,1.411764705882353,1.3714285714285714,Switch,trainer,1,F/G/I
hops-trevenant,Team Rocket's Petrel,35,123,35,1.0,3.5142857142857142,3.5142857142857142,Team Rocket's Petrel,trainer,1,I
hops-trevenant,Telepathic Psychic Energy,35,139,35,1.0,3.9714285714285715,3.9714285714285715,Telepathic Psychic Energy,energy,1,J
hops-trevenant,Tool Scrapper,2,2,35,0.05714285714285714,1.0,0.05714285714285714,Tool Scrapper,trainer,1,I
hops-trevenant,Ultra Ball,27,33,35,0.7714285714285715,1.2222222222222223,0.9428571428571428,Ultra Ball,trainer,1,F/G/I
hops-trevenant,Wondrous Patch,1,1,35,0.02857142857142857,1.0,0.02857142857142857,Wondrous Patch,trainer,1,I
hops-trevenant,Yveltal [30C 100],1,1,35,0.02857142857142857,1.0,0.02857142857142857,Yveltal,pokemon,1,J
hydreigon-ex,Academy at Night,1,1,5,0.2,1.0,0.2,Academy at Night,trainer,0,H
hydreigon-ex,Air Balloon,1,1,5,0.2,1.0,0.2,Air Balloon,trainer,1,I
hydreigon-ex,Battle Cage,3,5,5,0.6,1.6666666666666667,1.0,Battle Cage,trainer,1,I
hydreigon-ex,Binding Mochi,1,2,5,0.2,2.0,0.4,Binding Mochi,trainer,0,H
hydreigon-ex,Boss's Orders,5,8,5,1.0,1.6,1.6,Boss's Orders,trainer,1,G/I
hydreigon-ex,Buddy-Buddy Poffin,4,12,5,0.8,3.0,2.4,Buddy-Buddy Poffin,trainer,0,H
hydreigon-ex,Budew [ASC 16],1,1,5,0.2,1.0,0.2,Budew,pokemon,0,H
hydreigon-ex,Cinderace [MEG 28],2,8,5,0.4,4.0,1.6,Cinderace,pokemon,1,I
hydreigon-ex,Colress's Tenacity,1,2,5,0.2,2.0,0.4,Colress's Tenacity,trainer,0,H
hydreigon-ex,Counter Gain,2,3,5,0.4,1.5,0.6,Counter Gain,trainer,0,H
hydreigon-ex,Crispin,5,11,5,1.0,2.2,2.2,Crispin,trainer,0,H
hydreigon-ex,Dark Bell,2,3,5,0.4,1.5,0.6,Dark Bell,trainer,1,J
hydreigon-ex,Darkness Energy,5,26,5,1.0,5.2,5.2,Darkness Energy,energy,1,basic
hydreigon-ex,Dawn,2,3,5,0.4,1.5,0.6,Dawn,trainer,1,I
hydreigon-ex,Deino [SSP 117],4,13,5,0.8,3.25,2.6,Deino,pokemon,0,H
hydreigon-ex,Dialga [SSP 135],1,3,5,0.2,3.0,0.6,Dialga,pokemon,0,H
hydreigon-ex,Dudunsparce [PRE 80],2,4,5,0.4,2.0,0.8,Dudunsparce,pokemon,0,H
hydreigon-ex,Dudunsparce ex [JTG 121],1,1,5,0.2,1.0,0.2,Dudunsparce ex,pokemon,1,I
hydreigon-ex,Dunsparce [JTG 120],2,3,5,0.4,1.5,0.6,Dunsparce,pokemon,1,I
hydreigon-ex,Dunsparce [PRE 79],2,2,5,0.4,1.0,0.4,Dunsparce,pokemon,0,H
hydreigon-ex,Energy Switch,1,1,5,0.2,1.0,0.2,Energy Switch,trainer,1,F/G/I
hydreigon-ex,Fezandipiti ex [ASC 142],3,3,5,0.6,1.0,0.6,Fezandipiti ex,pokemon,0,H
hydreigon-ex,Grand Tree,1,1,5,0.2,1.0,0.2,Grand Tree,trainer,0,H
hydreigon-ex,Grimsley's Move,1,3,5,0.2,3.0,0.6,Grimsley's Move,trainer,1,I
hydreigon-ex,Gwynn,1,2,5,0.2,2.0,0.4,Gwynn,trainer,1,J
hydreigon-ex,Handheld Fan,1,1,5,0.2,1.0,0.2,Handheld Fan,trainer,0,H
hydreigon-ex,Hilda,3,6,5,0.6,2.0,1.2,Hilda,trainer,1,I
hydreigon-ex,Hydreigon ex [SSP 119],5,13,5,1.0,2.6,2.6,Hydreigon ex,pokemon,0,H
hydreigon-ex,Judge,1,2,5,0.2,2.0,0.4,Judge,trainer,1,G/J
hydreigon-ex,Krookodile ex [CRI 55],1,1,5,0.2,1.0,0.2,Krookodile ex,pokemon,1,I
hydreigon-ex,Larvitar [PRE 47],1,1,5,0.2,1.0,0.2,Larvitar,pokemon,0,H
hydreigon-ex,Latias ex [SSP 220],1,1,5,0.2,1.0,0.2,Latias ex,pokemon,0,H
hydreigon-ex,Lillie's Determination,5,20,5,1.0,4.0,4.0,Lillie's Determination,trainer,1,I
hydreigon-ex,Mega Kangaskhan ex [MEG 104],1,3,5,0.2,3.0,0.6,Mega Kangaskhan ex,pokemon,1,I
hydreigon-ex,Meowth ex [POR 107],5,5,5,1.0,1.0,1.0,Meowth ex,pokemon,1,J
hydreigon-ex,Metal Energy,5,10,5,1.0,2.0,2.0,Metal Energy,energy,1,basic
hydreigon-ex,Munkidori [ASC 99],3,4,5,0.6,1.3333333333333333,0.8,Munkidori,pokemon,0,H
hydreigon-ex,Neo Upper Energy,4,4,5,0.8,1.0,0.8,Neo Upper Energy,energy,0,H
hydreigon-ex,Night Stretcher,4,7,5,0.8,1.75,1.4,Night Stretcher,trainer,0,H
hydreigon-ex,Pecharunt [SVP 129],1,1,5,0.2,1.0,0.2,Pecharunt,pokemon,0,H
hydreigon-ex,Pecharunt ex [PRE 163],3,3,5,0.6,1.0,0.6,Pecharunt ex,pokemon,0,H
hydreigon-ex,Pikipek [PBL 66],1,3,5,0.2,3.0,0.6,Pikipek,pokemon,1,J
hydreigon-ex,Poké Pad,5,18,5,1.0,3.6,3.6,Poké Pad,trainer,1,J
hydreigon-ex,Psychic Energy,5,12,5,1.0,2.4,2.4,Psychic Energy,energy,1,basic
hydreigon-ex,Pupitar [PRE 48],1,1,5,0.2,1.0,0.2,Pupitar,pokemon,0,H
hydreigon-ex,Rare Candy,4,10,5,0.8,2.5,2.0,Rare Candy,trainer,1,F/G/I
hydreigon-ex,Rosa's Encouragement,3,3,5,0.6,1.0,0.6,Rosa's Encouragement,trainer,1,J
hydreigon-ex,Shadowy Darkness Energy,1,2,5,0.2,2.0,0.4,Shadowy Darkness Energy,energy,1,J
hydreigon-ex,Special Red Card,2,2,5,0.4,1.0,0.4,Special Red Card,trainer,1,J
hydreigon-ex,Switch,1,2,5,0.2,2.0,0.4,Switch,trainer,1,F/G/I
hydreigon-ex,Team Rocket's Factory,1,2,5,0.2,2.0,0.4,Team Rocket's Factory,trainer,1,I
hydreigon-ex,Team Rocket's Petrel,3,6,5,0.6,2.0,1.2,Team Rocket's Petrel,trainer,1,I
hydreigon-ex,Team Rocket's Transceiver,1,3,5,0.2,3.0,0.6,Team Rocket's Transceiver,trainer,1,I
hydreigon-ex,Toucannon [PBL 68],1,2,5,0.2,2.0,0.4,Toucannon,pokemon,1,J
hydreigon-ex,Toxel [MEP 78],1,3,5,0.2,3.0,0.6,Toxel,pokemon,1,I
hydreigon-ex,Toxtricity [MEP 17],1,2,5,0.2,2.0,0.4,Toxtricity,pokemon,1,I
hydreigon-ex,Trumbeak [PBL 67],1,2,5,0.2,2.0,0.4,Trumbeak,pokemon,1,J
hydreigon-ex,Tyranitar [JTG 95],1,1,5,0.2,1.0,0.2,Tyranitar,pokemon,1,I
hydreigon-ex,Ultra Ball,4,12,5,0.8,3.0,2.4,Ultra Ball,trainer,1,F/G/I
hydreigon-ex,Xerosic's Machinations,1,1,5,0.2,1.0,0.2,Xerosic's Machinations,trainer,0,H
hydreigon-ex,Yveltal [MEG 88],2,2,5,0.4,1.0,0.4,Yveltal,pokemon,1,I
hydreigon-ex,Zweilous [SSP 118],4,5,5,0.8,1.25,1.0,Zweilous,pokemon,0,H
hydreigon-ex,Zweilous [WHT 147],1,2,5,0.2,2.0,0.4,Zweilous,pokemon,1,I
iono-bellibolt,Boss's Orders,3,6,3,1.0,2.0,2.0,Boss's Orders,trainer,1,G/I
iono-bellibolt,Buddy-Buddy Poffin,3,12,3,1.0,4.0,4.0,Buddy-Buddy Poffin,trainer,0,H
iono-bellibolt,Canari,3,10,3,1.0,3.3333333333333335,3.3333333333333335,Canari,trainer,1,I
iono-bellibolt,Energy Recycler,1,2,3,0.3333333333333333,2.0,0.6666666666666666,Energy Recycler,trainer,1,I
iono-bellibolt,Energy Retrieval,2,4,3,0.6666666666666666,2.0,1.3333333333333333,Energy Retrieval,trainer,1,F/G/I
iono-bellibolt,Iono's Bellibolt ex [ASC 279],3,8,3,1.0,2.6666666666666665,2.6666666666666665,Iono's Bellibolt ex,pokemon,1,I
iono-bellibolt,Iono's Kilowattrel [ASC 72],3,10,3,1.0,3.3333333333333335,3.3333333333333335,Iono's Kilowattrel,pokemon,1,I
iono-bellibolt,Iono's Tadbulb [ASC 69],3,8,3,1.0,2.6666666666666665,2.6666666666666665,Iono's Tadbulb,pokemon,1,I
iono-bellibolt,Iono's Voltorb [JTG 47],3,7,3,1.0,2.3333333333333335,2.3333333333333335,Iono's Voltorb,pokemon,1,I
iono-bellibolt,Iono's Wattrel [ASC 231],3,10,3,1.0,3.3333333333333335,3.3333333333333335,Iono's Wattrel,pokemon,1,I
iono-bellibolt,Judge,2,8,3,0.6666666666666666,4.0,2.6666666666666665,Judge,trainer,1,G/J
iono-bellibolt,Levincia,3,8,3,1.0,2.6666666666666665,2.6666666666666665,Levincia,trainer,1,I
iono-bellibolt,Lightning Energy,3,50,3,1.0,16.666666666666668,16.666666666666668,Lightning Energy,energy,1,basic
iono-bellibolt,Max Rod,1,1,3,0.3333333333333333,1.0,0.3333333333333333,Max Rod,trainer,0,H
iono-bellibolt,Mega Zeraora ex [MEP 89],2,2,3,0.6666666666666666,1.0,0.6666666666666666,Mega Zeraora ex,pokemon,1,J
iono-bellibolt,N's Plan,2,2,3,0.6666666666666666,1.0,0.6666666666666666,N's Plan,trainer,1,I
iono-bellibolt,Night Stretcher,2,4,3,0.6666666666666666,2.0,1.3333333333333333,Night Stretcher,trainer,0,H
iono-bellibolt,Poké Pad,1,4,3,0.3333333333333333,4.0,1.3333333333333333,Poké Pad,trainer,1,J
iono-bellibolt,Psyduck [ASC 226],2,2,3,0.6666666666666666,1.0,0.6666666666666666,Psyduck,pokemon,1,I
iono-bellibolt,Sacred Ash,1,2,3,0.3333333333333333,2.0,0.6666666666666666,Sacred Ash,trainer,1,I
iono-bellibolt,Scramble Switch,2,2,3,0.6666666666666666,1.0,0.6666666666666666,Scramble Switch,trainer,0,H
iono-bellibolt,Ultra Ball,3,12,3,1.0,4.0,4.0,Ultra Ball,trainer,1,F/G/I
iono-bellibolt,Voltaic Lightning Energy,2,4,3,0.6666666666666666,2.0,1.3333333333333333,Voltaic Lightning Energy,energy,1,J
iono-bellibolt,Zeraora [DRI 78],2,2,3,0.6666666666666666,1.0,0.6666666666666666,Zeraora,pokemon,1,I
jellicent-dusknoir,AZ's Tranquility,1,1,1,1.0,1.0,1.0,AZ's Tranquility,trainer,1,J
jellicent-dusknoir,Boss's Orders,1,2,1,1.0,2.0,2.0,Boss's Orders,trainer,1,G/I
jellicent-dusknoir,Dusclops [PRE 36],1,2,1,1.0,2.0,2.0,Dusclops,pokemon,0,H
jellicent-dusknoir,Dusknoir [PRE 37],1,2,1,1.0,2.0,2.0,Dusknoir,pokemon,0,H
jellicent-dusknoir,Duskull [PRE 35],1,3,1,1.0,3.0,3.0,Duskull,pokemon,0,H
jellicent-dusknoir,Frillish [WHT 126],1,3,1,1.0,3.0,3.0,Frillish,pokemon,1,I
jellicent-dusknoir,Hilda,1,1,1,1.0,1.0,1.0,Hilda,trainer,1,I
jellicent-dusknoir,Jellicent ex [WHT 160],1,2,1,1.0,2.0,2.0,Jellicent ex,pokemon,1,I
jellicent-dusknoir,Judge,1,2,1,1.0,2.0,2.0,Judge,trainer,1,G/J
jellicent-dusknoir,Latias ex [SSP 220],1,2,1,1.0,2.0,2.0,Latias ex,pokemon,0,H
jellicent-dusknoir,Lillie's Clefairy ex [ASC 280],1,1,1,1.0,1.0,1.0,Lillie's Clefairy ex,pokemon,1,I
jellicent-dusknoir,Lillie's Determination,1,4,1,1.0,4.0,4.0,Lillie's Determination,trainer,1,I
jellicent-dusknoir,Mega Diancie ex [ASC 267],1,1,1,1.0,1.0,1.0,Mega Diancie ex,pokemon,1,I
jellicent-dusknoir,Meowth ex [POR 107],1,1,1,1.0,1.0,1.0,Meowth ex,pokemon,1,J
jellicent-dusknoir,Mystery Garden,1,3,1,1.0,3.0,3.0,Mystery Garden,trainer,1,I
jellicent-dusknoir,Naveen,1,2,1,1.0,2.0,2.0,Naveen,trainer,1,J
jellicent-dusknoir,Night Stretcher,1,2,1,1.0,2.0,2.0,Night Stretcher,trainer,0,H
jellicent-dusknoir,Poké Pad,1,2,1,1.0,2.0,2.0,Poké Pad,trainer,1,J
jellicent-dusknoir,Pokégear 3.0,1,1,1,1.0,1.0,1.0,Pokégear 3.0,trainer,1,G/I
jellicent-dusknoir,Powerglass,1,1,1,1.0,1.0,1.0,Powerglass,trainer,0,H
jellicent-dusknoir,Prime Catcher,1,1,1,1.0,1.0,1.0,Prime Catcher,trainer,0,H
jellicent-dusknoir,Psychic Energy,1,7,1,1.0,7.0,7.0,Psychic Energy,energy,1,basic
jellicent-dusknoir,Rare Candy,1,2,1,1.0,2.0,2.0,Rare Candy,trainer,1,F/G/I
jellicent-dusknoir,Switch,1,1,1,1.0,1.0,1.0,Switch,trainer,1,F/G/I
jellicent-dusknoir,Telepathic Psychic Energy,1,4,1,1.0,4.0,4.0,Telepathic Psychic Energy,energy,1,J
jellicent-dusknoir,Ultra Ball,1,4,1,1.0,4.0,4.0,Ultra Ball,trainer,1,F/G/I
jellicent-dusknoir,Wondrous Patch,1,3,1,1.0,3.0,3.0,Wondrous Patch,trainer,1,I
joltik-box,Area Zero Underdepths,6,13,6,1.0,2.1666666666666665,2.1666666666666665,Area Zero Underdepths,trainer,0,H
joltik-box,Battle Cage,2,2,6,0.3333333333333333,1.0,0.3333333333333333,Battle Cage,trainer,1,I
joltik-box,Blissey ex [TWM 134],1,2,6,0.16666666666666666,2.0,0.3333333333333333,Blissey ex,pokemon,0,H
joltik-box,Bloodmoon Ursaluna ex [PRE 168],4,4,6,0.6666666666666666,1.0,0.6666666666666666,Bloodmoon Ursaluna ex,pokemon,0,H
joltik-box,Boss's Orders,6,19,6,1.0,3.1666666666666665,3.1666666666666665,Boss's Orders,trainer,1,G/I
joltik-box,Brock's Scouting,4,4,6,0.6666666666666666,1.0,0.6666666666666666,Brock's Scouting,trainer,1,I
joltik-box,Chansey [TWM 133],1,3,6,0.16666666666666666,3.0,0.5,Chansey,pokemon,0,H
joltik-box,Chien-Pao [SSP 56],3,3,6,0.5,1.0,0.5,Chien-Pao,pokemon,0,H
joltik-box,Crispin,6,22,6,1.0,3.6666666666666665,3.6666666666666665,Crispin,trainer,0,H
joltik-box,Cyrano,1,1,6,0.16666666666666666,1.0,0.16666666666666666,Cyrano,trainer,0,H
joltik-box,Energy Recycler,1,1,6,0.16666666666666666,1.0,0.16666666666666666,Energy Recycler,trainer,1,I
joltik-box,Energy Search,3,3,6,0.5,1.0,0.5,Energy Search,trainer,1,F/G/J
joltik-box,Energy Switch,3,4,6,0.5,1.3333333333333333,0.6666666666666666,Energy Switch,trainer,1,F/G/I
joltik-box,Fennel,1,1,6,0.16666666666666666,1.0,0.16666666666666666,Fennel,trainer,1,I
joltik-box,Fezandipiti ex [ASC 142],6,6,6,1.0,1.0,1.0,Fezandipiti ex,pokemon,0,H
joltik-box,Galvantula [SFA 2],6,7,6,1.0,1.1666666666666667,1.1666666666666667,Galvantula,pokemon,0,H
joltik-box,Glass Trumpet,2,5,6,0.3333333333333333,2.5,0.8333333333333334,Glass Trumpet,trainer,0,H
joltik-box,Grass Energy,6,25,6,1.0,4.166666666666667,4.166666666666667,Grass Energy,energy,1,basic
joltik-box,Gravity Mountain,2,2,6,0.3333333333333333,1.0,0.3333333333333333,Gravity Mountain,trainer,0,H
joltik-box,Iron Crown ex [PRE 158],1,1,6,0.16666666666666666,1.0,0.16666666666666666,Iron Crown ex,pokemon,0,H
joltik-box,Iron Leaves ex [PRE 176],5,5,6,0.8333333333333334,1.0,0.8333333333333334,Iron Leaves ex,pokemon,0,H
joltik-box,Joltik [SCR 150],6,12,6,1.0,2.0,2.0,Joltik,pokemon,0,H
joltik-box,Judge,2,2,6,0.3333333333333333,1.0,0.3333333333333333,Judge,trainer,1,G/J
joltik-box,Latias ex [SSP 220],6,12,6,1.0,2.0,2.0,Latias ex,pokemon,0,H
joltik-box,Light Ball,6,8,6,1.0,1.3333333333333333,1.3333333333333333,Light Ball,trainer,1,I
joltik-box,Lightning Energy,6,25,6,1.0,4.166666666666667,4.166666666666667,Lightning Energy,energy,1,basic
joltik-box,Lillie's Clefairy ex [ASC 280],4,8,6,0.6666666666666666,2.0,1.3333333333333333,Lillie's Clefairy ex,pokemon,1,I
joltik-box,Lillie's Determination,2,3,6,0.3333333333333333,1.5,0.5,Lillie's Determination,trainer,1,I
joltik-box,Mega Kangaskhan ex [MEG 104],5,8,6,0.8333333333333334,1.6,1.3333333333333333,Mega Kangaskhan ex,pokemon,1,I
joltik-box,Meowth ex [POR 107],6,11,6,1.0,1.8333333333333333,1.8333333333333333,Meowth ex,pokemon,1,J
joltik-box,Metal Energy,6,13,6,1.0,2.1666666666666665,2.1666666666666665,Metal Energy,energy,1,basic
joltik-box,Night Stretcher,6,9,6,1.0,1.5,1.5,Night Stretcher,trainer,0,H
joltik-box,Pikachu ex [ASC 277],6,13,6,1.0,2.1666666666666665,2.1666666666666665,Pikachu ex,pokemon,0,H
joltik-box,Pokégear 3.0,2,3,6,0.3333333333333333,1.5,0.5,Pokégear 3.0,trainer,1,G/I
joltik-box,Precious Trolley,6,6,6,1.0,1.0,1.0,Precious Trolley,trainer,0,H
joltik-box,Prism Energy,1,1,6,0.16666666666666666,1.0,0.16666666666666666,Prism Energy,energy,1,I
joltik-box,Psychic Energy,4,8,6,0.6666666666666666,2.0,1.3333333333333333,Psychic Energy,energy,1,basic
joltik-box,Psyduck [ASC 226],3,3,6,0.5,1.0,0.5,Psyduck,pokemon,1,I
joltik-box,Special Red Card,4,4,6,0.6666666666666666,1.0,0.6666666666666666,Special Red Card,trainer,1,J
joltik-box,Switch,4,4,6,0.6666666666666666,1.0,0.6666666666666666,Switch,trainer,1,F/G/I
joltik-box,Team Rocket's Articuno [DRI 51],1,1,6,0.16666666666666666,1.0,0.16666666666666666,Team Rocket's Articuno,pokemon,1,I
joltik-box,Team Rocket's Kangaskhan ex [ASC 162],1,1,6,0.16666666666666666,1.0,0.16666666666666666,Team Rocket's Kangaskhan ex,pokemon,1,I
joltik-box,Team Rocket's Petrel,6,22,6,1.0,3.6666666666666665,3.6666666666666665,Team Rocket's Petrel,trainer,1,I
joltik-box,Team Rocket's Transceiver,3,4,6,0.5,1.3333333333333333,0.6666666666666666,Team Rocket's Transceiver,trainer,1,I
joltik-box,Tera Orb,1,1,6,0.16666666666666666,1.0,0.16666666666666666,Tera Orb,trainer,0,H
joltik-box,Terapagos ex [ASC 179],1,1,6,0.16666666666666666,1.0,0.16666666666666666,Terapagos ex,pokemon,0,H
joltik-box,Tool Scrapper,2,2,6,0.3333333333333333,1.0,0.3333333333333333,Tool Scrapper,trainer,1,I
joltik-box,Ultra Ball,6,20,6,1.0,3.3333333333333335,3.3333333333333335,Ultra Ball,trainer,1,F/G/I
joltik-box,Volcanion ex [JTG 171],1,1,6,0.16666666666666666,1.0,0.16666666666666666,Volcanion ex,pokemon,1,I
joltik-box,Walking Wake ex [PRE 178],1,1,6,0.16666666666666666,1.0,0.16666666666666666,Walking Wake ex,pokemon,0,H
joltik-box,Water Energy,6,10,6,1.0,1.6666666666666667,1.6666666666666667,Water Energy,energy,1,basic
joltik-box,Wellspring Mask Ogerpon ex [PRE 152],6,9,6,1.0,1.5,1.5,Wellspring Mask Ogerpon ex,pokemon,0,H
joltik-box,Xerosic's Machinations,1,1,6,0.16666666666666666,1.0,0.16666666666666666,Xerosic's Machinations,trainer,0,H
kangaskhan-bouffalant,AZ's Tranquility,17,17,34,0.5,1.0,0.5,AZ's Tranquility,trainer,1,J
kangaskhan-bouffalant,Air Balloon,22,24,34,0.6470588235294118,1.0909090909090908,0.7058823529411765,Air Balloon,trainer,1,I
kangaskhan-bouffalant,Amaura [POR 23],1,1,34,0.029411764705882353,1.0,0.029411764705882353,Amaura,pokemon,1,J
kangaskhan-bouffalant,Antique Sail Fossil,1,2,34,0.029411764705882353,2.0,0.058823529411764705,Antique Sail Fossil,trainer,1,J
kangaskhan-bouffalant,Aurorus [POR 24],1,2,34,0.029411764705882353,2.0,0.058823529411764705,Aurorus,pokemon,1,J
kangaskhan-bouffalant,Backtrack Badge,9,10,34,0.2647058823529412,1.1111111111111112,0.29411764705882354,Backtrack Badge,trainer,1,J
kangaskhan-bouffalant,Battle Cage,2,4,34,0.058823529411764705,2.0,0.11764705882352941,Battle Cage,trainer,1,I
kangaskhan-bouffalant,Bloodmoon Ursaluna ex [PRE 168],7,7,34,0.20588235294117646,1.0,0.20588235294117646,Bloodmoon Ursaluna ex,pokemon,0,H
kangaskhan-bouffalant,Boss's Orders,34,98,34,1.0,2.8823529411764706,2.8823529411764706,Boss's Orders,trainer,1,G/I
kangaskhan-bouffalant,Bouffalant [SCR 119],34,82,34,1.0,2.411764705882353,2.411764705882353,Bouffalant,pokemon,0,H
kangaskhan-bouffalant,Bouffalant [SSP 151],20,20,34,0.5882352941176471,1.0,0.5882352941176471,Bouffalant,pokemon,0,H
kangaskhan-bouffalant,Brock's Scouting,3,3,34,0.08823529411764706,1.0,0.08823529411764706,Brock's Scouting,trainer,1,I
kangaskhan-bouffalant,Buddy-Buddy Poffin,1,1,34,0.029411764705882353,1.0,0.029411764705882353,Buddy-Buddy Poffin,trainer,0,H
kangaskhan-bouffalant,Buneary [PFL 83],3,3,34,0.08823529411764706,1.0,0.08823529411764706,Buneary,pokemon,1,I
kangaskhan-bouffalant,Chi-Yu [TWM 39],1,1,34,0.029411764705882353,1.0,0.029411764705882353,Chi-Yu,pokemon,0,H
kangaskhan-bouffalant,Chien-Pao [SSP 56],1,1,34,0.029411764705882353,1.0,0.029411764705882353,Chien-Pao,pokemon,0,H
kangaskhan-bouffalant,Ciphermaniac's Codebreaking,32,68,34,0.9411764705882353,2.125,2.0,Ciphermaniac's Codebreaking,trainer,0,H
kangaskhan-bouffalant,Colress's Tenacity,2,2,34,0.058823529411764705,1.0,0.058823529411764705,Colress's Tenacity,trainer,0,H
kangaskhan-bouffalant,Crispin,32,97,34,0.9411764705882353,3.03125,2.8529411764705883,Crispin,trainer,0,H
kangaskhan-bouffalant,Crushing Hammer,1,2,34,0.029411764705882353,2.0,0.058823529411764705,Crushing Hammer,trainer,1,F/G/J
kangaskhan-bouffalant,Crustle [DRI 12],2,5,34,0.058823529411764705,2.5,0.14705882352941177,Crustle,pokemon,1,I
kangaskhan-bouffalant,Darkness Energy,30,104,34,0.8823529411764706,3.466666666666667,3.0588235294117645,Darkness Energy,energy,1,basic
kangaskhan-bouffalant,Dedenne [SSP 87],1,1,34,0.029411764705882353,1.0,0.029411764705882353,Dedenne,pokemon,0,H
kangaskhan-bouffalant,Dewgong [POR 19],1,2,34,0.029411764705882353,2.0,0.058823529411764705,Dewgong,pokemon,1,J
kangaskhan-bouffalant,Dwebble [DRI 11],2,5,34,0.058823529411764705,2.5,0.14705882352941177,Dwebble,pokemon,1,I
kangaskhan-bouffalant,Energy Search,6,6,34,0.17647058823529413,1.0,0.17647058823529413,Energy Search,trainer,1,F/G/J
kangaskhan-bouffalant,Energy Switch,15,19,34,0.4411764705882353,1.2666666666666666,0.5588235294117647,Energy Switch,trainer,1,F/G/I
kangaskhan-bouffalant,Enhanced Hammer,1,1,34,0.029411764705882353,1.0,0.029411764705882353,Enhanced Hammer,trainer,0,H
kangaskhan-bouffalant,Eri,3,4,34,0.08823529411764706,1.3333333333333333,0.11764705882352941,Eri,trainer,0,H
kangaskhan-bouffalant,Fan Rotom [ASC 171],5,5,34,0.14705882352941177,1.0,0.14705882352941177,Fan Rotom,pokemon,0,H
kangaskhan-bouffalant,Festival Grounds,1,1,34,0.029411764705882353,1.0,0.029411764705882353,Festival Grounds,trainer,0,H
kangaskhan-bouffalant,Fezandipiti ex [ASC 142],1,1,34,0.029411764705882353,1.0,0.029411764705882353,Fezandipiti ex,pokemon,0,H
kangaskhan-bouffalant,Fighting Energy,1,1,34,0.029411764705882353,1.0,0.029411764705882353,Fighting Energy,energy,1,basic
kangaskhan-bouffalant,Fire Energy,2,3,34,0.058823529411764705,1.5,0.08823529411764706,Fire Energy,energy,1,basic
kangaskhan-bouffalant,Fossil Quarry,1,3,34,0.029411764705882353,3.0,0.08823529411764706,Fossil Quarry,trainer,1,J
kangaskhan-bouffalant,Galvantula [SFA 2],9,9,34,0.2647058823529412,1.0,0.2647058823529412,Galvantula,pokemon,0,H
kangaskhan-bouffalant,Galvantula ex [SCR 159],2,2,34,0.058823529411764705,1.0,0.058823529411764705,Galvantula ex,pokemon,0,H
kangaskhan-bouffalant,Glass Trumpet,1,2,34,0.029411764705882353,2.0,0.058823529411764705,Glass Trumpet,trainer,0,H
kangaskhan-bouffalant,Grass Energy,11,41,34,0.3235294117647059,3.727272727272727,1.2058823529411764,Grass Energy,energy,1,basic
kangaskhan-bouffalant,Gravity Mountain,2,2,34,0.058823529411764705,1.0,0.058823529411764705,Gravity Mountain,trainer,0,H
kangaskhan-bouffalant,Growing Grass Energy,1,4,34,0.029411764705882353,4.0,0.11764705882352941,Growing Grass Energy,energy,1,J
kangaskhan-bouffalant,Handheld Fan,2,2,34,0.058823529411764705,1.0,0.058823529411764705,Handheld Fan,trainer,0,H
kangaskhan-bouffalant,Hero's Cape,21,21,34,0.6176470588235294,1.0,0.6176470588235294,Hero's Cape,trainer,0,H
kangaskhan-bouffalant,Hilda,1,2,34,0.029411764705882353,2.0,0.058823529411764705,Hilda,trainer,1,I
kangaskhan-bouffalant,Houndstone [MEG 145],1,1,34,0.029411764705882353,1.0,0.029411764705882353,Houndstone,pokemon,1,I
kangaskhan-bouffalant,Jamming Tower,2,2,34,0.058823529411764705,1.0,0.058823529411764705,Jamming Tower,trainer,0,H
kangaskhan-bouffalant,Joltik [SCR 150],9,18,34,0.2647058823529412,2.0,0.5294117647058824,Joltik,pokemon,0,H
kangaskhan-bouffalant,Judge,6,8,34,0.17647058823529413,1.3333333333333333,0.23529411764705882,Judge,trainer,1,G/J
kangaskhan-bouffalant,Jumbo Ice Cream,34,134,34,1.0,3.9411764705882355,3.9411764705882355,Jumbo Ice Cream,trainer,1,I
kangaskhan-bouffalant,Kieran,2,2,34,0.058823529411764705,1.0,0.058823529411764705,Kieran,trainer,0,H
kangaskhan-bouffalant,Lana's Aid,13,13,34,0.38235294117647056,1.0,0.38235294117647056,Lana's Aid,trainer,0,H
kangaskhan-bouffalant,Latias ex [SSP 220],16,26,34,0.47058823529411764,1.625,0.7647058823529411,Latias ex,pokemon,0,H
kangaskhan-bouffalant,Light Ball,2,2,34,0.058823529411764705,1.0,0.058823529411764705,Light Ball,trainer,1,I
kangaskhan-bouffalant,Lightning Energy,9,37,34,0.2647058823529412,4.111111111111111,1.088235294117647,Lightning Energy,energy,1,basic
kangaskhan-bouffalant,Lillie's Clefairy ex [ASC 280],4,4,34,0.11764705882352941,1.0,0.11764705882352941,Lillie's Clefairy ex,pokemon,1,I
kangaskhan-bouffalant,Lillie's Determination,22,82,34,0.6470588235294118,3.727272727272727,2.411764705882353,Lillie's Determination,trainer,1,I
kangaskhan-bouffalant,Lively Stadium,5,8,34,0.14705882352941177,1.6,0.23529411764705882,Lively Stadium,trainer,0,H
kangaskhan-bouffalant,Lumiose City,19,56,34,0.5588235294117647,2.9473684210526314,1.6470588235294117,Lumiose City,trainer,1,J
kangaskhan-bouffalant,Mega Audino ex [ASC 172],2,4,34,0.058823529411764705,2.0,0.11764705882352941,Mega Audino ex,pokemon,1,J
kangaskhan-bouffalant,Mega Kangaskhan ex [MEG 104],34,116,34,1.0,3.411764705882353,3.411764705882353,Mega Kangaskhan ex,pokemon,1,I
kangaskhan-bouffalant,Mega Lopunny ex [PFL 115],3,3,34,0.08823529411764706,1.0,0.08823529411764706,Mega Lopunny ex,pokemon,1,I
kangaskhan-bouffalant,Mega Signal,7,7,34,0.20588235294117646,1.0,0.20588235294117646,Mega Signal,trainer,1,I
kangaskhan-bouffalant,Meowth ex [POR 107],2,2,34,0.058823529411764705,1.0,0.058823529411764705,Meowth ex,pokemon,1,J
kangaskhan-bouffalant,Metal Energy,2,4,34,0.058823529411764705,2.0,0.11764705882352941,Metal Energy,energy,1,basic
kangaskhan-bouffalant,Mist Energy,33,116,34,0.9705882352941176,3.515151515151515,3.411764705882353,Mist Energy,energy,0,H
kangaskhan-bouffalant,Misty's Vitality,2,4,34,0.058823529411764705,2.0,0.11764705882352941,Misty's Vitality,trainer,1,J
kangaskhan-bouffalant,Munkidori [ASC 99],30,68,34,0.8823529411764706,2.2666666666666666,2.0,Munkidori,pokemon,0,H
kangaskhan-bouffalant,N's Plan,1,1,34,0.029411764705882353,1.0,0.029411764705882353,N's Plan,trainer,1,I
kangaskhan-bouffalant,Night Stretcher,33,46,34,0.9705882352941176,1.393939393939394,1.3529411764705883,Night Stretcher,trainer,0,H
kangaskhan-bouffalant,Nighttime Mine,2,3,34,0.058823529411764705,1.5,0.08823529411764706,Nighttime Mine,trainer,1,I
kangaskhan-bouffalant,Pikachu ex [ASC 277],2,2,34,0.058823529411764705,1.0,0.058823529411764705,Pikachu ex,pokemon,0,H
kangaskhan-bouffalant,Poké Pad,20,28,34,0.5882352941176471,1.4,0.8235294117647058,Poké Pad,trainer,1,J
kangaskhan-bouffalant,Pokégear 3.0,30,90,34,0.8823529411764706,3.0,2.6470588235294117,Pokégear 3.0,trainer,1,G/I
kangaskhan-bouffalant,Pokémon Center Lady,1,1,34,0.029411764705882353,1.0,0.029411764705882353,Pokémon Center Lady,trainer,1,I
kangaskhan-bouffalant,Precious Trolley,13,13,34,0.38235294117647056,1.0,0.38235294117647056,Precious Trolley,trainer,0,H
kangaskhan-bouffalant,Prism Tower,3,4,34,0.08823529411764706,1.3333333333333333,0.11764705882352941,Prism Tower,trainer,1,J
kangaskhan-bouffalant,Psychic Energy,25,74,34,0.7352941176470589,2.96,2.176470588235294,Psychic Energy,energy,1,basic
kangaskhan-bouffalant,Psyduck [ASC 226],19,19,34,0.5588235294117647,1.0,0.5588235294117647,Psyduck,pokemon,1,I
kangaskhan-bouffalant,Rare Candy,1,1,34,0.029411764705882353,1.0,0.029411764705882353,Rare Candy,trainer,1,F/G/I
kangaskhan-bouffalant,Seel [PFL 21],1,2,34,0.029411764705882353,2.0,0.058823529411764705,Seel,pokemon,1,I
kangaskhan-bouffalant,Shaymin [DRI 10],1,1,34,0.029411764705882353,1.0,0.029411764705882353,Shaymin,pokemon,1,I
kangaskhan-bouffalant,Smoochum [SSP 75],1,2,34,0.029411764705882353,2.0,0.058823529411764705,Smoochum,pokemon,0,H
kangaskhan-bouffalant,Special Red Card,16,16,34,0.47058823529411764,1.0,0.47058823529411764,Special Red Card,trainer,1,J
kangaskhan-bouffalant,Spiky Energy,1,4,34,0.029411764705882353,4.0,0.11764705882352941,Spiky Energy,energy,1,I
kangaskhan-bouffalant,Super Potion,6,6,34,0.17647058823529413,1.0,0.17647058823529413,Super Potion,trainer,1,I
kangaskhan-bouffalant,Switch,22,23,34,0.6470588235294118,1.0454545454545454,0.6764705882352942,Switch,trainer,1,F/G/I
kangaskhan-bouffalant,Team Rocket's Articuno [DRI 51],7,7,34,0.20588235294117646,1.0,0.20588235294117646,Team Rocket's Articuno,pokemon,1,I
kangaskhan-bouffalant,Team Rocket's Factory,10,25,34,0.29411764705882354,2.5,0.7352941176470589,Team Rocket's Factory,trainer,1,I
kangaskhan-bouffalant,Team Rocket's Kangaskhan ex [ASC 162],2,2,34,0.058823529411764705,1.0,0.058823529411764705,Team Rocket's Kangaskhan ex,pokemon,1,I
kangaskhan-bouffalant,Team Rocket's Petrel,31,109,34,0.9117647058823529,3.5161290322580645,3.2058823529411766,Team Rocket's Petrel,trainer,1,I
kangaskhan-bouffalant,Team Rocket's Transceiver,12,36,34,0.35294117647058826,3.0,1.0588235294117647,Team Rocket's Transceiver,trainer,1,I
kangaskhan-bouffalant,Terapagos ex [ASC 179],1,1,34,0.029411764705882353,1.0,0.029411764705882353,Terapagos ex,pokemon,0,H
kangaskhan-bouffalant,Tool Scrapper,1,1,34,0.029411764705882353,1.0,0.029411764705882353,Tool Scrapper,trainer,1,I
kangaskhan-bouffalant,Ultra Ball,34,67,34,1.0,1.9705882352941178,1.9705882352941178,Ultra Ball,trainer,1,F/G/I
kangaskhan-bouffalant,Wally's Compassion,1,3,34,0.029411764705882353,3.0,0.08823529411764706,Wally's Compassion,trainer,1,I
kangaskhan-bouffalant,Water Energy,7,27,34,0.20588235294117646,3.857142857142857,0.7941176470588235,Water Energy,energy,1,basic
kangaskhan-bouffalant,Wondrous Patch,1,3,34,0.029411764705882353,3.0,0.08823529411764706,Wondrous Patch,trainer,1,I
kangaskhan-bouffalant,Xerosic's Machinations,13,15,34,0.38235294117647056,1.1538461538461537,0.4411764705882353,Xerosic's Machinations,trainer,0,H
lillie-clefairy,AZ's Tranquility,6,6,14,0.42857142857142855,1.0,0.42857142857142855,AZ's Tranquility,trainer,1,J
lillie-clefairy,Area Zero Underdepths,14,48,14,1.0,3.4285714285714284,3.4285714285714284,Area Zero Underdepths,trainer,0,H
lillie-clefairy,Boss's Orders,14,31,14,1.0,2.2142857142857144,2.2142857142857144,Boss's Orders,trainer,1,G/I
lillie-clefairy,Chien-Pao [SSP 56],14,14,14,1.0,1.0,1.0,Chien-Pao,pokemon,0,H
lillie-clefairy,Ciphermaniac's Codebreaking,14,25,14,1.0,1.7857142857142858,1.7857142857142858,Ciphermaniac's Codebreaking,trainer,0,H
lillie-clefairy,Crispin,14,55,14,1.0,3.9285714285714284,3.9285714285714284,Crispin,trainer,0,H
lillie-clefairy,Cyrano,14,18,14,1.0,1.2857142857142858,1.2857142857142858,Cyrano,trainer,0,H
lillie-clefairy,Dusk Ball,14,48,14,1.0,3.4285714285714284,3.4285714285714284,Dusk Ball,trainer,0,H
lillie-clefairy,Energy Switch,6,11,14,0.42857142857142855,1.8333333333333333,0.7857142857142857,Energy Switch,trainer,1,F/G/I
lillie-clefairy,Fezandipiti ex [ASC 142],14,28,14,1.0,2.0,2.0,Fezandipiti ex,pokemon,0,H
lillie-clefairy,Fighting Energy,14,20,14,1.0,1.4285714285714286,1.4285714285714286,Fighting Energy,energy,1,basic
lillie-clefairy,Fire Energy,9,14,14,0.6428571428571429,1.5555555555555556,1.0,Fire Energy,energy,1,basic
lillie-clefairy,Grass Energy,5,12,14,0.35714285714285715,2.4,0.8571428571428571,Grass Energy,energy,1,basic
lillie-clefairy,Iron Crown ex [PRE 158],4,4,14,0.2857142857142857,1.0,0.2857142857142857,Iron Crown ex,pokemon,0,H
lillie-clefairy,Iron Leaves ex [PRE 176],2,2,14,0.14285714285714285,1.0,0.14285714285714285,Iron Leaves ex,pokemon,0,H
lillie-clefairy,Judge,1,1,14,0.07142857142857142,1.0,0.07142857142857142,Judge,trainer,1,G/J
lillie-clefairy,Koraidon ex [ASC 121],14,14,14,1.0,1.0,1.0,Koraidon ex,pokemon,1,J
lillie-clefairy,Latias ex [SSP 220],14,34,14,1.0,2.4285714285714284,2.4285714285714284,Latias ex,pokemon,0,H
lillie-clefairy,Lightning Energy,4,7,14,0.2857142857142857,1.75,0.5,Lightning Energy,energy,1,basic
lillie-clefairy,Lillie's Clefairy ex [ASC 280],14,53,14,1.0,3.7857142857142856,3.7857142857142856,Lillie's Clefairy ex,pokemon,1,I
lillie-clefairy,Lillie's Pearl,14,23,14,1.0,1.6428571428571428,1.6428571428571428,Lillie's Pearl,trainer,1,I
lillie-clefairy,Mega Kangaskhan ex [MEG 104],14,55,14,1.0,3.9285714285714284,3.9285714285714284,Mega Kangaskhan ex,pokemon,1,I
lillie-clefairy,Meowth ex [POR 107],14,45,14,1.0,3.2142857142857144,3.2142857142857144,Meowth ex,pokemon,1,J
lillie-clefairy,Mew ex [30C 152],5,6,14,0.35714285714285715,1.2,0.42857142857142855,Mew ex,pokemon,1,J
lillie-clefairy,Mist Energy,2,2,14,0.14285714285714285,1.0,0.14285714285714285,Mist Energy,energy,0,H
lillie-clefairy,Moltres [PFL 14],9,9,14,0.6428571428571429,1.0,0.6428571428571429,Moltres,pokemon,1,I
lillie-clefairy,Night Stretcher,2,2,14,0.14285714285714285,1.0,0.14285714285714285,Night Stretcher,trainer,0,H
lillie-clefairy,Paldean Tauros [SSP 18],5,5,14,0.35714285714285715,1.0,0.35714285714285715,Paldean Tauros,pokemon,0,H
lillie-clefairy,Pokégear 3.0,2,3,14,0.14285714285714285,1.5,0.21428571428571427,Pokégear 3.0,trainer,1,G/I
lillie-clefairy,Prime Catcher,13,13,14,0.9285714285714286,1.0,0.9285714285714286,Prime Catcher,trainer,0,H
lillie-clefairy,Prism Energy,1,1,14,0.07142857142857142,1.0,0.07142857142857142,Prism Energy,energy,1,I
lillie-clefairy,Psychic Energy,14,54,14,1.0,3.857142857142857,3.857142857142857,Psychic Energy,energy,1,basic
lillie-clefairy,Special Red Card,6,6,14,0.42857142857142855,1.0,0.42857142857142855,Special Red Card,trainer,1,J
lillie-clefairy,Stunfisk [ASC 62],4,4,14,0.2857142857142857,1.0,0.2857142857142857,Stunfisk,pokemon,1,I
lillie-clefairy,Teal Mask Ogerpon ex [PRE 12],5,5,14,0.35714285714285715,1.0,0.35714285714285715,Teal Mask Ogerpon ex,pokemon,0,H
lillie-clefairy,Telepathic Psychic Energy,14,16,14,1.0,1.1428571428571428,1.1428571428571428,Telepathic Psychic Energy,energy,1,J
lillie-clefairy,Ultra Ball,14,56,14,1.0,4.0,4.0,Ultra Ball,trainer,1,F/G/I
lillie-clefairy,Unfair Stamp,1,1,14,0.07142857142857142,1.0,0.07142857142857142,Unfair Stamp,trainer,0,H
lillie-clefairy,Unown [30C 72],2,2,14,0.14285714285714285,1.0,0.14285714285714285,Unown,pokemon,1,J
lillie-clefairy,Water Energy,14,23,14,1.0,1.6428571428571428,1.6428571428571428,Water Energy,energy,1,basic
lillie-clefairy,Wellspring Mask Ogerpon ex [PRE 152],14,23,14,1.0,1.6428571428571428,1.6428571428571428,Wellspring Mask Ogerpon ex,pokemon,0,H
lillie-clefairy,Wondrous Patch,14,37,14,1.0,2.642857142857143,2.642857142857143,Wondrous Patch,trainer,1,I
lillie-clefairy,Xerosic's Machinations,4,4,14,0.2857142857142857,1.0,0.2857142857142857,Xerosic's Machinations,trainer,0,H
lopunny-dudunsparce,AZ's Tranquility,1,1,139,0.007194244604316547,1.0,0.007194244604316547,AZ's Tranquility,trainer,1,J
lopunny-dudunsparce,Abra [MEG 54],1,1,139,0.007194244604316547,1.0,0.007194244604316547,Abra,pokemon,1,I
lopunny-dudunsparce,Abra [TWM 80],25,27,139,0.17985611510791366,1.08,0.19424460431654678,Abra,pokemon,0,H
lopunny-dudunsparce,Air Balloon,136,317,139,0.9784172661870504,2.3308823529411766,2.2805755395683454,Air Balloon,trainer,1,I
lopunny-dudunsparce,Alakazam [MEG 56],2,4,139,0.014388489208633094,2.0,0.02877697841726619,Alakazam,pokemon,1,I
lopunny-dudunsparce,Battle Cage,133,386,139,0.9568345323741008,2.9022556390977443,2.776978417266187,Battle Cage,trainer,1,I
lopunny-dudunsparce,Boss's Orders,138,421,139,0.9928057553956835,3.050724637681159,3.028776978417266,Boss's Orders,trainer,1,G/I
lopunny-dudunsparce,Bubbly Water Energy,8,14,139,0.05755395683453238,1.75,0.10071942446043165,Bubbly Water Energy,energy,1,J
lopunny-dudunsparce,Buddy-Buddy Poffin,138,519,139,0.9928057553956835,3.760869565217391,3.7338129496402876,Buddy-Buddy Poffin,trainer,0,H
lopunny-dudunsparce,Budew [ASC 16],2,2,139,0.014388489208633094,1.0,0.014388489208633094,Budew,pokemon,0,H
lopunny-dudunsparce,Buneary [MEG 107],37,74,139,0.26618705035971224,2.0,0.5323741007194245,Buneary,pokemon,1,I
lopunny-dudunsparce,Buneary [PFL 83],119,313,139,0.8561151079136691,2.630252100840336,2.2517985611510793,Buneary,pokemon,1,I
lopunny-dudunsparce,Chi-Yu [MEG 31],2,2,139,0.014388489208633094,1.0,0.014388489208633094,Chi-Yu,pokemon,1,I
lopunny-dudunsparce,Chien-Pao [SSP 56],34,34,139,0.2446043165467626,1.0,0.2446043165467626,Chien-Pao,pokemon,0,H
lopunny-dudunsparce,Ciphermaniac's Codebreaking,1,1,139,0.007194244604316547,1.0,0.007194244604316547,Ciphermaniac's Codebreaking,trainer,0,H
lopunny-dudunsparce,Colress's Tenacity,1,1,139,0.007194244604316547,1.0,0.007194244604316547,Colress's Tenacity,trainer,0,H
lopunny-dudunsparce,Cornerstone Mask Ogerpon ex [PRE 160],3,4,139,0.02158273381294964,1.3333333333333333,0.02877697841726619,Cornerstone Mask Ogerpon ex,pokemon,0,H
lopunny-dudunsparce,Crispin,1,2,139,0.007194244604316547,2.0,0.014388489208633094,Crispin,trainer,0,H
lopunny-dudunsparce,Darkness Energy,1,2,139,0.007194244604316547,2.0,0.014388489208633094,Darkness Energy,energy,1,basic
lopunny-dudunsparce,Dawn,1,2,139,0.007194244604316547,2.0,0.014388489208633094,Dawn,trainer,1,I
lopunny-dudunsparce,Deino [SSP 117],1,2,139,0.007194244604316547,2.0,0.014388489208633094,Deino,pokemon,0,H
lopunny-dudunsparce,Dudunsparce [PRE 80],138,403,139,0.9928057553956835,2.920289855072464,2.8992805755395685,Dudunsparce,pokemon,0,H
lopunny-dudunsparce,Dudunsparce ex [JTG 121],76,77,139,0.5467625899280576,1.013157894736842,0.5539568345323741,Dudunsparce ex,pokemon,1,I
lopunny-dudunsparce,Dunsparce [JTG 120],133,318,139,0.9568345323741008,2.3909774436090228,2.287769784172662,Dunsparce,pokemon,1,I
lopunny-dudunsparce,Dunsparce [PRE 79],110,155,139,0.7913669064748201,1.4090909090909092,1.1151079136690647,Dunsparce,pokemon,0,H
lopunny-dudunsparce,Enriching Energy,113,113,139,0.8129496402877698,1.0,0.8129496402877698,Enriching Energy,energy,0,H
lopunny-dudunsparce,Eri,4,4,139,0.02877697841726619,1.0,0.02877697841726619,Eri,trainer,0,H
lopunny-dudunsparce,Fan Rotom [ASC 171],136,164,139,0.9784172661870504,1.2058823529411764,1.1798561151079137,Fan Rotom,pokemon,0,H
lopunny-dudunsparce,Fezandipiti ex [ASC 142],2,2,139,0.014388489208633094,1.0,0.014388489208633094,Fezandipiti ex,pokemon,0,H
lopunny-dudunsparce,Fire Energy,47,102,139,0.3381294964028777,2.1702127659574466,0.7338129496402878,Fire Energy,energy,1,basic
lopunny-dudunsparce,Genesect [SFA 40],6,6,139,0.04316546762589928,1.0,0.04316546762589928,Genesect,pokemon,0,H
lopunny-dudunsparce,Hero's Cape,19,19,139,0.1366906474820144,1.0,0.1366906474820144,Hero's Cape,trainer,0,H
lopunny-dudunsparce,Hilda,138,436,139,0.9928057553956835,3.1594202898550723,3.1366906474820144,Hilda,trainer,1,I
lopunny-dudunsparce,Hydreigon ex [SSP 119],1,1,139,0.007194244604316547,1.0,0.007194244604316547,Hydreigon ex,pokemon,0,H
lopunny-dudunsparce,Jamming Tower,8,10,139,0.05755395683453238,1.25,0.07194244604316546,Jamming Tower,trainer,0,H
lopunny-dudunsparce,Judge,18,20,139,0.12949640287769784,1.1111111111111112,0.14388489208633093,Judge,trainer,1,G/J
lopunny-dudunsparce,Kadabra [MEG 55],2,5,139,0.014388489208633094,2.5,0.03597122302158273,Kadabra,pokemon,1,I
lopunny-dudunsparce,Latias ex [SSP 220],1,1,139,0.007194244604316547,1.0,0.007194244604316547,Latias ex,pokemon,0,H
lopunny-dudunsparce,Legacy Energy,2,2,139,0.014388489208633094,1.0,0.014388489208633094,Legacy Energy,energy,0,H
lopunny-dudunsparce,Lillie's Clefairy ex [ASC 280],79,83,139,0.5683453237410072,1.0506329113924051,0.5971223021582733,Lillie's Clefairy ex,pokemon,1,I
lopunny-dudunsparce,Lillie's Determination,136,447,139,0.9784172661870504,3.286764705882353,3.2158273381294964,Lillie's Determination,trainer,1,I
lopunny-dudunsparce,Lucian,3,4,139,0.02158273381294964,1.3333333333333333,0.02877697841726619,Lucian,trainer,0,H
lopunny-dudunsparce,Maximum Belt,2,2,139,0.014388489208633094,1.0,0.014388489208633094,Maximum Belt,trainer,0,H
lopunny-dudunsparce,Mega Froslass ex [ASC 265],25,47,139,0.17985611510791366,1.88,0.3381294964028777,Mega Froslass ex,pokemon,1,I
lopunny-dudunsparce,Mega Lopunny ex [PFL 115],138,343,139,0.9928057553956835,2.4855072463768115,2.4676258992805757,Mega Lopunny ex,pokemon,1,I
lopunny-dudunsparce,Mega Signal,1,1,139,0.007194244604316547,1.0,0.007194244604316547,Mega Signal,trainer,1,I
lopunny-dudunsparce,Mega Starmie ex [POR 102],1,1,139,0.007194244604316547,1.0,0.007194244604316547,Mega Starmie ex,pokemon,1,J
lopunny-dudunsparce,Meowth ex [POR 107],41,41,139,0.2949640287769784,1.0,0.2949640287769784,Meowth ex,pokemon,1,J
lopunny-dudunsparce,Metal Energy,1,1,139,0.007194244604316547,1.0,0.007194244604316547,Metal Energy,energy,1,basic
lopunny-dudunsparce,Mew ex [30C 152],91,150,139,0.6546762589928058,1.6483516483516483,1.079136690647482,Mew ex,pokemon,1,J
lopunny-dudunsparce,Mist Energy,137,546,139,0.9856115107913669,3.9854014598540144,3.9280575539568345,Mist Energy,energy,0,H
lopunny-dudunsparce,Moltres [PFL 14],81,96,139,0.5827338129496403,1.1851851851851851,0.6906474820143885,Moltres,pokemon,1,I
lopunny-dudunsparce,Night Stretcher,114,159,139,0.8201438848920863,1.394736842105263,1.143884892086331,Night Stretcher,trainer,0,H
lopunny-dudunsparce,Nighttime Mine,20,33,139,0.14388489208633093,1.65,0.23741007194244604,Nighttime Mine,trainer,1,I
lopunny-dudunsparce,Patrat [CRI 70],1,1,139,0.007194244604316547,1.0,0.007194244604316547,Patrat,pokemon,1,J
lopunny-dudunsparce,Poké Pad,138,551,139,0.9928057553956835,3.9927536231884058,3.964028776978417,Poké Pad,trainer,1,J
lopunny-dudunsparce,Pokégear 3.0,105,253,139,0.7553956834532374,2.4095238095238094,1.8201438848920863,Pokégear 3.0,trainer,1,G/I
lopunny-dudunsparce,Pokémon Catcher,2,7,139,0.014388489208633094,3.5,0.050359712230215826,Pokémon Catcher,trainer,1,F/G/J
lopunny-dudunsparce,Prime Catcher,3,3,139,0.02158273381294964,1.0,0.02158273381294964,Prime Catcher,trainer,0,H
lopunny-dudunsparce,Prism Energy,53,136,139,0.381294964028777,2.5660377358490565,0.9784172661870504,Prism Energy,energy,1,I
lopunny-dudunsparce,Psychic Energy,16,37,139,0.11510791366906475,2.3125,0.26618705035971224,Psychic Energy,energy,1,basic
lopunny-dudunsparce,Psyduck [ASC 226],97,98,139,0.697841726618705,1.0103092783505154,0.7050359712230215,Psyduck,pokemon,1,I
lopunny-dudunsparce,Rare Candy,1,1,139,0.007194244604316547,1.0,0.007194244604316547,Rare Candy,trainer,1,F/G/I
lopunny-dudunsparce,Sacred Ash,1,1,139,0.007194244604316547,1.0,0.007194244604316547,Sacred Ash,trainer,1,I
lopunny-dudunsparce,Shaymin [DRI 10],64,64,139,0.460431654676259,1.0,0.460431654676259,Shaymin,pokemon,1,I
lopunny-dudunsparce,Snorunt [ASC 227],25,47,139,0.17985611510791366,1.88,0.3381294964028777,Snorunt,pokemon,1,I
lopunny-dudunsparce,Special Red Card,103,104,139,0.7410071942446043,1.0097087378640777,0.7482014388489209,Special Red Card,trainer,1,J
lopunny-dudunsparce,Spiky Energy,3,9,139,0.02158273381294964,3.0,0.06474820143884892,Spiky Energy,energy,1,I
lopunny-dudunsparce,Staryu [POR 20],1,1,139,0.007194244604316547,1.0,0.007194244604316547,Staryu,pokemon,1,J
lopunny-dudunsparce,Stunfisk [ASC 62],29,31,139,0.20863309352517986,1.0689655172413792,0.22302158273381295,Stunfisk,pokemon,1,I
lopunny-dudunsparce,Switch,21,24,139,0.1510791366906475,1.1428571428571428,0.17266187050359713,Switch,trainer,1,F/G/I
lopunny-dudunsparce,Team Rocket's Petrel,4,6,139,0.02877697841726619,1.5,0.04316546762589928,Team Rocket's Petrel,trainer,1,I
lopunny-dudunsparce,Telepathic Psychic Energy,23,55,139,0.16546762589928057,2.391304347826087,0.39568345323741005,Telepathic Psychic Energy,energy,1,J
lopunny-dudunsparce,Tool Scrapper,4,4,139,0.02877697841726619,1.0,0.02877697841726619,Tool Scrapper,trainer,1,I
lopunny-dudunsparce,Ultra Ball,137,473,139,0.9856115107913669,3.4525547445255476,3.402877697841727,Ultra Ball,trainer,1,F/G/I
lopunny-dudunsparce,Voltaic Lightning Energy,1,2,139,0.007194244604316547,2.0,0.014388489208633094,Voltaic Lightning Energy,energy,1,J
lopunny-dudunsparce,Wally's Compassion,138,439,139,0.9928057553956835,3.181159420289855,3.158273381294964,Wally's Compassion,trainer,1,I
lopunny-dudunsparce,Water Energy,21,53,139,0.1510791366906475,2.5238095238095237,0.381294964028777,Water Energy,energy,1,basic
lopunny-dudunsparce,Wondrous Patch,9,15,139,0.06474820143884892,1.6666666666666667,0.1079136690647482,Wondrous Patch,trainer,1,I
lopunny-dudunsparce,Xerosic's Machinations,4,4,139,0.02877697841726619,1.0,0.02877697841726619,Xerosic's Machinations,trainer,0,H
lopunny-dusknoir,Air Balloon,4,6,104,0.038461538461538464,1.5,0.057692307692307696,Air Balloon,trainer,1,I
lopunny-dusknoir,Bloodmoon Ursaluna ex [PRE 168],68,70,104,0.6538461538461539,1.0294117647058822,0.6730769230769231,Bloodmoon Ursaluna ex,pokemon,0,H
lopunny-dusknoir,Boss's Orders,102,220,104,0.9807692307692307,2.156862745098039,2.1153846153846154,Boss's Orders,trainer,1,G/I
lopunny-dusknoir,Bronzong [TEF 69],96,191,104,0.9230769230769231,1.9895833333333333,1.8365384615384615,Bronzong,pokemon,0,H
lopunny-dusknoir,Bronzor [PRE 66],1,1,104,0.009615384615384616,1.0,0.009615384615384616,Bronzor,pokemon,0,H
lopunny-dusknoir,Bronzor [TEF 170],95,192,104,0.9134615384615384,2.0210526315789474,1.8461538461538463,Bronzor,pokemon,0,H
lopunny-dusknoir,Buddy-Buddy Poffin,12,35,104,0.11538461538461539,2.9166666666666665,0.33653846153846156,Buddy-Buddy Poffin,trainer,0,H
lopunny-dusknoir,Budew [ASC 16],69,70,104,0.6634615384615384,1.0144927536231885,0.6730769230769231,Budew,pokemon,0,H
lopunny-dusknoir,Buneary [MEG 107],7,14,104,0.0673076923076923,2.0,0.1346153846153846,Buneary,pokemon,1,I
lopunny-dusknoir,Buneary [PFL 83],96,200,104,0.9230769230769231,2.0833333333333335,1.9230769230769231,Buneary,pokemon,1,I
lopunny-dusknoir,Chien-Pao [SSP 56],1,1,104,0.009615384615384616,1.0,0.009615384615384616,Chien-Pao,pokemon,0,H
lopunny-dusknoir,Ciphermaniac's Codebreaking,25,33,104,0.2403846153846154,1.32,0.3173076923076923,Ciphermaniac's Codebreaking,trainer,0,H
lopunny-dusknoir,Darkness Energy,1,1,104,0.009615384615384616,1.0,0.009615384615384616,Darkness Energy,energy,1,basic
lopunny-dusknoir,Dawn,2,3,104,0.019230769230769232,1.5,0.028846153846153848,Dawn,trainer,1,I
lopunny-dusknoir,Dudunsparce [PRE 80],4,7,104,0.038461538461538464,1.75,0.0673076923076923,Dudunsparce,pokemon,0,H
lopunny-dusknoir,Dunsparce [JTG 120],4,8,104,0.038461538461538464,2.0,0.07692307692307693,Dunsparce,pokemon,1,I
lopunny-dusknoir,Dunsparce [PRE 79],1,1,104,0.009615384615384616,1.0,0.009615384615384616,Dunsparce,pokemon,0,H
lopunny-dusknoir,Dusclops [PRE 36],102,217,104,0.9807692307692307,2.127450980392157,2.0865384615384617,Dusclops,pokemon,0,H
lopunny-dusknoir,Dusknoir [PRE 37],102,367,104,0.9807692307692307,3.5980392156862746,3.5288461538461537,Dusknoir,pokemon,0,H
lopunny-dusknoir,Duskull [PRE 35],102,392,104,0.9807692307692307,3.843137254901961,3.769230769230769,Duskull,pokemon,0,H
lopunny-dusknoir,Enriching Energy,98,99,104,0.9423076923076923,1.010204081632653,0.9519230769230769,Enriching Energy,energy,0,H
lopunny-dusknoir,Fan Rotom [ASC 171],1,1,104,0.009615384615384616,1.0,0.009615384615384616,Fan Rotom,pokemon,0,H
lopunny-dusknoir,Festival Grounds,2,2,104,0.019230769230769232,1.0,0.019230769230769232,Festival Grounds,trainer,0,H
lopunny-dusknoir,Fezandipiti ex [ASC 142],6,6,104,0.057692307692307696,1.0,0.057692307692307696,Fezandipiti ex,pokemon,0,H
lopunny-dusknoir,Fire Energy,1,2,104,0.009615384615384616,2.0,0.019230769230769232,Fire Energy,energy,1,basic
lopunny-dusknoir,Flutter Mane [PRE 43],34,34,104,0.3269230769230769,1.0,0.3269230769230769,Flutter Mane,pokemon,0,H
lopunny-dusknoir,Frillish [WHT 126],19,19,104,0.18269230769230768,1.0,0.18269230769230768,Frillish,pokemon,1,I
lopunny-dusknoir,Gwynn,1,2,104,0.009615384615384616,2.0,0.019230769230769232,Gwynn,trainer,1,J
lopunny-dusknoir,Hilda,102,401,104,0.9807692307692307,3.9313725490196076,3.855769230769231,Hilda,trainer,1,I
lopunny-dusknoir,Jamming Tower,83,128,104,0.7980769230769231,1.5421686746987953,1.2307692307692308,Jamming Tower,trainer,0,H
lopunny-dusknoir,Judge,4,4,104,0.038461538461538464,1.0,0.038461538461538464,Judge,trainer,1,G/J
lopunny-dusknoir,Latias ex [SSP 220],99,172,104,0.9519230769230769,1.7373737373737375,1.6538461538461537,Latias ex,pokemon,0,H
lopunny-dusknoir,Legacy Energy,2,2,104,0.019230769230769232,1.0,0.019230769230769232,Legacy Energy,energy,0,H
lopunny-dusknoir,Lillie's Clefairy ex [ASC 280],22,25,104,0.21153846153846154,1.1363636363636365,0.2403846153846154,Lillie's Clefairy ex,pokemon,1,I
lopunny-dusknoir,Lillie's Determination,102,397,104,0.9807692307692307,3.892156862745098,3.8173076923076925,Lillie's Determination,trainer,1,I
lopunny-dusknoir,Lopunny [MEG 108],1,1,104,0.009615384615384616,1.0,0.009615384615384616,Lopunny,pokemon,1,I
lopunny-dusknoir,Lumiose City,1,2,104,0.009615384615384616,2.0,0.019230769230769232,Lumiose City,trainer,1,J
lopunny-dusknoir,Mega Kangaskhan ex [MEG 104],95,243,104,0.9134615384615384,2.557894736842105,2.3365384615384617,Mega Kangaskhan ex,pokemon,1,I
lopunny-dusknoir,Mega Lopunny ex [PFL 115],102,179,104,0.9807692307692307,1.7549019607843137,1.7211538461538463,Mega Lopunny ex,pokemon,1,I
lopunny-dusknoir,Meowth ex [POR 107],100,104,104,0.9615384615384616,1.04,1.0,Meowth ex,pokemon,1,J
lopunny-dusknoir,Mew ex [30C 152],56,88,104,0.5384615384615384,1.5714285714285714,0.8461538461538461,Mew ex,pokemon,1,J
lopunny-dusknoir,Mist Energy,7,18,104,0.0673076923076923,2.5714285714285716,0.17307692307692307,Mist Energy,energy,0,H
lopunny-dusknoir,Moltres [PFL 14],1,1,104,0.009615384615384616,1.0,0.009615384615384616,Moltres,pokemon,1,I
lopunny-dusknoir,Munkidori [ASC 99],1,1,104,0.009615384615384616,1.0,0.009615384615384616,Munkidori,pokemon,0,H
lopunny-dusknoir,Mystery Garden,3,6,104,0.028846153846153848,2.0,0.057692307692307696,Mystery Garden,trainer,1,I
lopunny-dusknoir,Night Stretcher,52,70,104,0.5,1.3461538461538463,0.6730769230769231,Night Stretcher,trainer,0,H
lopunny-dusknoir,Nighttime Mine,9,15,104,0.08653846153846154,1.6666666666666667,0.14423076923076922,Nighttime Mine,trainer,1,I
lopunny-dusknoir,Patrat [CRI 70],1,1,104,0.009615384615384616,1.0,0.009615384615384616,Patrat,pokemon,1,J
lopunny-dusknoir,Poké Pad,102,412,104,0.9807692307692307,4.03921568627451,3.9615384615384617,Poké Pad,trainer,1,J
lopunny-dusknoir,Pokégear 3.0,6,9,104,0.057692307692307696,1.5,0.08653846153846154,Pokégear 3.0,trainer,1,G/I
lopunny-dusknoir,Prime Catcher,2,2,104,0.019230769230769232,1.0,0.019230769230769232,Prime Catcher,trainer,0,H
lopunny-dusknoir,Psychic Energy,81,96,104,0.7788461538461539,1.1851851851851851,0.9230769230769231,Psychic Energy,energy,1,basic
lopunny-dusknoir,Rare Candy,100,366,104,0.9615384615384616,3.66,3.519230769230769,Rare Candy,trainer,1,F/G/I
lopunny-dusknoir,Salvatore,38,40,104,0.36538461538461536,1.0526315789473684,0.38461538461538464,Salvatore,trainer,0,H
lopunny-dusknoir,Shaymin [DRI 10],6,6,104,0.057692307692307696,1.0,0.057692307692307696,Shaymin,pokemon,1,I
lopunny-dusknoir,Special Red Card,62,66,104,0.5961538461538461,1.064516129032258,0.6346153846153846,Special Red Card,trainer,1,J
lopunny-dusknoir,Switch,98,356,104,0.9423076923076923,3.63265306122449,3.423076923076923,Switch,trainer,1,F/G/I
lopunny-dusknoir,Team Rocket's Petrel,7,8,104,0.0673076923076923,1.1428571428571428,0.07692307692307693,Team Rocket's Petrel,trainer,1,I
lopunny-dusknoir,Telepathic Psychic Energy,102,412,104,0.9807692307692307,4.03921568627451,3.9615384615384617,Telepathic Psychic Energy,energy,1,J
lopunny-dusknoir,Ultra Ball,102,396,104,0.9807692307692307,3.8823529411764706,3.8076923076923075,Ultra Ball,trainer,1,F/G/I
lopunny-dusknoir,Unfair Stamp,1,1,104,0.009615384615384616,1.0,0.009615384615384616,Unfair Stamp,trainer,0,H
lopunny-dusknoir,Wally's Compassion,7,11,104,0.0673076923076923,1.5714285714285714,0.10576923076923077,Wally's Compassion,trainer,1,I
lopunny-dusknoir,Wondrous Patch,3,6,104,0.028846153846153848,2.0,0.057692307692307696,Wondrous Patch,trainer,1,I
lopunny-dusknoir,Xerosic's Machinations,1,1,104,0.009615384615384616,1.0,0.009615384615384616,Xerosic's Machinations,trainer,0,H
lucario-hariyama,AZ's Tranquility,5,5,205,0.024390243902439025,1.0,0.024390243902439025,AZ's Tranquility,trainer,1,J
lucario-hariyama,Accompanying Flute,3,3,205,0.014634146341463415,1.0,0.014634146341463415,Accompanying Flute,trainer,0,H
lucario-hariyama,Air Balloon,194,374,205,0.9463414634146341,1.9278350515463918,1.824390243902439,Air Balloon,trainer,1,I
lucario-hariyama,Battle Cage,19,23,205,0.09268292682926829,1.2105263157894737,0.11219512195121951,Battle Cage,trainer,1,I
lucario-hariyama,Black Belt's Training,24,27,205,0.11707317073170732,1.125,0.13170731707317074,Black Belt's Training,trainer,0,H
lucario-hariyama,Bloodmoon Ursaluna ex [PRE 168],2,2,205,0.00975609756097561,1.0,0.00975609756097561,Bloodmoon Ursaluna ex,pokemon,0,H
lucario-hariyama,Boss's Orders,197,415,205,0.9609756097560975,2.1065989847715736,2.024390243902439,Boss's Orders,trainer,1,G/I
lucario-hariyama,Buddy-Buddy Poffin,5,12,205,0.024390243902439025,2.4,0.05853658536585366,Buddy-Buddy Poffin,trainer,0,H
lucario-hariyama,Budew [ASC 16],2,2,205,0.00975609756097561,1.0,0.00975609756097561,Budew,pokemon,0,H
lucario-hariyama,Carmine,15,21,205,0.07317073170731707,1.4,0.1024390243902439,Carmine,trainer,0,H
lucario-hariyama,Ciphermaniac's Codebreaking,9,12,205,0.04390243902439024,1.3333333333333333,0.05853658536585366,Ciphermaniac's Codebreaking,trainer,0,H
lucario-hariyama,Colress's Tenacity,2,2,205,0.00975609756097561,1.0,0.00975609756097561,Colress's Tenacity,trainer,0,H
lucario-hariyama,Core Memory,2,2,205,0.00975609756097561,1.0,0.00975609756097561,Core Memory,trainer,1,J
lucario-hariyama,Cornerstone Mask Ogerpon ex [PRE 160],8,8,205,0.03902439024390244,1.0,0.03902439024390244,Cornerstone Mask Ogerpon ex,pokemon,0,H
lucario-hariyama,Crushing Hammer,3,11,205,0.014634146341463415,3.6666666666666665,0.05365853658536585,Crushing Hammer,trainer,1,F/G/J
lucario-hariyama,Dawn,1,1,205,0.004878048780487805,1.0,0.004878048780487805,Dawn,trainer,1,I
lucario-hariyama,Dudunsparce [PRE 80],6,12,205,0.02926829268292683,2.0,0.05853658536585366,Dudunsparce,pokemon,0,H
lucario-hariyama,Dudunsparce ex [JTG 121],1,1,205,0.004878048780487805,1.0,0.004878048780487805,Dudunsparce ex,pokemon,1,I
lucario-hariyama,Dunsparce [JTG 120],5,8,205,0.024390243902439025,1.6,0.03902439024390244,Dunsparce,pokemon,1,I
lucario-hariyama,Dunsparce [PRE 79],2,4,205,0.00975609756097561,2.0,0.01951219512195122,Dunsparce,pokemon,0,H
lucario-hariyama,Ethan's Sudowoodo [DRI 93],2,2,205,0.00975609756097561,1.0,0.00975609756097561,Ethan's Sudowoodo,pokemon,1,I
lucario-hariyama,Fezandipiti ex [ASC 142],19,19,205,0.09268292682926829,1.0,0.09268292682926829,Fezandipiti ex,pokemon,0,H
lucario-hariyama,Fighting Energy,198,1986,205,0.9658536585365853,10.030303030303031,9.68780487804878,Fighting Energy,energy,1,basic
lucario-hariyama,Fighting Gong,198,819,205,0.9658536585365853,4.136363636363637,3.995121951219512,Fighting Gong,trainer,1,I
lucario-hariyama,Genesect [SFA 40],20,20,205,0.0975609756097561,1.0,0.0975609756097561,Genesect,pokemon,0,H
lucario-hariyama,Gravity Mountain,189,398,205,0.9219512195121952,2.105820105820106,1.9414634146341463,Gravity Mountain,trainer,0,H
lucario-hariyama,Handheld Fan,1,1,205,0.004878048780487805,1.0,0.004878048780487805,Handheld Fan,trainer,0,H
lucario-hariyama,Hariyama [MEG 73],198,411,205,0.9658536585365853,2.0757575757575757,2.004878048780488,Hariyama,pokemon,1,I
lucario-hariyama,Harlequin,2,3,205,0.00975609756097561,1.5,0.014634146341463415,Harlequin,trainer,1,I
lucario-hariyama,Hero's Cape,17,17,205,0.08292682926829269,1.0,0.08292682926829269,Hero's Cape,trainer,0,H
lucario-hariyama,Hilda,26,43,205,0.12682926829268293,1.6538461538461537,0.2097560975609756,Hilda,trainer,1,I
lucario-hariyama,Iris's Fighting Spirit,1,1,205,0.004878048780487805,1.0,0.004878048780487805,Iris's Fighting Spirit,trainer,1,I
lucario-hariyama,Jamming Tower,2,2,205,0.00975609756097561,1.0,0.00975609756097561,Jamming Tower,trainer,0,H
lucario-hariyama,Judge,173,352,205,0.8439024390243902,2.0346820809248554,1.7170731707317073,Judge,trainer,1,G/J
lucario-hariyama,Kieran,8,8,205,0.03902439024390244,1.0,0.03902439024390244,Kieran,trainer,0,H
lucario-hariyama,Lacey,2,2,205,0.00975609756097561,1.0,0.00975609756097561,Lacey,trainer,0,H
lucario-hariyama,Legacy Energy,2,2,205,0.00975609756097561,1.0,0.00975609756097561,Legacy Energy,energy,0,H
lucario-hariyama,Lillie's Determination,198,811,205,0.9658536585365853,4.095959595959596,3.9560975609756097,Lillie's Determination,trainer,1,I
lucario-hariyama,Lucario [30C 83],12,12,205,0.05853658536585366,1.0,0.05853658536585366,Lucario,pokemon,1,J
lucario-hariyama,Lucky Helmet,1,1,205,0.004878048780487805,1.0,0.004878048780487805,Lucky Helmet,trainer,0,H
lucario-hariyama,Lunatone [ASC 105],198,412,205,0.9658536585365853,2.080808080808081,2.0097560975609756,Lunatone,pokemon,1,I
lucario-hariyama,Makuhita [MEG 72],198,413,205,0.9658536585365853,2.085858585858586,2.0146341463414634,Makuhita,pokemon,1,I
lucario-hariyama,Maximum Belt,45,47,205,0.21951219512195122,1.0444444444444445,0.22926829268292684,Maximum Belt,trainer,0,H
lucario-hariyama,Mega Lucario ex [ASC 113],198,611,205,0.9658536585365853,3.085858585858586,2.9804878048780488,Mega Lucario ex,pokemon,1,I
lucario-hariyama,Mega Signal,22,23,205,0.1073170731707317,1.0454545454545454,0.11219512195121951,Mega Signal,trainer,1,I
lucario-hariyama,Mega Zygarde ex [MEP 71],3,3,205,0.014634146341463415,1.0,0.014634146341463415,Mega Zygarde ex,pokemon,1,J
lucario-hariyama,Meowth ex [POR 107],172,175,205,0.8390243902439024,1.0174418604651163,0.8536585365853658,Meowth ex,pokemon,1,J
lucario-hariyama,Mew ex [30C 152],5,5,205,0.024390243902439025,1.0,0.024390243902439025,Mew ex,pokemon,1,J
lucario-hariyama,Morty's Conviction,1,1,205,0.004878048780487805,1.0,0.004878048780487805,Morty's Conviction,trainer,0,H
lucario-hariyama,Naveen,1,2,205,0.004878048780487805,2.0,0.00975609756097561,Naveen,trainer,1,J
lucario-hariyama,Night Stretcher,86,134,205,0.4195121951219512,1.558139534883721,0.6536585365853659,Night Stretcher,trainer,0,H
lucario-hariyama,Nighttime Mine,1,1,205,0.004878048780487805,1.0,0.004878048780487805,Nighttime Mine,trainer,1,I
lucario-hariyama,Okidogi [ASC 122],1,1,205,0.004878048780487805,1.0,0.004878048780487805,Okidogi,pokemon,1,I
lucario-hariyama,Poké Pad,196,728,205,0.9560975609756097,3.7142857142857144,3.551219512195122,Poké Pad,trainer,1,J
lucario-hariyama,Pokégear 3.0,3,3,205,0.014634146341463415,1.0,0.014634146341463415,Pokégear 3.0,trainer,1,G/I
lucario-hariyama,Premium Power Pro,198,816,205,0.9658536585365853,4.121212121212121,3.9804878048780488,Premium Power Pro,trainer,1,I
lucario-hariyama,Prime Catcher,5,5,205,0.024390243902439025,1.0,0.024390243902439025,Prime Catcher,trainer,0,H
lucario-hariyama,Psyduck [ASC 226],3,3,205,0.014634146341463415,1.0,0.014634146341463415,Psyduck,pokemon,1,I
lucario-hariyama,Riolu [ASC 112],193,646,205,0.9414634146341463,3.3471502590673574,3.151219512195122,Riolu,pokemon,1,I
lucario-hariyama,Riolu [PRE 50],8,18,205,0.03902439024390244,2.25,0.08780487804878048,Riolu,pokemon,0,H
lucario-hariyama,Riolu [SCR 81],1,2,205,0.004878048780487805,2.0,0.00975609756097561,Riolu,pokemon,0,H
lucario-hariyama,Rocky Fighting Energy,114,263,205,0.5560975609756098,2.307017543859649,1.2829268292682927,Rocky Fighting Energy,energy,1,J
lucario-hariyama,Salvatore,9,10,205,0.04390243902439024,1.1111111111111112,0.04878048780487805,Salvatore,trainer,0,H
lucario-hariyama,Scoop Up Cyclone,4,4,205,0.01951219512195122,1.0,0.01951219512195122,Scoop Up Cyclone,trainer,0,H
lucario-hariyama,Secret Box,55,56,205,0.2682926829268293,1.018181818181818,0.2731707317073171,Secret Box,trainer,0,H
lucario-hariyama,Shaymin [DRI 10],45,45,205,0.21951219512195122,1.0,0.21951219512195122,Shaymin,pokemon,1,I
lucario-hariyama,Solrock [ASC 106],198,527,205,0.9658536585365853,2.6616161616161618,2.5707317073170732,Solrock,pokemon,1,I
lucario-hariyama,Special Red Card,76,80,205,0.37073170731707317,1.0526315789473684,0.3902439024390244,Special Red Card,trainer,1,J
lucario-hariyama,Survival Brace,1,1,205,0.004878048780487805,1.0,0.004878048780487805,Survival Brace,trainer,0,H
lucario-hariyama,Switch,182,223,205,0.8878048780487805,1.2252747252747254,1.0878048780487806,Switch,trainer,1,F/G/I
lucario-hariyama,Tarragon,28,29,205,0.13658536585365855,1.0357142857142858,0.14146341463414633,Tarragon,trainer,1,J
lucario-hariyama,Team Rocket's Articuno [DRI 51],1,1,205,0.004878048780487805,1.0,0.004878048780487805,Team Rocket's Articuno,pokemon,1,I
lucario-hariyama,Team Rocket's Petrel,119,128,205,0.5804878048780487,1.0756302521008403,0.624390243902439,Team Rocket's Petrel,trainer,1,I
lucario-hariyama,Team Rocket's Watchtower,29,46,205,0.14146341463414633,1.5862068965517242,0.22439024390243903,Team Rocket's Watchtower,trainer,1,I
lucario-hariyama,Tool Scrapper,11,11,205,0.05365853658536585,1.0,0.05365853658536585,Tool Scrapper,trainer,1,I
lucario-hariyama,Ultra Ball,197,705,205,0.9609756097560975,3.5786802030456855,3.4390243902439024,Ultra Ball,trainer,1,F/G/I
lucario-hariyama,Unfair Stamp,73,73,205,0.35609756097560974,1.0,0.35609756097560974,Unfair Stamp,trainer,0,H
lucario-hariyama,Wally's Compassion,156,182,205,0.7609756097560976,1.1666666666666667,0.8878048780487805,Wally's Compassion,trainer,1,I
lucario-hariyama,Xerosic's Machinations,11,12,205,0.05365853658536585,1.0909090909090908,0.05853658536585366,Xerosic's Machinations,trainer,0,H
manectric-eelektrik,Air Balloon,15,26,16,0.9375,1.7333333333333334,1.625,Air Balloon,trainer,1,I
manectric-eelektrik,Battle Cage,12,27,16,0.75,2.25,1.6875,Battle Cage,trainer,1,I
manectric-eelektrik,Boss's Orders,15,30,16,0.9375,2.0,1.875,Boss's Orders,trainer,1,G/I
manectric-eelektrik,Buddy-Buddy Poffin,15,53,16,0.9375,3.533333333333333,3.3125,Buddy-Buddy Poffin,trainer,0,H
manectric-eelektrik,Budew [ASC 16],1,1,16,0.0625,1.0,0.0625,Budew,pokemon,0,H
manectric-eelektrik,Buneary [MEG 107],1,1,16,0.0625,1.0,0.0625,Buneary,pokemon,1,I
manectric-eelektrik,Buneary [PFL 83],1,1,16,0.0625,1.0,0.0625,Buneary,pokemon,1,I
manectric-eelektrik,Canari,15,39,16,0.9375,2.6,2.4375,Canari,trainer,1,I
manectric-eelektrik,Charjabug [PBL 25],1,3,16,0.0625,3.0,0.1875,Charjabug,pokemon,1,J
manectric-eelektrik,Clemont's Quick Wit,3,3,16,0.1875,1.0,0.1875,Clemont's Quick Wit,trainer,0,H
manectric-eelektrik,Crispin,1,1,16,0.0625,1.0,0.0625,Crispin,trainer,0,H
manectric-eelektrik,Dudunsparce [PRE 80],2,3,16,0.125,1.5,0.1875,Dudunsparce,pokemon,0,H
manectric-eelektrik,Dunsparce [JTG 120],2,2,16,0.125,1.0,0.125,Dunsparce,pokemon,1,I
manectric-eelektrik,Dunsparce [PRE 79],1,1,16,0.0625,1.0,0.0625,Dunsparce,pokemon,0,H
manectric-eelektrik,Eelektrik [ASC 60],16,46,16,1.0,2.875,2.875,Eelektrik,pokemon,1,I
manectric-eelektrik,Electrike [DRI 196],1,1,16,0.0625,1.0,0.0625,Electrike,pokemon,1,I
manectric-eelektrik,Electrike [MEG 49],13,28,16,0.8125,2.1538461538461537,1.75,Electrike,pokemon,1,I
manectric-eelektrik,Electrike [PBL 23],12,22,16,0.75,1.8333333333333333,1.375,Electrike,pokemon,1,J
manectric-eelektrik,Emolga [CRI 30],1,1,16,0.0625,1.0,0.0625,Emolga,pokemon,1,J
manectric-eelektrik,Energy Search,1,4,16,0.0625,4.0,0.25,Energy Search,trainer,1,F/G/J
manectric-eelektrik,Energy Switch,1,2,16,0.0625,2.0,0.125,Energy Switch,trainer,1,F/G/I
manectric-eelektrik,Eri,2,3,16,0.125,1.5,0.1875,Eri,trainer,0,H
manectric-eelektrik,Fan Rotom [ASC 171],1,1,16,0.0625,1.0,0.0625,Fan Rotom,pokemon,0,H
manectric-eelektrik,Fezandipiti ex [ASC 142],7,7,16,0.4375,1.0,0.4375,Fezandipiti ex,pokemon,0,H
manectric-eelektrik,Galvantula ex [SCR 159],1,1,16,0.0625,1.0,0.0625,Galvantula ex,pokemon,0,H
manectric-eelektrik,Grass Energy,1,3,16,0.0625,3.0,0.1875,Grass Energy,energy,1,basic
manectric-eelektrik,Grubbin [PBL 2],1,4,16,0.0625,4.0,0.25,Grubbin,pokemon,1,J
manectric-eelektrik,Hero's Cape,5,5,16,0.3125,1.0,0.3125,Hero's Cape,trainer,0,H
manectric-eelektrik,Hilda,10,19,16,0.625,1.9,1.1875,Hilda,trainer,1,I
manectric-eelektrik,Iono's Kilowattrel [ASC 72],10,17,16,0.625,1.7,1.0625,Iono's Kilowattrel,pokemon,1,I
manectric-eelektrik,Iono's Wattrel [ASC 231],10,17,16,0.625,1.7,1.0625,Iono's Wattrel,pokemon,1,I
manectric-eelektrik,Iris's Fighting Spirit,1,1,16,0.0625,1.0,0.0625,Iris's Fighting Spirit,trainer,1,I
manectric-eelektrik,Joltik [SCR 150],2,4,16,0.125,2.0,0.25,Joltik,pokemon,0,H
manectric-eelektrik,Judge,6,9,16,0.375,1.5,0.5625,Judge,trainer,1,G/J
manectric-eelektrik,Kieran,1,1,16,0.0625,1.0,0.0625,Kieran,trainer,0,H
manectric-eelektrik,Levincia,1,2,16,0.0625,2.0,0.125,Levincia,trainer,1,I
manectric-eelektrik,Lightning Energy,16,131,16,1.0,8.1875,8.1875,Lightning Energy,energy,1,basic
manectric-eelektrik,Lillie's Determination,16,60,16,1.0,3.75,3.75,Lillie's Determination,trainer,1,I
manectric-eelektrik,Manectric [PBL 24],14,19,16,0.875,1.3571428571428572,1.1875,Manectric,pokemon,1,J
manectric-eelektrik,Mega Eelektross ex [ASC 266],13,13,16,0.8125,1.0,0.8125,Mega Eelektross ex,pokemon,1,I
manectric-eelektrik,Mega Lopunny ex [PFL 115],1,2,16,0.0625,2.0,0.125,Mega Lopunny ex,pokemon,1,I
manectric-eelektrik,Mega Manectric ex [MEG 158],16,36,16,1.0,2.25,2.25,Mega Manectric ex,pokemon,1,I
manectric-eelektrik,Meowth ex [POR 107],8,8,16,0.5,1.0,0.5,Meowth ex,pokemon,1,J
manectric-eelektrik,Mew ex [30C 152],1,1,16,0.0625,1.0,0.0625,Mew ex,pokemon,1,J
manectric-eelektrik,Mist Energy,1,2,16,0.0625,2.0,0.125,Mist Energy,energy,0,H
manectric-eelektrik,N's Zoroark ex [ASC 137],1,1,16,0.0625,1.0,0.0625,N's Zoroark ex,pokemon,1,I
manectric-eelektrik,N's Zorua [ASC 136],1,1,16,0.0625,1.0,0.0625,N's Zorua,pokemon,1,I
manectric-eelektrik,Naveen,3,5,16,0.1875,1.6666666666666667,0.3125,Naveen,trainer,1,J
manectric-eelektrik,Night Stretcher,14,24,16,0.875,1.7142857142857142,1.5,Night Stretcher,trainer,0,H
manectric-eelektrik,Patrat [CRI 70],2,2,16,0.125,1.0,0.125,Patrat,pokemon,1,J
manectric-eelektrik,Poké Pad,10,27,16,0.625,2.7,1.6875,Poké Pad,trainer,1,J
manectric-eelektrik,Pokégear 3.0,2,3,16,0.125,1.5,0.1875,Pokégear 3.0,trainer,1,G/I
manectric-eelektrik,Powerglass,1,1,16,0.0625,1.0,0.0625,Powerglass,trainer,0,H
manectric-eelektrik,Prime Catcher,8,8,16,0.5,1.0,0.5,Prime Catcher,trainer,0,H
manectric-eelektrik,Prism Tower,3,6,16,0.1875,2.0,0.375,Prism Tower,trainer,1,J
manectric-eelektrik,Psyduck [ASC 226],3,3,16,0.1875,1.0,0.1875,Psyduck,pokemon,1,I
manectric-eelektrik,Shaymin [DRI 10],10,10,16,0.625,1.0,0.625,Shaymin,pokemon,1,I
manectric-eelektrik,Special Red Card,11,12,16,0.6875,1.0909090909090908,0.75,Special Red Card,trainer,1,J
manectric-eelektrik,Stunfisk [ASC 62],10,11,16,0.625,1.1,0.6875,Stunfisk,pokemon,1,I
manectric-eelektrik,Surfer,2,3,16,0.125,1.5,0.1875,Surfer,trainer,0,H
manectric-eelektrik,Switch,10,11,16,0.625,1.1,0.6875,Switch,trainer,1,F/G/I
manectric-eelektrik,Tapu Koko [SSP 65],1,1,16,0.0625,1.0,0.0625,Tapu Koko,pokemon,0,H
manectric-eelektrik,Team Rocket's Petrel,3,3,16,0.1875,1.0,0.1875,Team Rocket's Petrel,trainer,1,I
manectric-eelektrik,Team Rocket's Watchtower,3,5,16,0.1875,1.6666666666666667,0.3125,Team Rocket's Watchtower,trainer,1,I
manectric-eelektrik,Tynamo [ASC 59],16,46,16,1.0,2.875,2.875,Tynamo,pokemon,1,I
manectric-eelektrik,Ultra Ball,15,47,16,0.9375,3.1333333333333333,2.9375,Ultra Ball,trainer,1,F/G/I
manectric-eelektrik,Unfair Stamp,2,2,16,0.125,1.0,0.125,Unfair Stamp,trainer,0,H
manectric-eelektrik,Vikavolt [PBL 26],1,3,16,0.0625,3.0,0.1875,Vikavolt,pokemon,1,J
manectric-eelektrik,Voltaic Lightning Energy,16,45,16,1.0,2.8125,2.8125,Voltaic Lightning Energy,energy,1,J
manectric-eelektrik,Wally's Compassion,5,6,16,0.3125,1.2,0.375,Wally's Compassion,trainer,1,I
manectric-eelektrik,Xerosic's Machinations,4,4,16,0.25,1.0,0.25,Xerosic's Machinations,trainer,0,H
manectric-eelektrik,Zekrom ex [BLK 158],3,3,16,0.1875,1.0,0.1875,Zekrom ex,pokemon,1,I
manectric-eelektrik,Zeraora [DRI 78],6,6,16,0.375,1.0,0.375,Zeraora,pokemon,1,I
marnie-grimmsnarl-ex,Air Balloon,2,2,3,0.6666666666666666,1.0,0.6666666666666666,Air Balloon,trainer,1,I
marnie-grimmsnarl-ex,Boss's Orders,3,6,3,1.0,2.0,2.0,Boss's Orders,trainer,1,G/I
marnie-grimmsnarl-ex,Brute Bonnet [TWM 118],1,1,3,0.3333333333333333,1.0,0.3333333333333333,Brute Bonnet,pokemon,0,H
marnie-grimmsnarl-ex,Buddy-Buddy Poffin,3,9,3,1.0,3.0,3.0,Buddy-Buddy Poffin,trainer,0,H
marnie-grimmsnarl-ex,Budew [ASC 16],2,2,3,0.6666666666666666,1.0,0.6666666666666666,Budew,pokemon,0,H
marnie-grimmsnarl-ex,Darkness Energy,3,29,3,1.0,9.666666666666666,9.666666666666666,Darkness Energy,energy,1,basic
marnie-grimmsnarl-ex,Dusclops [PRE 36],1,3,3,0.3333333333333333,3.0,1.0,Dusclops,pokemon,0,H
marnie-grimmsnarl-ex,Dusknoir [PRE 37],1,2,3,0.3333333333333333,2.0,0.6666666666666666,Dusknoir,pokemon,0,H
marnie-grimmsnarl-ex,Duskull [PRE 35],1,4,3,0.3333333333333333,4.0,1.3333333333333333,Duskull,pokemon,0,H
marnie-grimmsnarl-ex,Energy Recycler,2,4,3,0.6666666666666666,2.0,1.3333333333333333,Energy Recycler,trainer,1,I
marnie-grimmsnarl-ex,Fezandipiti ex [ASC 142],2,2,3,0.6666666666666666,1.0,0.6666666666666666,Fezandipiti ex,pokemon,0,H
marnie-grimmsnarl-ex,Froslass [SVP 117],1,1,3,0.3333333333333333,1.0,0.3333333333333333,Froslass,pokemon,0,H
marnie-grimmsnarl-ex,Judge,2,4,3,0.6666666666666666,2.0,1.3333333333333333,Judge,trainer,1,G/J
marnie-grimmsnarl-ex,Lillie's Determination,3,12,3,1.0,4.0,4.0,Lillie's Determination,trainer,1,I
marnie-grimmsnarl-ex,Marnie's Grimmsnarl ex [ASC 287],3,8,3,1.0,2.6666666666666665,2.6666666666666665,Marnie's Grimmsnarl ex,pokemon,1,I
marnie-grimmsnarl-ex,Marnie's Impidimp [DRI 134],3,11,3,1.0,3.6666666666666665,3.6666666666666665,Marnie's Impidimp,pokemon,1,I
marnie-grimmsnarl-ex,Marnie's Morgrem [DRI 135],3,6,3,1.0,2.0,2.0,Marnie's Morgrem,pokemon,1,I
marnie-grimmsnarl-ex,Marnie's Morpeko [DRI 137],1,3,3,0.3333333333333333,3.0,1.0,Marnie's Morpeko,pokemon,1,I
marnie-grimmsnarl-ex,Mega Absol ex [MEG 161],1,1,3,0.3333333333333333,1.0,0.3333333333333333,Mega Absol ex,pokemon,1,I
marnie-grimmsnarl-ex,Meowth ex [POR 107],1,1,3,0.3333333333333333,1.0,0.3333333333333333,Meowth ex,pokemon,1,J
marnie-grimmsnarl-ex,Munkidori [ASC 99],3,6,3,1.0,2.0,2.0,Munkidori,pokemon,0,H
marnie-grimmsnarl-ex,Night Stretcher,3,6,3,1.0,2.0,2.0,Night Stretcher,trainer,0,H
marnie-grimmsnarl-ex,Poké Pad,3,9,3,1.0,3.0,3.0,Poké Pad,trainer,1,J
marnie-grimmsnarl-ex,Psyduck [ASC 226],1,1,3,0.3333333333333333,1.0,0.3333333333333333,Psyduck,pokemon,1,I
marnie-grimmsnarl-ex,Punk Helmet,1,2,3,0.3333333333333333,2.0,0.6666666666666666,Punk Helmet,trainer,1,I
marnie-grimmsnarl-ex,Rare Candy,3,10,3,1.0,3.3333333333333335,3.3333333333333335,Rare Candy,trainer,1,F/G/I
marnie-grimmsnarl-ex,Sacred Ash,1,1,3,0.3333333333333333,1.0,0.3333333333333333,Sacred Ash,trainer,1,I
marnie-grimmsnarl-ex,Secret Box,2,2,3,0.6666666666666666,1.0,0.6666666666666666,Secret Box,trainer,0,H
marnie-grimmsnarl-ex,Shaymin [DRI 10],1,1,3,0.3333333333333333,1.0,0.3333333333333333,Shaymin,pokemon,1,I
marnie-grimmsnarl-ex,Snorunt [ASC 227],1,1,3,0.3333333333333333,1.0,0.3333333333333333,Snorunt,pokemon,1,I
marnie-grimmsnarl-ex,Special Red Card,2,2,3,0.6666666666666666,1.0,0.6666666666666666,Special Red Card,trainer,1,J
marnie-grimmsnarl-ex,Spikemuth Gym,3,9,3,1.0,3.0,3.0,Spikemuth Gym,trainer,1,I
marnie-grimmsnarl-ex,Tatsugiri [SVP 118],1,1,3,0.3333333333333333,1.0,0.3333333333333333,Tatsugiri,pokemon,0,H
marnie-grimmsnarl-ex,Team Rocket's Petrel,3,7,3,1.0,2.3333333333333335,2.3333333333333335,Team Rocket's Petrel,trainer,1,I
marnie-grimmsnarl-ex,Transformation Tome,1,4,3,0.3333333333333333,4.0,1.3333333333333333,Transformation Tome,trainer,1,J
marnie-grimmsnarl-ex,Ultra Ball,2,5,3,0.6666666666666666,2.5,1.6666666666666667,Ultra Ball,trainer,1,F/G/I
marnie-grimmsnarl-ex,Unfair Stamp,1,1,3,0.3333333333333333,1.0,0.3333333333333333,Unfair Stamp,trainer,0,H
marnie-grimmsnarl-ex,Yveltal [MEG 88],1,1,3,0.3333333333333333,1.0,0.3333333333333333,Yveltal,pokemon,1,I
mega-abomasnow-ex,Boss's Orders,1,1,5,0.2,1.0,0.2,Boss's Orders,trainer,1,G/I
mega-abomasnow-ex,Bubbly Water Energy,1,4,5,0.2,4.0,0.8,Bubbly Water Energy,energy,1,J
mega-abomasnow-ex,Cinderace [MEG 28],1,4,5,0.2,4.0,0.8,Cinderace,pokemon,1,I
mega-abomasnow-ex,Dawn,2,8,5,0.4,4.0,1.6,Dawn,trainer,1,I
mega-abomasnow-ex,Energy Retrieval,1,2,5,0.2,2.0,0.4,Energy Retrieval,trainer,1,F/G/I
mega-abomasnow-ex,Great Haul Net,1,2,5,0.2,2.0,0.4,Great Haul Net,trainer,1,J
mega-abomasnow-ex,Hero's Cape,1,1,5,0.2,1.0,0.2,Hero's Cape,trainer,0,H
mega-abomasnow-ex,Kyogre [MEG 34],4,7,5,0.8,1.75,1.4,Kyogre,pokemon,1,I
mega-abomasnow-ex,Larry's Skill,4,14,5,0.8,3.5,2.8,Larry's Skill,trainer,0,H
mega-abomasnow-ex,Lillie's Determination,1,4,5,0.2,4.0,0.8,Lillie's Determination,trainer,1,I
mega-abomasnow-ex,Mega Abomasnow ex [MEG 157],5,19,5,1.0,3.8,3.8,Mega Abomasnow ex,pokemon,1,I
mega-abomasnow-ex,Mega Signal,1,3,5,0.2,3.0,0.6,Mega Signal,trainer,1,I
mega-abomasnow-ex,Mega Starmie ex [POR 102],1,3,5,0.2,3.0,0.6,Mega Starmie ex,pokemon,1,J
mega-abomasnow-ex,Mew ex [30C 152],1,1,5,0.2,1.0,0.2,Mew ex,pokemon,1,J
mega-abomasnow-ex,Misty's Vitality,1,4,5,0.2,4.0,0.8,Misty's Vitality,trainer,1,J
mega-abomasnow-ex,Precious Trolley,2,2,5,0.4,1.0,0.4,Precious Trolley,trainer,0,H
mega-abomasnow-ex,Snover [MEG 140],5,20,5,1.0,4.0,4.0,Snover,pokemon,1,I
mega-abomasnow-ex,Staryu [POR 20],1,4,5,0.2,4.0,0.8,Staryu,pokemon,1,J
mega-abomasnow-ex,Surfing Beach,4,10,5,0.8,2.5,2.0,Surfing Beach,trainer,1,I
mega-abomasnow-ex,Switch,1,2,5,0.2,2.0,0.4,Switch,trainer,1,F/G/I
mega-abomasnow-ex,Team Rocket's Petrel,3,9,5,0.6,3.0,1.8,Team Rocket's Petrel,trainer,1,I
mega-abomasnow-ex,Team Rocket's Transceiver,2,8,5,0.4,4.0,1.6,Team Rocket's Transceiver,trainer,1,I
mega-abomasnow-ex,Ultra Ball,5,15,5,1.0,3.0,3.0,Ultra Ball,trainer,1,F/G/I
mega-abomasnow-ex,Wally's Compassion,1,3,5,0.2,3.0,0.6,Wally's Compassion,trainer,1,I
mega-abomasnow-ex,Water Energy,5,150,5,1.0,30.0,30.0,Water Energy,energy,1,basic
mega-absol-box,Backtrack Badge,2,4,14,0.14285714285714285,2.0,0.2857142857142857,Backtrack Badge,trainer,1,J
mega-absol-box,Bloodmoon Ursaluna ex [PRE 168],4,4,14,0.2857142857142857,1.0,0.2857142857142857,Bloodmoon Ursaluna ex,pokemon,0,H
mega-absol-box,Boss's Orders,14,51,14,1.0,3.642857142857143,3.642857142857143,Boss's Orders,trainer,1,G/I
mega-absol-box,Buneary [PFL 83],2,3,14,0.14285714285714285,1.5,0.21428571428571427,Buneary,pokemon,1,I
mega-absol-box,Chi-Yu [MEG 31],1,1,14,0.07142857142857142,1.0,0.07142857142857142,Chi-Yu,pokemon,1,I
mega-absol-box,Chi-Yu [TWM 39],1,1,14,0.07142857142857142,1.0,0.07142857142857142,Chi-Yu,pokemon,0,H
mega-absol-box,Cornerstone Mask Ogerpon ex [PRE 160],1,1,14,0.07142857142857142,1.0,0.07142857142857142,Cornerstone Mask Ogerpon ex,pokemon,0,H
mega-absol-box,Crispin,4,8,14,0.2857142857142857,2.0,0.5714285714285714,Crispin,trainer,0,H
mega-absol-box,Crushing Hammer,1,4,14,0.07142857142857142,4.0,0.2857142857142857,Crushing Hammer,trainer,1,F/G/J
mega-absol-box,Cyrano,1,1,14,0.07142857142857142,1.0,0.07142857142857142,Cyrano,trainer,0,H
mega-absol-box,Dark Bell,1,1,14,0.07142857142857142,1.0,0.07142857142857142,Dark Bell,trainer,1,J
mega-absol-box,Darkness Energy,14,107,14,1.0,7.642857142857143,7.642857142857143,Darkness Energy,energy,1,basic
mega-absol-box,Energy Recycler,1,1,14,0.07142857142857142,1.0,0.07142857142857142,Energy Recycler,trainer,1,I
mega-absol-box,Energy Search,7,7,14,0.5,1.0,0.5,Energy Search,trainer,1,F/G/J
mega-absol-box,Energy Switch,13,42,14,0.9285714285714286,3.230769230769231,3.0,Energy Switch,trainer,1,F/G/I
mega-absol-box,Enhanced Hammer,1,1,14,0.07142857142857142,1.0,0.07142857142857142,Enhanced Hammer,trainer,0,H
mega-absol-box,Fezandipiti ex [ASC 142],11,11,14,0.7857142857142857,1.0,0.7857142857142857,Fezandipiti ex,pokemon,0,H
mega-absol-box,Fighting Energy,1,2,14,0.07142857142857142,2.0,0.14285714285714285,Fighting Energy,energy,1,basic
mega-absol-box,Fire Energy,6,14,14,0.42857142857142855,2.3333333333333335,1.0,Fire Energy,energy,1,basic
mega-absol-box,Fletchinder [SCR 122],1,1,14,0.07142857142857142,1.0,0.07142857142857142,Fletchinder,pokemon,0,H
mega-absol-box,Fletchling [POR 66],1,2,14,0.07142857142857142,2.0,0.14285714285714285,Fletchling,pokemon,1,J
mega-absol-box,Flutter Mane [PRE 43],1,1,14,0.07142857142857142,1.0,0.07142857142857142,Flutter Mane,pokemon,0,H
mega-absol-box,Frillish [WHT 126],1,1,14,0.07142857142857142,1.0,0.07142857142857142,Frillish,pokemon,1,I
mega-absol-box,Hero's Cape,8,8,14,0.5714285714285714,1.0,0.5714285714285714,Hero's Cape,trainer,0,H
mega-absol-box,Jamming Tower,2,2,14,0.14285714285714285,1.0,0.14285714285714285,Jamming Tower,trainer,0,H
mega-absol-box,Janine's Secret Art,9,31,14,0.6428571428571429,3.4444444444444446,2.2142857142857144,Janine's Secret Art,trainer,0,H
mega-absol-box,Jumbo Ice Cream,5,11,14,0.35714285714285715,2.2,0.7857142857142857,Jumbo Ice Cream,trainer,1,I
mega-absol-box,Latias ex [SSP 220],14,15,14,1.0,1.0714285714285714,1.0714285714285714,Latias ex,pokemon,0,H
mega-absol-box,Lillie's Clefairy ex [ASC 280],2,2,14,0.14285714285714285,1.0,0.14285714285714285,Lillie's Clefairy ex,pokemon,1,I
mega-absol-box,Lillie's Determination,14,48,14,1.0,3.4285714285714284,3.4285714285714284,Lillie's Determination,trainer,1,I
mega-absol-box,Lively Stadium,2,2,14,0.14285714285714285,1.0,0.14285714285714285,Lively Stadium,trainer,0,H
mega-absol-box,Lumiose City,9,19,14,0.6428571428571429,2.111111111111111,1.3571428571428572,Lumiose City,trainer,1,J
mega-absol-box,Mega Absol ex [MEG 161],14,28,14,1.0,2.0,2.0,Mega Absol ex,pokemon,1,I
mega-absol-box,Mega Audino ex [ASC 172],4,9,14,0.2857142857142857,2.25,0.6428571428571429,Mega Audino ex,pokemon,1,J
mega-absol-box,Mega Kangaskhan ex [MEG 104],14,30,14,1.0,2.142857142857143,2.142857142857143,Mega Kangaskhan ex,pokemon,1,I
mega-absol-box,Mega Lopunny ex [PFL 115],2,3,14,0.14285714285714285,1.5,0.21428571428571427,Mega Lopunny ex,pokemon,1,I
mega-absol-box,Mega Signal,11,34,14,0.7857142857142857,3.090909090909091,2.4285714285714284,Mega Signal,trainer,1,I
mega-absol-box,Meowth ex [POR 107],1,1,14,0.07142857142857142,1.0,0.07142857142857142,Meowth ex,pokemon,1,J
mega-absol-box,Mew ex [30C 152],1,1,14,0.07142857142857142,1.0,0.07142857142857142,Mew ex,pokemon,1,J
mega-absol-box,Mist Energy,9,18,14,0.6428571428571429,2.0,1.2857142857142858,Mist Energy,energy,0,H
mega-absol-box,Moltres [PFL 14],6,6,14,0.42857142857142855,1.0,0.42857142857142855,Moltres,pokemon,1,I
mega-absol-box,Munkidori [ASC 99],14,41,14,1.0,2.9285714285714284,2.9285714285714284,Munkidori,pokemon,0,H
mega-absol-box,Night Stretcher,14,26,14,1.0,1.8571428571428572,1.8571428571428572,Night Stretcher,trainer,0,H
mega-absol-box,Nighttime Mine,2,3,14,0.14285714285714285,1.5,0.21428571428571427,Nighttime Mine,trainer,1,I
mega-absol-box,Paldean Tauros [SSP 18],1,1,14,0.07142857142857142,1.0,0.07142857142857142,Paldean Tauros,pokemon,0,H
mega-absol-box,Pecharunt ex [PRE 163],13,13,14,0.9285714285714286,1.0,0.9285714285714286,Pecharunt ex,pokemon,0,H
mega-absol-box,Poké Pad,2,2,14,0.14285714285714285,1.0,0.14285714285714285,Poké Pad,trainer,1,J
mega-absol-box,Pokégear 3.0,12,33,14,0.8571428571428571,2.75,2.357142857142857,Pokégear 3.0,trainer,1,G/I
mega-absol-box,Precious Trolley,5,5,14,0.35714285714285715,1.0,0.35714285714285715,Precious Trolley,trainer,0,H
mega-absol-box,Prism Energy,1,1,14,0.07142857142857142,1.0,0.07142857142857142,Prism Energy,energy,1,I
mega-absol-box,Psychic Energy,2,4,14,0.14285714285714285,2.0,0.2857142857142857,Psychic Energy,energy,1,basic
mega-absol-box,Psyduck [ASC 226],6,6,14,0.42857142857142855,1.0,0.42857142857142855,Psyduck,pokemon,1,I
mega-absol-box,Rare Candy,1,1,14,0.07142857142857142,1.0,0.07142857142857142,Rare Candy,trainer,1,F/G/I
mega-absol-box,Secret Box,1,1,14,0.07142857142857142,1.0,0.07142857142857142,Secret Box,trainer,0,H
mega-absol-box,Special Red Card,14,24,14,1.0,1.7142857142857142,1.7142857142857142,Special Red Card,trainer,1,J
mega-absol-box,Talonflame [POR 14],1,2,14,0.07142857142857142,2.0,0.14285714285714285,Talonflame,pokemon,1,J
mega-absol-box,Team Rocket's Factory,1,2,14,0.07142857142857142,2.0,0.14285714285714285,Team Rocket's Factory,trainer,1,I
mega-absol-box,Team Rocket's Petrel,14,39,14,1.0,2.7857142857142856,2.7857142857142856,Team Rocket's Petrel,trainer,1,I
mega-absol-box,Team Rocket's Transceiver,5,13,14,0.35714285714285715,2.6,0.9285714285714286,Team Rocket's Transceiver,trainer,1,I
mega-absol-box,Team Rocket's Watchtower,4,5,14,0.2857142857142857,1.25,0.35714285714285715,Team Rocket's Watchtower,trainer,1,I
mega-absol-box,Telepathic Psychic Energy,1,1,14,0.07142857142857142,1.0,0.07142857142857142,Telepathic Psychic Energy,energy,1,J
mega-absol-box,Transformation Tome,1,4,14,0.07142857142857142,4.0,0.2857142857142857,Transformation Tome,trainer,1,J
mega-absol-box,Ultra Ball,14,48,14,1.0,3.4285714285714284,3.4285714285714284,Ultra Ball,trainer,1,F/G/I
mega-absol-box,Xerosic's Machinations,6,7,14,0.42857142857142855,1.1666666666666667,0.5,Xerosic's Machinations,trainer,0,H
mega-absol-box,Yveltal [MEG 88],12,20,14,0.8571428571428571,1.6666666666666667,1.4285714285714286,Yveltal,pokemon,1,I
mega-absol-box,Yveltal ex [POR 105],1,1,14,0.07142857142857142,1.0,0.07142857142857142,Yveltal ex,pokemon,1,J
mega-camerupt-ex,Battle Cage,1,1,2,0.5,1.0,0.5,Battle Cage,trainer,1,I
mega-camerupt-ex,Blowtorch,1,1,2,0.5,1.0,0.5,Blowtorch,trainer,1,I
mega-camerupt-ex,Boss's Orders,2,4,2,1.0,2.0,2.0,Boss's Orders,trainer,1,G/I
mega-camerupt-ex,Buddy-Buddy Poffin,2,5,2,1.0,2.5,2.5,Buddy-Buddy Poffin,trainer,0,H
mega-camerupt-ex,Dudunsparce [PRE 80],2,4,2,1.0,2.0,2.0,Dudunsparce,pokemon,0,H
mega-camerupt-ex,Dudunsparce ex [JTG 121],1,1,2,0.5,1.0,0.5,Dudunsparce ex,pokemon,1,I
mega-camerupt-ex,Dunsparce [JTG 120],2,4,2,1.0,2.0,2.0,Dunsparce,pokemon,1,I
mega-camerupt-ex,Energy Retrieval,1,2,2,0.5,2.0,1.0,Energy Retrieval,trainer,1,F/G/I
mega-camerupt-ex,Fan Rotom [ASC 171],1,2,2,0.5,2.0,1.0,Fan Rotom,pokemon,0,H
mega-camerupt-ex,Fezandipiti ex [ASC 142],2,2,2,1.0,1.0,1.0,Fezandipiti ex,pokemon,0,H
mega-camerupt-ex,Fire Energy,2,14,2,1.0,7.0,7.0,Fire Energy,energy,1,basic
mega-camerupt-ex,Gravity Mountain,2,3,2,1.0,1.5,1.5,Gravity Mountain,trainer,0,H
mega-camerupt-ex,Hilda,2,5,2,1.0,2.5,2.5,Hilda,trainer,1,I
mega-camerupt-ex,Ignition Energy,2,6,2,1.0,3.0,3.0,Ignition Energy,energy,1,I
mega-camerupt-ex,Larvesta [SSP 196],2,4,2,1.0,2.0,2.0,Larvesta,pokemon,0,H
mega-camerupt-ex,Lillie's Determination,2,8,2,1.0,4.0,4.0,Lillie's Determination,trainer,1,I
mega-camerupt-ex,Maximum Belt,2,2,2,1.0,1.0,1.0,Maximum Belt,trainer,0,H
mega-camerupt-ex,Mega Camerupt ex [MEG 156],2,5,2,1.0,2.5,2.5,Mega Camerupt ex,pokemon,1,I
mega-camerupt-ex,Meowth ex [POR 107],1,1,2,0.5,1.0,0.5,Meowth ex,pokemon,1,J
mega-camerupt-ex,Moltres [PFL 14],1,1,2,0.5,1.0,0.5,Moltres,pokemon,1,I
mega-camerupt-ex,Night Stretcher,2,4,2,1.0,2.0,2.0,Night Stretcher,trainer,0,H
mega-camerupt-ex,Numel [ASC 223],2,5,2,1.0,2.5,2.5,Numel,pokemon,1,I
mega-camerupt-ex,Numel [MEG 21],1,1,2,0.5,1.0,0.5,Numel,pokemon,1,I
mega-camerupt-ex,Poké Pad,2,8,2,1.0,4.0,4.0,Poké Pad,trainer,1,J
mega-camerupt-ex,Pokégear 3.0,1,3,2,0.5,3.0,1.5,Pokégear 3.0,trainer,1,G/I
mega-camerupt-ex,Psyduck [ASC 226],1,1,2,0.5,1.0,0.5,Psyduck,pokemon,1,I
mega-camerupt-ex,Shaymin [DRI 10],2,2,2,1.0,1.0,1.0,Shaymin,pokemon,1,I
mega-camerupt-ex,Special Red Card,2,2,2,1.0,1.0,1.0,Special Red Card,trainer,1,J
mega-camerupt-ex,Switch,2,4,2,1.0,2.0,2.0,Switch,trainer,1,F/G/I
mega-camerupt-ex,Ultra Ball,2,6,2,1.0,3.0,3.0,Ultra Ball,trainer,1,F/G/I
mega-camerupt-ex,Victini [SSP 21],1,1,2,0.5,1.0,0.5,Victini,pokemon,0,H
mega-camerupt-ex,Volcarona [BLK 100],2,4,2,1.0,2.0,2.0,Volcarona,pokemon,1,I
mega-camerupt-ex,Wally's Compassion,2,3,2,1.0,1.5,1.5,Wally's Compassion,trainer,1,I
mega-camerupt-ex,Xerosic's Machinations,1,1,2,0.5,1.0,0.5,Xerosic's Machinations,trainer,0,H
mega-chandelure-ex,AZ's Tranquility,1,1,46,0.021739130434782608,1.0,0.021739130434782608,AZ's Tranquility,trainer,1,J
mega-chandelure-ex,Abra [TWM 80],1,4,46,0.021739130434782608,4.0,0.08695652173913043,Abra,pokemon,0,H
mega-chandelure-ex,Acerola's Mischief,1,1,46,0.021739130434782608,1.0,0.021739130434782608,Acerola's Mischief,trainer,1,I
mega-chandelure-ex,Air Balloon,46,104,46,1.0,2.260869565217391,2.260869565217391,Air Balloon,trainer,1,I
mega-chandelure-ex,Alakazam [MEG 56],1,3,46,0.021739130434782608,3.0,0.06521739130434782,Alakazam,pokemon,1,I
mega-chandelure-ex,Banette [PBL 34],2,2,46,0.043478260869565216,1.0,0.043478260869565216,Banette,pokemon,1,J
mega-chandelure-ex,Battle Cage,10,16,46,0.21739130434782608,1.6,0.34782608695652173,Battle Cage,trainer,1,I
mega-chandelure-ex,Blowtorch,3,3,46,0.06521739130434782,1.0,0.06521739130434782,Blowtorch,trainer,1,I
mega-chandelure-ex,Boss's Orders,46,148,46,1.0,3.217391304347826,3.217391304347826,Boss's Orders,trainer,1,G/I
mega-chandelure-ex,Brave Bangle,1,1,46,0.021739130434782608,1.0,0.021739130434782608,Brave Bangle,trainer,1,I
mega-chandelure-ex,Buddy-Buddy Poffin,9,19,46,0.1956521739130435,2.111111111111111,0.41304347826086957,Buddy-Buddy Poffin,trainer,0,H
mega-chandelure-ex,Budew [ASC 16],5,5,46,0.10869565217391304,1.0,0.10869565217391304,Budew,pokemon,0,H
mega-chandelure-ex,Chandelure [TWM 38],45,172,46,0.9782608695652174,3.8222222222222224,3.739130434782609,Chandelure,pokemon,0,H
mega-chandelure-ex,Chi-Yu [MEG 31],1,1,46,0.021739130434782608,1.0,0.021739130434782608,Chi-Yu,pokemon,1,I
mega-chandelure-ex,Clefairy [POR 30],25,25,46,0.5434782608695652,1.0,0.5434782608695652,Clefairy,pokemon,1,J
mega-chandelure-ex,Comfey [SCR 63],36,53,46,0.782608695652174,1.4722222222222223,1.1521739130434783,Comfey,pokemon,0,H
mega-chandelure-ex,Cottonee [MEP 18],1,1,46,0.021739130434782608,1.0,0.021739130434782608,Cottonee,pokemon,1,I
mega-chandelure-ex,Crispin,1,1,46,0.021739130434782608,1.0,0.021739130434782608,Crispin,trainer,0,H
mega-chandelure-ex,Cyrano,1,2,46,0.021739130434782608,2.0,0.043478260869565216,Cyrano,trainer,0,H
mega-chandelure-ex,Dawn,13,27,46,0.2826086956521739,2.076923076923077,0.5869565217391305,Dawn,trainer,1,I
mega-chandelure-ex,Dedenne [SSP 87],1,1,46,0.021739130434782608,1.0,0.021739130434782608,Dedenne,pokemon,0,H
mega-chandelure-ex,Dragapult ex [ASC 160],1,2,46,0.021739130434782608,2.0,0.043478260869565216,Dragapult ex,pokemon,0,H
mega-chandelure-ex,Drakloak [ASC 159],1,3,46,0.021739130434782608,3.0,0.06521739130434782,Drakloak,pokemon,0,H
mega-chandelure-ex,Dreepy [ASC 158],1,3,46,0.021739130434782608,3.0,0.06521739130434782,Dreepy,pokemon,0,H
mega-chandelure-ex,Elgyem [BLK 120],39,51,46,0.8478260869565217,1.3076923076923077,1.108695652173913,Elgyem,pokemon,1,I
mega-chandelure-ex,Energy Search,6,6,46,0.13043478260869565,1.0,0.13043478260869565,Energy Search,trainer,1,F/G/J
mega-chandelure-ex,Enriching Energy,1,1,46,0.021739130434782608,1.0,0.021739130434782608,Enriching Energy,energy,0,H
mega-chandelure-ex,Eri,6,7,46,0.13043478260869565,1.1666666666666667,0.15217391304347827,Eri,trainer,0,H
mega-chandelure-ex,Farigiraf ex [TEF 108],1,1,46,0.021739130434782608,1.0,0.021739130434782608,Farigiraf ex,pokemon,0,H
mega-chandelure-ex,Fezandipiti ex [ASC 142],3,3,46,0.06521739130434782,1.0,0.06521739130434782,Fezandipiti ex,pokemon,0,H
mega-chandelure-ex,Fire Energy,45,108,46,0.9782608695652174,2.4,2.347826086956522,Fire Energy,energy,1,basic
mega-chandelure-ex,Flutter Mane [PRE 43],5,5,46,0.10869565217391304,1.0,0.10869565217391304,Flutter Mane,pokemon,0,H
mega-chandelure-ex,Girafarig [TWM 83],1,2,46,0.021739130434782608,2.0,0.043478260869565216,Girafarig,pokemon,0,H
mega-chandelure-ex,Gravity Gemstone,3,4,46,0.06521739130434782,1.3333333333333333,0.08695652173913043,Gravity Gemstone,trainer,0,H
mega-chandelure-ex,Gwynn,3,6,46,0.06521739130434782,2.0,0.13043478260869565,Gwynn,trainer,1,J
mega-chandelure-ex,Handheld Fan,1,2,46,0.021739130434782608,2.0,0.043478260869565216,Handheld Fan,trainer,0,H
mega-chandelure-ex,Hilda,46,176,46,1.0,3.8260869565217392,3.8260869565217392,Hilda,trainer,1,I
mega-chandelure-ex,Jamming Tower,1,1,46,0.021739130434782608,1.0,0.021739130434782608,Jamming Tower,trainer,0,H
mega-chandelure-ex,Judge,2,2,46,0.043478260869565216,1.0,0.043478260869565216,Judge,trainer,1,G/J
mega-chandelure-ex,Jynx [PBL 32],1,1,46,0.021739130434782608,1.0,0.021739130434782608,Jynx,pokemon,1,J
mega-chandelure-ex,Kadabra [MEG 55],1,3,46,0.021739130434782608,3.0,0.06521739130434782,Kadabra,pokemon,1,I
mega-chandelure-ex,Lampent [PBL 37],46,184,46,1.0,4.0,4.0,Lampent,pokemon,1,J
mega-chandelure-ex,Lana's Aid,40,55,46,0.8695652173913043,1.375,1.1956521739130435,Lana's Aid,trainer,0,H
mega-chandelure-ex,Latias ex [SSP 220],1,1,46,0.021739130434782608,1.0,0.021739130434782608,Latias ex,pokemon,0,H
mega-chandelure-ex,Legacy Energy,21,21,46,0.45652173913043476,1.0,0.45652173913043476,Legacy Energy,energy,0,H
mega-chandelure-ex,Lickitung [TEF 124],1,1,46,0.021739130434782608,1.0,0.021739130434782608,Lickitung,pokemon,0,H
mega-chandelure-ex,Lillie's Clefairy ex [ASC 280],20,20,46,0.43478260869565216,1.0,0.43478260869565216,Lillie's Clefairy ex,pokemon,1,I
mega-chandelure-ex,Lillie's Determination,45,165,46,0.9782608695652174,3.6666666666666665,3.5869565217391304,Lillie's Determination,trainer,1,I
mega-chandelure-ex,Litwick [PBL 36],46,180,46,1.0,3.9130434782608696,3.9130434782608696,Litwick,pokemon,1,J
mega-chandelure-ex,Maractus [JTG 160],9,9,46,0.1956521739130435,1.0,0.1956521739130435,Maractus,pokemon,1,I
mega-chandelure-ex,Mega Chandelure ex [PBL 115],46,152,46,1.0,3.3043478260869565,3.3043478260869565,Mega Chandelure ex,pokemon,1,J
mega-chandelure-ex,Meowth ex [POR 107],12,12,46,0.2608695652173913,1.0,0.2608695652173913,Meowth ex,pokemon,1,J
mega-chandelure-ex,Mew ex [30C 152],1,1,46,0.021739130434782608,1.0,0.021739130434782608,Mew ex,pokemon,1,J
mega-chandelure-ex,Miracle Headset,1,1,46,0.021739130434782608,1.0,0.021739130434782608,Miracle Headset,trainer,0,H
mega-chandelure-ex,Mr. Mime [TEF 63],11,11,46,0.2391304347826087,1.0,0.2391304347826087,Mr. Mime,pokemon,0,H
mega-chandelure-ex,Neo Upper Energy,22,22,46,0.4782608695652174,1.0,0.4782608695652174,Neo Upper Energy,energy,0,H
mega-chandelure-ex,Night Stretcher,36,71,46,0.782608695652174,1.9722222222222223,1.5434782608695652,Night Stretcher,trainer,0,H
mega-chandelure-ex,Nighttime Mine,2,3,46,0.043478260869565216,1.5,0.06521739130434782,Nighttime Mine,trainer,1,I
mega-chandelure-ex,Poké Pad,46,150,46,1.0,3.260869565217391,3.260869565217391,Poké Pad,trainer,1,J
mega-chandelure-ex,Pokégear 3.0,32,77,46,0.6956521739130435,2.40625,1.673913043478261,Pokégear 3.0,trainer,1,G/I
mega-chandelure-ex,Psychic Energy,46,94,46,1.0,2.0434782608695654,2.0434782608695654,Psychic Energy,energy,1,basic
mega-chandelure-ex,Psyduck [ASC 226],34,34,46,0.7391304347826086,1.0,0.7391304347826086,Psyduck,pokemon,1,I
mega-chandelure-ex,Rare Candy,45,108,46,0.9782608695652174,2.4,2.347826086956522,Rare Candy,trainer,1,F/G/I
mega-chandelure-ex,Sacred Ash,2,2,46,0.043478260869565216,1.0,0.043478260869565216,Sacred Ash,trainer,1,I
mega-chandelure-ex,Shaymin [DRI 10],44,44,46,0.9565217391304348,1.0,0.9565217391304348,Shaymin,pokemon,1,I
mega-chandelure-ex,Shuppet [PBL 33],2,2,46,0.043478260869565216,1.0,0.043478260869565216,Shuppet,pokemon,1,J
mega-chandelure-ex,Special Red Card,1,1,46,0.021739130434782608,1.0,0.021739130434782608,Special Red Card,trainer,1,J
mega-chandelure-ex,Strange Timepiece,1,3,46,0.021739130434782608,3.0,0.06521739130434782,Strange Timepiece,trainer,1,I
mega-chandelure-ex,Surfer,7,7,46,0.15217391304347827,1.0,0.15217391304347827,Surfer,trainer,0,H
mega-chandelure-ex,Switch,3,3,46,0.06521739130434782,1.0,0.06521739130434782,Switch,trainer,1,F/G/I
mega-chandelure-ex,Tatsugiri [SVP 118],1,1,46,0.021739130434782608,1.0,0.021739130434782608,Tatsugiri,pokemon,0,H
mega-chandelure-ex,Team Rocket's Articuno [DRI 51],2,2,46,0.043478260869565216,1.0,0.043478260869565216,Team Rocket's Articuno,pokemon,1,I
mega-chandelure-ex,Team Rocket's Petrel,1,1,46,0.021739130434782608,1.0,0.021739130434782608,Team Rocket's Petrel,trainer,1,I
mega-chandelure-ex,Team Rocket's Watchtower,1,1,46,0.021739130434782608,1.0,0.021739130434782608,Team Rocket's Watchtower,trainer,1,I
mega-chandelure-ex,Telepathic Psychic Energy,46,179,46,1.0,3.891304347826087,3.891304347826087,Telepathic Psychic Energy,energy,1,J
mega-chandelure-ex,Tool Scrapper,1,1,46,0.021739130434782608,1.0,0.021739130434782608,Tool Scrapper,trainer,1,I
mega-chandelure-ex,Ultra Ball,29,88,46,0.6304347826086957,3.0344827586206895,1.9130434782608696,Ultra Ball,trainer,1,F/G/I
mega-chandelure-ex,Wally's Compassion,2,3,46,0.043478260869565216,1.5,0.06521739130434782,Wally's Compassion,trainer,1,I
mega-chandelure-ex,Whimsicott ex [WHT 157],1,1,46,0.021739130434782608,1.0,0.021739130434782608,Whimsicott ex,pokemon,1,I
mega-chandelure-ex,Wondrous Patch,4,5,46,0.08695652173913043,1.25,0.10869565217391304,Wondrous Patch,trainer,1,I
mega-chandelure-ex,Xerosic's Machinations,42,67,46,0.9130434782608695,1.5952380952380953,1.4565217391304348,Xerosic's Machinations,trainer,0,H
mega-charizard-x-ex,Boss's Orders,1,2,2,0.5,2.0,1.0,Boss's Orders,trainer,1,G/I
mega-charizard-x-ex,Buddy-Buddy Poffin,1,3,2,0.5,3.0,1.5,Buddy-Buddy Poffin,trainer,0,H
mega-charizard-x-ex,Charmander [PFL 11],2,6,2,1.0,3.0,3.0,Charmander,pokemon,1,I
mega-charizard-x-ex,Charmeleon [MEP 79],2,4,2,1.0,2.0,2.0,Charmeleon,pokemon,1,I
mega-charizard-x-ex,Dark Bell,1,1,2,0.5,1.0,0.5,Dark Bell,trainer,1,J
mega-charizard-x-ex,Dudunsparce [PRE 80],1,2,2,0.5,2.0,1.0,Dudunsparce,pokemon,0,H
mega-charizard-x-ex,Dunsparce [JTG 120],1,2,2,0.5,2.0,1.0,Dunsparce,pokemon,1,I
mega-charizard-x-ex,Energy Recycler,2,2,2,1.0,1.0,1.0,Energy Recycler,trainer,1,I
mega-charizard-x-ex,Energy Retrieval,2,5,2,1.0,2.5,2.5,Energy Retrieval,trainer,1,F/G/I
mega-charizard-x-ex,Energy Search,1,1,2,0.5,1.0,0.5,Energy Search,trainer,1,F/G/J
mega-charizard-x-ex,Enriching Energy,1,1,2,0.5,1.0,0.5,Enriching Energy,energy,0,H
mega-charizard-x-ex,Fezandipiti ex [ASC 142],1,1,2,0.5,1.0,0.5,Fezandipiti ex,pokemon,0,H
mega-charizard-x-ex,Fire Energy,2,17,2,1.0,8.5,8.5,Fire Energy,energy,1,basic
mega-charizard-x-ex,Firebreather,2,2,2,1.0,1.0,1.0,Firebreather,trainer,1,I
mega-charizard-x-ex,Harlequin,1,1,2,0.5,1.0,0.5,Harlequin,trainer,1,I
mega-charizard-x-ex,Heatmor [WHT 104],1,2,2,0.5,2.0,1.0,Heatmor,pokemon,1,I
mega-charizard-x-ex,Hilda,1,2,2,0.5,2.0,1.0,Hilda,trainer,1,I
mega-charizard-x-ex,Judge,1,1,2,0.5,1.0,0.5,Judge,trainer,1,G/J
mega-charizard-x-ex,Lana's Aid,2,2,2,1.0,1.0,1.0,Lana's Aid,trainer,0,H
mega-charizard-x-ex,Latias ex [SSP 220],1,2,2,0.5,2.0,1.0,Latias ex,pokemon,0,H
mega-charizard-x-ex,Lillie's Determination,1,4,2,0.5,4.0,2.0,Lillie's Determination,trainer,1,I
mega-charizard-x-ex,Mega Charizard X ex [MEP 23],2,4,2,1.0,2.0,2.0,Mega Charizard X ex,pokemon,1,I
mega-charizard-x-ex,Mega Charizard Y ex [ASC 22],2,2,2,1.0,1.0,1.0,Mega Charizard Y ex,pokemon,1,J
mega-charizard-x-ex,Mega Kangaskhan ex [MEG 104],1,1,2,0.5,1.0,0.5,Mega Kangaskhan ex,pokemon,1,I
mega-charizard-x-ex,Meowth ex [POR 107],2,2,2,1.0,1.0,1.0,Meowth ex,pokemon,1,J
mega-charizard-x-ex,Night Stretcher,2,2,2,1.0,1.0,1.0,Night Stretcher,trainer,0,H
mega-charizard-x-ex,Ninetales [CRI 9],1,2,2,0.5,2.0,1.0,Ninetales,pokemon,1,J
mega-charizard-x-ex,Nitro Fire Energy,1,1,2,0.5,1.0,0.5,Nitro Fire Energy,energy,1,J
mega-charizard-x-ex,Oricorio ex [MEP 24],2,4,2,1.0,2.0,2.0,Oricorio ex,pokemon,1,I
mega-charizard-x-ex,Paldean Tauros [SSP 18],1,1,2,0.5,1.0,0.5,Paldean Tauros,pokemon,0,H
mega-charizard-x-ex,Poké Pad,1,4,2,0.5,4.0,2.0,Poké Pad,trainer,1,J
mega-charizard-x-ex,Powerglass,1,2,2,0.5,2.0,1.0,Powerglass,trainer,0,H
mega-charizard-x-ex,Precious Trolley,1,1,2,0.5,1.0,0.5,Precious Trolley,trainer,0,H
mega-charizard-x-ex,Psyduck [ASC 226],1,1,2,0.5,1.0,0.5,Psyduck,pokemon,1,I
mega-charizard-x-ex,Rare Candy,2,5,2,1.0,2.5,2.5,Rare Candy,trainer,1,F/G/I
mega-charizard-x-ex,Shaymin [DRI 10],2,2,2,1.0,1.0,1.0,Shaymin,pokemon,1,I
mega-charizard-x-ex,Special Red Card,1,1,2,0.5,1.0,0.5,Special Red Card,trainer,1,J
mega-charizard-x-ex,Switch,1,2,2,0.5,2.0,1.0,Switch,trainer,1,F/G/I
mega-charizard-x-ex,Team Rocket's Factory,1,2,2,0.5,2.0,1.0,Team Rocket's Factory,trainer,1,I
mega-charizard-x-ex,Team Rocket's Petrel,2,6,2,1.0,3.0,3.0,Team Rocket's Petrel,trainer,1,I
mega-charizard-x-ex,Team Rocket's Transceiver,1,2,2,0.5,2.0,1.0,Team Rocket's Transceiver,trainer,1,I
mega-charizard-x-ex,Ultra Ball,2,5,2,1.0,2.5,2.5,Ultra Ball,trainer,1,F/G/I
mega-charizard-x-ex,Victini [30C 13],1,1,2,0.5,1.0,0.5,Victini,pokemon,1,J
mega-charizard-x-ex,Vulpix [CRI 8],1,2,2,0.5,2.0,1.0,Vulpix,pokemon,1,J
mega-charizard-x-ex,Wally's Compassion,1,1,2,0.5,1.0,0.5,Wally's Compassion,trainer,1,I
mega-charizard-x-ex,Xerosic's Machinations,1,1,2,0.5,1.0,0.5,Xerosic's Machinations,trainer,0,H
mega-darkrai-ex,Battle Cage,2,2,7,0.2857142857142857,1.0,0.2857142857142857,Battle Cage,trainer,1,I
mega-darkrai-ex,Bloodmoon Ursaluna ex [PRE 168],2,2,7,0.2857142857142857,1.0,0.2857142857142857,Bloodmoon Ursaluna ex,pokemon,0,H
mega-darkrai-ex,Boss's Orders,7,20,7,1.0,2.857142857142857,2.857142857142857,Boss's Orders,trainer,1,G/I
mega-darkrai-ex,Chi-Yu [PBL 59],1,1,7,0.14285714285714285,1.0,0.14285714285714285,Chi-Yu,pokemon,1,J
mega-darkrai-ex,Cinderace [MEG 28],1,1,7,0.14285714285714285,1.0,0.14285714285714285,Cinderace,pokemon,1,I
mega-darkrai-ex,Ciphermaniac's Codebreaking,2,4,7,0.2857142857142857,2.0,0.5714285714285714,Ciphermaniac's Codebreaking,trainer,0,H
mega-darkrai-ex,Colress's Tenacity,1,1,7,0.14285714285714285,1.0,0.14285714285714285,Colress's Tenacity,trainer,0,H
mega-darkrai-ex,Crispin,3,4,7,0.42857142857142855,1.3333333333333333,0.5714285714285714,Crispin,trainer,0,H
mega-darkrai-ex,Crushing Hammer,1,1,7,0.14285714285714285,1.0,0.14285714285714285,Crushing Hammer,trainer,1,F/G/J
mega-darkrai-ex,Cyrano,7,13,7,1.0,1.8571428571428572,1.8571428571428572,Cyrano,trainer,0,H
mega-darkrai-ex,Dangerous Laser,1,1,7,0.14285714285714285,1.0,0.14285714285714285,Dangerous Laser,trainer,0,H
mega-darkrai-ex,Dark Bell,7,21,7,1.0,3.0,3.0,Dark Bell,trainer,1,J
mega-darkrai-ex,Darkness Energy,7,61,7,1.0,8.714285714285714,8.714285714285714,Darkness Energy,energy,1,basic
mega-darkrai-ex,Energy Search,1,1,7,0.14285714285714285,1.0,0.14285714285714285,Energy Search,trainer,1,F/G/J
mega-darkrai-ex,Energy Switch,7,24,7,1.0,3.4285714285714284,3.4285714285714284,Energy Switch,trainer,1,F/G/I
mega-darkrai-ex,Enhanced Hammer,3,5,7,0.42857142857142855,1.6666666666666667,0.7142857142857143,Enhanced Hammer,trainer,0,H
mega-darkrai-ex,Fezandipiti ex [ASC 142],6,6,7,0.8571428571428571,1.0,0.8571428571428571,Fezandipiti ex,pokemon,0,H
mega-darkrai-ex,Fire Energy,4,7,7,0.5714285714285714,1.75,1.0,Fire Energy,energy,1,basic
mega-darkrai-ex,Hero's Cape,3,3,7,0.42857142857142855,1.0,0.42857142857142855,Hero's Cape,trainer,0,H
mega-darkrai-ex,Janine's Secret Art,7,22,7,1.0,3.142857142857143,3.142857142857143,Janine's Secret Art,trainer,0,H
mega-darkrai-ex,Judge,1,1,7,0.14285714285714285,1.0,0.14285714285714285,Judge,trainer,1,G/J
mega-darkrai-ex,Jumbo Ice Cream,4,5,7,0.5714285714285714,1.25,0.7142857142857143,Jumbo Ice Cream,trainer,1,I
mega-darkrai-ex,Latias ex [SSP 220],7,11,7,1.0,1.5714285714285714,1.5714285714285714,Latias ex,pokemon,0,H
mega-darkrai-ex,Legacy Energy,3,3,7,0.42857142857142855,1.0,0.42857142857142855,Legacy Energy,energy,0,H
mega-darkrai-ex,Lillie's Determination,7,20,7,1.0,2.857142857142857,2.857142857142857,Lillie's Determination,trainer,1,I
mega-darkrai-ex,Lisia's Appeal,2,4,7,0.2857142857142857,2.0,0.5714285714285714,Lisia's Appeal,trainer,0,H
mega-darkrai-ex,Lively Stadium,2,4,7,0.2857142857142857,2.0,0.5714285714285714,Lively Stadium,trainer,0,H
mega-darkrai-ex,Mega Absol ex [MEG 161],1,2,7,0.14285714285714285,2.0,0.2857142857142857,Mega Absol ex,pokemon,1,I
mega-darkrai-ex,Mega Darkrai ex [MEP 90],7,17,7,1.0,2.4285714285714284,2.4285714285714284,Mega Darkrai ex,pokemon,1,J
mega-darkrai-ex,Mega Kangaskhan ex [MEG 104],7,13,7,1.0,1.8571428571428572,1.8571428571428572,Mega Kangaskhan ex,pokemon,1,I
mega-darkrai-ex,Mega Signal,6,11,7,0.8571428571428571,1.8333333333333333,1.5714285714285714,Mega Signal,trainer,1,I
mega-darkrai-ex,Meowth ex [POR 107],6,8,7,0.8571428571428571,1.3333333333333333,1.1428571428571428,Meowth ex,pokemon,1,J
mega-darkrai-ex,Mist Energy,1,2,7,0.14285714285714285,2.0,0.2857142857142857,Mist Energy,energy,0,H
mega-darkrai-ex,Moltres [PFL 14],5,6,7,0.7142857142857143,1.2,0.8571428571428571,Moltres,pokemon,1,I
mega-darkrai-ex,Munkidori [ASC 99],5,7,7,0.7142857142857143,1.4,1.0,Munkidori,pokemon,0,H
mega-darkrai-ex,Night Stretcher,7,15,7,1.0,2.142857142857143,2.142857142857143,Night Stretcher,trainer,0,H
mega-darkrai-ex,Pecharunt [SVP 129],1,1,7,0.14285714285714285,1.0,0.14285714285714285,Pecharunt,pokemon,0,H
mega-darkrai-ex,Pecharunt ex [PRE 163],7,12,7,1.0,1.7142857142857142,1.7142857142857142,Pecharunt ex,pokemon,0,H
mega-darkrai-ex,Poké Pad,1,1,7,0.14285714285714285,1.0,0.14285714285714285,Poké Pad,trainer,1,J
mega-darkrai-ex,Pokégear 3.0,6,11,7,0.8571428571428571,1.8333333333333333,1.5714285714285714,Pokégear 3.0,trainer,1,G/I
mega-darkrai-ex,Prism Energy,1,2,7,0.14285714285714285,2.0,0.2857142857142857,Prism Energy,energy,1,I
mega-darkrai-ex,Prism Tower,1,1,7,0.14285714285714285,1.0,0.14285714285714285,Prism Tower,trainer,1,J
mega-darkrai-ex,Risky Ruins,6,10,7,0.8571428571428571,1.6666666666666667,1.4285714285714286,Risky Ruins,trainer,1,I
mega-darkrai-ex,Special Red Card,7,9,7,1.0,1.2857142857142858,1.2857142857142858,Special Red Card,trainer,1,J
mega-darkrai-ex,Team Rocket's Petrel,4,8,7,0.5714285714285714,2.0,1.1428571428571428,Team Rocket's Petrel,trainer,1,I
mega-darkrai-ex,Team Rocket's Transceiver,2,3,7,0.2857142857142857,1.5,0.42857142857142855,Team Rocket's Transceiver,trainer,1,I
mega-darkrai-ex,Ultra Ball,7,23,7,1.0,3.2857142857142856,3.2857142857142856,Ultra Ball,trainer,1,F/G/I
mega-darkrai-ex,Volcanion ex [JTG 171],6,6,7,0.8571428571428571,1.0,0.8571428571428571,Volcanion ex,pokemon,1,I
mega-darkrai-ex,Wally's Compassion,2,2,7,0.2857142857142857,1.0,0.2857142857142857,Wally's Compassion,trainer,1,I
mega-darkrai-ex,Yveltal [MEG 88],1,1,7,0.14285714285714285,1.0,0.14285714285714285,Yveltal,pokemon,1,I
mega-darkrai-ex,Yveltal ex [POR 105],1,1,7,0.14285714285714285,1.0,0.14285714285714285,Yveltal ex,pokemon,1,J
mega-dragonite-ex,Air Balloon,1,1,5,0.2,1.0,0.2,Air Balloon,trainer,1,I
mega-dragonite-ex,Battle Cage,3,4,5,0.6,1.3333333333333333,0.8,Battle Cage,trainer,1,I
mega-dragonite-ex,Blaziken ex [JTG 24],3,7,5,0.6,2.3333333333333335,1.4,Blaziken ex,pokemon,0,H
mega-dragonite-ex,Boss's Orders,4,8,5,0.8,2.0,1.6,Boss's Orders,trainer,1,G/I
mega-dragonite-ex,Buddy-Buddy Poffin,3,9,5,0.6,3.0,1.8,Buddy-Buddy Poffin,trainer,0,H
mega-dragonite-ex,Budew [ASC 16],3,4,5,0.6,1.3333333333333333,0.8,Budew,pokemon,0,H
mega-dragonite-ex,Bulbasaur [MEG 1],1,4,5,0.2,4.0,0.8,Bulbasaur,pokemon,1,I
mega-dragonite-ex,Buneary [MEG 107],1,3,5,0.2,3.0,0.6,Buneary,pokemon,1,I
mega-dragonite-ex,Charmander [ASC 20],1,4,5,0.2,4.0,0.8,Charmander,pokemon,1,J
mega-dragonite-ex,Combusken [DRI 41],3,4,5,0.6,1.3333333333333333,0.8,Combusken,pokemon,1,I
mega-dragonite-ex,Crispin,4,9,5,0.8,2.25,1.8,Crispin,trainer,0,H
mega-dragonite-ex,Darkness Energy,1,1,5,0.2,1.0,0.2,Darkness Energy,energy,1,basic
mega-dragonite-ex,Dawn,2,3,5,0.4,1.5,0.6,Dawn,trainer,1,I
mega-dragonite-ex,Dragonair [ASC 151],4,8,5,0.8,2.0,1.6,Dragonair,pokemon,1,I
mega-dragonite-ex,Dratini [ASC 150],4,10,5,0.8,2.5,2.0,Dratini,pokemon,1,I
mega-dragonite-ex,Dudunsparce [PRE 80],1,2,5,0.2,2.0,0.4,Dudunsparce,pokemon,0,H
mega-dragonite-ex,Dudunsparce ex [JTG 121],1,1,5,0.2,1.0,0.2,Dudunsparce ex,pokemon,1,I
mega-dragonite-ex,Dunsparce [JTG 120],1,2,5,0.2,2.0,0.4,Dunsparce,pokemon,1,I
mega-dragonite-ex,Energy Search,1,2,5,0.2,2.0,0.4,Energy Search,trainer,1,F/G/J
mega-dragonite-ex,Fezandipiti ex [ASC 142],2,2,5,0.4,1.0,0.4,Fezandipiti ex,pokemon,0,H
mega-dragonite-ex,Fire Energy,4,10,5,0.8,2.5,2.0,Fire Energy,energy,1,basic
mega-dragonite-ex,Gengar ex [30C 154],1,1,5,0.2,1.0,0.2,Gengar ex,pokemon,1,J
mega-dragonite-ex,Hilda,1,2,5,0.2,2.0,0.4,Hilda,trainer,1,I
mega-dragonite-ex,Jamming Tower,1,1,5,0.2,1.0,0.2,Jamming Tower,trainer,0,H
mega-dragonite-ex,Judge,2,2,5,0.4,1.0,0.4,Judge,trainer,1,G/J
mega-dragonite-ex,Kieran,1,1,5,0.2,1.0,0.2,Kieran,trainer,0,H
mega-dragonite-ex,Latias ex [SSP 220],1,1,5,0.2,1.0,0.2,Latias ex,pokemon,0,H
mega-dragonite-ex,Legacy Energy,2,2,5,0.4,1.0,0.4,Legacy Energy,energy,0,H
mega-dragonite-ex,Levincia,1,1,5,0.2,1.0,0.2,Levincia,trainer,1,I
mega-dragonite-ex,Lightning Energy,5,29,5,1.0,5.8,5.8,Lightning Energy,energy,1,basic
mega-dragonite-ex,Lillie's Determination,4,16,5,0.8,4.0,3.2,Lillie's Determination,trainer,1,I
mega-dragonite-ex,Lumiose City,1,2,5,0.2,2.0,0.4,Lumiose City,trainer,1,J
mega-dragonite-ex,Mega Dragonite ex [ASC 152],5,12,5,1.0,2.4,2.4,Mega Dragonite ex,pokemon,1,I
mega-dragonite-ex,Mega Gengar ex [ASC 125],1,1,5,0.2,1.0,0.2,Mega Gengar ex,pokemon,1,I
mega-dragonite-ex,Mega Kangaskhan ex [MEG 104],2,3,5,0.4,1.5,0.6,Mega Kangaskhan ex,pokemon,1,I
mega-dragonite-ex,Mega Lopunny ex [PFL 115],1,3,5,0.2,3.0,0.6,Mega Lopunny ex,pokemon,1,I
mega-dragonite-ex,Mega Starmie ex [POR 102],1,2,5,0.2,2.0,0.4,Mega Starmie ex,pokemon,1,J
mega-dragonite-ex,Meowth ex [POR 107],3,3,5,0.6,1.0,0.6,Meowth ex,pokemon,1,J
mega-dragonite-ex,Mew ex [30C 152],1,1,5,0.2,1.0,0.2,Mew ex,pokemon,1,J
mega-dragonite-ex,Munkidori [ASC 99],1,1,5,0.2,1.0,0.2,Munkidori,pokemon,0,H
mega-dragonite-ex,N's Zoroark ex [ASC 137],1,2,5,0.2,2.0,0.4,N's Zoroark ex,pokemon,1,I
mega-dragonite-ex,N's Zorua [ASC 136],1,2,5,0.2,2.0,0.4,N's Zorua,pokemon,1,I
mega-dragonite-ex,Night Stretcher,3,7,5,0.6,2.3333333333333335,1.4,Night Stretcher,trainer,0,H
mega-dragonite-ex,Pikachu [30C 27],1,1,5,0.2,1.0,0.2,Pikachu,pokemon,1,J
mega-dragonite-ex,Pikachu [30C 31],1,1,5,0.2,1.0,0.2,Pikachu,pokemon,1,J
mega-dragonite-ex,Pikachu [30C 35],1,1,5,0.2,1.0,0.2,Pikachu,pokemon,1,J
mega-dragonite-ex,Pikachu [30C 38],1,1,5,0.2,1.0,0.2,Pikachu,pokemon,1,J
mega-dragonite-ex,Pikachu ex [30C 149],1,1,5,0.2,1.0,0.2,Pikachu ex,pokemon,1,J
mega-dragonite-ex,Pikachu ex [30C 150],1,1,5,0.2,1.0,0.2,Pikachu ex,pokemon,1,J
mega-dragonite-ex,Pikachu ex [ASC 276],1,1,5,0.2,1.0,0.2,Pikachu ex,pokemon,0,H
mega-dragonite-ex,Pikachu ex [PRE 28],1,1,5,0.2,1.0,0.2,Pikachu ex,pokemon,0,H
mega-dragonite-ex,Poké Pad,4,16,5,0.8,4.0,3.2,Poké Pad,trainer,1,J
mega-dragonite-ex,Powerglass,2,3,5,0.4,1.5,0.6,Powerglass,trainer,0,H
mega-dragonite-ex,Psychic Energy,1,5,5,0.2,5.0,1.0,Psychic Energy,energy,1,basic
mega-dragonite-ex,Psyduck [ASC 226],2,2,5,0.4,1.0,0.4,Psyduck,pokemon,1,I
mega-dragonite-ex,Rare Candy,3,7,5,0.6,2.3333333333333335,1.4,Rare Candy,trainer,1,F/G/I
mega-dragonite-ex,Rosa's Encouragement,1,1,5,0.2,1.0,0.2,Rosa's Encouragement,trainer,1,J
mega-dragonite-ex,Secret Box,2,2,5,0.4,1.0,0.4,Secret Box,trainer,0,H
mega-dragonite-ex,Shaymin [DRI 10],2,2,5,0.4,1.0,0.4,Shaymin,pokemon,1,I
mega-dragonite-ex,Special Red Card,4,5,5,0.8,1.25,1.0,Special Red Card,trainer,1,J
mega-dragonite-ex,Staryu [POR 20],1,2,5,0.2,2.0,0.4,Staryu,pokemon,1,J
mega-dragonite-ex,Tatsugiri [SVP 118],2,2,5,0.4,1.0,0.4,Tatsugiri,pokemon,0,H
mega-dragonite-ex,Tatsugiri ex [SSP 142],1,4,5,0.2,4.0,0.8,Tatsugiri ex,pokemon,0,H
mega-dragonite-ex,Team Rocket's Petrel,2,3,5,0.4,1.5,0.6,Team Rocket's Petrel,trainer,1,I
mega-dragonite-ex,Torchic [DRI 40],3,8,5,0.6,2.6666666666666665,1.6,Torchic,pokemon,1,I
mega-dragonite-ex,Ultra Ball,4,14,5,0.8,3.5,2.8,Ultra Ball,trainer,1,F/G/I
mega-dragonite-ex,Unfair Stamp,1,1,5,0.2,1.0,0.2,Unfair Stamp,trainer,0,H
mega-dragonite-ex,Wally's Compassion,3,4,5,0.6,1.3333333333333333,0.8,Wally's Compassion,trainer,1,I
mega-dragonite-ex,Water Energy,5,17,5,1.0,3.4,3.4,Water Energy,energy,1,basic
mega-dragonite-ex,Wellspring Mask Ogerpon ex [PRE 152],1,1,5,0.2,1.0,0.2,Wellspring Mask Ogerpon ex,pokemon,0,H
mega-excadrill-ex,AZ's Tranquility,6,8,384,0.015625,1.3333333333333333,0.020833333333333332,AZ's Tranquility,trainer,1,J
mega-excadrill-ex,Academy at Night,3,3,384,0.0078125,1.0,0.0078125,Academy at Night,trainer,0,H
mega-excadrill-ex,Air Balloon,78,82,384,0.203125,1.0512820512820513,0.21354166666666666,Air Balloon,trainer,1,I
mega-excadrill-ex,Antique Armor Fossil,2,3,384,0.005208333333333333,1.5,0.0078125,Antique Armor Fossil,trainer,1,J
mega-excadrill-ex,Archaludon [PRE 70],1,1,384,0.0026041666666666665,1.0,0.0026041666666666665,Archaludon,pokemon,0,H
mega-excadrill-ex,Archaludon ex [SSP 130],1,1,384,0.0026041666666666665,1.0,0.0026041666666666665,Archaludon ex,pokemon,0,H
mega-excadrill-ex,Bastiodon [MEP 85],2,3,384,0.005208333333333333,1.5,0.0078125,Bastiodon,pokemon,1,J
mega-excadrill-ex,Battle Cage,28,39,384,0.07291666666666667,1.3928571428571428,0.1015625,Battle Cage,trainer,1,I
mega-excadrill-ex,Beldum [CRI 59],174,581,384,0.453125,3.339080459770115,1.5130208333333333,Beldum,pokemon,1,J
mega-excadrill-ex,Beldum [JTG 61],1,4,384,0.0026041666666666665,4.0,0.010416666666666666,Beldum,pokemon,1,I
mega-excadrill-ex,Beldum [TEF 113],253,933,384,0.6588541666666666,3.6877470355731226,2.4296875,Beldum,pokemon,0,H
mega-excadrill-ex,Black Belt's Training,3,3,384,0.0078125,1.0,0.0078125,Black Belt's Training,trainer,0,H
mega-excadrill-ex,Boss's Orders,305,563,384,0.7942708333333334,1.8459016393442622,1.4661458333333333,Boss's Orders,trainer,1,G/I
mega-excadrill-ex,Brave Bangle,24,25,384,0.0625,1.0416666666666667,0.06510416666666667,Brave Bangle,trainer,1,I
mega-excadrill-ex,Brock's Scouting,248,712,384,0.6458333333333334,2.870967741935484,1.8541666666666667,Brock's Scouting,trainer,1,I
mega-excadrill-ex,Bubbly Water Energy,1,2,384,0.0026041666666666665,2.0,0.005208333333333333,Bubbly Water Energy,energy,1,J
mega-excadrill-ex,Buddy-Buddy Poffin,368,1229,384,0.9583333333333334,3.339673913043478,3.2005208333333335,Buddy-Buddy Poffin,trainer,0,H
mega-excadrill-ex,Budew [ASC 16],3,3,384,0.0078125,1.0,0.0078125,Budew,pokemon,0,H
mega-excadrill-ex,Ciphermaniac's Codebreaking,3,3,384,0.0078125,1.0,0.0078125,Ciphermaniac's Codebreaking,trainer,0,H
mega-excadrill-ex,Colress's Tenacity,1,1,384,0.0026041666666666665,1.0,0.0026041666666666665,Colress's Tenacity,trainer,0,H
mega-excadrill-ex,Community Center,14,14,384,0.036458333333333336,1.0,0.036458333333333336,Community Center,trainer,0,H
mega-excadrill-ex,Cramorant [TWM 176],1,1,384,0.0026041666666666665,1.0,0.0026041666666666665,Cramorant,pokemon,0,H
mega-excadrill-ex,Crispin,3,5,384,0.0078125,1.6666666666666667,0.013020833333333334,Crispin,trainer,0,H
mega-excadrill-ex,Crushing Hammer,1,1,384,0.0026041666666666665,1.0,0.0026041666666666665,Crushing Hammer,trainer,1,F/G/J
mega-excadrill-ex,Dangerous Laser,1,1,384,0.0026041666666666665,1.0,0.0026041666666666665,Dangerous Laser,trainer,0,H
mega-excadrill-ex,Dawn,1,2,384,0.0026041666666666665,2.0,0.005208333333333333,Dawn,trainer,1,I
mega-excadrill-ex,Dialga [MEG 95],2,3,384,0.005208333333333333,1.5,0.0078125,Dialga,pokemon,1,I
mega-excadrill-ex,Drilbur [PBL 46],372,1288,384,0.96875,3.4623655913978495,3.3541666666666665,Drilbur,pokemon,1,J
mega-excadrill-ex,Duraludon [PRE 69],1,2,384,0.0026041666666666665,2.0,0.005208333333333333,Duraludon,pokemon,0,H
mega-excadrill-ex,Empoleon ex [PFL 114],93,98,384,0.2421875,1.053763440860215,0.2552083333333333,Empoleon ex,pokemon,1,I
mega-excadrill-ex,Energy Recycler,316,345,384,0.8229166666666666,1.0917721518987342,0.8984375,Energy Recycler,trainer,1,I
mega-excadrill-ex,Energy Retrieval,1,1,384,0.0026041666666666665,1.0,0.0026041666666666665,Energy Retrieval,trainer,1,F/G/I
mega-excadrill-ex,Energy Switch,1,1,384,0.0026041666666666665,1.0,0.0026041666666666665,Energy Switch,trainer,1,F/G/I
mega-excadrill-ex,Ethan's Pichu [DRI 71],2,2,384,0.005208333333333333,1.0,0.005208333333333333,Ethan's Pichu,pokemon,1,I
mega-excadrill-ex,Fennel,1,1,384,0.0026041666666666665,1.0,0.0026041666666666665,Fennel,trainer,1,I
mega-excadrill-ex,Fezandipiti ex [ASC 142],228,231,384,0.59375,1.013157894736842,0.6015625,Fezandipiti ex,pokemon,0,H
mega-excadrill-ex,Flutter Mane [PRE 43],1,1,384,0.0026041666666666665,1.0,0.0026041666666666665,Flutter Mane,pokemon,0,H
mega-excadrill-ex,Fossil Quarry,2,2,384,0.005208333333333333,1.0,0.005208333333333333,Fossil Quarry,trainer,1,J
mega-excadrill-ex,Full Metal Lab,13,17,384,0.033854166666666664,1.3076923076923077,0.044270833333333336,Full Metal Lab,trainer,0,H
mega-excadrill-ex,Genesect ex [BLK 161],372,766,384,0.96875,2.0591397849462365,1.9947916666666667,Genesect ex,pokemon,1,I
mega-excadrill-ex,Gravity Mountain,154,158,384,0.4010416666666667,1.025974025974026,0.4114583333333333,Gravity Mountain,trainer,0,H
mega-excadrill-ex,Hand Trimmer,4,4,384,0.010416666666666666,1.0,0.010416666666666666,Hand Trimmer,trainer,0,H
mega-excadrill-ex,Handheld Fan,1,1,384,0.0026041666666666665,1.0,0.0026041666666666665,Handheld Fan,trainer,0,H
mega-excadrill-ex,Hassel,1,2,384,0.0026041666666666665,2.0,0.005208333333333333,Hassel,trainer,0,H
mega-excadrill-ex,Heatran [TWM 123],4,4,384,0.010416666666666666,1.0,0.010416666666666666,Heatran,pokemon,0,H
mega-excadrill-ex,Heavy Baton,3,3,384,0.0078125,1.0,0.0078125,Heavy Baton,trainer,0,H
mega-excadrill-ex,Hero's Cape,242,246,384,0.6302083333333334,1.0165289256198347,0.640625,Hero's Cape,trainer,0,H
mega-excadrill-ex,Hilda,3,7,384,0.0078125,2.3333333333333335,0.018229166666666668,Hilda,trainer,1,I
mega-excadrill-ex,Iron Defender,16,17,384,0.041666666666666664,1.0625,0.044270833333333336,Iron Defender,trainer,1,I
mega-excadrill-ex,Jamming Tower,12,12,384,0.03125,1.0,0.03125,Jamming Tower,trainer,0,H
mega-excadrill-ex,Judge,75,101,384,0.1953125,1.3466666666666667,0.2630208333333333,Judge,trainer,1,G/J
mega-excadrill-ex,Jumbo Ice Cream,355,883,384,0.9244791666666666,2.4873239436619716,2.2994791666666665,Jumbo Ice Cream,trainer,1,I
mega-excadrill-ex,Kieran,276,324,384,0.71875,1.173913043478261,0.84375,Kieran,trainer,0,H
mega-excadrill-ex,Klefki [POR 59],1,2,384,0.0026041666666666665,2.0,0.005208333333333333,Klefki,pokemon,1,J
mega-excadrill-ex,Latias ex [SSP 220],2,2,384,0.005208333333333333,1.0,0.005208333333333333,Latias ex,pokemon,0,H
mega-excadrill-ex,Legacy Energy,1,1,384,0.0026041666666666665,1.0,0.0026041666666666665,Legacy Energy,energy,0,H
mega-excadrill-ex,Lillie's Clefairy ex [ASC 280],3,3,384,0.0078125,1.0,0.0078125,Lillie's Clefairy ex,pokemon,1,I
mega-excadrill-ex,Lillie's Determination,238,678,384,0.6197916666666666,2.8487394957983194,1.765625,Lillie's Determination,trainer,1,I
mega-excadrill-ex,Lucian,2,3,384,0.005208333333333333,1.5,0.0078125,Lucian,trainer,0,H
mega-excadrill-ex,Lumiose City,3,5,384,0.0078125,1.6666666666666667,0.013020833333333334,Lumiose City,trainer,1,J
mega-excadrill-ex,Magnetic Metal Energy,6,11,384,0.015625,1.8333333333333333,0.028645833333333332,Magnetic Metal Energy,energy,1,J
mega-excadrill-ex,Mega Excadrill ex [PBL 103],372,771,384,0.96875,2.0725806451612905,2.0078125,Mega Excadrill ex,pokemon,1,J
mega-excadrill-ex,Mega Mawile ex [MEG 162],1,1,384,0.0026041666666666665,1.0,0.0026041666666666665,Mega Mawile ex,pokemon,1,I
mega-excadrill-ex,Mega Skarmory ex [POR 106],289,296,384,0.7526041666666666,1.0242214532871972,0.7708333333333334,Mega Skarmory ex,pokemon,1,J
mega-excadrill-ex,Mega Starmie ex [POR 102],1,2,384,0.0026041666666666665,2.0,0.005208333333333333,Mega Starmie ex,pokemon,1,J
mega-excadrill-ex,Meowth ex [POR 107],14,15,384,0.036458333333333336,1.0714285714285714,0.0390625,Meowth ex,pokemon,1,J
mega-excadrill-ex,Metagross [CRI 61],368,518,384,0.9583333333333334,1.4076086956521738,1.3489583333333333,Metagross,pokemon,1,J
mega-excadrill-ex,Metal Energy,372,6146,384,0.96875,16.521505376344088,16.005208333333332,Metal Energy,energy,1,basic
mega-excadrill-ex,Metang [CRI 60],1,4,384,0.0026041666666666665,4.0,0.010416666666666666,Metang,pokemon,1,J
mega-excadrill-ex,Metang [SVP 90],368,1509,384,0.9583333333333334,4.100543478260869,3.9296875,Metang,pokemon,0,H
mega-excadrill-ex,Mew ex [30C 152],5,6,384,0.013020833333333334,1.2,0.015625,Mew ex,pokemon,1,J
mega-excadrill-ex,Mist Energy,3,5,384,0.0078125,1.6666666666666667,0.013020833333333334,Mist Energy,energy,0,H
mega-excadrill-ex,Night Stretcher,104,118,384,0.2708333333333333,1.1346153846153846,0.3072916666666667,Night Stretcher,trainer,0,H
mega-excadrill-ex,Orthworm ex [SCR 110],1,1,384,0.0026041666666666665,1.0,0.0026041666666666665,Orthworm ex,pokemon,0,H
mega-excadrill-ex,Patrat [CRI 70],1,1,384,0.0026041666666666665,1.0,0.0026041666666666665,Patrat,pokemon,1,J
mega-excadrill-ex,Philippe,20,22,384,0.052083333333333336,1.1,0.057291666666666664,Philippe,trainer,1,J
mega-excadrill-ex,Piplup [PFL 27],93,159,384,0.2421875,1.7096774193548387,0.4140625,Piplup,pokemon,1,I
mega-excadrill-ex,Poké Pad,7,9,384,0.018229166666666668,1.2857142857142858,0.0234375,Poké Pad,trainer,1,J
mega-excadrill-ex,Poké Vital A,1,1,384,0.0026041666666666665,1.0,0.0026041666666666665,Poké Vital A,trainer,0,H
mega-excadrill-ex,Pokégear 3.0,236,525,384,0.6145833333333334,2.2245762711864407,1.3671875,Pokégear 3.0,trainer,1,G/I
mega-excadrill-ex,Pokémon Catcher,2,2,384,0.005208333333333333,1.0,0.005208333333333333,Pokémon Catcher,trainer,1,F/G/J
mega-excadrill-ex,Precious Trolley,108,109,384,0.28125,1.0092592592592593,0.2838541666666667,Precious Trolley,trainer,0,H
mega-excadrill-ex,Prime Catcher,4,4,384,0.010416666666666666,1.0,0.010416666666666666,Prime Catcher,trainer,0,H
mega-excadrill-ex,Prinplup [PFL 28],1,1,384,0.0026041666666666665,1.0,0.0026041666666666665,Prinplup,pokemon,1,I
mega-excadrill-ex,Psychic Energy,3,16,384,0.0078125,5.333333333333333,0.041666666666666664,Psychic Energy,energy,1,basic
mega-excadrill-ex,Psyduck [ASC 226],29,29,384,0.07552083333333333,1.0,0.07552083333333333,Psyduck,pokemon,1,I
mega-excadrill-ex,Rare Candy,98,108,384,0.2552083333333333,1.1020408163265305,0.28125,Rare Candy,trainer,1,F/G/I
mega-excadrill-ex,Redeemable Ticket,2,2,384,0.005208333333333333,1.0,0.005208333333333333,Redeemable Ticket,trainer,1,I
mega-excadrill-ex,Regigigas [PRE 86],2,2,384,0.005208333333333333,1.0,0.005208333333333333,Regigigas,pokemon,0,H
mega-excadrill-ex,Sacred Ash,1,1,384,0.0026041666666666665,1.0,0.0026041666666666665,Sacred Ash,trainer,1,I
mega-excadrill-ex,Scoop Up Cyclone,1,1,384,0.0026041666666666665,1.0,0.0026041666666666665,Scoop Up Cyclone,trainer,0,H
mega-excadrill-ex,Secret Box,16,16,384,0.041666666666666664,1.0,0.041666666666666664,Secret Box,trainer,0,H
mega-excadrill-ex,Shaymin [DRI 10],201,203,384,0.5234375,1.0099502487562189,0.5286458333333334,Shaymin,pokemon,1,I
mega-excadrill-ex,Shieldon [PBL 61],1,1,384,0.0026041666666666665,1.0,0.0026041666666666665,Shieldon,pokemon,1,J
mega-excadrill-ex,Special Red Card,208,223,384,0.5416666666666666,1.0721153846153846,0.5807291666666666,Special Red Card,trainer,1,J
mega-excadrill-ex,Spiky Energy,1,1,384,0.0026041666666666665,1.0,0.0026041666666666665,Spiky Energy,energy,1,I
mega-excadrill-ex,Staryu [POR 20],1,2,384,0.0026041666666666665,2.0,0.005208333333333333,Staryu,pokemon,1,J
mega-excadrill-ex,Steven's Beldum [DRI 143],3,9,384,0.0078125,3.0,0.0234375,Steven's Beldum,pokemon,1,I
mega-excadrill-ex,Steven's Metagross ex [ASC 289],3,7,384,0.0078125,2.3333333333333335,0.018229166666666668,Steven's Metagross ex,pokemon,1,I
mega-excadrill-ex,Steven's Metang [DRI 144],3,5,384,0.0078125,1.6666666666666667,0.013020833333333334,Steven's Metang,pokemon,1,I
mega-excadrill-ex,Steven's Skarmory [DRI 142],1,1,384,0.0026041666666666665,1.0,0.0026041666666666665,Steven's Skarmory,pokemon,1,I
mega-excadrill-ex,Super Potion,1,1,384,0.0026041666666666665,1.0,0.0026041666666666665,Super Potion,trainer,1,I
mega-excadrill-ex,Switch,259,274,384,0.6744791666666666,1.057915057915058,0.7135416666666666,Switch,trainer,1,F/G/I
mega-excadrill-ex,Team Rocket's Articuno [DRI 51],56,56,384,0.14583333333333334,1.0,0.14583333333333334,Team Rocket's Articuno,pokemon,1,I
mega-excadrill-ex,Team Rocket's Factory,12,13,384,0.03125,1.0833333333333333,0.033854166666666664,Team Rocket's Factory,trainer,1,I
mega-excadrill-ex,Team Rocket's Kangaskhan ex [ASC 162],56,56,384,0.14583333333333334,1.0,0.14583333333333334,Team Rocket's Kangaskhan ex,pokemon,1,I
mega-excadrill-ex,Team Rocket's Petrel,369,1460,384,0.9609375,3.956639566395664,3.8020833333333335,Team Rocket's Petrel,trainer,1,I
mega-excadrill-ex,Team Rocket's Transceiver,144,425,384,0.375,2.951388888888889,1.1067708333333333,Team Rocket's Transceiver,trainer,1,I
mega-excadrill-ex,Team Rocket's Watchtower,48,59,384,0.125,1.2291666666666667,0.15364583333333334,Team Rocket's Watchtower,trainer,1,I
mega-excadrill-ex,Telepathic Psychic Energy,1,2,384,0.0026041666666666665,2.0,0.005208333333333333,Telepathic Psychic Energy,energy,1,J
mega-excadrill-ex,Tool Scrapper,49,50,384,0.12760416666666666,1.0204081632653061,0.13020833333333334,Tool Scrapper,trainer,1,I
mega-excadrill-ex,Ultra Ball,229,263,384,0.5963541666666666,1.148471615720524,0.6848958333333334,Ultra Ball,trainer,1,F/G/I
mega-excadrill-ex,Unfair Stamp,5,5,384,0.013020833333333334,1.0,0.013020833333333334,Unfair Stamp,trainer,0,H
mega-excadrill-ex,Wally's Compassion,5,7,384,0.013020833333333334,1.4,0.018229166666666668,Wally's Compassion,trainer,1,I
mega-excadrill-ex,Water Energy,1,2,384,0.0026041666666666665,2.0,0.005208333333333333,Water Energy,energy,1,basic
mega-excadrill-ex,Xerosic's Machinations,61,67,384,0.15885416666666666,1.098360655737705,0.17447916666666666,Xerosic's Machinations,trainer,0,H
mega-feraligatr-ex,Air Balloon,1,1,2,0.5,1.0,0.5,Air Balloon,trainer,1,I
mega-feraligatr-ex,Boss's Orders,2,4,2,1.0,2.0,2.0,Boss's Orders,trainer,1,G/I
mega-feraligatr-ex,Buddy-Buddy Poffin,2,5,2,1.0,2.5,2.5,Buddy-Buddy Poffin,trainer,0,H
mega-feraligatr-ex,Budew [ASC 16],1,1,2,0.5,1.0,0.5,Budew,pokemon,0,H
mega-feraligatr-ex,Crispin,2,6,2,1.0,3.0,3.0,Crispin,trainer,0,H
mega-feraligatr-ex,Croconaw [TEF 40],2,4,2,1.0,2.0,2.0,Croconaw,pokemon,0,H
mega-feraligatr-ex,Darkness Energy,2,6,2,1.0,3.0,3.0,Darkness Energy,energy,1,basic
mega-feraligatr-ex,Dawn,2,5,2,1.0,2.5,2.5,Dawn,trainer,1,I
mega-feraligatr-ex,Feraligatr [SVP 89],2,3,2,1.0,1.5,1.5,Feraligatr,pokemon,0,H
mega-feraligatr-ex,Fezandipiti ex [ASC 142],2,2,2,1.0,1.0,1.0,Fezandipiti ex,pokemon,0,H
mega-feraligatr-ex,Froslass [SVP 117],1,2,2,0.5,2.0,1.0,Froslass,pokemon,0,H
mega-feraligatr-ex,Great Haul Net,1,1,2,0.5,1.0,0.5,Great Haul Net,trainer,1,J
mega-feraligatr-ex,Lillie's Determination,2,8,2,1.0,4.0,4.0,Lillie's Determination,trainer,1,I
mega-feraligatr-ex,Mega Feraligatr ex [ASC 274],2,4,2,1.0,2.0,2.0,Mega Feraligatr ex,pokemon,1,J
mega-feraligatr-ex,Mega Froslass ex [ASC 265],1,1,2,0.5,1.0,0.5,Mega Froslass ex,pokemon,1,I
mega-feraligatr-ex,Meowth ex [POR 107],1,1,2,0.5,1.0,0.5,Meowth ex,pokemon,1,J
mega-feraligatr-ex,Misty's Vitality,1,1,2,0.5,1.0,0.5,Misty's Vitality,trainer,1,J
mega-feraligatr-ex,Munkidori [ASC 99],2,5,2,1.0,2.5,2.5,Munkidori,pokemon,0,H
mega-feraligatr-ex,Night Stretcher,2,5,2,1.0,2.5,2.5,Night Stretcher,trainer,0,H
mega-feraligatr-ex,Poké Pad,2,7,2,1.0,3.5,3.5,Poké Pad,trainer,1,J
mega-feraligatr-ex,Pokégear 3.0,2,5,2,1.0,2.5,2.5,Pokégear 3.0,trainer,1,G/I
mega-feraligatr-ex,Prime Catcher,1,1,2,0.5,1.0,0.5,Prime Catcher,trainer,0,H
mega-feraligatr-ex,Rare Candy,2,3,2,1.0,1.5,1.5,Rare Candy,trainer,1,F/G/I
mega-feraligatr-ex,Relicanth [TEF 173],2,2,2,1.0,1.0,1.0,Relicanth,pokemon,0,H
mega-feraligatr-ex,Secret Box,1,1,2,0.5,1.0,0.5,Secret Box,trainer,0,H
mega-feraligatr-ex,Shaymin [DRI 10],2,2,2,1.0,1.0,1.0,Shaymin,pokemon,1,I
mega-feraligatr-ex,Snorunt [ASC 227],1,3,2,0.5,3.0,1.5,Snorunt,pokemon,1,I
mega-feraligatr-ex,Special Red Card,1,1,2,0.5,1.0,0.5,Special Red Card,trainer,1,J
mega-feraligatr-ex,Surfing Beach,2,3,2,1.0,1.5,1.5,Surfing Beach,trainer,1,I
mega-feraligatr-ex,Totodile [TEF 39],2,7,2,1.0,3.5,3.5,Totodile,pokemon,0,H
mega-feraligatr-ex,Ultra Ball,2,5,2,1.0,2.5,2.5,Ultra Ball,trainer,1,F/G/I
mega-feraligatr-ex,Water Energy,2,13,2,1.0,6.5,6.5,Water Energy,energy,1,basic
mega-feraligatr-ex,Xerosic's Machinations,2,2,2,1.0,1.0,1.0,Xerosic's Machinations,trainer,0,H
mega-froslass-dudunsparce,Boss's Orders,1,3,1,1.0,3.0,3.0,Boss's Orders,trainer,1,G/I
mega-froslass-dudunsparce,Buddy-Buddy Poffin,1,4,1,1.0,4.0,4.0,Buddy-Buddy Poffin,trainer,0,H
mega-froslass-dudunsparce,Chandelure [TWM 38],1,3,1,1.0,3.0,3.0,Chandelure,pokemon,0,H
mega-froslass-dudunsparce,Dudunsparce [PRE 80],1,4,1,1.0,4.0,4.0,Dudunsparce,pokemon,0,H
mega-froslass-dudunsparce,Dunsparce [JTG 120],1,4,1,1.0,4.0,4.0,Dunsparce,pokemon,1,I
mega-froslass-dudunsparce,Fire Energy,1,3,1,1.0,3.0,3.0,Fire Energy,energy,1,basic
mega-froslass-dudunsparce,Hilda,1,3,1,1.0,3.0,3.0,Hilda,trainer,1,I
mega-froslass-dudunsparce,Judge,1,4,1,1.0,4.0,4.0,Judge,trainer,1,G/J
mega-froslass-dudunsparce,Legacy Energy,1,1,1,1.0,1.0,1.0,Legacy Energy,energy,0,H
mega-froslass-dudunsparce,Lillie's Determination,1,2,1,1.0,2.0,2.0,Lillie's Determination,trainer,1,I
mega-froslass-dudunsparce,Litwick [PBL 36],1,3,1,1.0,3.0,3.0,Litwick,pokemon,1,J
mega-froslass-dudunsparce,Mega Froslass ex [ASC 265],1,3,1,1.0,3.0,3.0,Mega Froslass ex,pokemon,1,I
mega-froslass-dudunsparce,Nighttime Mine,1,2,1,1.0,2.0,2.0,Nighttime Mine,trainer,1,I
mega-froslass-dudunsparce,Poké Pad,1,4,1,1.0,4.0,4.0,Poké Pad,trainer,1,J
mega-froslass-dudunsparce,Rare Candy,1,4,1,1.0,4.0,4.0,Rare Candy,trainer,1,F/G/I
mega-froslass-dudunsparce,Shaymin [DRI 10],1,1,1,1.0,1.0,1.0,Shaymin,pokemon,1,I
mega-froslass-dudunsparce,Snorunt [ASC 227],1,4,1,1.0,4.0,4.0,Snorunt,pokemon,1,I
mega-froslass-dudunsparce,Ultra Ball,1,4,1,1.0,4.0,4.0,Ultra Ball,trainer,1,F/G/I
mega-froslass-dudunsparce,Wally's Compassion,1,1,1,1.0,1.0,1.0,Wally's Compassion,trainer,1,I
mega-froslass-dudunsparce,Water Energy,1,3,1,1.0,3.0,3.0,Water Energy,energy,1,basic
mega-froslass-ex,Air Balloon,1,2,3,0.3333333333333333,2.0,0.6666666666666666,Air Balloon,trainer,1,I
mega-froslass-ex,Battle Cage,1,1,3,0.3333333333333333,1.0,0.3333333333333333,Battle Cage,trainer,1,I
mega-froslass-ex,Boss's Orders,3,7,3,1.0,2.3333333333333335,2.3333333333333335,Boss's Orders,trainer,1,G/I
mega-froslass-ex,Brock's Scouting,1,3,3,0.3333333333333333,3.0,1.0,Brock's Scouting,trainer,1,I
mega-froslass-ex,Bronzong [TEF 69],1,2,3,0.3333333333333333,2.0,0.6666666666666666,Bronzong,pokemon,0,H
mega-froslass-ex,Bronzor [PRE 66],1,2,3,0.3333333333333333,2.0,0.6666666666666666,Bronzor,pokemon,0,H
mega-froslass-ex,Bubbly Water Energy,2,3,3,0.6666666666666666,1.5,1.0,Bubbly Water Energy,energy,1,J
mega-froslass-ex,Buddy-Buddy Poffin,3,8,3,1.0,2.6666666666666665,2.6666666666666665,Buddy-Buddy Poffin,trainer,0,H
mega-froslass-ex,Budew [ASC 16],2,2,3,0.6666666666666666,1.0,0.6666666666666666,Budew,pokemon,0,H
mega-froslass-ex,Chandelure [TWM 38],1,3,3,0.3333333333333333,3.0,1.0,Chandelure,pokemon,0,H
mega-froslass-ex,Colress's Tenacity,1,2,3,0.3333333333333333,2.0,0.6666666666666666,Colress's Tenacity,trainer,0,H
mega-froslass-ex,Crispin,1,1,3,0.3333333333333333,1.0,0.3333333333333333,Crispin,trainer,0,H
mega-froslass-ex,Darkness Energy,1,3,3,0.3333333333333333,3.0,1.0,Darkness Energy,energy,1,basic
mega-froslass-ex,Dawn,2,3,3,0.6666666666666666,1.5,1.0,Dawn,trainer,1,I
mega-froslass-ex,Drizzile [MEG 40],1,2,3,0.3333333333333333,2.0,0.6666666666666666,Drizzile,pokemon,1,I
mega-froslass-ex,Energy Search,1,1,3,0.3333333333333333,1.0,0.3333333333333333,Energy Search,trainer,1,F/G/J
mega-froslass-ex,Festival Grounds,1,2,3,0.3333333333333333,2.0,0.6666666666666666,Festival Grounds,trainer,0,H
mega-froslass-ex,Fezandipiti ex [ASC 142],2,2,3,0.6666666666666666,1.0,0.6666666666666666,Fezandipiti ex,pokemon,0,H
mega-froslass-ex,Fire Energy,1,3,3,0.3333333333333333,3.0,1.0,Fire Energy,energy,1,basic
mega-froslass-ex,Froslass [SVP 117],1,2,3,0.3333333333333333,2.0,0.6666666666666666,Froslass,pokemon,0,H
mega-froslass-ex,Great Haul Net,1,1,3,0.3333333333333333,1.0,0.3333333333333333,Great Haul Net,trainer,1,J
mega-froslass-ex,Handheld Fan,1,3,3,0.3333333333333333,3.0,1.0,Handheld Fan,trainer,0,H
mega-froslass-ex,Harlequin,1,4,3,0.3333333333333333,4.0,1.3333333333333333,Harlequin,trainer,1,I
mega-froslass-ex,Hilda,2,5,3,0.6666666666666666,2.5,1.6666666666666667,Hilda,trainer,1,I
mega-froslass-ex,Inteleon [MEG 142],1,4,3,0.3333333333333333,4.0,1.3333333333333333,Inteleon,pokemon,1,I
mega-froslass-ex,Judge,1,1,3,0.3333333333333333,1.0,0.3333333333333333,Judge,trainer,1,G/J
mega-froslass-ex,Lacey,1,3,3,0.3333333333333333,3.0,1.0,Lacey,trainer,0,H
mega-froslass-ex,Lampent [PBL 37],1,2,3,0.3333333333333333,2.0,0.6666666666666666,Lampent,pokemon,1,J
mega-froslass-ex,Lana's Aid,1,1,3,0.3333333333333333,1.0,0.3333333333333333,Lana's Aid,trainer,0,H
mega-froslass-ex,Legacy Energy,1,1,3,0.3333333333333333,1.0,0.3333333333333333,Legacy Energy,energy,0,H
mega-froslass-ex,Lillie's Determination,2,8,3,0.6666666666666666,4.0,2.6666666666666665,Lillie's Determination,trainer,1,I
mega-froslass-ex,Litwick [PBL 36],1,3,3,0.3333333333333333,3.0,1.0,Litwick,pokemon,1,J
mega-froslass-ex,Lucian,1,2,3,0.3333333333333333,2.0,0.6666666666666666,Lucian,trainer,0,H
mega-froslass-ex,Mega Froslass ex [ASC 265],3,7,3,1.0,2.3333333333333335,2.3333333333333335,Mega Froslass ex,pokemon,1,I
mega-froslass-ex,Mega Signal,2,3,3,0.6666666666666666,1.5,1.0,Mega Signal,trainer,1,I
mega-froslass-ex,Meowth ex [POR 107],2,2,3,0.6666666666666666,1.0,0.6666666666666666,Meowth ex,pokemon,1,J
mega-froslass-ex,Munkidori [ASC 99],1,3,3,0.3333333333333333,3.0,1.0,Munkidori,pokemon,0,H
mega-froslass-ex,Neutralization Zone,1,1,3,0.3333333333333333,1.0,0.3333333333333333,Neutralization Zone,trainer,0,H
mega-froslass-ex,Night Stretcher,2,3,3,0.6666666666666666,1.5,1.0,Night Stretcher,trainer,0,H
mega-froslass-ex,Poké Pad,2,7,3,0.6666666666666666,3.5,2.3333333333333335,Poké Pad,trainer,1,J
mega-froslass-ex,Pokégear 3.0,1,2,3,0.3333333333333333,2.0,0.6666666666666666,Pokégear 3.0,trainer,1,G/I
mega-froslass-ex,Psychic Energy,1,4,3,0.3333333333333333,4.0,1.3333333333333333,Psychic Energy,energy,1,basic
mega-froslass-ex,Rare Candy,2,4,3,0.6666666666666666,2.0,1.3333333333333333,Rare Candy,trainer,1,F/G/I
mega-froslass-ex,Salvatore,1,2,3,0.3333333333333333,2.0,0.6666666666666666,Salvatore,trainer,0,H
mega-froslass-ex,Secret Box,1,1,3,0.3333333333333333,1.0,0.3333333333333333,Secret Box,trainer,0,H
mega-froslass-ex,Shaymin [DRI 10],1,1,3,0.3333333333333333,1.0,0.3333333333333333,Shaymin,pokemon,1,I
mega-froslass-ex,Snorunt [ASC 227],3,10,3,1.0,3.3333333333333335,3.3333333333333335,Snorunt,pokemon,1,I
mega-froslass-ex,Sobble [MEG 39],1,4,3,0.3333333333333333,4.0,1.3333333333333333,Sobble,pokemon,1,I
mega-froslass-ex,Switch,2,3,3,0.6666666666666666,1.5,1.0,Switch,trainer,1,F/G/I
mega-froslass-ex,Team Rocket's Watchtower,1,1,3,0.3333333333333333,1.0,0.3333333333333333,Team Rocket's Watchtower,trainer,1,I
mega-froslass-ex,Ultra Ball,2,8,3,0.6666666666666666,4.0,2.6666666666666665,Ultra Ball,trainer,1,F/G/I
mega-froslass-ex,Wally's Compassion,1,1,3,0.3333333333333333,1.0,0.3333333333333333,Wally's Compassion,trainer,1,I
mega-froslass-ex,Water Energy,3,19,3,1.0,6.333333333333333,6.333333333333333,Water Energy,energy,1,basic
mega-froslass-ex,Xerosic's Machinations,1,2,3,0.3333333333333333,2.0,0.6666666666666666,Xerosic's Machinations,trainer,0,H
mega-greninja-ex,AZ's Tranquility,12,12,60,0.2,1.0,0.2,AZ's Tranquility,trainer,1,J
mega-greninja-ex,Air Balloon,50,84,60,0.8333333333333334,1.68,1.4,Air Balloon,trainer,1,I
mega-greninja-ex,Antique Plume Fossil,1,3,60,0.016666666666666666,3.0,0.05,Antique Plume Fossil,trainer,1,I
mega-greninja-ex,Archen [WHT 131],1,1,60,0.016666666666666666,1.0,0.016666666666666666,Archen,pokemon,1,I
mega-greninja-ex,Archeops [WHT 132],1,2,60,0.016666666666666666,2.0,0.03333333333333333,Archeops,pokemon,1,I
mega-greninja-ex,Battle Cage,2,3,60,0.03333333333333333,1.5,0.05,Battle Cage,trainer,1,I
mega-greninja-ex,Blaziken ex [JTG 24],1,2,60,0.016666666666666666,2.0,0.03333333333333333,Blaziken ex,pokemon,0,H
mega-greninja-ex,Bloodmoon Ursaluna [PRE 54],1,2,60,0.016666666666666666,2.0,0.03333333333333333,Bloodmoon Ursaluna,pokemon,0,H
mega-greninja-ex,Boss's Orders,59,124,60,0.9833333333333333,2.1016949152542375,2.066666666666667,Boss's Orders,trainer,1,G/I
mega-greninja-ex,Briar,1,1,60,0.016666666666666666,1.0,0.016666666666666666,Briar,trainer,0,H
mega-greninja-ex,Brock's Scouting,1,1,60,0.016666666666666666,1.0,0.016666666666666666,Brock's Scouting,trainer,1,I
mega-greninja-ex,Bubbly Water Energy,3,5,60,0.05,1.6666666666666667,0.08333333333333333,Bubbly Water Energy,energy,1,J
mega-greninja-ex,Buddy-Buddy Poffin,56,217,60,0.9333333333333333,3.875,3.6166666666666667,Buddy-Buddy Poffin,trainer,0,H
mega-greninja-ex,Budew [ASC 16],36,39,60,0.6,1.0833333333333333,0.65,Budew,pokemon,0,H
mega-greninja-ex,Buneary [PFL 83],1,1,60,0.016666666666666666,1.0,0.016666666666666666,Buneary,pokemon,1,I
mega-greninja-ex,Colress's Tenacity,7,12,60,0.11666666666666667,1.7142857142857142,0.2,Colress's Tenacity,trainer,0,H
mega-greninja-ex,Combusken [DRI 41],1,1,60,0.016666666666666666,1.0,0.016666666666666666,Combusken,pokemon,1,I
mega-greninja-ex,Crispin,7,15,60,0.11666666666666667,2.142857142857143,0.25,Crispin,trainer,0,H
mega-greninja-ex,Cubchoo [BLK 109],1,1,60,0.016666666666666666,1.0,0.016666666666666666,Cubchoo,pokemon,1,I
mega-greninja-ex,Darkness Energy,4,12,60,0.06666666666666667,3.0,0.2,Darkness Energy,energy,1,basic
mega-greninja-ex,Dawn,27,39,60,0.45,1.4444444444444444,0.65,Dawn,trainer,1,I
mega-greninja-ex,Dragapult ex [ASC 160],21,21,60,0.35,1.0,0.35,Dragapult ex,pokemon,0,H
mega-greninja-ex,Drakloak [ASC 159],21,59,60,0.35,2.8095238095238093,0.9833333333333333,Drakloak,pokemon,0,H
mega-greninja-ex,Dreepy [ASC 158],21,60,60,0.35,2.857142857142857,1.0,Dreepy,pokemon,0,H
mega-greninja-ex,Dudunsparce [PRE 80],18,37,60,0.3,2.0555555555555554,0.6166666666666667,Dudunsparce,pokemon,0,H
mega-greninja-ex,Dudunsparce ex [JTG 121],6,6,60,0.1,1.0,0.1,Dudunsparce ex,pokemon,1,I
mega-greninja-ex,Dunsparce [JTG 120],16,32,60,0.26666666666666666,2.0,0.5333333333333333,Dunsparce,pokemon,1,I
mega-greninja-ex,Dunsparce [PRE 79],6,9,60,0.1,1.5,0.15,Dunsparce,pokemon,0,H
mega-greninja-ex,Dusclops [PRE 36],3,6,60,0.05,2.0,0.1,Dusclops,pokemon,0,H
mega-greninja-ex,Dusknoir [PRE 37],3,4,60,0.05,1.3333333333333333,0.06666666666666667,Dusknoir,pokemon,0,H
mega-greninja-ex,Duskull [PRE 35],3,6,60,0.05,2.0,0.1,Duskull,pokemon,0,H
mega-greninja-ex,Energy Recycler,1,1,60,0.016666666666666666,1.0,0.016666666666666666,Energy Recycler,trainer,1,I
mega-greninja-ex,Energy Retrieval,29,33,60,0.48333333333333334,1.1379310344827587,0.55,Energy Retrieval,trainer,1,F/G/I
mega-greninja-ex,Energy Search,2,2,60,0.03333333333333333,1.0,0.03333333333333333,Energy Search,trainer,1,F/G/J
mega-greninja-ex,Enhanced Hammer,1,2,60,0.016666666666666666,2.0,0.03333333333333333,Enhanced Hammer,trainer,0,H
mega-greninja-ex,Enriching Energy,1,1,60,0.016666666666666666,1.0,0.016666666666666666,Enriching Energy,energy,0,H
mega-greninja-ex,Fan Rotom [ASC 171],1,1,60,0.016666666666666666,1.0,0.016666666666666666,Fan Rotom,pokemon,0,H
mega-greninja-ex,Feraligatr [SVP 89],2,2,60,0.03333333333333333,1.0,0.03333333333333333,Feraligatr,pokemon,0,H
mega-greninja-ex,Festival Grounds,1,1,60,0.016666666666666666,1.0,0.016666666666666666,Festival Grounds,trainer,0,H
mega-greninja-ex,Fezandipiti ex [ASC 142],48,48,60,0.8,1.0,0.8,Fezandipiti ex,pokemon,0,H
mega-greninja-ex,Fighting Energy,2,9,60,0.03333333333333333,4.5,0.15,Fighting Energy,energy,1,basic
mega-greninja-ex,Fighting Gong,1,4,60,0.016666666666666666,4.0,0.06666666666666667,Fighting Gong,trainer,1,I
mega-greninja-ex,Fire Energy,4,6,60,0.06666666666666667,1.5,0.1,Fire Energy,energy,1,basic
mega-greninja-ex,Fossil Quarry,1,2,60,0.016666666666666666,2.0,0.03333333333333333,Fossil Quarry,trainer,1,J
mega-greninja-ex,Froakie [CRI 20],59,218,60,0.9833333333333333,3.694915254237288,3.6333333333333333,Froakie,pokemon,1,J
mega-greninja-ex,Froakie [TWM 56],8,8,60,0.13333333333333333,1.0,0.13333333333333333,Froakie,pokemon,0,H
mega-greninja-ex,Frogadier [CRI 21],57,128,60,0.95,2.245614035087719,2.1333333333333333,Frogadier,pokemon,1,J
mega-greninja-ex,Frogadier [TWM 57],7,7,60,0.11666666666666667,1.0,0.11666666666666667,Frogadier,pokemon,0,H
mega-greninja-ex,Genesect [SFA 40],1,1,60,0.016666666666666666,1.0,0.016666666666666666,Genesect,pokemon,0,H
mega-greninja-ex,Goldeen [PRE 20],1,2,60,0.016666666666666666,2.0,0.03333333333333333,Goldeen,pokemon,0,H
mega-greninja-ex,Grand Tree,5,5,60,0.08333333333333333,1.0,0.08333333333333333,Grand Tree,trainer,0,H
mega-greninja-ex,Great Haul Net,13,13,60,0.21666666666666667,1.0,0.21666666666666667,Great Haul Net,trainer,1,J
mega-greninja-ex,Greninja ex [30C 148],16,18,60,0.26666666666666666,1.125,0.3,Greninja ex,pokemon,1,J
mega-greninja-ex,Greninja ex [TWM 106],53,75,60,0.8833333333333333,1.4150943396226414,1.25,Greninja ex,pokemon,0,H
mega-greninja-ex,Grookey [MEP 52],1,3,60,0.016666666666666666,3.0,0.05,Grookey,pokemon,1,J
mega-greninja-ex,Gwynn,1,2,60,0.016666666666666666,2.0,0.03333333333333333,Gwynn,trainer,1,J
mega-greninja-ex,Harlequin,1,1,60,0.016666666666666666,1.0,0.016666666666666666,Harlequin,trainer,1,I
mega-greninja-ex,Hilda,56,140,60,0.9333333333333333,2.5,2.3333333333333335,Hilda,trainer,1,I
mega-greninja-ex,Ignition Energy,44,69,60,0.7333333333333333,1.5681818181818181,1.15,Ignition Energy,energy,1,I
mega-greninja-ex,Iris's Fighting Spirit,1,1,60,0.016666666666666666,1.0,0.016666666666666666,Iris's Fighting Spirit,trainer,1,I
mega-greninja-ex,Jamming Tower,2,2,60,0.03333333333333333,1.0,0.03333333333333333,Jamming Tower,trainer,0,H
mega-greninja-ex,Judge,14,16,60,0.23333333333333334,1.1428571428571428,0.26666666666666666,Judge,trainer,1,G/J
mega-greninja-ex,Kieran,3,3,60,0.05,1.0,0.05,Kieran,trainer,0,H
mega-greninja-ex,Lana's Aid,3,3,60,0.05,1.0,0.05,Lana's Aid,trainer,0,H
mega-greninja-ex,Latias ex [SSP 220],2,2,60,0.03333333333333333,1.0,0.03333333333333333,Latias ex,pokemon,0,H
mega-greninja-ex,Lightning Energy,1,1,60,0.016666666666666666,1.0,0.016666666666666666,Lightning Energy,energy,1,basic
mega-greninja-ex,Lillie's Clefairy ex [ASC 280],1,1,60,0.016666666666666666,1.0,0.016666666666666666,Lillie's Clefairy ex,pokemon,1,I
mega-greninja-ex,Lillie's Determination,59,227,60,0.9833333333333333,3.847457627118644,3.783333333333333,Lillie's Determination,trainer,1,I
mega-greninja-ex,Lisia's Appeal,1,1,60,0.016666666666666666,1.0,0.016666666666666666,Lisia's Appeal,trainer,0,H
mega-greninja-ex,Lucian,1,1,60,0.016666666666666666,1.0,0.016666666666666666,Lucian,trainer,0,H
mega-greninja-ex,Lunatone [ASC 105],1,2,60,0.016666666666666666,2.0,0.03333333333333333,Lunatone,pokemon,1,I
mega-greninja-ex,Mega Absol ex [MEG 161],1,2,60,0.016666666666666666,2.0,0.03333333333333333,Mega Absol ex,pokemon,1,I
mega-greninja-ex,Mega Froslass ex [ASC 265],4,5,60,0.06666666666666667,1.25,0.08333333333333333,Mega Froslass ex,pokemon,1,I
mega-greninja-ex,Mega Greninja ex [CRI 100],59,142,60,0.9833333333333333,2.406779661016949,2.3666666666666667,Mega Greninja ex,pokemon,1,J
mega-greninja-ex,Mega Kangaskhan ex [MEG 104],1,2,60,0.016666666666666666,2.0,0.03333333333333333,Mega Kangaskhan ex,pokemon,1,I
mega-greninja-ex,Mega Lopunny ex [PFL 115],1,1,60,0.016666666666666666,1.0,0.016666666666666666,Mega Lopunny ex,pokemon,1,I
mega-greninja-ex,Mega Starmie ex [POR 102],6,12,60,0.1,2.0,0.2,Mega Starmie ex,pokemon,1,J
mega-greninja-ex,Meowth ex [POR 107],50,54,60,0.8333333333333334,1.08,0.9,Meowth ex,pokemon,1,J
mega-greninja-ex,Mew ex [30C 152],2,2,60,0.03333333333333333,1.0,0.03333333333333333,Mew ex,pokemon,1,J
mega-greninja-ex,Munkidori [ASC 99],3,4,60,0.05,1.3333333333333333,0.06666666666666667,Munkidori,pokemon,0,H
mega-greninja-ex,N's Zoroark ex [ASC 137],12,29,60,0.2,2.4166666666666665,0.48333333333333334,N's Zoroark ex,pokemon,1,I
mega-greninja-ex,N's Zorua [ASC 136],12,29,60,0.2,2.4166666666666665,0.48333333333333334,N's Zorua,pokemon,1,I
mega-greninja-ex,Neo Upper Energy,50,51,60,0.8333333333333334,1.02,0.85,Neo Upper Energy,energy,0,H
mega-greninja-ex,Night Stretcher,53,85,60,0.8833333333333333,1.6037735849056605,1.4166666666666667,Night Stretcher,trainer,0,H
mega-greninja-ex,Nighttime Mine,2,4,60,0.03333333333333333,2.0,0.06666666666666667,Nighttime Mine,trainer,1,I
mega-greninja-ex,Patrat [CRI 70],15,15,60,0.25,1.0,0.25,Patrat,pokemon,1,J
mega-greninja-ex,Pecharunt ex [PRE 163],2,4,60,0.03333333333333333,2.0,0.06666666666666667,Pecharunt ex,pokemon,0,H
mega-greninja-ex,Poké Pad,57,187,60,0.95,3.280701754385965,3.1166666666666667,Poké Pad,trainer,1,J
mega-greninja-ex,Pokégear 3.0,3,5,60,0.05,1.6666666666666667,0.08333333333333333,Pokégear 3.0,trainer,1,G/I
mega-greninja-ex,Powerglass,3,5,60,0.05,1.6666666666666667,0.08333333333333333,Powerglass,trainer,0,H
mega-greninja-ex,Precious Trolley,2,2,60,0.03333333333333333,1.0,0.03333333333333333,Precious Trolley,trainer,0,H
mega-greninja-ex,Premium Power Pro,1,2,60,0.016666666666666666,2.0,0.03333333333333333,Premium Power Pro,trainer,1,I
mega-greninja-ex,Psychic Energy,4,6,60,0.06666666666666667,1.5,0.1,Psychic Energy,energy,1,basic
mega-greninja-ex,Psyduck [ASC 226],10,11,60,0.16666666666666666,1.1,0.18333333333333332,Psyduck,pokemon,1,I
mega-greninja-ex,Rare Candy,59,169,60,0.9833333333333333,2.864406779661017,2.816666666666667,Rare Candy,trainer,1,F/G/I
mega-greninja-ex,Risky Ruins,1,2,60,0.016666666666666666,2.0,0.03333333333333333,Risky Ruins,trainer,1,I
mega-greninja-ex,Rosa's Encouragement,13,13,60,0.21666666666666667,1.0,0.21666666666666667,Rosa's Encouragement,trainer,1,J
mega-greninja-ex,Sacred Ash,1,1,60,0.016666666666666666,1.0,0.016666666666666666,Sacred Ash,trainer,1,I
mega-greninja-ex,Seaking [PRE 21],1,1,60,0.016666666666666666,1.0,0.016666666666666666,Seaking,pokemon,0,H
mega-greninja-ex,Secret Box,1,1,60,0.016666666666666666,1.0,0.016666666666666666,Secret Box,trainer,0,H
mega-greninja-ex,Shaymin [DRI 10],22,22,60,0.36666666666666664,1.0,0.36666666666666664,Shaymin,pokemon,1,I
mega-greninja-ex,Snorunt [ASC 227],4,6,60,0.06666666666666667,1.5,0.1,Snorunt,pokemon,1,I
mega-greninja-ex,Solrock [ASC 106],1,3,60,0.016666666666666666,3.0,0.05,Solrock,pokemon,1,I
mega-greninja-ex,Special Red Card,54,63,60,0.9,1.1666666666666667,1.05,Special Red Card,trainer,1,J
mega-greninja-ex,Staryu [POR 20],6,14,60,0.1,2.3333333333333335,0.23333333333333334,Staryu,pokemon,1,J
mega-greninja-ex,Surfer,3,3,60,0.05,1.0,0.05,Surfer,trainer,0,H
mega-greninja-ex,Surfing Beach,53,104,60,0.8833333333333333,1.9622641509433962,1.7333333333333334,Surfing Beach,trainer,1,I
mega-greninja-ex,Switch,21,23,60,0.35,1.0952380952380953,0.38333333333333336,Switch,trainer,1,F/G/I
mega-greninja-ex,Tatsugiri [SVP 118],2,2,60,0.03333333333333333,1.0,0.03333333333333333,Tatsugiri,pokemon,0,H
mega-greninja-ex,Team Rocket's Ampharos [DRI 74],1,2,60,0.016666666666666666,2.0,0.03333333333333333,Team Rocket's Ampharos,pokemon,1,I
mega-greninja-ex,Team Rocket's Articuno [DRI 51],1,1,60,0.016666666666666666,1.0,0.016666666666666666,Team Rocket's Articuno,pokemon,1,I
mega-greninja-ex,Team Rocket's Factory,1,2,60,0.016666666666666666,2.0,0.03333333333333333,Team Rocket's Factory,trainer,1,I
mega-greninja-ex,Team Rocket's Flaaffy [DRI 73],1,1,60,0.016666666666666666,1.0,0.016666666666666666,Team Rocket's Flaaffy,pokemon,1,I
mega-greninja-ex,Team Rocket's Kangaskhan ex [ASC 162],1,1,60,0.016666666666666666,1.0,0.016666666666666666,Team Rocket's Kangaskhan ex,pokemon,1,I
mega-greninja-ex,Team Rocket's Mareep [DRI 72],1,2,60,0.016666666666666666,2.0,0.03333333333333333,Team Rocket's Mareep,pokemon,1,I
mega-greninja-ex,Team Rocket's Petrel,10,15,60,0.16666666666666666,1.5,0.25,Team Rocket's Petrel,trainer,1,I
mega-greninja-ex,Team Rocket's Transceiver,1,3,60,0.016666666666666666,3.0,0.05,Team Rocket's Transceiver,trainer,1,I
mega-greninja-ex,Team Rocket's Watchtower,2,5,60,0.03333333333333333,2.5,0.08333333333333333,Team Rocket's Watchtower,trainer,1,I
mega-greninja-ex,Thwackey [SVP 115],1,3,60,0.016666666666666666,3.0,0.05,Thwackey,pokemon,0,H
mega-greninja-ex,Tool Scrapper,3,3,60,0.05,1.0,0.05,Tool Scrapper,trainer,1,I
mega-greninja-ex,Torchic [DRI 40],1,2,60,0.016666666666666666,2.0,0.03333333333333333,Torchic,pokemon,1,I
mega-greninja-ex,Totodile [TEF 39],10,10,60,0.16666666666666666,1.0,0.16666666666666666,Totodile,pokemon,0,H
mega-greninja-ex,Transformation Tome,1,2,60,0.016666666666666666,2.0,0.03333333333333333,Transformation Tome,trainer,1,J
mega-greninja-ex,Ultra Ball,55,150,60,0.9166666666666666,2.727272727272727,2.5,Ultra Ball,trainer,1,F/G/I
mega-greninja-ex,Wally's Compassion,36,43,60,0.6,1.1944444444444444,0.7166666666666667,Wally's Compassion,trainer,1,I
mega-greninja-ex,Water Energy,59,380,60,0.9833333333333333,6.440677966101695,6.333333333333333,Water Energy,energy,1,basic
mega-greninja-ex,Wellspring Mask Ogerpon ex [PRE 152],1,1,60,0.016666666666666666,1.0,0.016666666666666666,Wellspring Mask Ogerpon ex,pokemon,0,H
mega-greninja-ex,Wishiwashi [30C 22],1,1,60,0.016666666666666666,1.0,0.016666666666666666,Wishiwashi,pokemon,1,J
mega-greninja-ex,Xerosic's Machinations,5,5,60,0.08333333333333333,1.0,0.08333333333333333,Xerosic's Machinations,trainer,0,H
mega-greninja-ex,Yveltal [MEG 88],1,3,60,0.016666666666666666,3.0,0.05,Yveltal,pokemon,1,I
mega-lopunny-ex,Air Balloon,1,2,2,0.5,2.0,1.0,Air Balloon,trainer,1,I
mega-lopunny-ex,Battle Cage,1,1,2,0.5,1.0,0.5,Battle Cage,trainer,1,I
mega-lopunny-ex,Boss's Orders,2,5,2,1.0,2.5,2.5,Boss's Orders,trainer,1,G/I
mega-lopunny-ex,Bronzong [TEF 69],1,2,2,0.5,2.0,1.0,Bronzong,pokemon,0,H
mega-lopunny-ex,Bronzor [TEF 170],1,2,2,0.5,2.0,1.0,Bronzor,pokemon,0,H
mega-lopunny-ex,Buddy-Buddy Poffin,1,4,2,0.5,4.0,2.0,Buddy-Buddy Poffin,trainer,0,H
mega-lopunny-ex,Buneary [PFL 83],2,5,2,1.0,2.5,2.5,Buneary,pokemon,1,I
mega-lopunny-ex,Ciphermaniac's Codebreaking,1,1,2,0.5,1.0,0.5,Ciphermaniac's Codebreaking,trainer,0,H
mega-lopunny-ex,Crispin,1,1,2,0.5,1.0,0.5,Crispin,trainer,0,H
mega-lopunny-ex,Darkness Energy,1,1,2,0.5,1.0,0.5,Darkness Energy,energy,1,basic
mega-lopunny-ex,Dragapult ex [ASC 160],1,1,2,0.5,1.0,0.5,Dragapult ex,pokemon,0,H
mega-lopunny-ex,Drakloak [ASC 159],1,3,2,0.5,3.0,1.5,Drakloak,pokemon,0,H
mega-lopunny-ex,Dreepy [ASC 158],1,3,2,0.5,3.0,1.5,Dreepy,pokemon,0,H
mega-lopunny-ex,Elgyem [BLK 120],1,1,2,0.5,1.0,0.5,Elgyem,pokemon,1,I
mega-lopunny-ex,Enhanced Hammer,1,1,2,0.5,1.0,0.5,Enhanced Hammer,trainer,0,H
mega-lopunny-ex,Enriching Energy,1,1,2,0.5,1.0,0.5,Enriching Energy,energy,0,H
mega-lopunny-ex,Eri,1,1,2,0.5,1.0,0.5,Eri,trainer,0,H
mega-lopunny-ex,Fire Energy,1,2,2,0.5,2.0,1.0,Fire Energy,energy,1,basic
mega-lopunny-ex,Frillish [WHT 126],1,1,2,0.5,1.0,0.5,Frillish,pokemon,1,I
mega-lopunny-ex,Handheld Fan,1,2,2,0.5,2.0,1.0,Handheld Fan,trainer,0,H
mega-lopunny-ex,Hilda,2,5,2,1.0,2.5,2.5,Hilda,trainer,1,I
mega-lopunny-ex,Lana's Aid,1,1,2,0.5,1.0,0.5,Lana's Aid,trainer,0,H
mega-lopunny-ex,Latias ex [SSP 220],1,2,2,0.5,2.0,1.0,Latias ex,pokemon,0,H
mega-lopunny-ex,Lillie's Clefairy ex [ASC 280],2,2,2,1.0,1.0,1.0,Lillie's Clefairy ex,pokemon,1,I
mega-lopunny-ex,Lillie's Determination,2,7,2,1.0,3.5,3.5,Lillie's Determination,trainer,1,I
mega-lopunny-ex,Mega Froslass ex [ASC 265],1,1,2,0.5,1.0,0.5,Mega Froslass ex,pokemon,1,I
mega-lopunny-ex,Mega Kangaskhan ex [MEG 104],1,2,2,0.5,2.0,1.0,Mega Kangaskhan ex,pokemon,1,I
mega-lopunny-ex,Mega Lopunny ex [PFL 115],2,4,2,1.0,2.0,2.0,Mega Lopunny ex,pokemon,1,I
mega-lopunny-ex,Meowth ex [POR 107],1,2,2,0.5,2.0,1.0,Meowth ex,pokemon,1,J
mega-lopunny-ex,Mew ex [30C 152],2,3,2,1.0,1.5,1.5,Mew ex,pokemon,1,J
mega-lopunny-ex,Mist Energy,1,4,2,0.5,4.0,2.0,Mist Energy,energy,0,H
mega-lopunny-ex,Munkidori [ASC 99],1,1,2,0.5,1.0,0.5,Munkidori,pokemon,0,H
mega-lopunny-ex,Night Stretcher,1,2,2,0.5,2.0,1.0,Night Stretcher,trainer,0,H
mega-lopunny-ex,Nighttime Mine,1,2,2,0.5,2.0,1.0,Nighttime Mine,trainer,1,I
mega-lopunny-ex,Poké Pad,1,3,2,0.5,3.0,1.5,Poké Pad,trainer,1,J
mega-lopunny-ex,Prism Energy,2,2,2,1.0,1.0,1.0,Prism Energy,energy,1,I
mega-lopunny-ex,Psychic Energy,1,1,2,0.5,1.0,0.5,Psychic Energy,energy,1,basic
mega-lopunny-ex,Salvatore,1,2,2,0.5,2.0,1.0,Salvatore,trainer,0,H
mega-lopunny-ex,Snorunt [ASC 227],1,1,2,0.5,1.0,0.5,Snorunt,pokemon,1,I
mega-lopunny-ex,Special Red Card,1,1,2,0.5,1.0,0.5,Special Red Card,trainer,1,J
mega-lopunny-ex,Surfer,1,1,2,0.5,1.0,0.5,Surfer,trainer,0,H
mega-lopunny-ex,Switch,2,5,2,1.0,2.5,2.5,Switch,trainer,1,F/G/I
mega-lopunny-ex,Team Rocket's Petrel,1,2,2,0.5,2.0,1.0,Team Rocket's Petrel,trainer,1,I
mega-lopunny-ex,Team Rocket's Transceiver,1,1,2,0.5,1.0,0.5,Team Rocket's Transceiver,trainer,1,I
mega-lopunny-ex,Team Rocket's Watchtower,1,4,2,0.5,4.0,2.0,Team Rocket's Watchtower,trainer,1,I
mega-lopunny-ex,Telepathic Psychic Energy,2,7,2,1.0,3.5,3.5,Telepathic Psychic Energy,energy,1,J
mega-lopunny-ex,Tool Scrapper,1,1,2,0.5,1.0,0.5,Tool Scrapper,trainer,1,I
mega-lopunny-ex,Ultra Ball,1,4,2,0.5,4.0,2.0,Ultra Ball,trainer,1,F/G/I
mega-lopunny-ex,Unfair Stamp,1,1,2,0.5,1.0,0.5,Unfair Stamp,trainer,0,H
mega-lopunny-ex,Wally's Compassion,2,3,2,1.0,1.5,1.5,Wally's Compassion,trainer,1,I
mega-lopunny-ex,Water Energy,1,2,2,0.5,2.0,1.0,Water Energy,energy,1,basic
mega-lopunny-ex,Wellspring Mask Ogerpon ex [PRE 152],1,1,2,0.5,1.0,0.5,Wellspring Mask Ogerpon ex,pokemon,0,H
mega-lucario-ex,AZ's Tranquility,3,4,93,0.03225806451612903,1.3333333333333333,0.043010752688172046,AZ's Tranquility,trainer,1,J
mega-lucario-ex,Air Balloon,59,94,93,0.6344086021505376,1.5932203389830508,1.010752688172043,Air Balloon,trainer,1,I
mega-lucario-ex,Baltoy [CRI 46],1,1,93,0.010752688172043012,1.0,0.010752688172043012,Baltoy,pokemon,1,J
mega-lucario-ex,Battle Cage,8,9,93,0.08602150537634409,1.125,0.0967741935483871,Battle Cage,trainer,1,I
mega-lucario-ex,Black Belt's Training,12,12,93,0.12903225806451613,1.0,0.12903225806451613,Black Belt's Training,trainer,0,H
mega-lucario-ex,Bloodmoon Ursaluna [PRE 54],2,2,93,0.021505376344086023,1.0,0.021505376344086023,Bloodmoon Ursaluna,pokemon,0,H
mega-lucario-ex,Boss's Orders,92,253,93,0.989247311827957,2.75,2.7204301075268815,Boss's Orders,trainer,1,G/I
mega-lucario-ex,Brock's Scouting,2,3,93,0.021505376344086023,1.5,0.03225806451612903,Brock's Scouting,trainer,1,I
mega-lucario-ex,Buddy-Buddy Poffin,65,155,93,0.6989247311827957,2.3846153846153846,1.6666666666666667,Buddy-Buddy Poffin,trainer,0,H
mega-lucario-ex,Budew [ASC 16],4,4,93,0.043010752688172046,1.0,0.043010752688172046,Budew,pokemon,0,H
mega-lucario-ex,Buneary [MEG 107],1,1,93,0.010752688172043012,1.0,0.010752688172043012,Buneary,pokemon,1,I
mega-lucario-ex,Carmine,2,3,93,0.021505376344086023,1.5,0.03225806451612903,Carmine,trainer,0,H
mega-lucario-ex,Cinderace [MEG 28],1,1,93,0.010752688172043012,1.0,0.010752688172043012,Cinderace,pokemon,1,I
mega-lucario-ex,Ciphermaniac's Codebreaking,10,12,93,0.10752688172043011,1.2,0.12903225806451613,Ciphermaniac's Codebreaking,trainer,0,H
mega-lucario-ex,Claydol [CRI 47],1,1,93,0.010752688172043012,1.0,0.010752688172043012,Claydol,pokemon,1,J
mega-lucario-ex,Colress's Tenacity,1,1,93,0.010752688172043012,1.0,0.010752688172043012,Colress's Tenacity,trainer,0,H
mega-lucario-ex,Core Memory,2,2,93,0.021505376344086023,1.0,0.021505376344086023,Core Memory,trainer,1,J
mega-lucario-ex,Cornerstone Mask Ogerpon ex [PRE 160],13,14,93,0.13978494623655913,1.0769230769230769,0.15053763440860216,Cornerstone Mask Ogerpon ex,pokemon,0,H
mega-lucario-ex,Crispin,4,9,93,0.043010752688172046,2.25,0.0967741935483871,Crispin,trainer,0,H
mega-lucario-ex,Crushing Hammer,12,43,93,0.12903225806451613,3.5833333333333335,0.46236559139784944,Crushing Hammer,trainer,1,F/G/J
mega-lucario-ex,Cyrano,2,2,93,0.021505376344086023,1.0,0.021505376344086023,Cyrano,trainer,0,H
mega-lucario-ex,Darkness Energy,2,4,93,0.021505376344086023,2.0,0.043010752688172046,Darkness Energy,energy,1,basic
mega-lucario-ex,Dudunsparce [PRE 80],64,127,93,0.6881720430107527,1.984375,1.3655913978494623,Dudunsparce,pokemon,0,H
mega-lucario-ex,Dudunsparce ex [JTG 121],58,60,93,0.6236559139784946,1.0344827586206897,0.6451612903225806,Dudunsparce ex,pokemon,1,I
mega-lucario-ex,Dunsparce [JTG 120],59,131,93,0.6344086021505376,2.2203389830508473,1.4086021505376345,Dunsparce,pokemon,1,I
mega-lucario-ex,Dunsparce [PRE 79],11,18,93,0.11827956989247312,1.6363636363636365,0.1935483870967742,Dunsparce,pokemon,0,H
mega-lucario-ex,Dusk Ball,1,3,93,0.010752688172043012,3.0,0.03225806451612903,Dusk Ball,trainer,0,H
mega-lucario-ex,Emma,1,1,93,0.010752688172043012,1.0,0.010752688172043012,Emma,trainer,1,J
mega-lucario-ex,Ethan's Sudowoodo [DRI 93],1,1,93,0.010752688172043012,1.0,0.010752688172043012,Ethan's Sudowoodo,pokemon,1,I
mega-lucario-ex,Explorer's Guidance,1,2,93,0.010752688172043012,2.0,0.021505376344086023,Explorer's Guidance,trainer,0,H
mega-lucario-ex,Fezandipiti ex [ASC 142],10,10,93,0.10752688172043011,1.0,0.10752688172043011,Fezandipiti ex,pokemon,0,H
mega-lucario-ex,Fighting Energy,93,739,93,1.0,7.946236559139785,7.946236559139785,Fighting Energy,energy,1,basic
mega-lucario-ex,Fighting Gong,93,368,93,1.0,3.956989247311828,3.956989247311828,Fighting Gong,trainer,1,I
mega-lucario-ex,Genesect [SFA 40],15,16,93,0.16129032258064516,1.0666666666666667,0.17204301075268819,Genesect,pokemon,0,H
mega-lucario-ex,Gravity Mountain,87,159,93,0.9354838709677419,1.8275862068965518,1.7096774193548387,Gravity Mountain,trainer,0,H
mega-lucario-ex,Gwynn,3,7,93,0.03225806451612903,2.3333333333333335,0.07526881720430108,Gwynn,trainer,1,J
mega-lucario-ex,Handheld Fan,3,4,93,0.03225806451612903,1.3333333333333333,0.043010752688172046,Handheld Fan,trainer,0,H
mega-lucario-ex,Hariyama [MEG 73],15,15,93,0.16129032258064516,1.0,0.16129032258064516,Hariyama,pokemon,1,I
mega-lucario-ex,Harlequin,1,1,93,0.010752688172043012,1.0,0.010752688172043012,Harlequin,trainer,1,I
mega-lucario-ex,Hero's Cape,26,26,93,0.27956989247311825,1.0,0.27956989247311825,Hero's Cape,trainer,0,H
mega-lucario-ex,Hilda,56,102,93,0.6021505376344086,1.8214285714285714,1.096774193548387,Hilda,trainer,1,I
mega-lucario-ex,Iris's Fighting Spirit,2,3,93,0.021505376344086023,1.5,0.03225806451612903,Iris's Fighting Spirit,trainer,1,I
mega-lucario-ex,Jamming Tower,6,6,93,0.06451612903225806,1.0,0.06451612903225806,Jamming Tower,trainer,0,H
mega-lucario-ex,Judge,54,91,93,0.5806451612903226,1.6851851851851851,0.978494623655914,Judge,trainer,1,G/J
mega-lucario-ex,Jumbo Ice Cream,2,5,93,0.021505376344086023,2.5,0.053763440860215055,Jumbo Ice Cream,trainer,1,I
mega-lucario-ex,Kieran,10,10,93,0.10752688172043011,1.0,0.10752688172043011,Kieran,trainer,0,H
mega-lucario-ex,Larry's Skill,1,1,93,0.010752688172043012,1.0,0.010752688172043012,Larry's Skill,trainer,0,H
mega-lucario-ex,Legacy Energy,15,15,93,0.16129032258064516,1.0,0.16129032258064516,Legacy Energy,energy,0,H
mega-lucario-ex,Lillie's Clefairy ex [ASC 280],1,1,93,0.010752688172043012,1.0,0.010752688172043012,Lillie's Clefairy ex,pokemon,1,I
mega-lucario-ex,Lillie's Determination,93,356,93,1.0,3.827956989247312,3.827956989247312,Lillie's Determination,trainer,1,I
mega-lucario-ex,Lucario [30C 83],5,5,93,0.053763440860215055,1.0,0.053763440860215055,Lucario,pokemon,1,J
mega-lucario-ex,Lucky Helmet,11,28,93,0.11827956989247312,2.5454545454545454,0.3010752688172043,Lucky Helmet,trainer,0,H
mega-lucario-ex,Lunatone [ASC 105],92,187,93,0.989247311827957,2.032608695652174,2.010752688172043,Lunatone,pokemon,1,I
mega-lucario-ex,Makuhita [MEG 72],15,15,93,0.16129032258064516,1.0,0.16129032258064516,Makuhita,pokemon,1,I
mega-lucario-ex,Maximum Belt,17,17,93,0.1827956989247312,1.0,0.1827956989247312,Maximum Belt,trainer,0,H
mega-lucario-ex,Mega Froslass ex [ASC 265],1,2,93,0.010752688172043012,2.0,0.021505376344086023,Mega Froslass ex,pokemon,1,I
mega-lucario-ex,Mega Hawlucha ex [ASC 116],1,1,93,0.010752688172043012,1.0,0.010752688172043012,Mega Hawlucha ex,pokemon,1,I
mega-lucario-ex,Mega Lopunny ex [PFL 115],1,1,93,0.010752688172043012,1.0,0.010752688172043012,Mega Lopunny ex,pokemon,1,I
mega-lucario-ex,Mega Lucario ex [ASC 113],93,275,93,1.0,2.956989247311828,2.956989247311828,Mega Lucario ex,pokemon,1,I
mega-lucario-ex,Mega Signal,1,2,93,0.010752688172043012,2.0,0.021505376344086023,Mega Signal,trainer,1,I
mega-lucario-ex,Mega Starmie ex [POR 102],2,3,93,0.021505376344086023,1.5,0.03225806451612903,Mega Starmie ex,pokemon,1,J
mega-lucario-ex,Mega Zygarde ex [MEP 71],3,3,93,0.03225806451612903,1.0,0.03225806451612903,Mega Zygarde ex,pokemon,1,J
mega-lucario-ex,Meowth ex [POR 107],35,35,93,0.3763440860215054,1.0,0.3763440860215054,Meowth ex,pokemon,1,J
mega-lucario-ex,Mew ex [30C 152],9,11,93,0.0967741935483871,1.2222222222222223,0.11827956989247312,Mew ex,pokemon,1,J
mega-lucario-ex,Mist Energy,1,1,93,0.010752688172043012,1.0,0.010752688172043012,Mist Energy,energy,0,H
mega-lucario-ex,Misty's Staryu [DRI 46],1,1,93,0.010752688172043012,1.0,0.010752688172043012,Misty's Staryu,pokemon,1,I
mega-lucario-ex,Munkidori [ASC 99],2,3,93,0.021505376344086023,1.5,0.03225806451612903,Munkidori,pokemon,0,H
mega-lucario-ex,N's Plan,1,1,93,0.010752688172043012,1.0,0.010752688172043012,N's Plan,trainer,1,I
mega-lucario-ex,Night Stretcher,55,75,93,0.5913978494623656,1.3636363636363635,0.8064516129032258,Night Stretcher,trainer,0,H
mega-lucario-ex,Nighttime Mine,1,1,93,0.010752688172043012,1.0,0.010752688172043012,Nighttime Mine,trainer,1,I
mega-lucario-ex,Okidogi [ASC 122],2,2,93,0.021505376344086023,1.0,0.021505376344086023,Okidogi,pokemon,1,I
mega-lucario-ex,Patrat [CRI 70],1,1,93,0.010752688172043012,1.0,0.010752688172043012,Patrat,pokemon,1,J
mega-lucario-ex,Pikipek [PBL 66],1,2,93,0.010752688172043012,2.0,0.021505376344086023,Pikipek,pokemon,1,J
mega-lucario-ex,Poké Pad,91,330,93,0.978494623655914,3.6263736263736264,3.5483870967741935,Poké Pad,trainer,1,J
mega-lucario-ex,Pokégear 3.0,5,7,93,0.053763440860215055,1.4,0.07526881720430108,Pokégear 3.0,trainer,1,G/I
mega-lucario-ex,Pokémon Catcher,2,7,93,0.021505376344086023,3.5,0.07526881720430108,Pokémon Catcher,trainer,1,F/G/J
mega-lucario-ex,Premium Power Pro,93,358,93,1.0,3.849462365591398,3.849462365591398,Premium Power Pro,trainer,1,I
mega-lucario-ex,Prime Catcher,2,2,93,0.021505376344086023,1.0,0.021505376344086023,Prime Catcher,trainer,0,H
mega-lucario-ex,Prism Tower,2,2,93,0.021505376344086023,1.0,0.021505376344086023,Prism Tower,trainer,1,J
mega-lucario-ex,Psyduck [ASC 226],2,2,93,0.021505376344086023,1.0,0.021505376344086023,Psyduck,pokemon,1,I
mega-lucario-ex,Rare Candy,2,4,93,0.021505376344086023,2.0,0.043010752688172046,Rare Candy,trainer,1,F/G/I
mega-lucario-ex,Riolu [ASC 112],63,142,93,0.6774193548387096,2.253968253968254,1.5268817204301075,Riolu,pokemon,1,I
mega-lucario-ex,Riolu [PRE 50],63,176,93,0.6774193548387096,2.7936507936507935,1.89247311827957,Riolu,pokemon,0,H
mega-lucario-ex,Riolu [SCR 81],3,5,93,0.03225806451612903,1.6666666666666667,0.053763440860215055,Riolu,pokemon,0,H
mega-lucario-ex,Rocky Fighting Energy,84,212,93,0.9032258064516129,2.5238095238095237,2.2795698924731185,Rocky Fighting Energy,energy,1,J
mega-lucario-ex,Sacred Ash,1,1,93,0.010752688172043012,1.0,0.010752688172043012,Sacred Ash,trainer,1,I
mega-lucario-ex,Salvatore,1,2,93,0.010752688172043012,2.0,0.021505376344086023,Salvatore,trainer,0,H
mega-lucario-ex,Scoop Up Cyclone,3,3,93,0.03225806451612903,1.0,0.03225806451612903,Scoop Up Cyclone,trainer,0,H
mega-lucario-ex,Secret Box,8,8,93,0.08602150537634409,1.0,0.08602150537634409,Secret Box,trainer,0,H
mega-lucario-ex,Shaymin [DRI 10],30,30,93,0.3225806451612903,1.0,0.3225806451612903,Shaymin,pokemon,1,I
mega-lucario-ex,Snorunt [ASC 227],1,3,93,0.010752688172043012,3.0,0.03225806451612903,Snorunt,pokemon,1,I
mega-lucario-ex,Solrock [ASC 106],92,208,93,0.989247311827957,2.260869565217391,2.236559139784946,Solrock,pokemon,1,I
mega-lucario-ex,Special Red Card,56,57,93,0.6021505376344086,1.0178571428571428,0.6129032258064516,Special Red Card,trainer,1,J
mega-lucario-ex,Staryu [POR 20],2,3,93,0.021505376344086023,1.5,0.03225806451612903,Staryu,pokemon,1,J
mega-lucario-ex,Surfer,4,4,93,0.043010752688172046,1.0,0.043010752688172046,Surfer,trainer,0,H
mega-lucario-ex,Switch,46,51,93,0.4946236559139785,1.108695652173913,0.5483870967741935,Switch,trainer,1,F/G/I
mega-lucario-ex,Tarragon,5,5,93,0.053763440860215055,1.0,0.053763440860215055,Tarragon,trainer,1,J
mega-lucario-ex,Team Rocket's Petrel,15,17,93,0.16129032258064516,1.1333333333333333,0.1827956989247312,Team Rocket's Petrel,trainer,1,I
mega-lucario-ex,Team Rocket's Watchtower,9,15,93,0.0967741935483871,1.6666666666666667,0.16129032258064516,Team Rocket's Watchtower,trainer,1,I
mega-lucario-ex,Togekiss [ASC 235],1,2,93,0.010752688172043012,2.0,0.021505376344086023,Togekiss,pokemon,0,H
mega-lucario-ex,Togepi [ASC 80],1,2,93,0.010752688172043012,2.0,0.021505376344086023,Togepi,pokemon,0,H
mega-lucario-ex,Togetic [ASC 81],1,1,93,0.010752688172043012,1.0,0.010752688172043012,Togetic,pokemon,0,H
mega-lucario-ex,Tool Scrapper,10,10,93,0.10752688172043011,1.0,0.10752688172043011,Tool Scrapper,trainer,1,I
mega-lucario-ex,Toucannon [PBL 68],1,2,93,0.010752688172043012,2.0,0.021505376344086023,Toucannon,pokemon,1,J
mega-lucario-ex,Trumbeak [PBL 67],1,1,93,0.010752688172043012,1.0,0.010752688172043012,Trumbeak,pokemon,1,J
mega-lucario-ex,Ultra Ball,78,200,93,0.8387096774193549,2.5641025641025643,2.150537634408602,Ultra Ball,trainer,1,F/G/I
mega-lucario-ex,Unfair Stamp,22,22,93,0.23655913978494625,1.0,0.23655913978494625,Unfair Stamp,trainer,0,H
mega-lucario-ex,Waitress,1,1,93,0.010752688172043012,1.0,0.010752688172043012,Waitress,trainer,1,J
mega-lucario-ex,Wally's Compassion,61,86,93,0.6559139784946236,1.4098360655737705,0.9247311827956989,Wally's Compassion,trainer,1,I
mega-lucario-ex,Water Energy,2,8,93,0.021505376344086023,4.0,0.08602150537634409,Water Energy,energy,1,basic
mega-lucario-ex,Xerosic's Machinations,10,11,93,0.10752688172043011,1.1,0.11827956989247312,Xerosic's Machinations,trainer,0,H
mega-manectric-ex-meg,Air Balloon,1,1,3,0.3333333333333333,1.0,0.3333333333333333,Air Balloon,trainer,1,I
mega-manectric-ex-meg,Battle Cage,2,2,3,0.6666666666666666,1.0,0.6666666666666666,Battle Cage,trainer,1,I
mega-manectric-ex-meg,Boss's Orders,3,8,3,1.0,2.6666666666666665,2.6666666666666665,Boss's Orders,trainer,1,G/I
mega-manectric-ex-meg,Brock's Scouting,1,2,3,0.3333333333333333,2.0,0.6666666666666666,Brock's Scouting,trainer,1,I
mega-manectric-ex-meg,Bubbly Water Energy,1,1,3,0.3333333333333333,1.0,0.3333333333333333,Bubbly Water Energy,energy,1,J
mega-manectric-ex-meg,Buddy-Buddy Poffin,2,7,3,0.6666666666666666,3.5,2.3333333333333335,Buddy-Buddy Poffin,trainer,0,H
mega-manectric-ex-meg,Budew [ASC 16],2,2,3,0.6666666666666666,1.0,0.6666666666666666,Budew,pokemon,0,H
mega-manectric-ex-meg,Buneary [MEG 107],1,1,3,0.3333333333333333,1.0,0.3333333333333333,Buneary,pokemon,1,I
mega-manectric-ex-meg,Canari,1,1,3,0.3333333333333333,1.0,0.3333333333333333,Canari,trainer,1,I
mega-manectric-ex-meg,Cinderace [MEG 28],1,4,3,0.3333333333333333,4.0,1.3333333333333333,Cinderace,pokemon,1,I
mega-manectric-ex-meg,Colress's Tenacity,1,1,3,0.3333333333333333,1.0,0.3333333333333333,Colress's Tenacity,trainer,0,H
mega-manectric-ex-meg,Crispin,2,5,3,0.6666666666666666,2.5,1.6666666666666667,Crispin,trainer,0,H
mega-manectric-ex-meg,Dudunsparce [PRE 80],1,2,3,0.3333333333333333,2.0,0.6666666666666666,Dudunsparce,pokemon,0,H
mega-manectric-ex-meg,Dunsparce [JTG 120],1,2,3,0.3333333333333333,2.0,0.6666666666666666,Dunsparce,pokemon,1,I
mega-manectric-ex-meg,Eelektrik [ASC 60],1,1,3,0.3333333333333333,1.0,0.3333333333333333,Eelektrik,pokemon,1,I
mega-manectric-ex-meg,Electrike [MEG 49],3,9,3,1.0,3.0,3.0,Electrike,pokemon,1,I
mega-manectric-ex-meg,Electrike [PBL 23],1,2,3,0.3333333333333333,2.0,0.6666666666666666,Electrike,pokemon,1,J
mega-manectric-ex-meg,Fezandipiti ex [ASC 142],1,1,3,0.3333333333333333,1.0,0.3333333333333333,Fezandipiti ex,pokemon,0,H
mega-manectric-ex-meg,Gwynn,1,1,3,0.3333333333333333,1.0,0.3333333333333333,Gwynn,trainer,1,J
mega-manectric-ex-meg,Hilda,3,8,3,1.0,2.6666666666666665,2.6666666666666665,Hilda,trainer,1,I
mega-manectric-ex-meg,Ignition Energy,1,1,3,0.3333333333333333,1.0,0.3333333333333333,Ignition Energy,energy,1,I
mega-manectric-ex-meg,Jamming Tower,2,2,3,0.6666666666666666,1.0,0.6666666666666666,Jamming Tower,trainer,0,H
mega-manectric-ex-meg,Judge,1,1,3,0.3333333333333333,1.0,0.3333333333333333,Judge,trainer,1,G/J
mega-manectric-ex-meg,Legacy Energy,1,1,3,0.3333333333333333,1.0,0.3333333333333333,Legacy Energy,energy,0,H
mega-manectric-ex-meg,Lightning Energy,3,15,3,1.0,5.0,5.0,Lightning Energy,energy,1,basic
mega-manectric-ex-meg,Lillie's Clefairy ex [ASC 280],1,1,3,0.3333333333333333,1.0,0.3333333333333333,Lillie's Clefairy ex,pokemon,1,I
mega-manectric-ex-meg,Lillie's Determination,3,12,3,1.0,4.0,4.0,Lillie's Determination,trainer,1,I
mega-manectric-ex-meg,Magnemite [MEG 45],1,2,3,0.3333333333333333,2.0,0.6666666666666666,Magnemite,pokemon,1,I
mega-manectric-ex-meg,Magneton [SSP 59],1,2,3,0.3333333333333333,2.0,0.6666666666666666,Magneton,pokemon,0,H
mega-manectric-ex-meg,Manectric [PBL 24],2,2,3,0.6666666666666666,1.0,0.6666666666666666,Manectric,pokemon,1,J
mega-manectric-ex-meg,Mega Froslass ex [ASC 265],1,2,3,0.3333333333333333,2.0,0.6666666666666666,Mega Froslass ex,pokemon,1,I
mega-manectric-ex-meg,Mega Lopunny ex [PFL 115],1,1,3,0.3333333333333333,1.0,0.3333333333333333,Mega Lopunny ex,pokemon,1,I
mega-manectric-ex-meg,Mega Manectric ex [MEG 158],3,7,3,1.0,2.3333333333333335,2.3333333333333335,Mega Manectric ex,pokemon,1,I
mega-manectric-ex-meg,Mega Starmie ex [POR 102],1,2,3,0.3333333333333333,2.0,0.6666666666666666,Mega Starmie ex,pokemon,1,J
mega-manectric-ex-meg,Meowth ex [POR 107],3,4,3,1.0,1.3333333333333333,1.3333333333333333,Meowth ex,pokemon,1,J
mega-manectric-ex-meg,Mew ex [30C 152],1,1,3,0.3333333333333333,1.0,0.3333333333333333,Mew ex,pokemon,1,J
mega-manectric-ex-meg,Mist Energy,2,5,3,0.6666666666666666,2.5,1.6666666666666667,Mist Energy,energy,0,H
mega-manectric-ex-meg,Night Stretcher,2,3,3,0.6666666666666666,1.5,1.0,Night Stretcher,trainer,0,H
mega-manectric-ex-meg,Nighttime Mine,1,1,3,0.3333333333333333,1.0,0.3333333333333333,Nighttime Mine,trainer,1,I
mega-manectric-ex-meg,Poké Pad,2,7,3,0.6666666666666666,3.5,2.3333333333333335,Poké Pad,trainer,1,J
mega-manectric-ex-meg,Pokégear 3.0,2,5,3,0.6666666666666666,2.5,1.6666666666666667,Pokégear 3.0,trainer,1,G/I
mega-manectric-ex-meg,Powerglass,1,1,3,0.3333333333333333,1.0,0.3333333333333333,Powerglass,trainer,0,H
mega-manectric-ex-meg,Psychic Energy,1,2,3,0.3333333333333333,2.0,0.6666666666666666,Psychic Energy,energy,1,basic
mega-manectric-ex-meg,Psyduck [ASC 226],1,1,3,0.3333333333333333,1.0,0.3333333333333333,Psyduck,pokemon,1,I
mega-manectric-ex-meg,Salvatore,1,1,3,0.3333333333333333,1.0,0.3333333333333333,Salvatore,trainer,0,H
mega-manectric-ex-meg,Secret Box,1,1,3,0.3333333333333333,1.0,0.3333333333333333,Secret Box,trainer,0,H
mega-manectric-ex-meg,Shaymin [DRI 10],1,1,3,0.3333333333333333,1.0,0.3333333333333333,Shaymin,pokemon,1,I
mega-manectric-ex-meg,Snorunt [ASC 227],1,3,3,0.3333333333333333,3.0,1.0,Snorunt,pokemon,1,I
mega-manectric-ex-meg,Special Red Card,2,2,3,0.6666666666666666,1.0,0.6666666666666666,Special Red Card,trainer,1,J
mega-manectric-ex-meg,Staryu [POR 20],1,4,3,0.3333333333333333,4.0,1.3333333333333333,Staryu,pokemon,1,J
mega-manectric-ex-meg,Switch,1,1,3,0.3333333333333333,1.0,0.3333333333333333,Switch,trainer,1,F/G/I
mega-manectric-ex-meg,Team Rocket's Petrel,1,1,3,0.3333333333333333,1.0,0.3333333333333333,Team Rocket's Petrel,trainer,1,I
mega-manectric-ex-meg,Tynamo [ASC 59],1,1,3,0.3333333333333333,1.0,0.3333333333333333,Tynamo,pokemon,1,I
mega-manectric-ex-meg,Ultra Ball,3,9,3,1.0,3.0,3.0,Ultra Ball,trainer,1,F/G/I
mega-manectric-ex-meg,Unfair Stamp,1,1,3,0.3333333333333333,1.0,0.3333333333333333,Unfair Stamp,trainer,0,H
mega-manectric-ex-meg,Voltaic Lightning Energy,3,8,3,1.0,2.6666666666666665,2.6666666666666665,Voltaic Lightning Energy,energy,1,J
mega-manectric-ex-meg,Wally's Compassion,2,2,3,0.6666666666666666,1.0,0.6666666666666666,Wally's Compassion,trainer,1,I
mega-manectric-ex-meg,Water Energy,1,3,3,0.3333333333333333,3.0,1.0,Water Energy,energy,1,basic
mega-starmie-ex,Air Balloon,12,18,23,0.5217391304347826,1.5,0.782608695652174,Air Balloon,trainer,1,I
mega-starmie-ex,Battle Cage,10,23,23,0.43478260869565216,2.3,1.0,Battle Cage,trainer,1,I
mega-starmie-ex,Boss's Orders,23,57,23,1.0,2.4782608695652173,2.4782608695652173,Boss's Orders,trainer,1,G/I
mega-starmie-ex,Bruxish [SSP 200],1,1,23,0.043478260869565216,1.0,0.043478260869565216,Bruxish,pokemon,0,H
mega-starmie-ex,Bubbly Water Energy,9,13,23,0.391304347826087,1.4444444444444444,0.5652173913043478,Bubbly Water Energy,energy,1,J
mega-starmie-ex,Buddy-Buddy Poffin,22,78,23,0.9565217391304348,3.5454545454545454,3.391304347826087,Buddy-Buddy Poffin,trainer,0,H
mega-starmie-ex,Budew [ASC 16],8,8,23,0.34782608695652173,1.0,0.34782608695652173,Budew,pokemon,0,H
mega-starmie-ex,Colress's Tenacity,1,1,23,0.043478260869565216,1.0,0.043478260869565216,Colress's Tenacity,trainer,0,H
mega-starmie-ex,Crispin,8,14,23,0.34782608695652173,1.75,0.6086956521739131,Crispin,trainer,0,H
mega-starmie-ex,Crushing Hammer,3,8,23,0.13043478260869565,2.6666666666666665,0.34782608695652173,Crushing Hammer,trainer,1,F/G/J
mega-starmie-ex,Cryogonal [BLK 111],1,1,23,0.043478260869565216,1.0,0.043478260869565216,Cryogonal,pokemon,1,I
mega-starmie-ex,Cyrano,2,3,23,0.08695652173913043,1.5,0.13043478260869565,Cyrano,trainer,0,H
mega-starmie-ex,Dark Bell,1,3,23,0.043478260869565216,3.0,0.13043478260869565,Dark Bell,trainer,1,J
mega-starmie-ex,Darkness Energy,8,22,23,0.34782608695652173,2.75,0.9565217391304348,Darkness Energy,energy,1,basic
mega-starmie-ex,Dragonair [ASC 151],1,2,23,0.043478260869565216,2.0,0.08695652173913043,Dragonair,pokemon,1,I
mega-starmie-ex,Drakloak [ASC 159],8,17,23,0.34782608695652173,2.125,0.7391304347826086,Drakloak,pokemon,0,H
mega-starmie-ex,Dratini [ASC 150],1,2,23,0.043478260869565216,2.0,0.08695652173913043,Dratini,pokemon,1,I
mega-starmie-ex,Dreepy [ASC 158],8,17,23,0.34782608695652173,2.125,0.7391304347826086,Dreepy,pokemon,0,H
mega-starmie-ex,Dudunsparce [PRE 80],8,19,23,0.34782608695652173,2.375,0.8260869565217391,Dudunsparce,pokemon,0,H
mega-starmie-ex,Dudunsparce ex [JTG 121],3,3,23,0.13043478260869565,1.0,0.13043478260869565,Dudunsparce ex,pokemon,1,I
mega-starmie-ex,Dunsparce [JTG 120],3,5,23,0.13043478260869565,1.6666666666666667,0.21739130434782608,Dunsparce,pokemon,1,I
mega-starmie-ex,Dunsparce [PRE 79],7,19,23,0.30434782608695654,2.7142857142857144,0.8260869565217391,Dunsparce,pokemon,0,H
mega-starmie-ex,Energy Search,1,3,23,0.043478260869565216,3.0,0.13043478260869565,Energy Search,trainer,1,F/G/J
mega-starmie-ex,Fan Rotom [ASC 171],4,4,23,0.17391304347826086,1.0,0.17391304347826086,Fan Rotom,pokemon,0,H
mega-starmie-ex,Fezandipiti ex [ASC 142],12,12,23,0.5217391304347826,1.0,0.5217391304347826,Fezandipiti ex,pokemon,0,H
mega-starmie-ex,Forest of Vitality,1,4,23,0.043478260869565216,4.0,0.17391304347826086,Forest of Vitality,trainer,1,I
mega-starmie-ex,Froslass [SVP 117],6,6,23,0.2608695652173913,1.0,0.2608695652173913,Froslass,pokemon,0,H
mega-starmie-ex,Glalie [TWM 52],1,1,23,0.043478260869565216,1.0,0.043478260869565216,Glalie,pokemon,0,H
mega-starmie-ex,Gravity Gemstone,2,2,23,0.08695652173913043,1.0,0.08695652173913043,Gravity Gemstone,trainer,0,H
mega-starmie-ex,Gravity Mountain,3,3,23,0.13043478260869565,1.0,0.13043478260869565,Gravity Mountain,trainer,0,H
mega-starmie-ex,Hero's Cape,9,9,23,0.391304347826087,1.0,0.391304347826087,Hero's Cape,trainer,0,H
mega-starmie-ex,Hilda,22,61,23,0.9565217391304348,2.772727272727273,2.652173913043478,Hilda,trainer,1,I
mega-starmie-ex,Hisuian Zoroark [30C 123],1,1,23,0.043478260869565216,1.0,0.043478260869565216,Hisuian Zoroark,pokemon,1,J
mega-starmie-ex,Hisuian Zorua [30C 122],1,1,23,0.043478260869565216,1.0,0.043478260869565216,Hisuian Zorua,pokemon,1,J
mega-starmie-ex,Hop's Dubwool [JTG 136],1,1,23,0.043478260869565216,1.0,0.043478260869565216,Hop's Dubwool,pokemon,1,I
mega-starmie-ex,Hop's Wooloo [JTG 135],1,1,23,0.043478260869565216,1.0,0.043478260869565216,Hop's Wooloo,pokemon,1,I
mega-starmie-ex,Ignition Energy,20,49,23,0.8695652173913043,2.45,2.130434782608696,Ignition Energy,energy,1,I
mega-starmie-ex,Iron Thorns ex [PRE 32],1,2,23,0.043478260869565216,2.0,0.08695652173913043,Iron Thorns ex,pokemon,0,H
mega-starmie-ex,Judge,6,10,23,0.2608695652173913,1.6666666666666667,0.43478260869565216,Judge,trainer,1,G/J
mega-starmie-ex,Kieran,1,1,23,0.043478260869565216,1.0,0.043478260869565216,Kieran,trainer,0,H
mega-starmie-ex,Lana's Aid,1,1,23,0.043478260869565216,1.0,0.043478260869565216,Lana's Aid,trainer,0,H
mega-starmie-ex,Latias ex [SSP 220],1,1,23,0.043478260869565216,1.0,0.043478260869565216,Latias ex,pokemon,0,H
mega-starmie-ex,Legacy Energy,8,8,23,0.34782608695652173,1.0,0.34782608695652173,Legacy Energy,energy,0,H
mega-starmie-ex,Levincia,1,2,23,0.043478260869565216,2.0,0.08695652173913043,Levincia,trainer,1,I
mega-starmie-ex,Lightning Energy,2,6,23,0.08695652173913043,3.0,0.2608695652173913,Lightning Energy,energy,1,basic
mega-starmie-ex,Lillie's Clefairy ex [ASC 280],1,1,23,0.043478260869565216,1.0,0.043478260869565216,Lillie's Clefairy ex,pokemon,1,I
mega-starmie-ex,Lillie's Determination,23,78,23,1.0,3.391304347826087,3.391304347826087,Lillie's Determination,trainer,1,I
mega-starmie-ex,Lokix [PFL 10],1,2,23,0.043478260869565216,2.0,0.08695652173913043,Lokix,pokemon,1,I
mega-starmie-ex,Lucian,1,2,23,0.043478260869565216,2.0,0.08695652173913043,Lucian,trainer,0,H
mega-starmie-ex,Maractus [JTG 160],1,1,23,0.043478260869565216,1.0,0.043478260869565216,Maractus,pokemon,1,I
mega-starmie-ex,Mega Dragalge ex [CRI 104],2,4,23,0.08695652173913043,2.0,0.17391304347826086,Mega Dragalge ex,pokemon,1,J
mega-starmie-ex,Mega Dragonite ex [ASC 152],1,1,23,0.043478260869565216,1.0,0.043478260869565216,Mega Dragonite ex,pokemon,1,I
mega-starmie-ex,Mega Froslass ex [ASC 265],20,42,23,0.8695652173913043,2.1,1.826086956521739,Mega Froslass ex,pokemon,1,I
mega-starmie-ex,Mega Kangaskhan ex [MEG 104],1,1,23,0.043478260869565216,1.0,0.043478260869565216,Mega Kangaskhan ex,pokemon,1,I
mega-starmie-ex,Mega Signal,8,8,23,0.34782608695652173,1.0,0.34782608695652173,Mega Signal,trainer,1,I
mega-starmie-ex,Mega Starmie ex [POR 102],23,55,23,1.0,2.391304347826087,2.391304347826087,Mega Starmie ex,pokemon,1,J
mega-starmie-ex,Meowth ex [POR 107],18,18,23,0.782608695652174,1.0,0.782608695652174,Meowth ex,pokemon,1,J
mega-starmie-ex,Mew ex [30C 152],2,5,23,0.08695652173913043,2.5,0.21739130434782608,Mew ex,pokemon,1,J
mega-starmie-ex,Mist Energy,6,8,23,0.2608695652173913,1.3333333333333333,0.34782608695652173,Mist Energy,energy,0,H
mega-starmie-ex,Munkidori [ASC 99],8,18,23,0.34782608695652173,2.25,0.782608695652174,Munkidori,pokemon,0,H
mega-starmie-ex,N's Zoroark ex [ASC 137],1,2,23,0.043478260869565216,2.0,0.08695652173913043,N's Zoroark ex,pokemon,1,I
mega-starmie-ex,N's Zorua [ASC 136],1,2,23,0.043478260869565216,2.0,0.08695652173913043,N's Zorua,pokemon,1,I
mega-starmie-ex,Night Stretcher,22,39,23,0.9565217391304348,1.7727272727272727,1.6956521739130435,Night Stretcher,trainer,0,H
mega-starmie-ex,Nymble [JTG 19],1,2,23,0.043478260869565216,2.0,0.08695652173913043,Nymble,pokemon,0,H
mega-starmie-ex,Patrat [CRI 70],8,8,23,0.34782608695652173,1.0,0.34782608695652173,Patrat,pokemon,1,J
mega-starmie-ex,Perilous Jungle,1,1,23,0.043478260869565216,1.0,0.043478260869565216,Perilous Jungle,trainer,0,H
mega-starmie-ex,Poké Pad,21,66,23,0.9130434782608695,3.142857142857143,2.869565217391304,Poké Pad,trainer,1,J
mega-starmie-ex,Pokégear 3.0,9,18,23,0.391304347826087,2.0,0.782608695652174,Pokégear 3.0,trainer,1,G/I
mega-starmie-ex,Pokémon Catcher,1,2,23,0.043478260869565216,2.0,0.08695652173913043,Pokémon Catcher,trainer,1,F/G/J
mega-starmie-ex,Powerglass,1,1,23,0.043478260869565216,1.0,0.043478260869565216,Powerglass,trainer,0,H
mega-starmie-ex,Prime Catcher,3,3,23,0.13043478260869565,1.0,0.13043478260869565,Prime Catcher,trainer,0,H
mega-starmie-ex,Prism Energy,2,2,23,0.08695652173913043,1.0,0.08695652173913043,Prism Energy,energy,1,I
mega-starmie-ex,Psyduck [ASC 226],6,6,23,0.2608695652173913,1.0,0.2608695652173913,Psyduck,pokemon,1,I
mega-starmie-ex,Rabsca [TEF 24],1,2,23,0.043478260869565216,2.0,0.08695652173913043,Rabsca,pokemon,0,H
mega-starmie-ex,Rellor [TEF 23],1,2,23,0.043478260869565216,2.0,0.08695652173913043,Rellor,pokemon,0,H
mega-starmie-ex,Repel,1,1,23,0.043478260869565216,1.0,0.043478260869565216,Repel,trainer,1,I
mega-starmie-ex,Risky Ruins,9,20,23,0.391304347826087,2.2222222222222223,0.8695652173913043,Risky Ruins,trainer,1,I
mega-starmie-ex,Salvatore,11,17,23,0.4782608695652174,1.5454545454545454,0.7391304347826086,Salvatore,trainer,0,H
mega-starmie-ex,Scoop Up Cyclone,1,1,23,0.043478260869565216,1.0,0.043478260869565216,Scoop Up Cyclone,trainer,0,H
mega-starmie-ex,Secret Box,2,2,23,0.08695652173913043,1.0,0.08695652173913043,Secret Box,trainer,0,H
mega-starmie-ex,Shaymin [DRI 10],7,7,23,0.30434782608695654,1.0,0.30434782608695654,Shaymin,pokemon,1,I
mega-starmie-ex,Skrelp [CRI 58],2,5,23,0.08695652173913043,2.5,0.21739130434782608,Skrelp,pokemon,1,J
mega-starmie-ex,Snorunt [ASC 227],20,49,23,0.8695652173913043,2.45,2.130434782608696,Snorunt,pokemon,1,I
mega-starmie-ex,Snorunt [TWM 51],1,2,23,0.043478260869565216,2.0,0.08695652173913043,Snorunt,pokemon,0,H
mega-starmie-ex,Special Red Card,14,15,23,0.6086956521739131,1.0714285714285714,0.6521739130434783,Special Red Card,trainer,1,J
mega-starmie-ex,Staryu [POR 20],23,66,23,1.0,2.869565217391304,2.869565217391304,Staryu,pokemon,1,J
mega-starmie-ex,Surfing Beach,6,8,23,0.2608695652173913,1.3333333333333333,0.34782608695652173,Surfing Beach,trainer,1,I
mega-starmie-ex,Switch,10,22,23,0.43478260869565216,2.2,0.9565217391304348,Switch,trainer,1,F/G/I
mega-starmie-ex,Tatsugiri [SVP 118],3,3,23,0.13043478260869565,1.0,0.13043478260869565,Tatsugiri,pokemon,0,H
mega-starmie-ex,Team Rocket's Petrel,7,8,23,0.30434782608695654,1.1428571428571428,0.34782608695652173,Team Rocket's Petrel,trainer,1,I
mega-starmie-ex,Team Rocket's Watchtower,3,4,23,0.13043478260869565,1.3333333333333333,0.17391304347826086,Team Rocket's Watchtower,trainer,1,I
mega-starmie-ex,Tool Scrapper,2,2,23,0.08695652173913043,1.0,0.08695652173913043,Tool Scrapper,trainer,1,I
mega-starmie-ex,Ultra Ball,19,58,23,0.8260869565217391,3.0526315789473686,2.5217391304347827,Ultra Ball,trainer,1,F/G/I
mega-starmie-ex,Wally's Compassion,20,53,23,0.8695652173913043,2.65,2.3043478260869565,Wally's Compassion,trainer,1,I
mega-starmie-ex,Water Energy,22,101,23,0.9565217391304348,4.590909090909091,4.391304347826087,Water Energy,energy,1,basic
mega-starmie-ex,Wellspring Mask Ogerpon ex [PRE 152],2,2,23,0.08695652173913043,1.0,0.08695652173913043,Wellspring Mask Ogerpon ex,pokemon,0,H
mega-starmie-ex,Xerosic's Machinations,10,10,23,0.43478260869565216,1.0,0.43478260869565216,Xerosic's Machinations,trainer,0,H
mega-starmie-ex,Yveltal [MEG 88],1,1,23,0.043478260869565216,1.0,0.043478260869565216,Yveltal,pokemon,1,I
mega-venusaur-ex,AZ's Tranquility,1,1,46,0.021739130434782608,1.0,0.021739130434782608,AZ's Tranquility,trainer,1,J
mega-venusaur-ex,Air Balloon,11,11,46,0.2391304347826087,1.0,0.2391304347826087,Air Balloon,trainer,1,I
mega-venusaur-ex,Alolan Exeggutor [30C 129],1,2,46,0.021739130434782608,2.0,0.043478260869565216,Alolan Exeggutor,pokemon,1,J
mega-venusaur-ex,Area Zero Underdepths,2,2,46,0.043478260869565216,1.0,0.043478260869565216,Area Zero Underdepths,trainer,0,H
mega-venusaur-ex,Bayleef [ASC 9],5,11,46,0.10869565217391304,2.2,0.2391304347826087,Bayleef,pokemon,1,J
mega-venusaur-ex,Bayleef [MEG 9],37,84,46,0.8043478260869565,2.27027027027027,1.826086956521739,Bayleef,pokemon,1,I
mega-venusaur-ex,Boss's Orders,46,98,46,1.0,2.130434782608696,2.130434782608696,Boss's Orders,trainer,1,G/I
mega-venusaur-ex,Briar,3,3,46,0.06521739130434782,1.0,0.06521739130434782,Briar,trainer,0,H
mega-venusaur-ex,Buddy-Buddy Poffin,1,2,46,0.021739130434782608,2.0,0.043478260869565216,Buddy-Buddy Poffin,trainer,0,H
mega-venusaur-ex,Budew [ASC 16],10,10,46,0.21739130434782608,1.0,0.21739130434782608,Budew,pokemon,0,H
mega-venusaur-ex,Bug Catching Set,46,183,46,1.0,3.9782608695652173,3.9782608695652173,Bug Catching Set,trainer,0,H
mega-venusaur-ex,Bulbasaur [MEG 1],46,98,46,1.0,2.130434782608696,2.130434782608696,Bulbasaur,pokemon,1,I
mega-venusaur-ex,Bulbasaur [MEP 37],1,1,46,0.021739130434782608,1.0,0.021739130434782608,Bulbasaur,pokemon,1,J
mega-venusaur-ex,Celebi [MEG 12],21,26,46,0.45652173913043476,1.2380952380952381,0.5652173913043478,Celebi,pokemon,1,I
mega-venusaur-ex,Chikorita [ASC 8],22,50,46,0.4782608695652174,2.272727272727273,1.0869565217391304,Chikorita,pokemon,1,J
mega-venusaur-ex,Chikorita [MEG 8],21,50,46,0.45652173913043476,2.380952380952381,1.0869565217391304,Chikorita,pokemon,1,I
mega-venusaur-ex,Cinccino ex [CRI 105],3,5,46,0.06521739130434782,1.6666666666666667,0.10869565217391304,Cinccino ex,pokemon,1,J
mega-venusaur-ex,Ciphermaniac's Codebreaking,2,2,46,0.043478260869565216,1.0,0.043478260869565216,Ciphermaniac's Codebreaking,trainer,0,H
mega-venusaur-ex,Colress's Tenacity,5,5,46,0.10869565217391304,1.0,0.10869565217391304,Colress's Tenacity,trainer,0,H
mega-venusaur-ex,Dawn,30,49,46,0.6521739130434783,1.6333333333333333,1.065217391304348,Dawn,trainer,1,I
mega-venusaur-ex,Deluxe Bomb,1,1,46,0.021739130434782608,1.0,0.021739130434782608,Deluxe Bomb,trainer,0,H
mega-venusaur-ex,Drayton,1,3,46,0.021739130434782608,3.0,0.06521739130434782,Drayton,trainer,0,H
mega-venusaur-ex,Energy Recycler,5,5,46,0.10869565217391304,1.0,0.10869565217391304,Energy Recycler,trainer,1,I
mega-venusaur-ex,Energy Retrieval,4,6,46,0.08695652173913043,1.5,0.13043478260869565,Energy Retrieval,trainer,1,F/G/I
mega-venusaur-ex,Energy Switch,1,1,46,0.021739130434782608,1.0,0.021739130434782608,Energy Switch,trainer,1,F/G/I
mega-venusaur-ex,Enhanced Hammer,1,1,46,0.021739130434782608,1.0,0.021739130434782608,Enhanced Hammer,trainer,0,H
mega-venusaur-ex,Erika's Gloom [ASC 2],1,3,46,0.021739130434782608,3.0,0.06521739130434782,Erika's Gloom,pokemon,1,J
mega-venusaur-ex,Erika's Oddish [ASC 1],1,3,46,0.021739130434782608,3.0,0.06521739130434782,Erika's Oddish,pokemon,1,J
mega-venusaur-ex,Erika's Tangela [ASC 218],1,2,46,0.021739130434782608,2.0,0.043478260869565216,Erika's Tangela,pokemon,1,J
mega-venusaur-ex,Erika's Vileplume ex [ASC 3],1,3,46,0.021739130434782608,3.0,0.06521739130434782,Erika's Vileplume ex,pokemon,1,J
mega-venusaur-ex,Exeggcute [MEG 4],1,1,46,0.021739130434782608,1.0,0.021739130434782608,Exeggcute,pokemon,1,I
mega-venusaur-ex,Exeggcute [PRE 1],1,1,46,0.021739130434782608,1.0,0.021739130434782608,Exeggcute,pokemon,0,H
mega-venusaur-ex,Fezandipiti ex [ASC 142],42,42,46,0.9130434782608695,1.0,0.9130434782608695,Fezandipiti ex,pokemon,0,H
mega-venusaur-ex,Flutter Mane [PRE 43],2,2,46,0.043478260869565216,1.0,0.043478260869565216,Flutter Mane,pokemon,0,H
mega-venusaur-ex,Forest of Vitality,46,164,46,1.0,3.5652173913043477,3.5652173913043477,Forest of Vitality,trainer,1,I
mega-venusaur-ex,Genesect [PFL 8],11,11,46,0.2391304347826087,1.0,0.2391304347826087,Genesect,pokemon,1,I
mega-venusaur-ex,Grass Energy,46,507,46,1.0,11.021739130434783,11.021739130434783,Grass Energy,energy,1,basic
mega-venusaur-ex,Growing Grass Energy,2,4,46,0.043478260869565216,2.0,0.08695652173913043,Growing Grass Energy,energy,1,J
mega-venusaur-ex,Gwynn,4,7,46,0.08695652173913043,1.75,0.15217391304347827,Gwynn,trainer,1,J
mega-venusaur-ex,Handheld Fan,1,1,46,0.021739130434782608,1.0,0.021739130434782608,Handheld Fan,trainer,0,H
mega-venusaur-ex,Hero's Cape,9,9,46,0.1956521739130435,1.0,0.1956521739130435,Hero's Cape,trainer,0,H
mega-venusaur-ex,Hilda,2,4,46,0.043478260869565216,2.0,0.08695652173913043,Hilda,trainer,1,I
mega-venusaur-ex,Ivysaur [MEG 134],46,97,46,1.0,2.108695652173913,2.108695652173913,Ivysaur,pokemon,1,I
mega-venusaur-ex,Judge,32,39,46,0.6956521739130435,1.21875,0.8478260869565217,Judge,trainer,1,G/J
mega-venusaur-ex,Jumbo Ice Cream,2,2,46,0.043478260869565216,1.0,0.043478260869565216,Jumbo Ice Cream,trainer,1,I
mega-venusaur-ex,Lana's Aid,23,24,46,0.5,1.0434782608695652,0.5217391304347826,Lana's Aid,trainer,0,H
mega-venusaur-ex,Lillie's Clefairy ex [ASC 280],1,1,46,0.021739130434782608,1.0,0.021739130434782608,Lillie's Clefairy ex,pokemon,1,I
mega-venusaur-ex,Lillie's Determination,46,181,46,1.0,3.9347826086956523,3.9347826086956523,Lillie's Determination,trainer,1,I
mega-venusaur-ex,Maractus [JTG 160],1,1,46,0.021739130434782608,1.0,0.021739130434782608,Maractus,pokemon,1,I
mega-venusaur-ex,Max Rod,21,21,46,0.45652173913043476,1.0,0.45652173913043476,Max Rod,trainer,0,H
mega-venusaur-ex,Mega Heracross ex [PFL 108],1,1,46,0.021739130434782608,1.0,0.021739130434782608,Mega Heracross ex,pokemon,1,I
mega-venusaur-ex,Mega Meganium ex [ASC 10],23,25,46,0.5,1.0869565217391304,0.5434782608695652,Mega Meganium ex,pokemon,1,J
mega-venusaur-ex,Mega Signal,1,1,46,0.021739130434782608,1.0,0.021739130434782608,Mega Signal,trainer,1,I
mega-venusaur-ex,Mega Venusaur ex [MEG 155],46,96,46,1.0,2.0869565217391304,2.0869565217391304,Mega Venusaur ex,pokemon,1,I
mega-venusaur-ex,Meganium [MEG 10],41,82,46,0.8913043478260869,2.0,1.7826086956521738,Meganium,pokemon,1,I
mega-venusaur-ex,Meowth ex [POR 107],42,48,46,0.9130434782608695,1.1428571428571428,1.0434782608695652,Meowth ex,pokemon,1,J
mega-venusaur-ex,Mew ex [30C 152],2,2,46,0.043478260869565216,1.0,0.043478260869565216,Mew ex,pokemon,1,J
mega-venusaur-ex,Minccino [CRI 72],3,6,46,0.06521739130434782,2.0,0.13043478260869565,Minccino,pokemon,1,J
mega-venusaur-ex,Mist Energy,1,2,46,0.021739130434782608,2.0,0.043478260869565216,Mist Energy,energy,0,H
mega-venusaur-ex,Morty's Conviction,1,1,46,0.021739130434782608,1.0,0.021739130434782608,Morty's Conviction,trainer,0,H
mega-venusaur-ex,Night Stretcher,40,70,46,0.8695652173913043,1.75,1.5217391304347827,Night Stretcher,trainer,0,H
mega-venusaur-ex,Pinsir [TWM 168],1,1,46,0.021739130434782608,1.0,0.021739130434782608,Pinsir,pokemon,0,H
mega-venusaur-ex,Poké Pad,37,79,46,0.8043478260869565,2.135135135135135,1.7173913043478262,Poké Pad,trainer,1,J
mega-venusaur-ex,Pokégear 3.0,9,18,46,0.1956521739130435,2.0,0.391304347826087,Pokégear 3.0,trainer,1,G/I
mega-venusaur-ex,Psychic Energy,1,1,46,0.021739130434782608,1.0,0.021739130434782608,Psychic Energy,energy,1,basic
mega-venusaur-ex,Psyduck [ASC 226],2,2,46,0.043478260869565216,1.0,0.043478260869565216,Psyduck,pokemon,1,I
mega-venusaur-ex,Rabsca [TEF 24],2,2,46,0.043478260869565216,1.0,0.043478260869565216,Rabsca,pokemon,0,H
mega-venusaur-ex,Rabsca ex [DRI 25],1,1,46,0.021739130434782608,1.0,0.021739130434782608,Rabsca ex,pokemon,0,H
mega-venusaur-ex,Rare Candy,1,1,46,0.021739130434782608,1.0,0.021739130434782608,Rare Candy,trainer,1,F/G/I
mega-venusaur-ex,Regigigas [PRE 86],12,12,46,0.2608695652173913,1.0,0.2608695652173913,Regigigas,pokemon,0,H
mega-venusaur-ex,Rellor [DRI 24],2,3,46,0.043478260869565216,1.5,0.06521739130434782,Rellor,pokemon,0,H
mega-venusaur-ex,Rosa's Encouragement,1,1,46,0.021739130434782608,1.0,0.021739130434782608,Rosa's Encouragement,trainer,1,J
mega-venusaur-ex,Sacred Ash,2,2,46,0.043478260869565216,1.0,0.043478260869565216,Sacred Ash,trainer,1,I
mega-venusaur-ex,Scatterbug [SSP 5],2,2,46,0.043478260869565216,1.0,0.043478260869565216,Scatterbug,pokemon,0,H
mega-venusaur-ex,Scoop Up Cyclone,1,1,46,0.021739130434782608,1.0,0.021739130434782608,Scoop Up Cyclone,trainer,0,H
mega-venusaur-ex,Secret Box,1,1,46,0.021739130434782608,1.0,0.021739130434782608,Secret Box,trainer,0,H
mega-venusaur-ex,Shaymin [DRI 10],3,3,46,0.06521739130434782,1.0,0.06521739130434782,Shaymin,pokemon,1,I
mega-venusaur-ex,Special Red Card,28,28,46,0.6086956521739131,1.0,0.6086956521739131,Special Red Card,trainer,1,J
mega-venusaur-ex,Spewpa [POR 8],2,2,46,0.043478260869565216,1.0,0.043478260869565216,Spewpa,pokemon,1,J
mega-venusaur-ex,Switch,3,4,46,0.06521739130434782,1.3333333333333333,0.08695652173913043,Switch,trainer,1,F/G/I
mega-venusaur-ex,Tangela [MEG 6],1,1,46,0.021739130434782608,1.0,0.021739130434782608,Tangela,pokemon,1,I
mega-venusaur-ex,Tangrowth [MEG 7],1,1,46,0.021739130434782608,1.0,0.021739130434782608,Tangrowth,pokemon,1,I
mega-venusaur-ex,Tapu Bulu [SFA 6],8,8,46,0.17391304347826086,1.0,0.17391304347826086,Tapu Bulu,pokemon,0,H
mega-venusaur-ex,Teal Mask Ogerpon ex [PRE 12],46,175,46,1.0,3.8043478260869565,3.8043478260869565,Teal Mask Ogerpon ex,pokemon,0,H
mega-venusaur-ex,Team Rocket's Petrel,9,11,46,0.1956521739130435,1.2222222222222223,0.2391304347826087,Team Rocket's Petrel,trainer,1,I
mega-venusaur-ex,Team Rocket's Watchtower,3,3,46,0.06521739130434782,1.0,0.06521739130434782,Team Rocket's Watchtower,trainer,1,I
mega-venusaur-ex,Ultra Ball,45,146,46,0.9782608695652174,3.2444444444444445,3.1739130434782608,Ultra Ball,trainer,1,F/G/I
mega-venusaur-ex,Unfair Stamp,13,13,46,0.2826086956521739,1.0,0.2826086956521739,Unfair Stamp,trainer,0,H
mega-venusaur-ex,Vivillon [POR 9],2,2,46,0.043478260869565216,1.0,0.043478260869565216,Vivillon,pokemon,1,J
mega-venusaur-ex,Wally's Compassion,37,50,46,0.8043478260869565,1.3513513513513513,1.0869565217391304,Wally's Compassion,trainer,1,I
mega-venusaur-ex,Xerosic's Machinations,10,11,46,0.21739130434782608,1.1,0.2391304347826087,Xerosic's Machinations,trainer,0,H
mega-venusaur-ex,Zarude [SSP 11],1,1,46,0.021739130434782608,1.0,0.021739130434782608,Zarude,pokemon,0,H
metagross-cri,Air Balloon,1,1,11,0.09090909090909091,1.0,0.09090909090909091,Air Balloon,trainer,1,I
metagross-cri,Archaludon [PRE 70],1,1,11,0.09090909090909091,1.0,0.09090909090909091,Archaludon,pokemon,0,H
metagross-cri,Archaludon ex [SSP 130],1,1,11,0.09090909090909091,1.0,0.09090909090909091,Archaludon ex,pokemon,0,H
metagross-cri,Battle Cage,6,8,11,0.5454545454545454,1.3333333333333333,0.7272727272727273,Battle Cage,trainer,1,I
metagross-cri,Beldum [CRI 59],8,31,11,0.7272727272727273,3.875,2.8181818181818183,Beldum,pokemon,1,J
metagross-cri,Beldum [TEF 113],4,13,11,0.36363636363636365,3.25,1.1818181818181819,Beldum,pokemon,0,H
metagross-cri,Black Belt's Training,1,1,11,0.09090909090909091,1.0,0.09090909090909091,Black Belt's Training,trainer,0,H
metagross-cri,Boss's Orders,10,20,11,0.9090909090909091,2.0,1.8181818181818181,Boss's Orders,trainer,1,G/I
metagross-cri,Brave Bangle,10,12,11,0.9090909090909091,1.2,1.0909090909090908,Brave Bangle,trainer,1,I
metagross-cri,Brock's Scouting,3,7,11,0.2727272727272727,2.3333333333333335,0.6363636363636364,Brock's Scouting,trainer,1,I
metagross-cri,Buddy-Buddy Poffin,10,13,11,0.9090909090909091,1.3,1.1818181818181819,Buddy-Buddy Poffin,trainer,0,H
metagross-cri,Budew [ASC 16],2,2,11,0.18181818181818182,1.0,0.18181818181818182,Budew,pokemon,0,H
metagross-cri,Cramorant [TWM 176],1,1,11,0.09090909090909091,1.0,0.09090909090909091,Cramorant,pokemon,0,H
metagross-cri,Dialga [MEG 95],2,2,11,0.18181818181818182,1.0,0.18181818181818182,Dialga,pokemon,1,I
metagross-cri,Drilbur [PBL 46],1,1,11,0.09090909090909091,1.0,0.09090909090909091,Drilbur,pokemon,1,J
metagross-cri,Duraludon [PRE 69],1,1,11,0.09090909090909091,1.0,0.09090909090909091,Duraludon,pokemon,0,H
metagross-cri,Empoleon ex [PFL 114],5,6,11,0.45454545454545453,1.2,0.5454545454545454,Empoleon ex,pokemon,1,I
metagross-cri,Energy Recycler,11,25,11,1.0,2.272727272727273,2.272727272727273,Energy Recycler,trainer,1,I
metagross-cri,Fezandipiti ex [ASC 142],8,8,11,0.7272727272727273,1.0,0.7272727272727273,Fezandipiti ex,pokemon,0,H
metagross-cri,Genesect ex [BLK 161],11,22,11,1.0,2.0,2.0,Genesect ex,pokemon,1,I
metagross-cri,Gravity Mountain,6,7,11,0.5454545454545454,1.1666666666666667,0.6363636363636364,Gravity Mountain,trainer,0,H
metagross-cri,Hand Trimmer,1,1,11,0.09090909090909091,1.0,0.09090909090909091,Hand Trimmer,trainer,0,H
metagross-cri,Hassel,2,2,11,0.18181818181818182,1.0,0.18181818181818182,Hassel,trainer,0,H
metagross-cri,Heatran [TWM 123],4,5,11,0.36363636363636365,1.25,0.45454545454545453,Heatran,pokemon,0,H
metagross-cri,Judge,5,5,11,0.45454545454545453,1.0,0.45454545454545453,Judge,trainer,1,G/J
metagross-cri,Kieran,3,3,11,0.2727272727272727,1.0,0.2727272727272727,Kieran,trainer,0,H
metagross-cri,Lana's Aid,1,1,11,0.09090909090909091,1.0,0.09090909090909091,Lana's Aid,trainer,0,H
metagross-cri,Latias ex [SSP 220],1,1,11,0.09090909090909091,1.0,0.09090909090909091,Latias ex,pokemon,0,H
metagross-cri,Lillie's Determination,5,18,11,0.45454545454545453,3.6,1.6363636363636365,Lillie's Determination,trainer,1,I
metagross-cri,Mega Excadrill ex [PBL 103],1,1,11,0.09090909090909091,1.0,0.09090909090909091,Mega Excadrill ex,pokemon,1,J
metagross-cri,Mega Mawile ex [MEG 162],1,1,11,0.09090909090909091,1.0,0.09090909090909091,Mega Mawile ex,pokemon,1,I
metagross-cri,Mega Skarmory ex [POR 106],4,4,11,0.36363636363636365,1.0,0.36363636363636365,Mega Skarmory ex,pokemon,1,J
metagross-cri,Meowth ex [POR 107],3,3,11,0.2727272727272727,1.0,0.2727272727272727,Meowth ex,pokemon,1,J
metagross-cri,Metagross [CRI 61],11,23,11,1.0,2.090909090909091,2.090909090909091,Metagross,pokemon,1,J
metagross-cri,Metal Energy,11,175,11,1.0,15.909090909090908,15.909090909090908,Metal Energy,energy,1,basic
metagross-cri,Metang [SVP 90],11,44,11,1.0,4.0,4.0,Metang,pokemon,0,H
metagross-cri,Night Stretcher,11,17,11,1.0,1.5454545454545454,1.5454545454545454,Night Stretcher,trainer,0,H
metagross-cri,Philippe,2,2,11,0.18181818181818182,1.0,0.18181818181818182,Philippe,trainer,1,J
metagross-cri,Piplup [PFL 27],5,6,11,0.45454545454545453,1.2,0.5454545454545454,Piplup,pokemon,1,I
metagross-cri,Poké Pad,1,1,11,0.09090909090909091,1.0,0.09090909090909091,Poké Pad,trainer,1,J
metagross-cri,Pokégear 3.0,3,4,11,0.2727272727272727,1.3333333333333333,0.36363636363636365,Pokégear 3.0,trainer,1,G/I
metagross-cri,Precious Trolley,11,11,11,1.0,1.0,1.0,Precious Trolley,trainer,0,H
metagross-cri,Psyduck [ASC 226],2,2,11,0.18181818181818182,1.0,0.18181818181818182,Psyduck,pokemon,1,I
metagross-cri,Rare Candy,6,8,11,0.5454545454545454,1.3333333333333333,0.7272727272727273,Rare Candy,trainer,1,F/G/I
metagross-cri,Regigigas [PRE 86],4,4,11,0.36363636363636365,1.0,0.36363636363636365,Regigigas,pokemon,0,H
metagross-cri,Sacred Ash,3,3,11,0.2727272727272727,1.0,0.2727272727272727,Sacred Ash,trainer,1,I
metagross-cri,Shaymin [DRI 10],10,10,11,0.9090909090909091,1.0,0.9090909090909091,Shaymin,pokemon,1,I
metagross-cri,Special Red Card,10,10,11,0.9090909090909091,1.0,0.9090909090909091,Special Red Card,trainer,1,J
metagross-cri,Steven's Skarmory [DRI 142],2,2,11,0.18181818181818182,1.0,0.18181818181818182,Steven's Skarmory,pokemon,1,I
metagross-cri,Switch,3,3,11,0.2727272727272727,1.0,0.2727272727272727,Switch,trainer,1,F/G/I
metagross-cri,Tatsugiri [SVP 118],1,1,11,0.09090909090909091,1.0,0.09090909090909091,Tatsugiri,pokemon,0,H
metagross-cri,Team Rocket's Articuno [DRI 51],1,1,11,0.09090909090909091,1.0,0.09090909090909091,Team Rocket's Articuno,pokemon,1,I
metagross-cri,Team Rocket's Factory,3,3,11,0.2727272727272727,1.0,0.2727272727272727,Team Rocket's Factory,trainer,1,I
metagross-cri,Team Rocket's Kangaskhan ex [ASC 162],1,1,11,0.09090909090909091,1.0,0.09090909090909091,Team Rocket's Kangaskhan ex,pokemon,1,I
metagross-cri,Team Rocket's Petrel,11,44,11,1.0,4.0,4.0,Team Rocket's Petrel,trainer,1,I
metagross-cri,Team Rocket's Transceiver,10,39,11,0.9090909090909091,3.9,3.5454545454545454,Team Rocket's Transceiver,trainer,1,I
metagross-cri,Tool Scrapper,3,3,11,0.2727272727272727,1.0,0.2727272727272727,Tool Scrapper,trainer,1,I
metagross-cri,Ultra Ball,11,14,11,1.0,1.2727272727272727,1.2727272727272727,Ultra Ball,trainer,1,F/G/I
metagross-cri,Xerosic's Machinations,1,1,11,0.09090909090909091,1.0,0.09090909090909091,Xerosic's Machinations,trainer,0,H
mew-ex-30c,Area Zero Underdepths,19,67,19,1.0,3.526315789473684,3.526315789473684,Area Zero Underdepths,trainer,0,H
mew-ex-30c,Bloodmoon Ursaluna ex [PRE 168],1,1,19,0.05263157894736842,1.0,0.05263157894736842,Bloodmoon Ursaluna ex,pokemon,0,H
mew-ex-30c,Boss's Orders,19,41,19,1.0,2.1578947368421053,2.1578947368421053,Boss's Orders,trainer,1,G/I
mew-ex-30c,Chien-Pao [SSP 56],17,17,19,0.8947368421052632,1.0,0.8947368421052632,Chien-Pao,pokemon,0,H
mew-ex-30c,Ciphermaniac's Codebreaking,19,30,19,1.0,1.5789473684210527,1.5789473684210527,Ciphermaniac's Codebreaking,trainer,0,H
mew-ex-30c,Crispin,19,74,19,1.0,3.8947368421052633,3.8947368421052633,Crispin,trainer,0,H
mew-ex-30c,Cyrano,18,19,19,0.9473684210526315,1.0555555555555556,1.0,Cyrano,trainer,0,H
mew-ex-30c,Dusk Ball,17,53,19,0.8947368421052632,3.1176470588235294,2.789473684210526,Dusk Ball,trainer,0,H
mew-ex-30c,Enamorus [TWM 180],2,2,19,0.10526315789473684,1.0,0.10526315789473684,Enamorus,pokemon,0,H
mew-ex-30c,Energy Switch,2,8,19,0.10526315789473684,4.0,0.42105263157894735,Energy Switch,trainer,1,F/G/I
mew-ex-30c,Fezandipiti ex [ASC 142],19,22,19,1.0,1.1578947368421053,1.1578947368421053,Fezandipiti ex,pokemon,0,H
mew-ex-30c,Fighting Energy,13,21,19,0.6842105263157895,1.6153846153846154,1.105263157894737,Fighting Energy,energy,1,basic
mew-ex-30c,Frillish [WHT 126],3,3,19,0.15789473684210525,1.0,0.15789473684210525,Frillish,pokemon,1,I
mew-ex-30c,Grass Energy,2,9,19,0.10526315789473684,4.5,0.47368421052631576,Grass Energy,energy,1,basic
mew-ex-30c,Hero's Cape,2,2,19,0.10526315789473684,1.0,0.10526315789473684,Hero's Cape,trainer,0,H
mew-ex-30c,Iron Crown ex [PRE 158],16,16,19,0.8421052631578947,1.0,0.8421052631578947,Iron Crown ex,pokemon,0,H
mew-ex-30c,Iron Leaves ex [PRE 176],1,1,19,0.05263157894736842,1.0,0.05263157894736842,Iron Leaves ex,pokemon,0,H
mew-ex-30c,Jirachi ex [30C 102],7,7,19,0.3684210526315789,1.0,0.3684210526315789,Jirachi ex,pokemon,1,J
mew-ex-30c,Judge,6,6,19,0.3157894736842105,1.0,0.3157894736842105,Judge,trainer,1,G/J
mew-ex-30c,Koraidon ex [ASC 121],11,11,19,0.5789473684210527,1.0,0.5789473684210527,Koraidon ex,pokemon,1,J
mew-ex-30c,Latias ex [SSP 220],19,38,19,1.0,2.0,2.0,Latias ex,pokemon,0,H
mew-ex-30c,Lightning Energy,11,22,19,0.5789473684210527,2.0,1.1578947368421053,Lightning Energy,energy,1,basic
mew-ex-30c,Lillie's Clefairy ex [ASC 280],19,40,19,1.0,2.1052631578947367,2.1052631578947367,Lillie's Clefairy ex,pokemon,1,I
mew-ex-30c,Lillie's Determination,7,10,19,0.3684210526315789,1.4285714285714286,0.5263157894736842,Lillie's Determination,trainer,1,I
mew-ex-30c,Mega Kangaskhan ex [MEG 104],19,73,19,1.0,3.8421052631578947,3.8421052631578947,Mega Kangaskhan ex,pokemon,1,I
mew-ex-30c,Meowth ex [POR 107],19,56,19,1.0,2.9473684210526314,2.9473684210526314,Meowth ex,pokemon,1,J
mew-ex-30c,Mew ex [30C 152],19,64,19,1.0,3.3684210526315788,3.3684210526315788,Mew ex,pokemon,1,J
mew-ex-30c,Night Stretcher,11,14,19,0.5789473684210527,1.2727272727272727,0.7368421052631579,Night Stretcher,trainer,0,H
mew-ex-30c,Passimian [SSP 111],1,1,19,0.05263157894736842,1.0,0.05263157894736842,Passimian,pokemon,0,H
mew-ex-30c,Pokégear 3.0,2,2,19,0.10526315789473684,1.0,0.10526315789473684,Pokégear 3.0,trainer,1,G/I
mew-ex-30c,Prime Catcher,16,16,19,0.8421052631578947,1.0,0.8421052631578947,Prime Catcher,trainer,0,H
mew-ex-30c,Prism Energy,1,1,19,0.05263157894736842,1.0,0.05263157894736842,Prism Energy,energy,1,I
mew-ex-30c,Psychic Energy,19,70,19,1.0,3.6842105263157894,3.6842105263157894,Psychic Energy,energy,1,basic
mew-ex-30c,Psyduck [ASC 226],1,1,19,0.05263157894736842,1.0,0.05263157894736842,Psyduck,pokemon,1,I
mew-ex-30c,Raging Bolt ex [PRE 166],1,1,19,0.05263157894736842,1.0,0.05263157894736842,Raging Bolt ex,pokemon,0,H
mew-ex-30c,Sacred Ash,1,1,19,0.05263157894736842,1.0,0.05263157894736842,Sacred Ash,trainer,1,I
mew-ex-30c,Scream Tail ex [TWM 197],4,4,19,0.21052631578947367,1.0,0.21052631578947367,Scream Tail ex,pokemon,0,H
mew-ex-30c,Special Red Card,6,6,19,0.3157894736842105,1.0,0.3157894736842105,Special Red Card,trainer,1,J
mew-ex-30c,Stunfisk [ASC 62],11,11,19,0.5789473684210527,1.0,0.5789473684210527,Stunfisk,pokemon,1,I
mew-ex-30c,Teal Mask Ogerpon ex [PRE 12],2,4,19,0.10526315789473684,2.0,0.21052631578947367,Teal Mask Ogerpon ex,pokemon,0,H
mew-ex-30c,Telepathic Psychic Energy,19,75,19,1.0,3.9473684210526314,3.9473684210526314,Telepathic Psychic Energy,energy,1,J
mew-ex-30c,Ultra Ball,19,76,19,1.0,4.0,4.0,Ultra Ball,trainer,1,F/G/I
mew-ex-30c,Unfair Stamp,1,1,19,0.05263157894736842,1.0,0.05263157894736842,Unfair Stamp,trainer,0,H
mew-ex-30c,Unown [30C 72],19,20,19,1.0,1.0526315789473684,1.0526315789473684,Unown,pokemon,1,J
mew-ex-30c,Water Energy,19,37,19,1.0,1.9473684210526316,1.9473684210526316,Water Energy,energy,1,basic
mew-ex-30c,Wellspring Mask Ogerpon ex [PRE 152],19,36,19,1.0,1.894736842105263,1.894736842105263,Wellspring Mask Ogerpon ex,pokemon,0,H
mew-ex-30c,Wondrous Patch,17,50,19,0.8947368421052632,2.9411764705882355,2.6315789473684212,Wondrous Patch,trainer,1,I
misty-gyarados,Academy at Night,1,2,2,0.5,2.0,1.0,Academy at Night,trainer,0,H
misty-gyarados,Boss's Orders,2,4,2,1.0,2.0,2.0,Boss's Orders,trainer,1,G/I
misty-gyarados,Buddy-Buddy Poffin,2,7,2,1.0,3.5,3.5,Buddy-Buddy Poffin,trainer,0,H
misty-gyarados,Great Haul Net,2,5,2,1.0,2.5,2.5,Great Haul Net,trainer,1,J
misty-gyarados,Gwynn,1,3,2,0.5,3.0,1.5,Gwynn,trainer,1,J
misty-gyarados,Hassel,2,5,2,1.0,2.5,2.5,Hassel,trainer,0,H
misty-gyarados,Judge,1,1,2,0.5,1.0,0.5,Judge,trainer,1,G/J
misty-gyarados,Lana's Aid,1,1,2,0.5,1.0,0.5,Lana's Aid,trainer,0,H
misty-gyarados,Lillie's Determination,2,7,2,1.0,3.5,3.5,Lillie's Determination,trainer,1,I
misty-gyarados,Max Rod,2,2,2,1.0,1.0,1.0,Max Rod,trainer,0,H
misty-gyarados,Misty's Gyarados [DRI 49],2,7,2,1.0,3.5,3.5,Misty's Gyarados,pokemon,1,I
misty-gyarados,Misty's Lapras [DRI 194],2,7,2,1.0,3.5,3.5,Misty's Lapras,pokemon,1,I
misty-gyarados,Misty's Magikarp [DRI 48],2,8,2,1.0,4.0,4.0,Misty's Magikarp,pokemon,1,I
misty-gyarados,Misty's Psyduck [DRI 193],2,8,2,1.0,4.0,4.0,Misty's Psyduck,pokemon,1,I
misty-gyarados,Misty's Starmie [DRI 47],2,6,2,1.0,3.0,3.0,Misty's Starmie,pokemon,1,I
misty-gyarados,Misty's Staryu [DRI 46],2,6,2,1.0,3.0,3.0,Misty's Staryu,pokemon,1,I
misty-gyarados,Morty's Conviction,2,2,2,1.0,1.0,1.0,Morty's Conviction,trainer,0,H
misty-gyarados,Night Stretcher,2,7,2,1.0,3.5,3.5,Night Stretcher,trainer,0,H
misty-gyarados,Patrat [CRI 70],1,1,2,0.5,1.0,0.5,Patrat,pokemon,1,J
misty-gyarados,Poké Pad,2,7,2,1.0,3.5,3.5,Poké Pad,trainer,1,J
misty-gyarados,Psyduck [ASC 226],2,2,2,1.0,1.0,1.0,Psyduck,pokemon,1,I
misty-gyarados,Sacred Ash,2,7,2,1.0,3.5,3.5,Sacred Ash,trainer,1,I
misty-gyarados,Surfing Beach,1,2,2,0.5,2.0,1.0,Surfing Beach,trainer,1,I
misty-gyarados,Water Energy,2,13,2,1.0,6.5,6.5,Water Energy,energy,1,basic
n-zoroark,Accompanying Flute,1,1,564,0.0017730496453900709,1.0,0.0017730496453900709,Accompanying Flute,trainer,0,H
n-zoroark,Acerola's Mischief,6,6,564,0.010638297872340425,1.0,0.010638297872340425,Acerola's Mischief,trainer,1,I
n-zoroark,Air Balloon,235,251,564,0.4166666666666667,1.0680851063829788,0.4450354609929078,Air Balloon,trainer,1,I
n-zoroark,Babiri Berry,1,1,564,0.0017730496453900709,1.0,0.0017730496453900709,Babiri Berry,trainer,0,H
n-zoroark,Battle Cage,1,2,564,0.0017730496453900709,2.0,0.0035460992907801418,Battle Cage,trainer,1,I
n-zoroark,Binding Mochi,500,903,564,0.8865248226950354,1.806,1.601063829787234,Binding Mochi,trainer,0,H
n-zoroark,Black Belt's Training,509,585,564,0.9024822695035462,1.149312377210216,1.0372340425531914,Black Belt's Training,trainer,0,H
n-zoroark,Blaziken [DRI 192],1,1,564,0.0017730496453900709,1.0,0.0017730496453900709,Blaziken,pokemon,1,I
n-zoroark,Blaziken ex [JTG 24],2,4,564,0.0035460992907801418,2.0,0.0070921985815602835,Blaziken ex,pokemon,0,H
n-zoroark,Boss's Orders,527,1823,564,0.9343971631205674,3.4592030360531307,3.232269503546099,Boss's Orders,trainer,1,G/I
n-zoroark,Brock's Scouting,48,53,564,0.0851063829787234,1.1041666666666667,0.09397163120567376,Brock's Scouting,trainer,1,I
n-zoroark,Buddy-Buddy Poffin,527,2230,564,0.9343971631205674,4.2314990512333965,3.9539007092198584,Buddy-Buddy Poffin,trainer,0,H
n-zoroark,Budew [ASC 16],250,260,564,0.4432624113475177,1.04,0.46099290780141844,Budew,pokemon,0,H
n-zoroark,Buneary [MEG 107],2,2,564,0.0035460992907801418,1.0,0.0035460992907801418,Buneary,pokemon,1,I
n-zoroark,Buneary [PFL 83],16,16,564,0.028368794326241134,1.0,0.028368794326241134,Buneary,pokemon,1,I
n-zoroark,Chi-Yu [PBL 59],1,1,564,0.0017730496453900709,1.0,0.0017730496453900709,Chi-Yu,pokemon,1,J
n-zoroark,Ciphermaniac's Codebreaking,38,50,564,0.0673758865248227,1.3157894736842106,0.08865248226950355,Ciphermaniac's Codebreaking,trainer,0,H
n-zoroark,Colress's Tenacity,2,2,564,0.0035460992907801418,1.0,0.0035460992907801418,Colress's Tenacity,trainer,0,H
n-zoroark,Combusken [DRI 41],2,3,564,0.0035460992907801418,1.5,0.005319148936170213,Combusken,pokemon,1,I
n-zoroark,Crushing Hammer,6,21,564,0.010638297872340425,3.5,0.03723404255319149,Crushing Hammer,trainer,1,F/G/J
n-zoroark,Crustle [DRI 12],1,1,564,0.0017730496453900709,1.0,0.0017730496453900709,Crustle,pokemon,1,I
n-zoroark,Cyrano,523,1236,564,0.9273049645390071,2.363288718929254,2.1914893617021276,Cyrano,trainer,0,H
n-zoroark,Dark Bell,1,1,564,0.0017730496453900709,1.0,0.0017730496453900709,Dark Bell,trainer,1,J
n-zoroark,Darkness Energy,527,4444,564,0.9343971631205674,8.432637571157496,7.879432624113475,Darkness Energy,energy,1,basic
n-zoroark,Dedenne [SSP 87],1,1,564,0.0017730496453900709,1.0,0.0017730496453900709,Dedenne,pokemon,0,H
n-zoroark,Dudunsparce [PRE 80],9,12,564,0.015957446808510637,1.3333333333333333,0.02127659574468085,Dudunsparce,pokemon,0,H
n-zoroark,Dudunsparce ex [JTG 121],8,8,564,0.014184397163120567,1.0,0.014184397163120567,Dudunsparce ex,pokemon,1,I
n-zoroark,Dunsparce [JTG 120],9,12,564,0.015957446808510637,1.3333333333333333,0.02127659574468085,Dunsparce,pokemon,1,I
n-zoroark,Dusclops [PRE 36],1,1,564,0.0017730496453900709,1.0,0.0017730496453900709,Dusclops,pokemon,0,H
n-zoroark,Dusk Ball,2,6,564,0.0035460992907801418,3.0,0.010638297872340425,Dusk Ball,trainer,0,H
n-zoroark,Dusknoir [PRE 37],1,1,564,0.0017730496453900709,1.0,0.0017730496453900709,Dusknoir,pokemon,0,H
n-zoroark,Duskull [PRE 35],1,2,564,0.0017730496453900709,2.0,0.0035460992907801418,Duskull,pokemon,0,H
n-zoroark,Dwebble [DRI 11],1,1,564,0.0017730496453900709,1.0,0.0017730496453900709,Dwebble,pokemon,1,I
n-zoroark,Energy Search,4,4,564,0.0070921985815602835,1.0,0.0070921985815602835,Energy Search,trainer,1,F/G/J
n-zoroark,Energy Switch,60,81,564,0.10638297872340426,1.35,0.14361702127659576,Energy Switch,trainer,1,F/G/I
n-zoroark,Enhanced Hammer,1,2,564,0.0017730496453900709,2.0,0.0035460992907801418,Enhanced Hammer,trainer,0,H
n-zoroark,Fezandipiti ex [ASC 142],479,508,564,0.849290780141844,1.0605427974947808,0.900709219858156,Fezandipiti ex,pokemon,0,H
n-zoroark,Fire Energy,6,12,564,0.010638297872340425,2.0,0.02127659574468085,Fire Energy,energy,1,basic
n-zoroark,Flutter Mane [PRE 43],2,2,564,0.0035460992907801418,1.0,0.0035460992907801418,Flutter Mane,pokemon,0,H
n-zoroark,Gastly [POR 48],1,1,564,0.0017730496453900709,1.0,0.0017730496453900709,Gastly,pokemon,1,J
n-zoroark,Grass Energy,1,1,564,0.0017730496453900709,1.0,0.0017730496453900709,Grass Energy,energy,1,basic
n-zoroark,Gravity Mountain,45,45,564,0.0797872340425532,1.0,0.0797872340425532,Gravity Mountain,trainer,0,H
n-zoroark,Grimsley's Move,1,1,564,0.0017730496453900709,1.0,0.0017730496453900709,Grimsley's Move,trainer,1,I
n-zoroark,Growing Grass Energy,1,1,564,0.0017730496453900709,1.0,0.0017730496453900709,Growing Grass Energy,energy,1,J
n-zoroark,Harlequin,3,4,564,0.005319148936170213,1.3333333333333333,0.0070921985815602835,Harlequin,trainer,1,I
n-zoroark,Haunter [POR 49],1,1,564,0.0017730496453900709,1.0,0.0017730496453900709,Haunter,pokemon,1,J
n-zoroark,Hero's Cape,41,41,564,0.0726950354609929,1.0,0.0726950354609929,Hero's Cape,trainer,0,H
n-zoroark,Hilda,4,6,564,0.0070921985815602835,1.5,0.010638297872340425,Hilda,trainer,1,I
n-zoroark,Hop's Cramorant [ASC 177],2,2,564,0.0035460992907801418,1.0,0.0035460992907801418,Hop's Cramorant,pokemon,1,I
n-zoroark,Ignition Energy,1,1,564,0.0017730496453900709,1.0,0.0017730496453900709,Ignition Energy,energy,1,I
n-zoroark,Jamming Tower,1,1,564,0.0017730496453900709,1.0,0.0017730496453900709,Jamming Tower,trainer,0,H
n-zoroark,Janine's Secret Art,228,235,564,0.40425531914893614,1.030701754385965,0.4166666666666667,Janine's Secret Art,trainer,0,H
n-zoroark,Judge,334,549,564,0.5921985815602837,1.6437125748502994,0.973404255319149,Judge,trainer,1,G/J
n-zoroark,Lillie's Determination,527,2243,564,0.9343971631205674,4.256166982922201,3.976950354609929,Lillie's Determination,trainer,1,I
n-zoroark,Lumiose City,8,8,564,0.014184397163120567,1.0,0.014184397163120567,Lumiose City,trainer,1,J
n-zoroark,Maximum Belt,1,1,564,0.0017730496453900709,1.0,0.0017730496453900709,Maximum Belt,trainer,0,H
n-zoroark,Mega Absol ex [MEG 161],2,2,564,0.0035460992907801418,1.0,0.0035460992907801418,Mega Absol ex,pokemon,1,I
n-zoroark,Mega Gengar ex [ASC 125],1,1,564,0.0017730496453900709,1.0,0.0017730496453900709,Mega Gengar ex,pokemon,1,I
n-zoroark,Mega Kangaskhan ex [MEG 104],1,1,564,0.0017730496453900709,1.0,0.0017730496453900709,Mega Kangaskhan ex,pokemon,1,I
n-zoroark,Mega Lopunny ex [PFL 115],18,18,564,0.031914893617021274,1.0,0.031914893617021274,Mega Lopunny ex,pokemon,1,I
n-zoroark,Meowth ex [POR 107],202,205,564,0.35815602836879434,1.0148514851485149,0.36347517730496454,Meowth ex,pokemon,1,J
n-zoroark,Mew ex [30C 152],1,1,564,0.0017730496453900709,1.0,0.0017730496453900709,Mew ex,pokemon,1,J
n-zoroark,Mist Energy,1,1,564,0.0017730496453900709,1.0,0.0017730496453900709,Mist Energy,energy,0,H
n-zoroark,Moltres [PFL 14],4,4,564,0.0070921985815602835,1.0,0.0070921985815602835,Moltres,pokemon,1,I
n-zoroark,Munkidori [ASC 99],519,700,564,0.9202127659574468,1.348747591522158,1.2411347517730495,Munkidori,pokemon,0,H
n-zoroark,N's Castle,360,639,564,0.6382978723404256,1.775,1.1329787234042554,N's Castle,trainer,1,I
n-zoroark,N's Darmanitan [ASC 33],219,241,564,0.3882978723404255,1.1004566210045663,0.42730496453900707,N's Darmanitan,pokemon,1,I
n-zoroark,N's Darumaka [ASC 32],219,252,564,0.3882978723404255,1.1506849315068493,0.44680851063829785,N's Darumaka,pokemon,1,I
n-zoroark,N's Joltik [JTG 49],1,1,564,0.0017730496453900709,1.0,0.0017730496453900709,N's Joltik,pokemon,1,I
n-zoroark,N's PP Up,525,1710,564,0.9308510638297872,3.257142857142857,3.0319148936170213,N's PP Up,trainer,1,I
n-zoroark,N's Plan,1,1,564,0.0017730496453900709,1.0,0.0017730496453900709,N's Plan,trainer,1,I
n-zoroark,N's Purrloin [JTG 96],107,109,564,0.18971631205673758,1.0186915887850467,0.19326241134751773,N's Purrloin,pokemon,1,I
n-zoroark,N's Reshiram [ASC 154],442,472,564,0.7836879432624113,1.0678733031674208,0.8368794326241135,N's Reshiram,pokemon,1,I
n-zoroark,N's Sigilyph [JTG 64],2,2,564,0.0035460992907801418,1.0,0.0035460992907801418,N's Sigilyph,pokemon,1,I
n-zoroark,N's Zekrom [ASC 155],527,964,564,0.9343971631205674,1.8292220113851991,1.7092198581560283,N's Zekrom,pokemon,1,I
n-zoroark,N's Zoroark ex [ASC 137],527,2249,564,0.9343971631205674,4.267552182163188,3.9875886524822697,N's Zoroark ex,pokemon,1,I
n-zoroark,N's Zorua [ASC 136],527,2253,564,0.9343971631205674,4.275142314990513,3.99468085106383,N's Zorua,pokemon,1,I
n-zoroark,Night Stretcher,527,1033,564,0.9343971631205674,1.9601518026565465,1.8315602836879432,Night Stretcher,trainer,0,H
n-zoroark,Nighttime Mine,1,1,564,0.0017730496453900709,1.0,0.0017730496453900709,Nighttime Mine,trainer,1,I
n-zoroark,Pecharunt [SVP 129],22,22,564,0.03900709219858156,1.0,0.03900709219858156,Pecharunt,pokemon,0,H
n-zoroark,Pecharunt ex [PRE 163],524,592,564,0.9290780141843972,1.1297709923664123,1.049645390070922,Pecharunt ex,pokemon,0,H
n-zoroark,Poké Pad,527,1586,564,0.9343971631205674,3.0094876660341554,2.8120567375886525,Poké Pad,trainer,1,J
n-zoroark,Pokégear 3.0,14,14,564,0.024822695035460994,1.0,0.024822695035460994,Pokégear 3.0,trainer,1,G/I
n-zoroark,Powerglass,15,15,564,0.026595744680851064,1.0,0.026595744680851064,Powerglass,trainer,0,H
n-zoroark,Precious Trolley,1,1,564,0.0017730496453900709,1.0,0.0017730496453900709,Precious Trolley,trainer,0,H
n-zoroark,Prime Catcher,4,4,564,0.0070921985815602835,1.0,0.0070921985815602835,Prime Catcher,trainer,0,H
n-zoroark,Psyduck [ASC 226],13,13,564,0.02304964539007092,1.0,0.02304964539007092,Psyduck,pokemon,1,I
n-zoroark,Punk Helmet,55,90,564,0.0975177304964539,1.6363636363636365,0.1595744680851064,Punk Helmet,trainer,1,I
n-zoroark,Purrloin [WHT 136],3,3,564,0.005319148936170213,1.0,0.005319148936170213,Purrloin,pokemon,1,I
n-zoroark,Rare Candy,3,5,564,0.005319148936170213,1.6666666666666667,0.008865248226950355,Rare Candy,trainer,1,F/G/I
n-zoroark,Risky Ruins,3,4,564,0.005319148936170213,1.3333333333333333,0.0070921985815602835,Risky Ruins,trainer,1,I
n-zoroark,Ruffian,118,120,564,0.20921985815602837,1.0169491525423728,0.2127659574468085,Ruffian,trainer,1,I
n-zoroark,Scoop Up Cyclone,4,4,564,0.0070921985815602835,1.0,0.0070921985815602835,Scoop Up Cyclone,trainer,0,H
n-zoroark,Secret Box,433,453,564,0.7677304964539007,1.046189376443418,0.8031914893617021,Secret Box,trainer,0,H
n-zoroark,Shadowy Darkness Energy,2,3,564,0.0035460992907801418,1.5,0.005319148936170213,Shadowy Darkness Energy,energy,1,J
n-zoroark,Shaymin [DRI 10],5,5,564,0.008865248226950355,1.0,0.008865248226950355,Shaymin,pokemon,1,I
n-zoroark,Special Red Card,497,536,564,0.8812056737588653,1.0784708249496981,0.950354609929078,Special Red Card,trainer,1,J
n-zoroark,Survival Brace,2,2,564,0.0035460992907801418,1.0,0.0035460992907801418,Survival Brace,trainer,0,H
n-zoroark,Switch,3,3,564,0.005319148936170213,1.0,0.005319148936170213,Switch,trainer,1,F/G/I
n-zoroark,Tatsugiri [SVP 118],347,361,564,0.6152482269503546,1.0403458213256485,0.6400709219858156,Tatsugiri,pokemon,0,H
n-zoroark,Team Rocket's Petrel,13,14,564,0.02304964539007092,1.0769230769230769,0.024822695035460994,Team Rocket's Petrel,trainer,1,I
n-zoroark,Team Rocket's Watchtower,375,898,564,0.6648936170212766,2.3946666666666667,1.5921985815602837,Team Rocket's Watchtower,trainer,1,I
n-zoroark,Tool Scrapper,57,57,564,0.10106382978723404,1.0,0.10106382978723404,Tool Scrapper,trainer,1,I
n-zoroark,Torchic [DRI 40],2,5,564,0.0035460992907801418,2.5,0.008865248226950355,Torchic,pokemon,1,I
n-zoroark,Toxel [MEP 78],2,3,564,0.0035460992907801418,1.5,0.005319148936170213,Toxel,pokemon,1,I
n-zoroark,Toxtricity [MEP 17],2,3,564,0.0035460992907801418,1.5,0.005319148936170213,Toxtricity,pokemon,1,I
n-zoroark,Transformation Tome,149,583,564,0.2641843971631206,3.912751677852349,1.0336879432624113,Transformation Tome,trainer,1,J
n-zoroark,Ultra Ball,516,1256,564,0.9148936170212766,2.434108527131783,2.226950354609929,Ultra Ball,trainer,1,F/G/I
n-zoroark,Unfair Stamp,57,57,564,0.10106382978723404,1.0,0.10106382978723404,Unfair Stamp,trainer,0,H
n-zoroark,Xerosic's Machinations,168,208,564,0.2978723404255319,1.2380952380952381,0.36879432624113473,Xerosic's Machinations,trainer,0,H
n-zoroark,Yveltal [MEG 88],341,364,564,0.6046099290780141,1.067448680351906,0.6453900709219859,Yveltal,pokemon,1,I
n-zoroark,Zoroark [WHT 143],2,2,564,0.0035460992907801418,1.0,0.0035460992907801418,Zoroark,pokemon,1,I
n-zoroark,Zorua [SFA 31],1,1,564,0.0017730496453900709,1.0,0.0017730496453900709,Zorua,pokemon,0,H
n-zoroark,Zorua [WHT 142],2,2,564,0.0035460992907801418,1.0,0.0035460992907801418,Zorua,pokemon,1,I
ogerpon-meganium,AZ's Tranquility,1,1,5,0.2,1.0,0.2,AZ's Tranquility,trainer,1,J
ogerpon-meganium,Area Zero Underdepths,1,2,5,0.2,2.0,0.4,Area Zero Underdepths,trainer,0,H
ogerpon-meganium,Battle Cage,1,2,5,0.2,2.0,0.4,Battle Cage,trainer,1,I
ogerpon-meganium,Bayleef [ASC 9],1,1,5,0.2,1.0,0.2,Bayleef,pokemon,1,J
ogerpon-meganium,Bayleef [MEG 9],4,8,5,0.8,2.0,1.6,Bayleef,pokemon,1,I
ogerpon-meganium,Boss's Orders,5,11,5,1.0,2.2,2.2,Boss's Orders,trainer,1,G/I
ogerpon-meganium,Boxed Order,1,1,5,0.2,1.0,0.2,Boxed Order,trainer,0,H
ogerpon-meganium,Brock's Scouting,1,1,5,0.2,1.0,0.2,Brock's Scouting,trainer,1,I
ogerpon-meganium,Budew [ASC 16],1,1,5,0.2,1.0,0.2,Budew,pokemon,0,H
ogerpon-meganium,Bug Catching Set,4,15,5,0.8,3.75,3.0,Bug Catching Set,trainer,0,H
ogerpon-meganium,Celebi [MEG 12],2,3,5,0.4,1.5,0.6,Celebi,pokemon,1,I
ogerpon-meganium,Chikorita [ASC 8],2,3,5,0.4,1.5,0.6,Chikorita,pokemon,1,J
ogerpon-meganium,Chikorita [MEG 8],4,8,5,0.8,2.0,1.6,Chikorita,pokemon,1,I
ogerpon-meganium,Chikorita [MEP 46],1,2,5,0.2,2.0,0.4,Chikorita,pokemon,1,J
ogerpon-meganium,Colress's Tenacity,1,1,5,0.2,1.0,0.2,Colress's Tenacity,trainer,0,H
ogerpon-meganium,Crispin,2,3,5,0.4,1.5,0.6,Crispin,trainer,0,H
ogerpon-meganium,Cyrano,1,2,5,0.2,2.0,0.4,Cyrano,trainer,0,H
ogerpon-meganium,Dawn,3,4,5,0.6,1.3333333333333333,0.8,Dawn,trainer,1,I
ogerpon-meganium,Enamorus [TWM 180],1,1,5,0.2,1.0,0.2,Enamorus,pokemon,0,H
ogerpon-meganium,Energy Retrieval,1,1,5,0.2,1.0,0.2,Energy Retrieval,trainer,1,F/G/I
ogerpon-meganium,Energy Switch,3,9,5,0.6,3.0,1.8,Energy Switch,trainer,1,F/G/I
ogerpon-meganium,Enhanced Hammer,1,2,5,0.2,2.0,0.4,Enhanced Hammer,trainer,0,H
ogerpon-meganium,Fezandipiti ex [ASC 142],4,4,5,0.8,1.0,0.8,Fezandipiti ex,pokemon,0,H
ogerpon-meganium,Forest of Vitality,4,11,5,0.8,2.75,2.2,Forest of Vitality,trainer,1,I
ogerpon-meganium,Grass Energy,5,56,5,1.0,11.2,11.2,Grass Energy,energy,1,basic
ogerpon-meganium,Gwynn,1,1,5,0.2,1.0,0.2,Gwynn,trainer,1,J
ogerpon-meganium,Hero's Cape,2,2,5,0.4,1.0,0.4,Hero's Cape,trainer,0,H
ogerpon-meganium,Hoothoot [PRE 77],1,1,5,0.2,1.0,0.2,Hoothoot,pokemon,0,H
ogerpon-meganium,Hoothoot [SCR 114],2,2,5,0.4,1.0,0.4,Hoothoot,pokemon,0,H
ogerpon-meganium,Judge,2,2,5,0.4,1.0,0.4,Judge,trainer,1,G/J
ogerpon-meganium,Kofu,1,1,5,0.2,1.0,0.2,Kofu,trainer,0,H
ogerpon-meganium,Latias ex [SSP 220],1,2,5,0.2,2.0,0.4,Latias ex,pokemon,0,H
ogerpon-meganium,Lillie's Clefairy ex [ASC 280],1,1,5,0.2,1.0,0.2,Lillie's Clefairy ex,pokemon,1,I
ogerpon-meganium,Lillie's Determination,5,15,5,1.0,3.0,3.0,Lillie's Determination,trainer,1,I
ogerpon-meganium,Lucky Helmet,1,2,5,0.2,2.0,0.4,Lucky Helmet,trainer,0,H
ogerpon-meganium,Max Rod,1,1,5,0.2,1.0,0.2,Max Rod,trainer,0,H
ogerpon-meganium,Mega Froslass ex [ASC 265],1,1,5,0.2,1.0,0.2,Mega Froslass ex,pokemon,1,I
ogerpon-meganium,Mega Heracross ex [PFL 108],1,1,5,0.2,1.0,0.2,Mega Heracross ex,pokemon,1,I
ogerpon-meganium,Mega Kangaskhan ex [MEG 104],2,3,5,0.4,1.5,0.6,Mega Kangaskhan ex,pokemon,1,I
ogerpon-meganium,Mega Meganium ex [ASC 10],3,5,5,0.6,1.6666666666666667,1.0,Mega Meganium ex,pokemon,1,J
ogerpon-meganium,Meganium [MEG 10],5,10,5,1.0,2.0,2.0,Meganium,pokemon,1,I
ogerpon-meganium,Meowth ex [POR 107],4,5,5,0.8,1.25,1.0,Meowth ex,pokemon,1,J
ogerpon-meganium,Morty's Conviction,1,2,5,0.2,2.0,0.4,Morty's Conviction,trainer,0,H
ogerpon-meganium,Night Stretcher,4,5,5,0.8,1.25,1.0,Night Stretcher,trainer,0,H
ogerpon-meganium,Nighttime Mine,1,1,5,0.2,1.0,0.2,Nighttime Mine,trainer,1,I
ogerpon-meganium,Noctowl [PRE 78],3,3,5,0.6,1.0,0.6,Noctowl,pokemon,0,H
ogerpon-meganium,Perrin,1,1,5,0.2,1.0,0.2,Perrin,trainer,0,H
ogerpon-meganium,Poké Pad,5,13,5,1.0,2.6,2.6,Poké Pad,trainer,1,J
ogerpon-meganium,Pokégear 3.0,1,1,5,0.2,1.0,0.2,Pokégear 3.0,trainer,1,G/I
ogerpon-meganium,Poliwag [TWM 41],1,1,5,0.2,1.0,0.2,Poliwag,pokemon,0,H
ogerpon-meganium,Poliwrath [TWM 43],1,1,5,0.2,1.0,0.2,Poliwrath,pokemon,0,H
ogerpon-meganium,Prime Catcher,1,1,5,0.2,1.0,0.2,Prime Catcher,trainer,0,H
ogerpon-meganium,Psychic Energy,1,2,5,0.2,2.0,0.4,Psychic Energy,energy,1,basic
ogerpon-meganium,Psyduck [ASC 226],1,1,5,0.2,1.0,0.2,Psyduck,pokemon,1,I
ogerpon-meganium,Rare Candy,3,6,5,0.6,2.0,1.2,Rare Candy,trainer,1,F/G/I
ogerpon-meganium,Regigigas [PRE 86],1,1,5,0.2,1.0,0.2,Regigigas,pokemon,0,H
ogerpon-meganium,Sacred Ash,1,1,5,0.2,1.0,0.2,Sacred Ash,trainer,1,I
ogerpon-meganium,Scatterbug [POR 7],1,2,5,0.2,2.0,0.4,Scatterbug,pokemon,1,J
ogerpon-meganium,Snorunt [ASC 227],1,1,5,0.2,1.0,0.2,Snorunt,pokemon,1,I
ogerpon-meganium,Sparkling Crystal,1,1,5,0.2,1.0,0.2,Sparkling Crystal,trainer,0,H
ogerpon-meganium,Special Red Card,3,3,5,0.6,1.0,0.6,Special Red Card,trainer,1,J
ogerpon-meganium,Switch,1,1,5,0.2,1.0,0.2,Switch,trainer,1,F/G/I
ogerpon-meganium,Tapu Bulu [SFA 6],1,1,5,0.2,1.0,0.2,Tapu Bulu,pokemon,0,H
ogerpon-meganium,Teal Mask Ogerpon ex [PRE 12],5,16,5,1.0,3.2,3.2,Teal Mask Ogerpon ex,pokemon,0,H
ogerpon-meganium,Team Rocket's Petrel,1,4,5,0.2,4.0,0.8,Team Rocket's Petrel,trainer,1,I
ogerpon-meganium,Team Rocket's Watchtower,2,2,5,0.4,1.0,0.4,Team Rocket's Watchtower,trainer,1,I
ogerpon-meganium,Tera Orb,1,1,5,0.2,1.0,0.2,Tera Orb,trainer,0,H
ogerpon-meganium,Ultra Ball,3,9,5,0.6,3.0,1.8,Ultra Ball,trainer,1,F/G/I
ogerpon-meganium,Vivillon [POR 9],1,2,5,0.2,2.0,0.4,Vivillon,pokemon,1,J
ogerpon-meganium,Wally's Compassion,1,1,5,0.2,1.0,0.2,Wally's Compassion,trainer,1,I
ogerpon-meganium,Water Energy,2,4,5,0.4,2.0,0.8,Water Energy,energy,1,basic
ogerpon-meganium,Wellspring Mask Ogerpon ex [PRE 152],1,2,5,0.2,2.0,0.4,Wellspring Mask Ogerpon ex,pokemon,0,H
ogerpon-meganium,Xerosic's Machinations,2,2,5,0.4,1.0,0.4,Xerosic's Machinations,trainer,0,H
ogerpon-meganium-arboliva,Air Balloon,1,1,32,0.03125,1.0,0.03125,Air Balloon,trainer,1,I
ogerpon-meganium-arboliva,Arboliva ex [DRI 207],32,64,32,1.0,2.0,2.0,Arboliva ex,pokemon,1,I
ogerpon-meganium-arboliva,Bayleef [ASC 9],3,5,32,0.09375,1.6666666666666667,0.15625,Bayleef,pokemon,1,J
ogerpon-meganium-arboliva,Bayleef [MEG 9],30,59,32,0.9375,1.9666666666666666,1.84375,Bayleef,pokemon,1,I
ogerpon-meganium-arboliva,Boss's Orders,32,65,32,1.0,2.03125,2.03125,Boss's Orders,trainer,1,G/I
ogerpon-meganium-arboliva,Briar,25,25,32,0.78125,1.0,0.78125,Briar,trainer,0,H
ogerpon-meganium-arboliva,Budew [ASC 16],31,31,32,0.96875,1.0,0.96875,Budew,pokemon,0,H
ogerpon-meganium-arboliva,Bug Catching Set,32,126,32,1.0,3.9375,3.9375,Bug Catching Set,trainer,0,H
ogerpon-meganium-arboliva,Celebi [MEG 12],2,2,32,0.0625,1.0,0.0625,Celebi,pokemon,1,I
ogerpon-meganium-arboliva,Chikorita [ASC 8],19,34,32,0.59375,1.7894736842105263,1.0625,Chikorita,pokemon,1,J
ogerpon-meganium-arboliva,Chikorita [MEG 8],15,26,32,0.46875,1.7333333333333334,0.8125,Chikorita,pokemon,1,I
ogerpon-meganium-arboliva,Chikorita [MEP 46],2,4,32,0.0625,2.0,0.125,Chikorita,pokemon,1,J
ogerpon-meganium-arboliva,Ciphermaniac's Codebreaking,13,13,32,0.40625,1.0,0.40625,Ciphermaniac's Codebreaking,trainer,0,H
ogerpon-meganium-arboliva,Colress's Tenacity,1,1,32,0.03125,1.0,0.03125,Colress's Tenacity,trainer,0,H
ogerpon-meganium-arboliva,Crushing Hammer,2,3,32,0.0625,1.5,0.09375,Crushing Hammer,trainer,1,F/G/J
ogerpon-meganium-arboliva,Dawn,32,67,32,1.0,2.09375,2.09375,Dawn,trainer,1,I
ogerpon-meganium-arboliva,Dolliv [DRI 22],32,64,32,1.0,2.0,2.0,Dolliv,pokemon,1,I
ogerpon-meganium-arboliva,Energy Switch,31,37,32,0.96875,1.1935483870967742,1.15625,Energy Switch,trainer,1,F/G/I
ogerpon-meganium-arboliva,Fezandipiti ex [ASC 142],31,31,32,0.96875,1.0,0.96875,Fezandipiti ex,pokemon,0,H
ogerpon-meganium-arboliva,Forest of Vitality,32,125,32,1.0,3.90625,3.90625,Forest of Vitality,trainer,1,I
ogerpon-meganium-arboliva,Grass Energy,32,377,32,1.0,11.78125,11.78125,Grass Energy,energy,1,basic
ogerpon-meganium-arboliva,Hoothoot [PRE 77],1,1,32,0.03125,1.0,0.03125,Hoothoot,pokemon,0,H
ogerpon-meganium-arboliva,Hoothoot [SCR 114],4,4,32,0.125,1.0,0.125,Hoothoot,pokemon,0,H
ogerpon-meganium-arboliva,Ignition Energy,1,2,32,0.03125,2.0,0.0625,Ignition Energy,energy,1,I
ogerpon-meganium-arboliva,Judge,13,13,32,0.40625,1.0,0.40625,Judge,trainer,1,G/J
ogerpon-meganium-arboliva,Lana's Aid,31,32,32,0.96875,1.032258064516129,1.0,Lana's Aid,trainer,0,H
ogerpon-meganium-arboliva,Lillie's Determination,32,126,32,1.0,3.9375,3.9375,Lillie's Determination,trainer,1,I
ogerpon-meganium-arboliva,Maractus [JTG 160],1,1,32,0.03125,1.0,0.03125,Maractus,pokemon,1,I
ogerpon-meganium-arboliva,Max Rod,2,2,32,0.0625,1.0,0.0625,Max Rod,trainer,0,H
ogerpon-meganium-arboliva,Meganium [MEG 10],32,64,32,1.0,2.0,2.0,Meganium,pokemon,1,I
ogerpon-meganium-arboliva,Meowth ex [POR 107],32,52,32,1.0,1.625,1.625,Meowth ex,pokemon,1,J
ogerpon-meganium-arboliva,Morty's Conviction,1,1,32,0.03125,1.0,0.03125,Morty's Conviction,trainer,0,H
ogerpon-meganium-arboliva,N's Plan,1,1,32,0.03125,1.0,0.03125,N's Plan,trainer,1,I
ogerpon-meganium-arboliva,Night Stretcher,31,38,32,0.96875,1.2258064516129032,1.1875,Night Stretcher,trainer,0,H
ogerpon-meganium-arboliva,Noctowl [PRE 78],5,5,32,0.15625,1.0,0.15625,Noctowl,pokemon,0,H
ogerpon-meganium-arboliva,Poké Pad,30,52,32,0.9375,1.7333333333333334,1.625,Poké Pad,trainer,1,J
ogerpon-meganium-arboliva,Psyduck [ASC 226],2,2,32,0.0625,1.0,0.0625,Psyduck,pokemon,1,I
ogerpon-meganium-arboliva,Rare Candy,1,2,32,0.03125,2.0,0.0625,Rare Candy,trainer,1,F/G/I
ogerpon-meganium-arboliva,Regigigas [PRE 86],1,1,32,0.03125,1.0,0.03125,Regigigas,pokemon,0,H
ogerpon-meganium-arboliva,Secret Box,2,2,32,0.0625,1.0,0.0625,Secret Box,trainer,0,H
ogerpon-meganium-arboliva,Shaymin [DRI 10],1,1,32,0.03125,1.0,0.03125,Shaymin,pokemon,1,I
ogerpon-meganium-arboliva,Smoliv [DRI 21],32,64,32,1.0,2.0,2.0,Smoliv,pokemon,1,I
ogerpon-meganium-arboliva,Special Red Card,16,16,32,0.5,1.0,0.5,Special Red Card,trainer,1,J
ogerpon-meganium-arboliva,Switch,1,2,32,0.03125,2.0,0.0625,Switch,trainer,1,F/G/I
ogerpon-meganium-arboliva,Tapu Bulu [SFA 6],5,5,32,0.15625,1.0,0.15625,Tapu Bulu,pokemon,0,H
ogerpon-meganium-arboliva,Teal Mask Ogerpon ex [PRE 12],32,123,32,1.0,3.84375,3.84375,Teal Mask Ogerpon ex,pokemon,0,H
ogerpon-meganium-arboliva,Team Rocket's Petrel,2,3,32,0.0625,1.5,0.09375,Team Rocket's Petrel,trainer,1,I
ogerpon-meganium-arboliva,Team Rocket's Watchtower,1,1,32,0.03125,1.0,0.03125,Team Rocket's Watchtower,trainer,1,I
ogerpon-meganium-arboliva,Tool Scrapper,1,1,32,0.03125,1.0,0.03125,Tool Scrapper,trainer,1,I
ogerpon-meganium-arboliva,Ultra Ball,32,111,32,1.0,3.46875,3.46875,Ultra Ball,trainer,1,F/G/I
ogerpon-meganium-arboliva,Unfair Stamp,28,28,32,0.875,1.0,0.875,Unfair Stamp,trainer,0,H
ogerpon-meganium-arboliva,Xerosic's Machinations,4,4,32,0.125,1.0,0.125,Xerosic's Machinations,trainer,0,H
ogerpon-meganium-hydrapple,AZ's Tranquility,3,3,226,0.01327433628318584,1.0,0.01327433628318584,AZ's Tranquility,trainer,1,J
ogerpon-meganium-hydrapple,Air Balloon,3,3,226,0.01327433628318584,1.0,0.01327433628318584,Air Balloon,trainer,1,I
ogerpon-meganium-hydrapple,Alolan Exeggutor [30C 129],1,1,226,0.004424778761061947,1.0,0.004424778761061947,Alolan Exeggutor,pokemon,1,J
ogerpon-meganium-hydrapple,Applin [DRI 16],14,15,226,0.061946902654867256,1.0714285714285714,0.06637168141592921,Applin,pokemon,1,I
ogerpon-meganium-hydrapple,Applin [PRE 9],120,222,226,0.5309734513274337,1.85,0.9823008849557522,Applin,pokemon,0,H
ogerpon-meganium-hydrapple,Applin [TWM 17],124,228,226,0.5486725663716814,1.8387096774193548,1.008849557522124,Applin,pokemon,0,H
ogerpon-meganium-hydrapple,Area Zero Underdepths,3,3,226,0.01327433628318584,1.0,0.01327433628318584,Area Zero Underdepths,trainer,0,H
ogerpon-meganium-hydrapple,Battle Cage,1,1,226,0.004424778761061947,1.0,0.004424778761061947,Battle Cage,trainer,1,I
ogerpon-meganium-hydrapple,Bayleef [ASC 9],64,82,226,0.2831858407079646,1.28125,0.36283185840707965,Bayleef,pokemon,1,J
ogerpon-meganium-hydrapple,Bayleef [MEG 9],204,370,226,0.9026548672566371,1.8137254901960784,1.6371681415929205,Bayleef,pokemon,1,I
ogerpon-meganium-hydrapple,Boss's Orders,220,458,226,0.9734513274336283,2.081818181818182,2.0265486725663715,Boss's Orders,trainer,1,G/I
ogerpon-meganium-hydrapple,Brave Bangle,1,1,226,0.004424778761061947,1.0,0.004424778761061947,Brave Bangle,trainer,1,I
ogerpon-meganium-hydrapple,Briar,177,181,226,0.7831858407079646,1.0225988700564972,0.8008849557522124,Briar,trainer,0,H
ogerpon-meganium-hydrapple,Buddy-Buddy Poffin,4,5,226,0.017699115044247787,1.25,0.022123893805309734,Buddy-Buddy Poffin,trainer,0,H
ogerpon-meganium-hydrapple,Budew [ASC 16],18,18,226,0.07964601769911504,1.0,0.07964601769911504,Budew,pokemon,0,H
ogerpon-meganium-hydrapple,Bug Catching Set,220,899,226,0.9734513274336283,4.086363636363636,3.97787610619469,Bug Catching Set,trainer,0,H
ogerpon-meganium-hydrapple,Celebi [MEG 12],200,219,226,0.8849557522123894,1.095,0.9690265486725663,Celebi,pokemon,1,I
ogerpon-meganium-hydrapple,Chikorita [ASC 8],125,221,226,0.5530973451327433,1.768,0.9778761061946902,Chikorita,pokemon,1,J
ogerpon-meganium-hydrapple,Chikorita [MEG 8],124,221,226,0.5486725663716814,1.782258064516129,0.9778761061946902,Chikorita,pokemon,1,I
ogerpon-meganium-hydrapple,Chikorita [MEP 46],5,10,226,0.022123893805309734,2.0,0.04424778761061947,Chikorita,pokemon,1,J
ogerpon-meganium-hydrapple,Ciphermaniac's Codebreaking,104,105,226,0.46017699115044247,1.0096153846153846,0.4646017699115044,Ciphermaniac's Codebreaking,trainer,0,H
ogerpon-meganium-hydrapple,Colress's Tenacity,2,2,226,0.008849557522123894,1.0,0.008849557522123894,Colress's Tenacity,trainer,0,H
ogerpon-meganium-hydrapple,Community Center,1,1,226,0.004424778761061947,1.0,0.004424778761061947,Community Center,trainer,0,H
ogerpon-meganium-hydrapple,Cyrano,2,2,226,0.008849557522123894,1.0,0.008849557522123894,Cyrano,trainer,0,H
ogerpon-meganium-hydrapple,Dawn,170,266,226,0.7522123893805309,1.5647058823529412,1.176991150442478,Dawn,trainer,1,I
ogerpon-meganium-hydrapple,Dipplin [DRI 17],3,5,226,0.01327433628318584,1.6666666666666667,0.022123893805309734,Dipplin,pokemon,1,I
ogerpon-meganium-hydrapple,Dipplin [PRE 10],216,447,226,0.9557522123893806,2.0694444444444446,1.9778761061946903,Dipplin,pokemon,0,H
ogerpon-meganium-hydrapple,Dipplin [SCR 13],10,12,226,0.04424778761061947,1.2,0.05309734513274336,Dipplin,pokemon,0,H
ogerpon-meganium-hydrapple,Energy Recycler,1,1,226,0.004424778761061947,1.0,0.004424778761061947,Energy Recycler,trainer,1,I
ogerpon-meganium-hydrapple,Energy Retrieval,23,26,226,0.10176991150442478,1.1304347826086956,0.11504424778761062,Energy Retrieval,trainer,1,F/G/I
ogerpon-meganium-hydrapple,Energy Switch,8,10,226,0.035398230088495575,1.25,0.04424778761061947,Energy Switch,trainer,1,F/G/I
ogerpon-meganium-hydrapple,Exeggcute [30C 1],1,1,226,0.004424778761061947,1.0,0.004424778761061947,Exeggcute,pokemon,1,J
ogerpon-meganium-hydrapple,Festival Grounds,29,35,226,0.12831858407079647,1.206896551724138,0.15486725663716813,Festival Grounds,trainer,0,H
ogerpon-meganium-hydrapple,Fezandipiti ex [ASC 142],218,224,226,0.9646017699115044,1.0275229357798166,0.9911504424778761,Fezandipiti ex,pokemon,0,H
ogerpon-meganium-hydrapple,Forest of Vitality,220,804,226,0.9734513274336283,3.6545454545454548,3.5575221238938055,Forest of Vitality,trainer,1,I
ogerpon-meganium-hydrapple,Genesect [PFL 8],1,1,226,0.004424778761061947,1.0,0.004424778761061947,Genesect,pokemon,1,I
ogerpon-meganium-hydrapple,Grass Energy,220,2960,226,0.9734513274336283,13.454545454545455,13.097345132743364,Grass Energy,energy,1,basic
ogerpon-meganium-hydrapple,Growing Grass Energy,2,4,226,0.008849557522123894,2.0,0.017699115044247787,Growing Grass Energy,energy,1,J
ogerpon-meganium-hydrapple,Gwynn,11,20,226,0.048672566371681415,1.8181818181818181,0.08849557522123894,Gwynn,trainer,1,J
ogerpon-meganium-hydrapple,Hand Trimmer,1,1,226,0.004424778761061947,1.0,0.004424778761061947,Hand Trimmer,trainer,0,H
ogerpon-meganium-hydrapple,Handheld Fan,1,1,226,0.004424778761061947,1.0,0.004424778761061947,Handheld Fan,trainer,0,H
ogerpon-meganium-hydrapple,Harlequin,1,1,226,0.004424778761061947,1.0,0.004424778761061947,Harlequin,trainer,1,I
ogerpon-meganium-hydrapple,Hero's Cape,4,4,226,0.017699115044247787,1.0,0.017699115044247787,Hero's Cape,trainer,0,H
ogerpon-meganium-hydrapple,Hoothoot [PRE 77],4,4,226,0.017699115044247787,1.0,0.017699115044247787,Hoothoot,pokemon,0,H
ogerpon-meganium-hydrapple,Hoothoot [SCR 114],39,39,226,0.17256637168141592,1.0,0.17256637168141592,Hoothoot,pokemon,0,H
ogerpon-meganium-hydrapple,Hoothoot [TEF 126],3,3,226,0.01327433628318584,1.0,0.01327433628318584,Hoothoot,pokemon,0,H
ogerpon-meganium-hydrapple,Hydrapple ex [PRE 11],220,454,226,0.9734513274336283,2.0636363636363635,2.0088495575221237,Hydrapple ex,pokemon,0,H
ogerpon-meganium-hydrapple,Iron Leaves ex [PRE 176],1,1,226,0.004424778761061947,1.0,0.004424778761061947,Iron Leaves ex,pokemon,0,H
ogerpon-meganium-hydrapple,Jamming Tower,1,1,226,0.004424778761061947,1.0,0.004424778761061947,Jamming Tower,trainer,0,H
ogerpon-meganium-hydrapple,Judge,125,132,226,0.5530973451327433,1.056,0.584070796460177,Judge,trainer,1,G/J
ogerpon-meganium-hydrapple,Kieran,1,1,226,0.004424778761061947,1.0,0.004424778761061947,Kieran,trainer,0,H
ogerpon-meganium-hydrapple,Lana's Aid,214,224,226,0.9469026548672567,1.0467289719626167,0.9911504424778761,Lana's Aid,trainer,0,H
ogerpon-meganium-hydrapple,Lillie's Determination,220,890,226,0.9734513274336283,4.045454545454546,3.938053097345133,Lillie's Determination,trainer,1,I
ogerpon-meganium-hydrapple,Lucky Helmet,1,1,226,0.004424778761061947,1.0,0.004424778761061947,Lucky Helmet,trainer,0,H
ogerpon-meganium-hydrapple,Maractus [JTG 160],1,1,226,0.004424778761061947,1.0,0.004424778761061947,Maractus,pokemon,1,I
ogerpon-meganium-hydrapple,Max Rod,13,13,226,0.05752212389380531,1.0,0.05752212389380531,Max Rod,trainer,0,H
ogerpon-meganium-hydrapple,Mega Kangaskhan ex [MEG 104],1,2,226,0.004424778761061947,2.0,0.008849557522123894,Mega Kangaskhan ex,pokemon,1,I
ogerpon-meganium-hydrapple,Meganium [MEG 10],220,452,226,0.9734513274336283,2.0545454545454547,2.0,Meganium,pokemon,1,I
ogerpon-meganium-hydrapple,Meowth ex [POR 107],217,335,226,0.9601769911504425,1.543778801843318,1.4823008849557522,Meowth ex,pokemon,1,J
ogerpon-meganium-hydrapple,Morty's Conviction,1,1,226,0.004424778761061947,1.0,0.004424778761061947,Morty's Conviction,trainer,0,H
ogerpon-meganium-hydrapple,N's Plan,1,1,226,0.004424778761061947,1.0,0.004424778761061947,N's Plan,trainer,1,I
ogerpon-meganium-hydrapple,Night Stretcher,210,328,226,0.9292035398230089,1.561904761904762,1.4513274336283186,Night Stretcher,trainer,0,H
ogerpon-meganium-hydrapple,Noctowl [PRE 78],46,46,226,0.20353982300884957,1.0,0.20353982300884957,Noctowl,pokemon,0,H
ogerpon-meganium-hydrapple,Poké Ball,1,2,226,0.004424778761061947,2.0,0.008849557522123894,Poké Ball,trainer,1,F/G/J
ogerpon-meganium-hydrapple,Poké Pad,188,310,226,0.831858407079646,1.648936170212766,1.3716814159292035,Poké Pad,trainer,1,J
ogerpon-meganium-hydrapple,Pokégear 3.0,4,4,226,0.017699115044247787,1.0,0.017699115044247787,Pokégear 3.0,trainer,1,G/I
ogerpon-meganium-hydrapple,Prime Catcher,4,4,226,0.017699115044247787,1.0,0.017699115044247787,Prime Catcher,trainer,0,H
ogerpon-meganium-hydrapple,Psyduck [ASC 226],8,8,226,0.035398230088495575,1.0,0.035398230088495575,Psyduck,pokemon,1,I
ogerpon-meganium-hydrapple,Rabsca [TEF 24],2,2,226,0.008849557522123894,1.0,0.008849557522123894,Rabsca,pokemon,0,H
ogerpon-meganium-hydrapple,Rare Candy,2,2,226,0.008849557522123894,1.0,0.008849557522123894,Rare Candy,trainer,1,F/G/I
ogerpon-meganium-hydrapple,Regigigas [PRE 86],9,9,226,0.03982300884955752,1.0,0.03982300884955752,Regigigas,pokemon,0,H
ogerpon-meganium-hydrapple,Rellor [DRI 24],1,1,226,0.004424778761061947,1.0,0.004424778761061947,Rellor,pokemon,0,H
ogerpon-meganium-hydrapple,Rellor [TEF 23],1,1,226,0.004424778761061947,1.0,0.004424778761061947,Rellor,pokemon,0,H
ogerpon-meganium-hydrapple,Rosa's Encouragement,2,2,226,0.008849557522123894,1.0,0.008849557522123894,Rosa's Encouragement,trainer,1,J
ogerpon-meganium-hydrapple,Sacred Ash,2,2,226,0.008849557522123894,1.0,0.008849557522123894,Sacred Ash,trainer,1,I
ogerpon-meganium-hydrapple,Scoop Up Cyclone,7,7,226,0.030973451327433628,1.0,0.030973451327433628,Scoop Up Cyclone,trainer,0,H
ogerpon-meganium-hydrapple,Secret Box,4,4,226,0.017699115044247787,1.0,0.017699115044247787,Secret Box,trainer,0,H
ogerpon-meganium-hydrapple,Shaymin [DRI 10],3,3,226,0.01327433628318584,1.0,0.01327433628318584,Shaymin,pokemon,1,I
ogerpon-meganium-hydrapple,Shuckle [MEG 11],2,2,226,0.008849557522123894,1.0,0.008849557522123894,Shuckle,pokemon,1,I
ogerpon-meganium-hydrapple,Sparkling Crystal,1,1,226,0.004424778761061947,1.0,0.004424778761061947,Sparkling Crystal,trainer,0,H
ogerpon-meganium-hydrapple,Special Red Card,126,132,226,0.5575221238938053,1.0476190476190477,0.584070796460177,Special Red Card,trainer,1,J
ogerpon-meganium-hydrapple,Switch,12,13,226,0.05309734513274336,1.0833333333333333,0.05752212389380531,Switch,trainer,1,F/G/I
ogerpon-meganium-hydrapple,Tapu Bulu [SFA 6],191,197,226,0.8451327433628318,1.031413612565445,0.8716814159292036,Tapu Bulu,pokemon,0,H
ogerpon-meganium-hydrapple,Teal Mask Ogerpon ex [PRE 12],220,895,226,0.9734513274336283,4.068181818181818,3.9601769911504423,Teal Mask Ogerpon ex,pokemon,0,H
ogerpon-meganium-hydrapple,Team Rocket's Petrel,26,27,226,0.11504424778761062,1.0384615384615385,0.11946902654867257,Team Rocket's Petrel,trainer,1,I
ogerpon-meganium-hydrapple,Tool Scrapper,11,11,226,0.048672566371681415,1.0,0.048672566371681415,Tool Scrapper,trainer,1,I
ogerpon-meganium-hydrapple,Ultra Ball,218,676,226,0.9646017699115044,3.1009174311926606,2.9911504424778763,Ultra Ball,trainer,1,F/G/I
ogerpon-meganium-hydrapple,Unfair Stamp,188,193,226,0.831858407079646,1.0265957446808511,0.8539823008849557,Unfair Stamp,trainer,0,H
ogerpon-meganium-hydrapple,Xerosic's Machinations,26,27,226,0.11504424778761062,1.0384615384615385,0.11946902654867257,Xerosic's Machinations,trainer,0,H
ogerpon-meganium-hydrapple,Yanma [DRI 183],1,1,226,0.004424778761061947,1.0,0.004424778761061947,Yanma,pokemon,1,I
ogerpon-meganium-hydrapple,Yanmega ex [DRI 206],1,1,226,0.004424778761061947,1.0,0.004424778761061947,Yanmega ex,pokemon,1,I
okidogi-barbaracle,Air Balloon,10,20,12,0.8333333333333334,2.0,1.6666666666666667,Air Balloon,trainer,1,I
okidogi-barbaracle,Barbaracle [MEP 65],12,24,12,1.0,2.0,2.0,Barbaracle,pokemon,1,J
okidogi-barbaracle,Battle Cage,7,16,12,0.5833333333333334,2.2857142857142856,1.3333333333333333,Battle Cage,trainer,1,I
okidogi-barbaracle,Binacle [MEP 87],12,24,12,1.0,2.0,2.0,Binacle,pokemon,1,J
okidogi-barbaracle,Bloodmoon Ursaluna [PRE 54],11,11,12,0.9166666666666666,1.0,0.9166666666666666,Bloodmoon Ursaluna,pokemon,0,H
okidogi-barbaracle,Bloodmoon Ursaluna ex [PRE 168],1,1,12,0.08333333333333333,1.0,0.08333333333333333,Bloodmoon Ursaluna ex,pokemon,0,H
okidogi-barbaracle,Boss's Orders,12,37,12,1.0,3.0833333333333335,3.0833333333333335,Boss's Orders,trainer,1,G/I
okidogi-barbaracle,Brave Bangle,2,3,12,0.16666666666666666,1.5,0.25,Brave Bangle,trainer,1,I
okidogi-barbaracle,Brock's Scouting,3,4,12,0.25,1.3333333333333333,0.3333333333333333,Brock's Scouting,trainer,1,I
okidogi-barbaracle,Ciphermaniac's Codebreaking,5,5,12,0.4166666666666667,1.0,0.4166666666666667,Ciphermaniac's Codebreaking,trainer,0,H
okidogi-barbaracle,Colress's Tenacity,3,3,12,0.25,1.0,0.25,Colress's Tenacity,trainer,0,H
okidogi-barbaracle,Cornerstone Mask Ogerpon ex [PRE 160],8,8,12,0.6666666666666666,1.0,0.6666666666666666,Cornerstone Mask Ogerpon ex,pokemon,0,H
okidogi-barbaracle,Darkness Energy,1,1,12,0.08333333333333333,1.0,0.08333333333333333,Darkness Energy,energy,1,basic
okidogi-barbaracle,Deluxe Bomb,1,1,12,0.08333333333333333,1.0,0.08333333333333333,Deluxe Bomb,trainer,0,H
okidogi-barbaracle,Energy Recycler,1,1,12,0.08333333333333333,1.0,0.08333333333333333,Energy Recycler,trainer,1,I
okidogi-barbaracle,Energy Retrieval,6,7,12,0.5,1.1666666666666667,0.5833333333333334,Energy Retrieval,trainer,1,F/G/I
okidogi-barbaracle,Energy Switch,3,3,12,0.25,1.0,0.25,Energy Switch,trainer,1,F/G/I
okidogi-barbaracle,Fezandipiti ex [ASC 142],1,1,12,0.08333333333333333,1.0,0.08333333333333333,Fezandipiti ex,pokemon,0,H
okidogi-barbaracle,Fighting Energy,12,100,12,1.0,8.333333333333334,8.333333333333334,Fighting Energy,energy,1,basic
okidogi-barbaracle,Fighting Gong,12,48,12,1.0,4.0,4.0,Fighting Gong,trainer,1,I
okidogi-barbaracle,Genesect [SFA 40],2,2,12,0.16666666666666666,1.0,0.16666666666666666,Genesect,pokemon,0,H
okidogi-barbaracle,Gravity Mountain,1,2,12,0.08333333333333333,2.0,0.16666666666666666,Gravity Mountain,trainer,0,H
okidogi-barbaracle,Gwynn,5,9,12,0.4166666666666667,1.8,0.75,Gwynn,trainer,1,J
okidogi-barbaracle,Haban Berry,2,2,12,0.16666666666666666,1.0,0.16666666666666666,Haban Berry,trainer,0,H
okidogi-barbaracle,Hassel,3,5,12,0.25,1.6666666666666667,0.4166666666666667,Hassel,trainer,0,H
okidogi-barbaracle,Hero's Cape,1,1,12,0.08333333333333333,1.0,0.08333333333333333,Hero's Cape,trainer,0,H
okidogi-barbaracle,Hilda,1,2,12,0.08333333333333333,2.0,0.16666666666666666,Hilda,trainer,1,I
okidogi-barbaracle,Judge,1,2,12,0.08333333333333333,2.0,0.16666666666666666,Judge,trainer,1,G/J
okidogi-barbaracle,Kofu,1,2,12,0.08333333333333333,2.0,0.16666666666666666,Kofu,trainer,0,H
okidogi-barbaracle,Legacy Energy,10,10,12,0.8333333333333334,1.0,0.8333333333333334,Legacy Energy,energy,0,H
okidogi-barbaracle,Lillie's Clefairy ex [ASC 280],2,2,12,0.16666666666666666,1.0,0.16666666666666666,Lillie's Clefairy ex,pokemon,1,I
okidogi-barbaracle,Lillie's Determination,12,46,12,1.0,3.8333333333333335,3.8333333333333335,Lillie's Determination,trainer,1,I
okidogi-barbaracle,Lively Stadium,1,3,12,0.08333333333333333,3.0,0.25,Lively Stadium,trainer,0,H
okidogi-barbaracle,Lunatone [ASC 105],12,24,12,1.0,2.0,2.0,Lunatone,pokemon,1,I
okidogi-barbaracle,Moltres [PFL 14],7,7,12,0.5833333333333334,1.0,0.5833333333333334,Moltres,pokemon,1,I
okidogi-barbaracle,Morty's Conviction,1,2,12,0.08333333333333333,2.0,0.16666666666666666,Morty's Conviction,trainer,0,H
okidogi-barbaracle,Munkidori [ASC 99],1,1,12,0.08333333333333333,1.0,0.08333333333333333,Munkidori,pokemon,0,H
okidogi-barbaracle,Night Stretcher,12,23,12,1.0,1.9166666666666667,1.9166666666666667,Night Stretcher,trainer,0,H
okidogi-barbaracle,Nighttime Mine,1,3,12,0.08333333333333333,3.0,0.25,Nighttime Mine,trainer,1,I
okidogi-barbaracle,Okidogi [PRE 57],12,41,12,1.0,3.4166666666666665,3.4166666666666665,Okidogi,pokemon,0,H
okidogi-barbaracle,Patrat [CRI 70],2,2,12,0.16666666666666666,1.0,0.16666666666666666,Patrat,pokemon,1,J
okidogi-barbaracle,Poké Pad,12,48,12,1.0,4.0,4.0,Poké Pad,trainer,1,J
okidogi-barbaracle,Pokégear 3.0,6,11,12,0.5,1.8333333333333333,0.9166666666666666,Pokégear 3.0,trainer,1,G/I
okidogi-barbaracle,Premium Power Pro,7,14,12,0.5833333333333334,2.0,1.1666666666666667,Premium Power Pro,trainer,1,I
okidogi-barbaracle,Prism Energy,12,48,12,1.0,4.0,4.0,Prism Energy,energy,1,I
okidogi-barbaracle,Rocky Fighting Energy,4,7,12,0.3333333333333333,1.75,0.5833333333333334,Rocky Fighting Energy,energy,1,J
okidogi-barbaracle,Shaymin [DRI 10],10,10,12,0.8333333333333334,1.0,0.8333333333333334,Shaymin,pokemon,1,I
okidogi-barbaracle,Solrock [ASC 106],12,31,12,1.0,2.5833333333333335,2.5833333333333335,Solrock,pokemon,1,I
okidogi-barbaracle,Special Red Card,8,11,12,0.6666666666666666,1.375,0.9166666666666666,Special Red Card,trainer,1,J
okidogi-barbaracle,Switch,2,3,12,0.16666666666666666,1.5,0.25,Switch,trainer,1,F/G/I
okidogi-barbaracle,Tarragon,12,23,12,1.0,1.9166666666666667,1.9166666666666667,Tarragon,trainer,1,J
okidogi-barbaracle,Team Rocket's Petrel,2,2,12,0.16666666666666666,1.0,0.16666666666666666,Team Rocket's Petrel,trainer,1,I
okidogi-barbaracle,Team Rocket's Watchtower,1,1,12,0.08333333333333333,1.0,0.08333333333333333,Team Rocket's Watchtower,trainer,1,I
okidogi-barbaracle,Ultra Ball,2,2,12,0.16666666666666666,1.0,0.16666666666666666,Ultra Ball,trainer,1,F/G/I
okidogi-twm,Barbaracle [MEP 65],1,1,2,0.5,1.0,0.5,Barbaracle,pokemon,1,J
okidogi-twm,Battle Cage,1,3,2,0.5,3.0,1.5,Battle Cage,trainer,1,I
okidogi-twm,Binacle [MEP 87],1,1,2,0.5,1.0,0.5,Binacle,pokemon,1,J
okidogi-twm,Bloodmoon Ursaluna [PRE 54],1,1,2,0.5,1.0,0.5,Bloodmoon Ursaluna,pokemon,0,H
okidogi-twm,Bloodmoon Ursaluna ex [PRE 168],1,1,2,0.5,1.0,0.5,Bloodmoon Ursaluna ex,pokemon,0,H
okidogi-twm,Boss's Orders,2,6,2,1.0,3.0,3.0,Boss's Orders,trainer,1,G/I
okidogi-twm,Brock's Scouting,1,2,2,0.5,2.0,1.0,Brock's Scouting,trainer,1,I
okidogi-twm,Colress's Tenacity,2,4,2,1.0,2.0,2.0,Colress's Tenacity,trainer,0,H
okidogi-twm,Cornerstone Mask Ogerpon ex [PRE 160],2,2,2,1.0,1.0,1.0,Cornerstone Mask Ogerpon ex,pokemon,0,H
okidogi-twm,Crispin,2,5,2,1.0,2.5,2.5,Crispin,trainer,0,H
okidogi-twm,Crushing Hammer,1,4,2,0.5,4.0,2.0,Crushing Hammer,trainer,1,F/G/J
okidogi-twm,Crustle [DRI 12],1,2,2,0.5,2.0,1.0,Crustle,pokemon,1,I
okidogi-twm,Darkness Energy,2,5,2,1.0,2.5,2.5,Darkness Energy,energy,1,basic
okidogi-twm,Dwebble [DRI 11],1,2,2,0.5,2.0,1.0,Dwebble,pokemon,1,I
okidogi-twm,Fighting Energy,2,13,2,1.0,6.5,6.5,Fighting Energy,energy,1,basic
okidogi-twm,Fighting Gong,2,8,2,1.0,4.0,4.0,Fighting Gong,trainer,1,I
okidogi-twm,Grass Energy,1,1,2,0.5,1.0,0.5,Grass Energy,energy,1,basic
okidogi-twm,Handheld Fan,1,4,2,0.5,4.0,2.0,Handheld Fan,trainer,0,H
okidogi-twm,Hilda,1,1,2,0.5,1.0,0.5,Hilda,trainer,1,I
okidogi-twm,Legacy Energy,2,2,2,1.0,1.0,1.0,Legacy Energy,energy,0,H
okidogi-twm,Lillie's Determination,2,8,2,1.0,4.0,4.0,Lillie's Determination,trainer,1,I
okidogi-twm,Lively Stadium,1,2,2,0.5,2.0,1.0,Lively Stadium,trainer,0,H
okidogi-twm,Lunatone [ASC 105],1,2,2,0.5,2.0,1.0,Lunatone,pokemon,1,I
okidogi-twm,Munkidori [ASC 99],1,1,2,0.5,1.0,0.5,Munkidori,pokemon,0,H
okidogi-twm,Night Stretcher,2,3,2,1.0,1.5,1.5,Night Stretcher,trainer,0,H
okidogi-twm,Okidogi [PRE 57],2,8,2,1.0,4.0,4.0,Okidogi,pokemon,0,H
okidogi-twm,Poké Pad,2,5,2,1.0,2.5,2.5,Poké Pad,trainer,1,J
okidogi-twm,Pokégear 3.0,1,4,2,0.5,4.0,2.0,Pokégear 3.0,trainer,1,G/I
okidogi-twm,Prism Energy,2,8,2,1.0,4.0,4.0,Prism Energy,energy,1,I
okidogi-twm,Solrock [ASC 106],1,2,2,0.5,2.0,1.0,Solrock,pokemon,1,I
okidogi-twm,Special Red Card,1,1,2,0.5,1.0,0.5,Special Red Card,trainer,1,J
okidogi-twm,Switch,1,2,2,0.5,2.0,1.0,Switch,trainer,1,F/G/I
okidogi-twm,Tarragon,1,3,2,0.5,3.0,1.5,Tarragon,trainer,1,J
okidogi-twm,Xerosic's Machinations,1,3,2,0.5,3.0,1.5,Xerosic's Machinations,trainer,0,H
other,AZ's Tranquility,3,3,80,0.0375,1.0,0.0375,AZ's Tranquility,trainer,1,J
other,Abra [MEG 54],3,8,80,0.0375,2.6666666666666665,0.1,Abra,pokemon,1,I
other,Abra [TWM 80],2,5,80,0.025,2.5,0.0625,Abra,pokemon,0,H
other,Academy at Night,2,5,80,0.025,2.5,0.0625,Academy at Night,trainer,0,H
other,Acerola's Mischief,1,1,80,0.0125,1.0,0.0125,Acerola's Mischief,trainer,1,I
other,Air Balloon,22,27,80,0.275,1.2272727272727273,0.3375,Air Balloon,trainer,1,I
other,Alakazam [MEG 56],4,8,80,0.05,2.0,0.1,Alakazam,pokemon,1,I
other,Alakazam [TWM 82],1,1,80,0.0125,1.0,0.0125,Alakazam,pokemon,0,H
other,Amaura [POR 23],1,1,80,0.0125,1.0,0.0125,Amaura,pokemon,1,J
other,Amulet of Hope,2,2,80,0.025,1.0,0.025,Amulet of Hope,trainer,0,H
other,Antique Armor Fossil,7,20,80,0.0875,2.857142857142857,0.25,Antique Armor Fossil,trainer,1,J
other,Antique Cover Fossil,2,8,80,0.025,4.0,0.1,Antique Cover Fossil,trainer,0,H
other,Antique Jaw Fossil,2,8,80,0.025,4.0,0.1,Antique Jaw Fossil,trainer,1,J
other,Antique Plume Fossil,1,4,80,0.0125,4.0,0.05,Antique Plume Fossil,trainer,1,I
other,Antique Root Fossil,1,4,80,0.0125,4.0,0.05,Antique Root Fossil,trainer,0,H
other,Antique Sail Fossil,2,4,80,0.025,2.0,0.05,Antique Sail Fossil,trainer,1,J
other,Arboliva ex [DRI 207],1,2,80,0.0125,2.0,0.025,Arboliva ex,pokemon,1,I
other,Area Zero Underdepths,6,17,80,0.075,2.8333333333333335,0.2125,Area Zero Underdepths,trainer,0,H
other,Aromatisse [POR 36],3,5,80,0.0375,1.6666666666666667,0.0625,Aromatisse,pokemon,1,J
other,Aurorus [POR 24],2,4,80,0.025,2.0,0.05,Aurorus,pokemon,1,J
other,Avalugg [CRI 24],3,11,80,0.0375,3.6666666666666665,0.1375,Avalugg,pokemon,1,J
other,Azumarill ex [ASC 84],1,1,80,0.0125,1.0,0.0125,Azumarill ex,pokemon,1,J
other,Backtrack Badge,4,10,80,0.05,2.5,0.125,Backtrack Badge,trainer,1,J
other,Banette [PBL 34],7,27,80,0.0875,3.857142857142857,0.3375,Banette,pokemon,1,J
other,Bastiodon [MEP 85],7,15,80,0.0875,2.142857142857143,0.1875,Bastiodon,pokemon,1,J
other,Battle Cage,20,39,80,0.25,1.95,0.4875,Battle Cage,trainer,1,I
other,Bayleef [ASC 9],1,1,80,0.0125,1.0,0.0125,Bayleef,pokemon,1,J
other,Bayleef [MEG 9],1,2,80,0.0125,2.0,0.025,Bayleef,pokemon,1,I
other,Beldum [CRI 59],1,4,80,0.0125,4.0,0.05,Beldum,pokemon,1,J
other,Bergmite [CRI 23],3,11,80,0.0375,3.6666666666666665,0.1375,Bergmite,pokemon,1,J
other,Bianca's Devotion,1,1,80,0.0125,1.0,0.0125,Bianca's Devotion,trainer,0,H
other,Binding Mochi,1,1,80,0.0125,1.0,0.0125,Binding Mochi,trainer,0,H
other,Black Belt's Training,3,5,80,0.0375,1.6666666666666667,0.0625,Black Belt's Training,trainer,0,H
other,Bloodmoon Ursaluna [PRE 54],1,1,80,0.0125,1.0,0.0125,Bloodmoon Ursaluna,pokemon,0,H
other,Bloodmoon Ursaluna ex [PRE 168],5,5,80,0.0625,1.0,0.0625,Bloodmoon Ursaluna ex,pokemon,0,H
other,Boss's Orders,75,177,80,0.9375,2.36,2.2125,Boss's Orders,trainer,1,G/I
other,Boxed Order,1,1,80,0.0125,1.0,0.0125,Boxed Order,trainer,0,H
other,Brave Bangle,8,27,80,0.1,3.375,0.3375,Brave Bangle,trainer,1,I
other,Brilliant Blender,4,4,80,0.05,1.0,0.05,Brilliant Blender,trainer,0,H
other,Brock's Scouting,3,5,80,0.0375,1.6666666666666667,0.0625,Brock's Scouting,trainer,1,I
other,Bronzong [TEF 69],9,17,80,0.1125,1.8888888888888888,0.2125,Bronzong,pokemon,0,H
other,Bronzor [PRE 66],2,3,80,0.025,1.5,0.0375,Bronzor,pokemon,0,H
other,Bronzor [TEF 170],8,15,80,0.1,1.875,0.1875,Bronzor,pokemon,0,H
other,Bubbly Water Energy,3,4,80,0.0375,1.3333333333333333,0.05,Bubbly Water Energy,energy,1,J
other,Buddy-Buddy Poffin,35,98,80,0.4375,2.8,1.225,Buddy-Buddy Poffin,trainer,0,H
other,Budew [ASC 16],16,24,80,0.2,1.5,0.3,Budew,pokemon,0,H
other,Bug Catching Set,4,13,80,0.05,3.25,0.1625,Bug Catching Set,trainer,0,H
other,Buneary [MEG 107],5,5,80,0.0625,1.0,0.0625,Buneary,pokemon,1,I
other,Buneary [PFL 83],5,5,80,0.0625,1.0,0.0625,Buneary,pokemon,1,I
other,Canari,2,3,80,0.025,1.5,0.0375,Canari,trainer,1,I
other,Carmine,2,3,80,0.025,1.5,0.0375,Carmine,trainer,0,H
other,Carracosta [BLK 107],1,1,80,0.0125,1.0,0.0125,Carracosta,pokemon,1,I
other,Celebi [MEG 12],1,1,80,0.0125,1.0,0.0125,Celebi,pokemon,1,I
other,Chandelure [TWM 38],1,4,80,0.0125,4.0,0.05,Chandelure,pokemon,0,H
other,Chi-Yu [TWM 39],1,1,80,0.0125,1.0,0.0125,Chi-Yu,pokemon,0,H
other,Chien-Pao [POR 54],1,1,80,0.0125,1.0,0.0125,Chien-Pao,pokemon,1,J
other,Chikorita [ASC 8],1,3,80,0.0125,3.0,0.0375,Chikorita,pokemon,1,J
other,Cinderace [MEG 28],2,8,80,0.025,4.0,0.1,Cinderace,pokemon,1,I
other,Ciphermaniac's Codebreaking,8,18,80,0.1,2.25,0.225,Ciphermaniac's Codebreaking,trainer,0,H
other,Clefable [ASC 75],1,2,80,0.0125,2.0,0.025,Clefable,pokemon,0,H
other,Clefairy [POR 30],5,11,80,0.0625,2.2,0.1375,Clefairy,pokemon,1,J
other,Cofagrigus [WHT 123],1,2,80,0.0125,2.0,0.025,Cofagrigus,pokemon,1,I
other,Colress's Tenacity,8,19,80,0.1,2.375,0.2375,Colress's Tenacity,trainer,0,H
other,Comfey [SCR 63],1,2,80,0.0125,2.0,0.025,Comfey,pokemon,0,H
other,Cornerstone Mask Ogerpon ex [PRE 160],6,7,80,0.075,1.1666666666666667,0.0875,Cornerstone Mask Ogerpon ex,pokemon,0,H
other,Counter Gain,4,7,80,0.05,1.75,0.0875,Counter Gain,trainer,0,H
other,Crispin,21,61,80,0.2625,2.9047619047619047,0.7625,Crispin,trainer,0,H
other,Crushing Hammer,10,32,80,0.125,3.2,0.4,Crushing Hammer,trainer,1,F/G/J
other,Cyrano,7,10,80,0.0875,1.4285714285714286,0.125,Cyrano,trainer,0,H
other,Dangerous Laser,1,1,80,0.0125,1.0,0.0125,Dangerous Laser,trainer,0,H
other,Dark Bell,4,9,80,0.05,2.25,0.1125,Dark Bell,trainer,1,J
other,Darkness Energy,18,122,80,0.225,6.777777777777778,1.525,Darkness Energy,energy,1,basic
other,Dartrix [POR 11],1,2,80,0.0125,2.0,0.025,Dartrix,pokemon,1,J
other,Dawn,11,20,80,0.1375,1.8181818181818181,0.25,Dawn,trainer,1,I
other,Decidueye ex [POR 100],1,2,80,0.0125,2.0,0.025,Decidueye ex,pokemon,1,J
other,Dedenne [SSP 87],1,1,80,0.0125,1.0,0.0125,Dedenne,pokemon,0,H
other,Dhelmise [MEP 84],6,12,80,0.075,2.0,0.15,Dhelmise,pokemon,1,J
other,Dialga [SSP 135],1,1,80,0.0125,1.0,0.0125,Dialga,pokemon,0,H
other,Dolliv [DRI 22],1,2,80,0.0125,2.0,0.025,Dolliv,pokemon,1,I
other,Drakloak [ASC 159],2,4,80,0.025,2.0,0.05,Drakloak,pokemon,0,H
other,Dreepy [ASC 158],2,4,80,0.025,2.0,0.05,Dreepy,pokemon,0,H
other,Drifloon [SCR 60],1,1,80,0.0125,1.0,0.0125,Drifloon,pokemon,0,H
other,Drilbur [PBL 46],1,2,80,0.0125,2.0,0.025,Drilbur,pokemon,1,J
other,Dudunsparce [PRE 80],11,23,80,0.1375,2.090909090909091,0.2875,Dudunsparce,pokemon,0,H
other,Dunsparce [JTG 120],11,24,80,0.1375,2.1818181818181817,0.3,Dunsparce,pokemon,1,I
other,Dunsparce [PRE 79],3,3,80,0.0375,1.0,0.0375,Dunsparce,pokemon,0,H
other,Dusclops [PRE 36],9,18,80,0.1125,2.0,0.225,Dusclops,pokemon,0,H
other,Dusk Ball,6,11,80,0.075,1.8333333333333333,0.1375,Dusk Ball,trainer,0,H
other,Dusknoir [PRE 37],9,26,80,0.1125,2.888888888888889,0.325,Dusknoir,pokemon,0,H
other,Duskull [PRE 35],9,32,80,0.1125,3.5555555555555554,0.4,Duskull,pokemon,0,H
other,Eevee [30C 116],1,2,80,0.0125,2.0,0.025,Eevee,pokemon,1,J
other,Eevee [PRE 74],2,3,80,0.025,1.5,0.0375,Eevee,pokemon,0,H
other,Eevee [SFA 50],1,1,80,0.0125,1.0,0.0125,Eevee,pokemon,0,H
other,Eevee ex [PRE 167],1,1,80,0.0125,1.0,0.0125,Eevee ex,pokemon,0,H
other,Elgyem [BLK 120],2,4,80,0.025,2.0,0.05,Elgyem,pokemon,1,I
other,Emboar [WHT 13],1,2,80,0.0125,2.0,0.025,Emboar,pokemon,1,I
other,Empoleon ex [PFL 114],1,2,80,0.0125,2.0,0.025,Empoleon ex,pokemon,1,I
other,Enamorus [TWM 180],1,1,80,0.0125,1.0,0.0125,Enamorus,pokemon,0,H
other,Energy Recycler,6,9,80,0.075,1.5,0.1125,Energy Recycler,trainer,1,I
other,Energy Retrieval,3,4,80,0.0375,1.3333333333333333,0.05,Energy Retrieval,trainer,1,F/G/I
other,Energy Search,11,14,80,0.1375,1.2727272727272727,0.175,Energy Search,trainer,1,F/G/J
other,Energy Switch,10,22,80,0.125,2.2,0.275,Energy Switch,trainer,1,F/G/I
other,Enhanced Hammer,5,8,80,0.0625,1.6,0.1,Enhanced Hammer,trainer,0,H
other,Enriching Energy,7,7,80,0.0875,1.0,0.0875,Enriching Energy,energy,0,H
other,Eri,4,6,80,0.05,1.5,0.075,Eri,trainer,0,H
other,Espeon [30C 69],1,1,80,0.0125,1.0,0.0125,Espeon,pokemon,1,J
other,Ethan's Adventure,1,4,80,0.0125,4.0,0.05,Ethan's Adventure,trainer,1,I
other,Ethan's Cyndaquil [DRI 32],1,4,80,0.0125,4.0,0.05,Ethan's Cyndaquil,pokemon,1,I
other,Ethan's Pichu [DRI 71],4,15,80,0.05,3.75,0.1875,Ethan's Pichu,pokemon,1,I
other,Ethan's Quilava [DRI 33],1,4,80,0.0125,4.0,0.05,Ethan's Quilava,pokemon,1,I
other,Ethan's Sudowoodo [DRI 93],1,1,80,0.0125,1.0,0.0125,Ethan's Sudowoodo,pokemon,1,I
other,Ethan's Typhlosion [DRI 190],1,2,80,0.0125,2.0,0.025,Ethan's Typhlosion,pokemon,1,I
other,Explorer's Guidance,2,8,80,0.025,4.0,0.1,Explorer's Guidance,trainer,0,H
other,Fan Rotom [ASC 171],4,5,80,0.05,1.25,0.0625,Fan Rotom,pokemon,0,H
other,Festival Grounds,1,1,80,0.0125,1.0,0.0125,Festival Grounds,trainer,0,H
other,Fezandipiti [PRE 45],2,2,80,0.025,1.0,0.025,Fezandipiti,pokemon,0,H
other,Fezandipiti ex [ASC 142],26,26,80,0.325,1.0,0.325,Fezandipiti ex,pokemon,0,H
other,Fighting Energy,10,34,80,0.125,3.4,0.425,Fighting Energy,energy,1,basic
other,Fighting Gong,2,7,80,0.025,3.5,0.0875,Fighting Gong,trainer,1,I
other,Fire Energy,11,32,80,0.1375,2.909090909090909,0.4,Fire Energy,energy,1,basic
other,Flareon ex [PRE 14],2,2,80,0.025,1.0,0.025,Flareon ex,pokemon,0,H
other,Flutter Mane [PRE 43],8,8,80,0.1,1.0,0.1,Flutter Mane,pokemon,0,H
other,Fomantis [PBL 3],1,4,80,0.0125,4.0,0.05,Fomantis,pokemon,1,J
other,Forest of Vitality,4,13,80,0.05,3.25,0.1625,Forest of Vitality,trainer,1,I
other,Fossil Quarry,10,31,80,0.125,3.1,0.3875,Fossil Quarry,trainer,1,J
other,Frillish [WHT 126],7,11,80,0.0875,1.5714285714285714,0.1375,Frillish,pokemon,1,I
other,Froakie [CRI 20],1,3,80,0.0125,3.0,0.0375,Froakie,pokemon,1,J
other,Frogadier [CRI 21],1,2,80,0.0125,2.0,0.025,Frogadier,pokemon,1,J
other,Froslass [SVP 117],6,13,80,0.075,2.1666666666666665,0.1625,Froslass,pokemon,0,H
other,Frosmoth [MEG 43],1,2,80,0.0125,2.0,0.025,Frosmoth,pokemon,1,I
other,Galarian Obstagoon [ASC 132],1,2,80,0.0125,2.0,0.025,Galarian Obstagoon,pokemon,1,I
other,Genesect [SFA 40],2,2,80,0.025,1.0,0.025,Genesect,pokemon,0,H
other,Genesect ex [BLK 161],1,2,80,0.0125,2.0,0.025,Genesect ex,pokemon,1,I
other,Glass Trumpet,2,2,80,0.025,1.0,0.025,Glass Trumpet,trainer,0,H
other,Gourgeist ex [CRI 102],1,3,80,0.0125,3.0,0.0375,Gourgeist ex,pokemon,1,J
other,Grand Tree,2,2,80,0.025,1.0,0.025,Grand Tree,trainer,0,H
other,Grass Energy,11,59,80,0.1375,5.363636363636363,0.7375,Grass Energy,energy,1,basic
other,Gravity Gemstone,2,3,80,0.025,1.5,0.0375,Gravity Gemstone,trainer,0,H
other,Gravity Mountain,4,7,80,0.05,1.75,0.0875,Gravity Mountain,trainer,0,H
other,Great Haul Net,4,5,80,0.05,1.25,0.0625,Great Haul Net,trainer,1,J
other,Greninja ex [TWM 106],1,1,80,0.0125,1.0,0.0125,Greninja ex,pokemon,0,H
other,Grimsley's Move,1,4,80,0.0125,4.0,0.05,Grimsley's Move,trainer,1,I
other,Grookey [TWM 14],1,3,80,0.0125,3.0,0.0375,Grookey,pokemon,0,H
other,Growing Grass Energy,4,15,80,0.05,3.75,0.1875,Growing Grass Energy,energy,1,J
other,Gwynn,14,39,80,0.175,2.7857142857142856,0.4875,Gwynn,trainer,1,J
other,Haban Berry,1,1,80,0.0125,1.0,0.0125,Haban Berry,trainer,0,H
other,Handheld Fan,9,14,80,0.1125,1.5555555555555556,0.175,Handheld Fan,trainer,0,H
other,Hassel,3,5,80,0.0375,1.6666666666666667,0.0625,Hassel,trainer,0,H
other,Hawlucha [POR 46],1,4,80,0.0125,4.0,0.05,Hawlucha,pokemon,1,J
other,Heat Rotom [DRI 43],1,1,80,0.0125,1.0,0.0125,Heat Rotom,pokemon,1,I
other,Heavy Baton,1,2,80,0.0125,2.0,0.025,Heavy Baton,trainer,0,H
other,Hero's Cape,11,11,80,0.1375,1.0,0.1375,Hero's Cape,trainer,0,H
other,Hilda,33,87,80,0.4125,2.6363636363636362,1.0875,Hilda,trainer,1,I
other,Hoothoot [SCR 114],2,3,80,0.025,1.5,0.0375,Hoothoot,pokemon,0,H
other,Hoothoot [TEF 126],1,2,80,0.0125,2.0,0.025,Hoothoot,pokemon,0,H
other,Hop's Bag,2,5,80,0.025,2.5,0.0625,Hop's Bag,trainer,1,I
other,Hop's Choice Band,2,7,80,0.025,3.5,0.0875,Hop's Choice Band,trainer,1,I
other,Hop's Cramorant [ASC 177],2,4,80,0.025,2.0,0.05,Hop's Cramorant,pokemon,1,I
other,Hop's Phantump [ASC 95],2,8,80,0.025,4.0,0.1,Hop's Phantump,pokemon,1,I
other,Hop's Snorlax [JTG 117],2,4,80,0.025,2.0,0.05,Hop's Snorlax,pokemon,1,I
other,Hop's Trevenant [ASC 237],2,4,80,0.025,2.0,0.05,Hop's Trevenant,pokemon,1,I
other,Hop's Zacian ex [JTG 111],1,1,80,0.0125,1.0,0.0125,Hop's Zacian ex,pokemon,1,I
other,Hyper Aroma,1,1,80,0.0125,1.0,0.0125,Hyper Aroma,trainer,0,H
other,Igglybuff [30C 120],4,16,80,0.05,4.0,0.2,Igglybuff,pokemon,1,J
other,Ignition Energy,2,5,80,0.025,2.5,0.0625,Ignition Energy,energy,1,I
other,Iono's Bellibolt ex [ASC 279],1,3,80,0.0125,3.0,0.0375,Iono's Bellibolt ex,pokemon,1,I
other,Iono's Kilowattrel [ASC 72],1,2,80,0.0125,2.0,0.025,Iono's Kilowattrel,pokemon,1,I
other,Iono's Tadbulb [ASC 69],1,3,80,0.0125,3.0,0.0375,Iono's Tadbulb,pokemon,1,I
other,Iono's Wattrel [ASC 231],1,3,80,0.0125,3.0,0.0375,Iono's Wattrel,pokemon,1,I
other,Iron Boulder [PRE 46],1,3,80,0.0125,3.0,0.0375,Iron Boulder,pokemon,0,H
other,Iron Crown [SSP 132],1,1,80,0.0125,1.0,0.0125,Iron Crown,pokemon,0,H
other,Iron Crown ex [PRE 158],2,6,80,0.025,3.0,0.075,Iron Crown ex,pokemon,0,H
other,Iron Leaves [TWM 19],1,1,80,0.0125,1.0,0.0125,Iron Leaves,pokemon,0,H
other,Iron Leaves ex [PRE 176],2,5,80,0.025,2.5,0.0625,Iron Leaves ex,pokemon,0,H
other,Iron Thorns ex [PRE 32],1,1,80,0.0125,1.0,0.0125,Iron Thorns ex,pokemon,0,H
other,Jacinthe,3,6,80,0.0375,2.0,0.075,Jacinthe,trainer,1,J
other,Jamming Tower,7,10,80,0.0875,1.4285714285714286,0.125,Jamming Tower,trainer,0,H
other,Janine's Secret Art,1,1,80,0.0125,1.0,0.0125,Janine's Secret Art,trainer,0,H
other,Jellicent ex [WHT 160],2,5,80,0.025,2.5,0.0625,Jellicent ex,pokemon,1,I
other,Jolteon ex [PRE 153],1,1,80,0.0125,1.0,0.0125,Jolteon ex,pokemon,0,H
other,Judge,28,57,80,0.35,2.0357142857142856,0.7125,Judge,trainer,1,G/J
other,Jumbo Ice Cream,9,27,80,0.1125,3.0,0.3375,Jumbo Ice Cream,trainer,1,I
other,Jynx [PBL 32],1,2,80,0.0125,2.0,0.025,Jynx,pokemon,1,J
other,Kadabra [MEG 55],4,13,80,0.05,3.25,0.1625,Kadabra,pokemon,1,I
other,Kangaskhan [30C 114],1,4,80,0.0125,4.0,0.05,Kangaskhan,pokemon,1,J
other,Keldeo ex [WHT 159],1,1,80,0.0125,1.0,0.0125,Keldeo ex,pokemon,1,I
other,Kieran,4,4,80,0.05,1.0,0.05,Kieran,trainer,0,H
other,Kirlia [ASC 88],3,6,80,0.0375,2.0,0.075,Kirlia,pokemon,1,I
other,Koffing [JTG 91],1,3,80,0.0125,3.0,0.0375,Koffing,pokemon,1,I
other,Koraidon [PBL 47],1,1,80,0.0125,1.0,0.0125,Koraidon,pokemon,1,J
other,Koraidon ex [ASC 121],2,2,80,0.025,1.0,0.025,Koraidon ex,pokemon,1,J
other,Kyogre [MEG 34],3,8,80,0.0375,2.6666666666666665,0.1,Kyogre,pokemon,1,I
other,Kyurem [SFA 47],1,1,80,0.0125,1.0,0.0125,Kyurem,pokemon,0,H
other,Lacey,1,2,80,0.0125,2.0,0.025,Lacey,trainer,0,H
other,Lampent [PBL 37],1,4,80,0.0125,4.0,0.05,Lampent,pokemon,1,J
other,Lana's Aid,18,23,80,0.225,1.2777777777777777,0.2875,Lana's Aid,trainer,0,H
other,Larry's Skill,3,8,80,0.0375,2.6666666666666665,0.1,Larry's Skill,trainer,0,H
other,Latias [TEF 67],1,2,80,0.0125,2.0,0.025,Latias,pokemon,0,H
other,Latias ex [SSP 220],30,42,80,0.375,1.4,0.525,Latias ex,pokemon,0,H
other,Leafeon ex [PRE 144],1,1,80,0.0125,1.0,0.0125,Leafeon ex,pokemon,0,H
other,Legacy Energy,6,6,80,0.075,1.0,0.075,Legacy Energy,energy,0,H
other,Levincia,2,5,80,0.025,2.5,0.0625,Levincia,trainer,1,I
other,Lightning Energy,11,48,80,0.1375,4.363636363636363,0.6,Lightning Energy,energy,1,basic
other,Lillie's Clefairy ex [ASC 280],28,38,80,0.35,1.3571428571428572,0.475,Lillie's Clefairy ex,pokemon,1,I
other,Lillie's Determination,64,232,80,0.8,3.625,2.9,Lillie's Determination,trainer,1,I
other,Lillie's Pearl,6,8,80,0.075,1.3333333333333333,0.1,Lillie's Pearl,trainer,1,I
other,Lilligant [BLK 7],1,2,80,0.0125,2.0,0.025,Lilligant,pokemon,1,I
other,Lisia's Appeal,2,2,80,0.025,1.0,0.025,Lisia's Appeal,trainer,0,H
other,Litwick [PBL 36],1,4,80,0.0125,4.0,0.05,Litwick,pokemon,1,J
other,Lively Stadium,1,1,80,0.0125,1.0,0.0125,Lively Stadium,trainer,0,H
other,Love Ball,1,2,80,0.0125,2.0,0.025,Love Ball,trainer,0,H
other,Lucky Helmet,2,5,80,0.025,2.5,0.0625,Lucky Helmet,trainer,0,H
other,Lugia ex [PRE 82],1,4,80,0.0125,4.0,0.05,Lugia ex,pokemon,0,H
other,Lumiose City,1,2,80,0.0125,2.0,0.025,Lumiose City,trainer,1,J
other,Lunatone [ASC 105],2,4,80,0.025,2.0,0.05,Lunatone,pokemon,1,I
other,Lurantis ex [PBL 4],1,3,80,0.0125,3.0,0.0375,Lurantis ex,pokemon,1,J
other,Luxio [POR 27],1,2,80,0.0125,2.0,0.025,Luxio,pokemon,1,J
other,Luxray [POR 28],1,1,80,0.0125,1.0,0.0125,Luxray,pokemon,1,J
other,Luxray ex [TWM 195],1,2,80,0.0125,2.0,0.025,Luxray ex,pokemon,0,H
other,Lycanroc [JTG 166],3,10,80,0.0375,3.3333333333333335,0.125,Lycanroc,pokemon,1,I
other,Magnemite [MEG 45],2,4,80,0.025,2.0,0.05,Magnemite,pokemon,1,I
other,Magnetic Metal Energy,6,9,80,0.075,1.5,0.1125,Magnetic Metal Energy,energy,1,J
other,Magneton [SSP 59],2,4,80,0.025,2.0,0.05,Magneton,pokemon,0,H
other,Maractus [JTG 160],3,6,80,0.0375,2.0,0.075,Maractus,pokemon,1,I
other,Marill [ASC 232],1,1,80,0.0125,1.0,0.0125,Marill,pokemon,1,J
other,Maushold [30C 125],1,4,80,0.0125,4.0,0.05,Maushold,pokemon,1,J
other,Max Rod,3,3,80,0.0375,1.0,0.0375,Max Rod,trainer,0,H
other,Mega Abomasnow ex [MEG 157],1,1,80,0.0125,1.0,0.0125,Mega Abomasnow ex,pokemon,1,I
other,Mega Absol ex [MEG 161],4,7,80,0.05,1.75,0.0875,Mega Absol ex,pokemon,1,I
other,Mega Audino ex [ASC 172],3,8,80,0.0375,2.6666666666666665,0.1,Mega Audino ex,pokemon,1,J
other,Mega Chandelure ex [PBL 115],1,1,80,0.0125,1.0,0.0125,Mega Chandelure ex,pokemon,1,J
other,Mega Clefable ex [MEP 72],2,4,80,0.025,2.0,0.05,Mega Clefable ex,pokemon,1,J
other,Mega Darkrai ex [MEP 90],1,1,80,0.0125,1.0,0.0125,Mega Darkrai ex,pokemon,1,J
other,Mega Diancie ex [ASC 267],6,9,80,0.075,1.5,0.1125,Mega Diancie ex,pokemon,1,I
other,Mega Emboar ex [ASC 273],1,1,80,0.0125,1.0,0.0125,Mega Emboar ex,pokemon,1,J
other,Mega Excadrill ex [PBL 103],1,1,80,0.0125,1.0,0.0125,Mega Excadrill ex,pokemon,1,J
other,Mega Froslass ex [ASC 265],2,2,80,0.025,1.0,0.025,Mega Froslass ex,pokemon,1,I
other,Mega Gardevoir ex [ASC 89],3,6,80,0.0375,2.0,0.075,Mega Gardevoir ex,pokemon,1,I
other,Mega Greninja ex [CRI 100],1,1,80,0.0125,1.0,0.0125,Mega Greninja ex,pokemon,1,J
other,Mega Heracross ex [PFL 108],1,2,80,0.0125,2.0,0.025,Mega Heracross ex,pokemon,1,I
other,Mega Kangaskhan ex [MEG 104],15,44,80,0.1875,2.933333333333333,0.55,Mega Kangaskhan ex,pokemon,1,I
other,Mega Lopunny ex [PFL 115],5,8,80,0.0625,1.6,0.1,Mega Lopunny ex,pokemon,1,I
other,Mega Meganium ex [ASC 10],1,1,80,0.0125,1.0,0.0125,Mega Meganium ex,pokemon,1,J
other,Mega Signal,3,3,80,0.0375,1.0,0.0375,Mega Signal,trainer,1,I
other,Mega Slowbro ex [PBL 31],1,1,80,0.0125,1.0,0.0125,Mega Slowbro ex,pokemon,1,J
other,Mega Starmie ex [POR 102],1,1,80,0.0125,1.0,0.0125,Mega Starmie ex,pokemon,1,J
other,Mega Zeraora ex [MEP 89],2,7,80,0.025,3.5,0.0875,Mega Zeraora ex,pokemon,1,J
other,Meganium [MEG 10],1,2,80,0.0125,2.0,0.025,Meganium,pokemon,1,I
other,Meowth [30C 113],1,3,80,0.0125,3.0,0.0375,Meowth,pokemon,1,J
other,Meowth ex [POR 107],20,23,80,0.25,1.15,0.2875,Meowth ex,pokemon,1,J
other,Metagross [CRI 61],1,1,80,0.0125,1.0,0.0125,Metagross,pokemon,1,J
other,Metal Energy,6,30,80,0.075,5.0,0.375,Metal Energy,energy,1,basic
other,Metang [SVP 90],1,4,80,0.0125,4.0,0.05,Metang,pokemon,0,H
other,Mew ex [30C 152],7,12,80,0.0875,1.7142857142857142,0.15,Mew ex,pokemon,1,J
other,Miracle Headset,1,1,80,0.0125,1.0,0.0125,Miracle Headset,trainer,0,H
other,Miraidon [SVP 92],1,4,80,0.0125,4.0,0.05,Miraidon,pokemon,0,H
other,Mist Energy,21,49,80,0.2625,2.3333333333333335,0.6125,Mist Energy,energy,0,H
other,Misty's Vitality,2,4,80,0.025,2.0,0.05,Misty's Vitality,trainer,1,J
other,Moltres [PFL 14],1,1,80,0.0125,1.0,0.0125,Moltres,pokemon,1,I
other,Morty's Conviction,2,4,80,0.025,2.0,0.05,Morty's Conviction,trainer,0,H
other,Mow Rotom [DRI 9],1,2,80,0.0125,2.0,0.025,Mow Rotom,pokemon,1,I
other,Munkidori [ASC 99],13,28,80,0.1625,2.1538461538461537,0.35,Munkidori,pokemon,0,H
other,Munkidori ex [SFA 37],1,3,80,0.0125,3.0,0.0375,Munkidori ex,pokemon,0,H
other,Mystery Garden,6,18,80,0.075,3.0,0.225,Mystery Garden,trainer,1,I
other,N's Plan,3,4,80,0.0375,1.3333333333333333,0.05,N's Plan,trainer,1,I
other,Neo Upper Energy,2,2,80,0.025,1.0,0.025,Neo Upper Energy,energy,0,H
other,Neutralization Zone,5,5,80,0.0625,1.0,0.0625,Neutralization Zone,trainer,0,H
other,Night Stretcher,62,129,80,0.775,2.0806451612903225,1.6125,Night Stretcher,trainer,0,H
other,Nighttime Mine,2,3,80,0.025,1.5,0.0375,Nighttime Mine,trainer,1,I
other,Noctowl [PRE 78],3,5,80,0.0375,1.6666666666666667,0.0625,Noctowl,pokemon,0,H
other,Octillery [JTG 34],1,2,80,0.0125,2.0,0.025,Octillery,pokemon,1,I
other,Paldean Tauros [SSP 18],2,3,80,0.025,1.5,0.0375,Paldean Tauros,pokemon,0,H
other,Patrat [CRI 70],6,6,80,0.075,1.0,0.075,Patrat,pokemon,1,J
other,Pecharunt ex [PRE 163],4,5,80,0.05,1.25,0.0625,Pecharunt ex,pokemon,0,H
other,Perilous Jungle,1,2,80,0.0125,2.0,0.025,Perilous Jungle,trainer,0,H
other,Petilil [BLK 6],1,2,80,0.0125,2.0,0.025,Petilil,pokemon,1,I
other,Phantump [CRI 38],2,6,80,0.025,3.0,0.075,Phantump,pokemon,1,J
other,Pidove [TEF 133],1,4,80,0.0125,4.0,0.05,Pidove,pokemon,0,H
other,Pignite [WHT 12],1,2,80,0.0125,2.0,0.025,Pignite,pokemon,1,I
other,Pikachu ex [ASC 277],1,2,80,0.0125,2.0,0.025,Pikachu ex,pokemon,0,H
other,Pikipek [PBL 66],1,2,80,0.0125,2.0,0.025,Pikipek,pokemon,1,J
other,Piplup [PFL 27],1,2,80,0.0125,2.0,0.025,Piplup,pokemon,1,I
other,Poké Ball,1,2,80,0.0125,2.0,0.025,Poké Ball,trainer,1,F/G/J
other,Poké Pad,64,208,80,0.8,3.25,2.6,Poké Pad,trainer,1,J
other,Pokégear 3.0,26,69,80,0.325,2.6538461538461537,0.8625,Pokégear 3.0,trainer,1,G/I
other,Pokémon Catcher,8,16,80,0.1,2.0,0.2,Pokémon Catcher,trainer,1,F/G/J
other,Poltchageist [PBL 5],10,40,80,0.125,4.0,0.5,Poltchageist,pokemon,1,J
other,Postwick,3,9,80,0.0375,3.0,0.1125,Postwick,trainer,1,I
other,Powerglass,5,8,80,0.0625,1.6,0.1,Powerglass,trainer,0,H
other,Precious Trolley,4,4,80,0.05,1.0,0.05,Precious Trolley,trainer,0,H
other,Premium Power Pro,2,5,80,0.025,2.5,0.0625,Premium Power Pro,trainer,1,I
other,Prime Catcher,3,3,80,0.0375,1.0,0.0375,Prime Catcher,trainer,0,H
other,Prism Energy,5,7,80,0.0625,1.4,0.0875,Prism Energy,energy,1,I
other,Prism Tower,7,18,80,0.0875,2.5714285714285716,0.225,Prism Tower,trainer,1,J
other,Psychic Energy,47,163,80,0.5875,3.4680851063829787,2.0375,Psychic Energy,energy,1,basic
other,Psyduck [ASC 226],9,9,80,0.1125,1.0,0.1125,Psyduck,pokemon,1,I
other,Pumpkaboo [CRI 40],1,3,80,0.0125,3.0,0.0375,Pumpkaboo,pokemon,1,J
other,Punk Helmet,2,3,80,0.025,1.5,0.0375,Punk Helmet,trainer,1,I
other,Qwilfish [CRI 52],1,2,80,0.0125,2.0,0.025,Qwilfish,pokemon,1,J
other,Rabsca [TEF 24],1,1,80,0.0125,1.0,0.0125,Rabsca,pokemon,0,H
other,Raging Bolt [SCR 111],1,1,80,0.0125,1.0,0.0125,Raging Bolt,pokemon,0,H
other,Ralts [ASC 87],3,9,80,0.0375,3.0,0.1125,Ralts,pokemon,1,I
other,Rare Candy,26,65,80,0.325,2.5,0.8125,Rare Candy,trainer,1,F/G/I
other,Reboot Pod,1,1,80,0.0125,1.0,0.0125,Reboot Pod,trainer,0,H
other,Redeemable Ticket,3,4,80,0.0375,1.3333333333333333,0.05,Redeemable Ticket,trainer,1,I
other,Regigigas [PRE 86],1,1,80,0.0125,1.0,0.0125,Regigigas,pokemon,0,H
other,Relicanth [PBL 17],1,4,80,0.0125,4.0,0.05,Relicanth,pokemon,1,J
other,Relicanth [TEF 173],2,2,80,0.025,1.0,0.025,Relicanth,pokemon,0,H
other,Rellor [DRI 24],1,1,80,0.0125,1.0,0.0125,Rellor,pokemon,0,H
other,Remoraid [CRI 16],1,2,80,0.0125,2.0,0.025,Remoraid,pokemon,1,J
other,Risky Ruins,3,7,80,0.0375,2.3333333333333335,0.0875,Risky Ruins,trainer,1,I
other,Rockruff [JTG 84],3,9,80,0.0375,3.0,0.1125,Rockruff,pokemon,1,I
other,Rockruff [TEF 89],1,2,80,0.0125,2.0,0.025,Rockruff,pokemon,0,H
other,Rocky Fighting Energy,5,13,80,0.0625,2.6,0.1625,Rocky Fighting Energy,energy,1,J
other,Rosa's Encouragement,1,1,80,0.0125,1.0,0.0125,Rosa's Encouragement,trainer,1,J
other,Rotom [ASC 92],1,2,80,0.0125,2.0,0.025,Rotom,pokemon,1,I
other,Rotom [DRI 197],1,1,80,0.0125,1.0,0.0125,Rotom,pokemon,1,I
other,Rotom [SSP 61],1,1,80,0.0125,1.0,0.0125,Rotom,pokemon,0,H
other,Rotom ex [PFL 111],1,2,80,0.0125,2.0,0.025,Rotom ex,pokemon,1,I
other,Rowlet [SFA 3],1,2,80,0.0125,2.0,0.025,Rowlet,pokemon,0,H
other,Ruffian,2,2,80,0.025,1.0,0.025,Ruffian,trainer,1,I
other,Rust Syndicate Grunt,4,5,80,0.05,1.25,0.0625,Rust Syndicate Grunt,trainer,1,J
other,Sacred Ash,10,13,80,0.125,1.3,0.1625,Sacred Ash,trainer,1,I
other,Sacred Charm,3,6,80,0.0375,2.0,0.075,Sacred Charm,trainer,1,I
other,Salandit [POR 15],1,4,80,0.0125,4.0,0.05,Salandit,pokemon,1,J
other,Salazzle ex [POR 101],1,4,80,0.0125,4.0,0.05,Salazzle ex,pokemon,1,J
other,Salvatore,3,4,80,0.0375,1.3333333333333333,0.05,Salvatore,trainer,0,H
other,Scatterbug [SSP 5],1,2,80,0.0125,2.0,0.025,Scatterbug,pokemon,0,H
other,Scolipede [TWM 117],1,1,80,0.0125,1.0,0.0125,Scolipede,pokemon,0,H
other,Scoop Up Cyclone,2,2,80,0.025,1.0,0.025,Scoop Up Cyclone,trainer,0,H
other,Scramble Switch,1,1,80,0.0125,1.0,0.0125,Scramble Switch,trainer,0,H
other,Scream Tail [TEF 77],2,2,80,0.025,1.0,0.025,Scream Tail,pokemon,0,H
other,Secret Box,11,11,80,0.1375,1.0,0.1375,Secret Box,trainer,0,H
other,Shadowy Darkness Energy,1,4,80,0.0125,4.0,0.05,Shadowy Darkness Energy,energy,1,J
other,Shaymin [DRI 10],28,28,80,0.35,1.0,0.35,Shaymin,pokemon,1,I
other,Shieldon [PBL 61],7,11,80,0.0875,1.5714285714285714,0.1375,Shieldon,pokemon,1,J
other,Shinx [POR 26],1,3,80,0.0125,3.0,0.0375,Shinx,pokemon,1,J
other,Shuckle [MEG 11],1,2,80,0.0125,2.0,0.025,Shuckle,pokemon,1,I
other,Shuppet [PBL 33],7,27,80,0.0875,3.857142857142857,0.3375,Shuppet,pokemon,1,J
other,Sinistcha [PBL 6],6,24,80,0.075,4.0,0.3,Sinistcha,pokemon,1,J
other,Slowbro [MEP 83],1,1,80,0.0125,1.0,0.0125,Slowbro,pokemon,1,J
other,Slowking [SCR 58],1,1,80,0.0125,1.0,0.0125,Slowking,pokemon,0,H
other,Slowpoke [PBL 29],2,4,80,0.025,2.0,0.05,Slowpoke,pokemon,1,J
other,Smoliv [DRI 21],1,3,80,0.0125,3.0,0.0375,Smoliv,pokemon,1,I
other,Smoochum [SSP 75],1,1,80,0.0125,1.0,0.0125,Smoochum,pokemon,0,H
other,Snom [MEG 42],1,2,80,0.0125,2.0,0.025,Snom,pokemon,1,I
other,Snorunt [ASC 227],6,14,80,0.075,2.3333333333333335,0.175,Snorunt,pokemon,1,I
other,Snorunt [TWM 51],1,2,80,0.0125,2.0,0.025,Snorunt,pokemon,0,H
other,Snover [MEG 140],1,1,80,0.0125,1.0,0.0125,Snover,pokemon,1,I
other,Solrock [ASC 106],2,4,80,0.025,2.0,0.05,Solrock,pokemon,1,I
other,Sparkling Crystal,2,2,80,0.025,1.0,0.025,Sparkling Crystal,trainer,0,H
other,Special Red Card,35,42,80,0.4375,1.2,0.525,Special Red Card,trainer,1,J
other,Spewpa [POR 8],1,2,80,0.0125,2.0,0.025,Spewpa,pokemon,1,J
other,Spiky Energy,5,15,80,0.0625,3.0,0.1875,Spiky Energy,energy,1,I
other,Spiritomb [PBL 35],6,6,80,0.075,1.0,0.075,Spiritomb,pokemon,1,J
other,Spritzee [POR 35],3,6,80,0.0375,2.0,0.075,Spritzee,pokemon,1,J
other,Staryu [POR 20],1,1,80,0.0125,1.0,0.0125,Staryu,pokemon,1,J
other,Strange Timepiece,2,3,80,0.025,1.5,0.0375,Strange Timepiece,trainer,1,I
other,Surfer,2,2,80,0.025,1.0,0.025,Surfer,trainer,0,H
other,Surfing Beach,4,8,80,0.05,2.0,0.1,Surfing Beach,trainer,1,I
other,Swirlix [TWM 89],1,2,80,0.0125,2.0,0.025,Swirlix,pokemon,0,H
other,Switch,28,44,80,0.35,1.5714285714285714,0.55,Switch,trainer,1,F/G/I
other,Sylveon [PRE 40],1,1,80,0.0125,1.0,0.0125,Sylveon,pokemon,0,H
other,Sylveon ex [PRE 156],1,1,80,0.0125,1.0,0.0125,Sylveon ex,pokemon,0,H
other,Tandemaus [SSP 157],1,4,80,0.0125,4.0,0.05,Tandemaus,pokemon,0,H
other,Tapu Bulu [SFA 6],1,1,80,0.0125,1.0,0.0125,Tapu Bulu,pokemon,0,H
other,Tatsugiri [SVP 118],3,3,80,0.0375,1.0,0.0375,Tatsugiri,pokemon,0,H
other,Teal Mask Ogerpon [DRI 26],1,2,80,0.0125,2.0,0.025,Teal Mask Ogerpon,pokemon,1,I
other,Teal Mask Ogerpon ex [PRE 12],4,9,80,0.05,2.25,0.1125,Teal Mask Ogerpon ex,pokemon,0,H
other,Team Rocket's Arbok [DRI 113],1,3,80,0.0125,3.0,0.0375,Team Rocket's Arbok,pokemon,1,I
other,Team Rocket's Archer,2,4,80,0.025,2.0,0.05,Team Rocket's Archer,trainer,1,I
other,Team Rocket's Ariana,1,4,80,0.0125,4.0,0.05,Team Rocket's Ariana,trainer,1,I
other,Team Rocket's Chingling [DRI 85],1,1,80,0.0125,1.0,0.0125,Team Rocket's Chingling,pokemon,1,I
other,Team Rocket's Crobat ex [DRI 122],1,3,80,0.0125,3.0,0.0375,Team Rocket's Crobat ex,pokemon,1,I
other,Team Rocket's Ekans [DRI 112],1,3,80,0.0125,3.0,0.0375,Team Rocket's Ekans,pokemon,1,I
other,Team Rocket's Energy,2,8,80,0.025,4.0,0.1,Team Rocket's Energy,energy,1,I
other,Team Rocket's Factory,3,6,80,0.0375,2.0,0.075,Team Rocket's Factory,trainer,1,I
other,Team Rocket's Giovanni,2,5,80,0.025,2.5,0.0625,Team Rocket's Giovanni,trainer,1,I
other,Team Rocket's Golbat [DRI 121],1,4,80,0.0125,4.0,0.05,Team Rocket's Golbat,pokemon,1,I
other,Team Rocket's Hypnotizer,1,1,80,0.0125,1.0,0.0125,Team Rocket's Hypnotizer,trainer,1,I
other,Team Rocket's Koffing [DRI 125],1,4,80,0.0125,4.0,0.05,Team Rocket's Koffing,pokemon,1,I
other,Team Rocket's Mewtwo ex [ASC 281],1,1,80,0.0125,1.0,0.0125,Team Rocket's Mewtwo ex,pokemon,1,I
other,Team Rocket's Mimikyu [ASC 238],1,1,80,0.0125,1.0,0.0125,Team Rocket's Mimikyu,pokemon,1,I
other,Team Rocket's Petrel,26,71,80,0.325,2.730769230769231,0.8875,Team Rocket's Petrel,trainer,1,I
other,Team Rocket's Proton,2,4,80,0.025,2.0,0.05,Team Rocket's Proton,trainer,1,I
other,Team Rocket's Sneasel [DRI 128],2,2,80,0.025,1.0,0.025,Team Rocket's Sneasel,pokemon,1,I
other,Team Rocket's Transceiver,10,27,80,0.125,2.7,0.3375,Team Rocket's Transceiver,trainer,1,I
other,Team Rocket's Watchtower,8,14,80,0.1,1.75,0.175,Team Rocket's Watchtower,trainer,1,I
other,Team Rocket's Weezing [DRI 126],1,4,80,0.0125,4.0,0.05,Team Rocket's Weezing,pokemon,1,I
other,Team Rocket's Zubat [DRI 120],1,4,80,0.0125,4.0,0.05,Team Rocket's Zubat,pokemon,1,I
other,Technical Machine: Fluorite,2,3,80,0.025,1.5,0.0375,Technical Machine: Fluorite,trainer,0,H
other,Telepathic Psychic Energy,31,111,80,0.3875,3.5806451612903225,1.3875,Telepathic Psychic Energy,energy,1,J
other,Tepig [WHT 11],1,3,80,0.0125,3.0,0.0375,Tepig,pokemon,1,I
other,Tera Orb,2,5,80,0.025,2.5,0.0625,Tera Orb,trainer,0,H
other,Thwackey [SVP 115],1,3,80,0.0125,3.0,0.0375,Thwackey,pokemon,0,H
other,Ting-Lu [TWM 110],1,1,80,0.0125,1.0,0.0125,Ting-Lu,pokemon,0,H
other,Tirtouga [BLK 106],2,5,80,0.025,2.5,0.0625,Tirtouga,pokemon,1,I
other,Tool Scrapper,6,7,80,0.075,1.1666666666666667,0.0875,Tool Scrapper,trainer,1,I
other,Toucannon [PBL 68],1,2,80,0.0125,2.0,0.025,Toucannon,pokemon,1,J
other,Treasure Tracker,1,1,80,0.0125,1.0,0.0125,Treasure Tracker,trainer,0,H
other,Trevenant [CRI 39],2,5,80,0.025,2.5,0.0625,Trevenant,pokemon,1,J
other,Trumbeak [PBL 67],1,2,80,0.0125,2.0,0.025,Trumbeak,pokemon,1,J
other,Tyrantrum [MEP 66],2,7,80,0.025,3.5,0.0875,Tyrantrum,pokemon,1,J
other,Tyrogue [MEG 71],3,6,80,0.0375,2.0,0.075,Tyrogue,pokemon,1,I
other,Tyrunt [MEP 70],2,7,80,0.025,3.5,0.0875,Tyrunt,pokemon,1,J
other,Ultra Ball,54,159,80,0.675,2.9444444444444446,1.9875,Ultra Ball,trainer,1,F/G/I
other,Unfair Stamp,9,9,80,0.1125,1.0,0.1125,Unfair Stamp,trainer,0,H
other,Unfezant [BLK 150],1,4,80,0.0125,4.0,0.05,Unfezant,pokemon,1,I
other,Unown [30C 72],4,4,80,0.05,1.0,0.05,Unown,pokemon,1,J
other,Uxie [SSP 78],1,2,80,0.0125,2.0,0.025,Uxie,pokemon,0,H
other,Victini [SSP 21],1,2,80,0.0125,2.0,0.025,Victini,pokemon,0,H
other,Vivillon [POR 9],1,2,80,0.0125,2.0,0.025,Vivillon,pokemon,1,J
other,Voltaic Lightning Energy,5,13,80,0.0625,2.6,0.1625,Voltaic Lightning Energy,energy,1,J
other,Wailmer [PBL 15],1,3,80,0.0125,3.0,0.0375,Wailmer,pokemon,1,J
other,Wailord [JTG 162],1,1,80,0.0125,1.0,0.0125,Wailord,pokemon,1,I
other,Wailord ex [PBL 16],1,2,80,0.0125,2.0,0.025,Wailord ex,pokemon,1,J
other,Wally's Compassion,3,7,80,0.0375,2.3333333333333335,0.0875,Wally's Compassion,trainer,1,I
other,Wash Rotom [DRI 61],1,1,80,0.0125,1.0,0.0125,Wash Rotom,pokemon,1,I
other,Water Energy,17,117,80,0.2125,6.882352941176471,1.4625,Water Energy,energy,1,basic
other,Weezing [JTG 92],1,3,80,0.0125,3.0,0.0375,Weezing,pokemon,1,I
other,Wellspring Mask Ogerpon [DRI 67],1,1,80,0.0125,1.0,0.0125,Wellspring Mask Ogerpon,pokemon,1,I
other,Wellspring Mask Ogerpon ex [PRE 152],4,6,80,0.05,1.5,0.075,Wellspring Mask Ogerpon ex,pokemon,0,H
other,Wondrous Patch,17,42,80,0.2125,2.4705882352941178,0.525,Wondrous Patch,trainer,1,I
other,Xerneas [CRI 42],1,1,80,0.0125,1.0,0.0125,Xerneas,pokemon,1,J
other,Xerosic's Machinations,15,16,80,0.1875,1.0666666666666667,0.2,Xerosic's Machinations,trainer,0,H
other,Yamask [WHT 122],1,2,80,0.0125,2.0,0.025,Yamask,pokemon,1,I
other,Yanma [DRI 183],1,2,80,0.0125,2.0,0.025,Yanma,pokemon,1,I
other,Yanmega ex [DRI 206],1,2,80,0.0125,2.0,0.025,Yanmega ex,pokemon,1,I
other,Yveltal [30C 100],1,1,80,0.0125,1.0,0.0125,Yveltal,pokemon,1,J
other,Yveltal [MEG 88],8,10,80,0.1,1.25,0.125,Yveltal,pokemon,1,I
other,Yveltal [SFA 35],1,1,80,0.0125,1.0,0.0125,Yveltal,pokemon,0,H
other,Zacian [MEP 15],1,1,80,0.0125,1.0,0.0125,Zacian,pokemon,1,I
other,Zangoose [SSP 149],1,2,80,0.0125,2.0,0.025,Zangoose,pokemon,0,H
other,Zekrom ex [BLK 158],1,1,80,0.0125,1.0,0.0125,Zekrom ex,pokemon,1,I
palafin-ex,AZ's Tranquility,2,2,4,0.5,1.0,0.5,AZ's Tranquility,trainer,1,J
palafin-ex,Air Balloon,4,9,4,1.0,2.25,2.25,Air Balloon,trainer,1,I
palafin-ex,Antique Armor Fossil,1,3,4,0.25,3.0,0.75,Antique Armor Fossil,trainer,1,J
palafin-ex,Antique Root Fossil,1,2,4,0.25,2.0,0.5,Antique Root Fossil,trainer,0,H
palafin-ex,Bastiodon [MEP 85],1,1,4,0.25,1.0,0.25,Bastiodon,pokemon,1,J
palafin-ex,Black Belt's Training,1,1,4,0.25,1.0,0.25,Black Belt's Training,trainer,0,H
palafin-ex,Boss's Orders,4,9,4,1.0,2.25,2.25,Boss's Orders,trainer,1,G/I
palafin-ex,Bubbly Water Energy,1,1,4,0.25,1.0,0.25,Bubbly Water Energy,energy,1,J
palafin-ex,Buddy-Buddy Poffin,4,14,4,1.0,3.5,3.5,Buddy-Buddy Poffin,trainer,0,H
palafin-ex,Budew [ASC 16],1,1,4,0.25,1.0,0.25,Budew,pokemon,0,H
palafin-ex,Dudunsparce [PRE 80],4,8,4,1.0,2.0,2.0,Dudunsparce,pokemon,0,H
palafin-ex,Dudunsparce ex [JTG 121],1,1,4,0.25,1.0,0.25,Dudunsparce ex,pokemon,1,I
palafin-ex,Dunsparce [JTG 120],4,6,4,1.0,1.5,1.5,Dunsparce,pokemon,1,I
palafin-ex,Dunsparce [PRE 79],3,3,4,0.75,1.0,0.75,Dunsparce,pokemon,0,H
palafin-ex,Dusclops [PRE 36],1,1,4,0.25,1.0,0.25,Dusclops,pokemon,0,H
palafin-ex,Dusknoir [PRE 37],1,1,4,0.25,1.0,0.25,Dusknoir,pokemon,0,H
palafin-ex,Duskull [PRE 35],1,2,4,0.25,2.0,0.5,Duskull,pokemon,0,H
palafin-ex,Energy Retrieval,1,1,4,0.25,1.0,0.25,Energy Retrieval,trainer,1,F/G/I
palafin-ex,Energy Search,1,1,4,0.25,1.0,0.25,Energy Search,trainer,1,F/G/J
palafin-ex,Fan Rotom [ASC 171],1,1,4,0.25,1.0,0.25,Fan Rotom,pokemon,0,H
palafin-ex,Fezandipiti ex [ASC 142],1,1,4,0.25,1.0,0.25,Fezandipiti ex,pokemon,0,H
palafin-ex,Finizen [TWM 59],4,13,4,1.0,3.25,3.25,Finizen,pokemon,0,H
palafin-ex,Fossil Quarry,1,3,4,0.25,3.0,0.75,Fossil Quarry,trainer,1,J
palafin-ex,Froakie [CRI 20],1,2,4,0.25,2.0,0.5,Froakie,pokemon,1,J
palafin-ex,Frogadier [CRI 21],1,2,4,0.25,2.0,0.5,Frogadier,pokemon,1,J
palafin-ex,Great Haul Net,3,4,4,0.75,1.3333333333333333,1.0,Great Haul Net,trainer,1,J
palafin-ex,Gwynn,1,3,4,0.25,3.0,0.75,Gwynn,trainer,1,J
palafin-ex,Hilda,3,5,4,0.75,1.6666666666666667,1.25,Hilda,trainer,1,I
palafin-ex,Kieran,3,4,4,0.75,1.3333333333333333,1.0,Kieran,trainer,0,H
palafin-ex,Lillie's Determination,4,16,4,1.0,4.0,4.0,Lillie's Determination,trainer,1,I
palafin-ex,Maximum Belt,1,1,4,0.25,1.0,0.25,Maximum Belt,trainer,0,H
palafin-ex,Mega Greninja ex [CRI 100],1,2,4,0.25,2.0,0.5,Mega Greninja ex,pokemon,1,J
palafin-ex,Mega Starmie ex [POR 102],1,2,4,0.25,2.0,0.5,Mega Starmie ex,pokemon,1,J
palafin-ex,Meowth ex [POR 107],3,4,4,0.75,1.3333333333333333,1.0,Meowth ex,pokemon,1,J
palafin-ex,Night Stretcher,4,5,4,1.0,1.25,1.25,Night Stretcher,trainer,0,H
palafin-ex,Palafin [TEF 49],3,4,4,0.75,1.3333333333333333,1.0,Palafin,pokemon,0,H
palafin-ex,Palafin [TWM 60],4,9,4,1.0,2.25,2.25,Palafin,pokemon,0,H
palafin-ex,Palafin ex [PRE 151],4,10,4,1.0,2.5,2.5,Palafin ex,pokemon,0,H
palafin-ex,Patrat [CRI 70],1,1,4,0.25,1.0,0.25,Patrat,pokemon,1,J
palafin-ex,Poké Pad,4,15,4,1.0,3.75,3.75,Poké Pad,trainer,1,J
palafin-ex,Pokégear 3.0,2,6,4,0.5,3.0,1.5,Pokégear 3.0,trainer,1,G/I
palafin-ex,Rare Candy,1,2,4,0.25,2.0,0.5,Rare Candy,trainer,1,F/G/I
palafin-ex,Sacred Ash,1,1,4,0.25,1.0,0.25,Sacred Ash,trainer,1,I
palafin-ex,Scoop Up Cyclone,1,1,4,0.25,1.0,0.25,Scoop Up Cyclone,trainer,0,H
palafin-ex,Secret Box,2,2,4,0.5,1.0,0.5,Secret Box,trainer,0,H
palafin-ex,Shaymin [DRI 10],1,1,4,0.25,1.0,0.25,Shaymin,pokemon,1,I
palafin-ex,Special Red Card,4,4,4,1.0,1.0,1.0,Special Red Card,trainer,1,J
palafin-ex,Staryu [POR 20],1,2,4,0.25,2.0,0.5,Staryu,pokemon,1,J
palafin-ex,Surfing Beach,3,10,4,0.75,3.3333333333333335,2.5,Surfing Beach,trainer,1,I
palafin-ex,Switch,4,6,4,1.0,1.5,1.5,Switch,trainer,1,F/G/I
palafin-ex,Team Rocket's Petrel,1,4,4,0.25,4.0,1.0,Team Rocket's Petrel,trainer,1,I
palafin-ex,Ultra Ball,2,6,4,0.5,3.0,1.5,Ultra Ball,trainer,1,F/G/I
palafin-ex,Water Energy,4,21,4,1.0,5.25,5.25,Water Energy,energy,1,basic
paldean-tauros-pfl,Air Balloon,2,4,2,1.0,2.0,2.0,Air Balloon,trainer,1,I
paldean-tauros-pfl,Backtrack Badge,1,2,2,0.5,2.0,1.0,Backtrack Badge,trainer,1,J
paldean-tauros-pfl,Boss's Orders,2,6,2,1.0,3.0,3.0,Boss's Orders,trainer,1,G/I
paldean-tauros-pfl,Brave Bangle,1,2,2,0.5,2.0,1.0,Brave Bangle,trainer,1,I
paldean-tauros-pfl,Counter Gain,1,1,2,0.5,1.0,0.5,Counter Gain,trainer,0,H
paldean-tauros-pfl,Crispin,1,3,2,0.5,3.0,1.5,Crispin,trainer,0,H
paldean-tauros-pfl,Darkness Energy,1,1,2,0.5,1.0,0.5,Darkness Energy,energy,1,basic
paldean-tauros-pfl,Energy Recycler,1,1,2,0.5,1.0,0.5,Energy Recycler,trainer,1,I
paldean-tauros-pfl,Fezandipiti ex [ASC 142],1,1,2,0.5,1.0,0.5,Fezandipiti ex,pokemon,0,H
paldean-tauros-pfl,Fighting Energy,2,13,2,1.0,6.5,6.5,Fighting Energy,energy,1,basic
paldean-tauros-pfl,Fighting Gong,2,8,2,1.0,4.0,4.0,Fighting Gong,trainer,1,I
paldean-tauros-pfl,Fire Energy,1,1,2,0.5,1.0,0.5,Fire Energy,energy,1,basic
paldean-tauros-pfl,Gravity Gemstone,1,2,2,0.5,2.0,1.0,Gravity Gemstone,trainer,0,H
paldean-tauros-pfl,Hassel,1,2,2,0.5,2.0,1.0,Hassel,trainer,0,H
paldean-tauros-pfl,Lana's Aid,1,1,2,0.5,1.0,0.5,Lana's Aid,trainer,0,H
paldean-tauros-pfl,Lillie's Determination,2,7,2,1.0,3.5,3.5,Lillie's Determination,trainer,1,I
paldean-tauros-pfl,Night Stretcher,2,3,2,1.0,1.5,1.5,Night Stretcher,trainer,0,H
paldean-tauros-pfl,Paldean Tauros [PFL 48],2,8,2,1.0,4.0,4.0,Paldean Tauros,pokemon,1,I
paldean-tauros-pfl,Poké Pad,2,8,2,1.0,4.0,4.0,Poké Pad,trainer,1,J
paldean-tauros-pfl,Pokégear 3.0,2,6,2,1.0,3.0,3.0,Pokégear 3.0,trainer,1,G/I
paldean-tauros-pfl,Premium Power Pro,1,3,2,0.5,3.0,1.5,Premium Power Pro,trainer,1,I
paldean-tauros-pfl,Psychic Energy,1,1,2,0.5,1.0,0.5,Psychic Energy,energy,1,basic
paldean-tauros-pfl,Risky Ruins,2,8,2,1.0,4.0,4.0,Risky Ruins,trainer,1,I
paldean-tauros-pfl,Secret Box,2,2,2,1.0,1.0,1.0,Secret Box,trainer,0,H
paldean-tauros-pfl,Special Red Card,2,2,2,1.0,1.0,1.0,Special Red Card,trainer,1,J
paldean-tauros-pfl,Tarragon,1,2,2,0.5,2.0,1.0,Tarragon,trainer,1,J
paldean-tauros-pfl,Tauros [CRI 69],2,8,2,1.0,4.0,4.0,Tauros,pokemon,1,J
paldean-tauros-pfl,Team Rocket's Petrel,2,8,2,1.0,4.0,4.0,Team Rocket's Petrel,trainer,1,I
paldean-tauros-pfl,Team Rocket's Transceiver,1,4,2,0.5,4.0,2.0,Team Rocket's Transceiver,trainer,1,I
paldean-tauros-pfl,Team Rocket's Watchtower,1,1,2,0.5,1.0,0.5,Team Rocket's Watchtower,trainer,1,I
paldean-tauros-pfl,Xerosic's Machinations,1,1,2,0.5,1.0,0.5,Xerosic's Machinations,trainer,0,H
raging-bolt-ogerpon,Area Zero Underdepths,65,201,78,0.8333333333333334,3.0923076923076924,2.576923076923077,Area Zero Underdepths,trainer,0,H
raging-bolt-ogerpon,Battle Cage,4,5,78,0.05128205128205128,1.25,0.0641025641025641,Battle Cage,trainer,1,I
raging-bolt-ogerpon,Bloodmoon Ursaluna ex [PRE 168],1,1,78,0.01282051282051282,1.0,0.01282051282051282,Bloodmoon Ursaluna ex,pokemon,0,H
raging-bolt-ogerpon,Boss's Orders,74,149,78,0.9487179487179487,2.0135135135135136,1.9102564102564104,Boss's Orders,trainer,1,G/I
raging-bolt-ogerpon,Briar,1,1,78,0.01282051282051282,1.0,0.01282051282051282,Briar,trainer,0,H
raging-bolt-ogerpon,Buddy-Buddy Poffin,1,2,78,0.01282051282051282,2.0,0.02564102564102564,Buddy-Buddy Poffin,trainer,0,H
raging-bolt-ogerpon,Bug Catching Set,15,53,78,0.19230769230769232,3.533333333333333,0.6794871794871795,Bug Catching Set,trainer,0,H
raging-bolt-ogerpon,Chien-Pao [SSP 56],53,53,78,0.6794871794871795,1.0,0.6794871794871795,Chien-Pao,pokemon,0,H
raging-bolt-ogerpon,Ciphermaniac's Codebreaking,46,47,78,0.5897435897435898,1.0217391304347827,0.6025641025641025,Ciphermaniac's Codebreaking,trainer,0,H
raging-bolt-ogerpon,Crispin,77,308,78,0.9871794871794872,4.0,3.948717948717949,Crispin,trainer,0,H
raging-bolt-ogerpon,Crushing Hammer,1,3,78,0.01282051282051282,3.0,0.038461538461538464,Crushing Hammer,trainer,1,F/G/J
raging-bolt-ogerpon,Cyrano,64,122,78,0.8205128205128205,1.90625,1.564102564102564,Cyrano,trainer,0,H
raging-bolt-ogerpon,Enamorus [TWM 180],19,19,78,0.24358974358974358,1.0,0.24358974358974358,Enamorus,pokemon,0,H
raging-bolt-ogerpon,Energy Recycler,4,4,78,0.05128205128205128,1.0,0.05128205128205128,Energy Recycler,trainer,1,I
raging-bolt-ogerpon,Energy Retrieval,26,43,78,0.3333333333333333,1.6538461538461537,0.5512820512820513,Energy Retrieval,trainer,1,F/G/I
raging-bolt-ogerpon,Energy Search,2,4,78,0.02564102564102564,2.0,0.05128205128205128,Energy Search,trainer,1,F/G/J
raging-bolt-ogerpon,Energy Switch,69,246,78,0.8846153846153846,3.5652173913043477,3.1538461538461537,Energy Switch,trainer,1,F/G/I
raging-bolt-ogerpon,Enhanced Hammer,1,1,78,0.01282051282051282,1.0,0.01282051282051282,Enhanced Hammer,trainer,0,H
raging-bolt-ogerpon,Fan Rotom [ASC 171],2,3,78,0.02564102564102564,1.5,0.038461538461538464,Fan Rotom,pokemon,0,H
raging-bolt-ogerpon,Fezandipiti ex [ASC 142],72,73,78,0.9230769230769231,1.0138888888888888,0.9358974358974359,Fezandipiti ex,pokemon,0,H
raging-bolt-ogerpon,Fighting Energy,77,194,78,0.9871794871794872,2.5194805194805197,2.4871794871794872,Fighting Energy,energy,1,basic
raging-bolt-ogerpon,Fire Energy,1,1,78,0.01282051282051282,1.0,0.01282051282051282,Fire Energy,energy,1,basic
raging-bolt-ogerpon,Flutter Mane [PRE 43],1,1,78,0.01282051282051282,1.0,0.01282051282051282,Flutter Mane,pokemon,0,H
raging-bolt-ogerpon,Glass Trumpet,64,118,78,0.8205128205128205,1.84375,1.5128205128205128,Glass Trumpet,trainer,0,H
raging-bolt-ogerpon,Grass Energy,77,572,78,0.9871794871794872,7.428571428571429,7.333333333333333,Grass Energy,energy,1,basic
raging-bolt-ogerpon,Hero's Cape,4,4,78,0.05128205128205128,1.0,0.05128205128205128,Hero's Cape,trainer,0,H
raging-bolt-ogerpon,Hoothoot [SCR 114],2,3,78,0.02564102564102564,1.5,0.038461538461538464,Hoothoot,pokemon,0,H
raging-bolt-ogerpon,Hoothoot [TEF 126],1,2,78,0.01282051282051282,2.0,0.02564102564102564,Hoothoot,pokemon,0,H
raging-bolt-ogerpon,Iron Boulder ex [SVP 147],1,1,78,0.01282051282051282,1.0,0.01282051282051282,Iron Boulder ex,pokemon,0,H
raging-bolt-ogerpon,Iron Crown ex [PRE 158],39,41,78,0.5,1.0512820512820513,0.5256410256410257,Iron Crown ex,pokemon,0,H
raging-bolt-ogerpon,Iron Leaves ex [PRE 176],56,56,78,0.717948717948718,1.0,0.717948717948718,Iron Leaves ex,pokemon,0,H
raging-bolt-ogerpon,Jamming Tower,13,13,78,0.16666666666666666,1.0,0.16666666666666666,Jamming Tower,trainer,0,H
raging-bolt-ogerpon,Judge,19,20,78,0.24358974358974358,1.0526315789473684,0.2564102564102564,Judge,trainer,1,G/J
raging-bolt-ogerpon,Jumbo Ice Cream,1,2,78,0.01282051282051282,2.0,0.02564102564102564,Jumbo Ice Cream,trainer,1,I
raging-bolt-ogerpon,Kieran,1,1,78,0.01282051282051282,1.0,0.01282051282051282,Kieran,trainer,0,H
raging-bolt-ogerpon,Koraidon [SSP 116],8,8,78,0.10256410256410256,1.0,0.10256410256410256,Koraidon,pokemon,0,H
raging-bolt-ogerpon,Koraidon ex [ASC 121],2,2,78,0.02564102564102564,1.0,0.02564102564102564,Koraidon ex,pokemon,1,J
raging-bolt-ogerpon,Lana's Aid,2,3,78,0.02564102564102564,1.5,0.038461538461538464,Lana's Aid,trainer,0,H
raging-bolt-ogerpon,Latias ex [SSP 220],73,135,78,0.9358974358974359,1.8493150684931507,1.7307692307692308,Latias ex,pokemon,0,H
raging-bolt-ogerpon,Levincia,2,2,78,0.02564102564102564,1.0,0.02564102564102564,Levincia,trainer,1,I
raging-bolt-ogerpon,Lightning Energy,77,193,78,0.9871794871794872,2.5064935064935066,2.4743589743589745,Lightning Energy,energy,1,basic
raging-bolt-ogerpon,Lillie's Clefairy ex [ASC 280],61,90,78,0.782051282051282,1.4754098360655739,1.1538461538461537,Lillie's Clefairy ex,pokemon,1,I
raging-bolt-ogerpon,Lillie's Determination,42,81,78,0.5384615384615384,1.9285714285714286,1.0384615384615385,Lillie's Determination,trainer,1,I
raging-bolt-ogerpon,Lillie's Pearl,2,2,78,0.02564102564102564,1.0,0.02564102564102564,Lillie's Pearl,trainer,1,I
raging-bolt-ogerpon,Lively Stadium,2,3,78,0.02564102564102564,1.5,0.038461538461538464,Lively Stadium,trainer,0,H
raging-bolt-ogerpon,Lucian,1,1,78,0.01282051282051282,1.0,0.01282051282051282,Lucian,trainer,0,H
raging-bolt-ogerpon,Maractus [JTG 160],1,1,78,0.01282051282051282,1.0,0.01282051282051282,Maractus,pokemon,1,I
raging-bolt-ogerpon,Mega Kangaskhan ex [MEG 104],63,200,78,0.8076923076923077,3.1746031746031744,2.5641025641025643,Mega Kangaskhan ex,pokemon,1,I
raging-bolt-ogerpon,Meowth ex [POR 107],67,178,78,0.8589743589743589,2.656716417910448,2.282051282051282,Meowth ex,pokemon,1,J
raging-bolt-ogerpon,Mew ex [30C 152],3,4,78,0.038461538461538464,1.3333333333333333,0.05128205128205128,Mew ex,pokemon,1,J
raging-bolt-ogerpon,Mist Energy,1,2,78,0.01282051282051282,2.0,0.02564102564102564,Mist Energy,energy,0,H
raging-bolt-ogerpon,Misty's Vitality,1,4,78,0.01282051282051282,4.0,0.05128205128205128,Misty's Vitality,trainer,1,J
raging-bolt-ogerpon,N's Plan,4,4,78,0.05128205128205128,1.0,0.05128205128205128,N's Plan,trainer,1,I
raging-bolt-ogerpon,Night Stretcher,70,137,78,0.8974358974358975,1.957142857142857,1.7564102564102564,Night Stretcher,trainer,0,H
raging-bolt-ogerpon,Noctowl [PRE 78],2,5,78,0.02564102564102564,2.5,0.0641025641025641,Noctowl,pokemon,0,H
raging-bolt-ogerpon,Ogre's Mask,1,1,78,0.01282051282051282,1.0,0.01282051282051282,Ogre's Mask,trainer,0,H
raging-bolt-ogerpon,Paldean Tauros [SSP 18],1,1,78,0.01282051282051282,1.0,0.01282051282051282,Paldean Tauros,pokemon,0,H
raging-bolt-ogerpon,Passimian [SSP 111],20,20,78,0.2564102564102564,1.0,0.2564102564102564,Passimian,pokemon,0,H
raging-bolt-ogerpon,Poké Ball,1,4,78,0.01282051282051282,4.0,0.05128205128205128,Poké Ball,trainer,1,F/G/J
raging-bolt-ogerpon,Poké Pad,2,3,78,0.02564102564102564,1.5,0.038461538461538464,Poké Pad,trainer,1,J
raging-bolt-ogerpon,Pokégear 3.0,14,42,78,0.1794871794871795,3.0,0.5384615384615384,Pokégear 3.0,trainer,1,G/I
raging-bolt-ogerpon,Pokémon Catcher,12,37,78,0.15384615384615385,3.0833333333333335,0.47435897435897434,Pokémon Catcher,trainer,1,F/G/J
raging-bolt-ogerpon,Precious Trolley,1,1,78,0.01282051282051282,1.0,0.01282051282051282,Precious Trolley,trainer,0,H
raging-bolt-ogerpon,Prime Catcher,38,39,78,0.48717948717948717,1.0263157894736843,0.5,Prime Catcher,trainer,0,H
raging-bolt-ogerpon,Prism Energy,2,2,78,0.02564102564102564,1.0,0.02564102564102564,Prism Energy,energy,1,I
raging-bolt-ogerpon,Psychic Energy,62,124,78,0.7948717948717948,2.0,1.5897435897435896,Psychic Energy,energy,1,basic
raging-bolt-ogerpon,Psyduck [ASC 226],1,1,78,0.01282051282051282,1.0,0.01282051282051282,Psyduck,pokemon,1,I
raging-bolt-ogerpon,Raging Bolt [SCR 111],8,9,78,0.10256410256410256,1.125,0.11538461538461539,Raging Bolt,pokemon,0,H
raging-bolt-ogerpon,Raging Bolt ex [PRE 166],77,178,78,0.9871794871794872,2.311688311688312,2.282051282051282,Raging Bolt ex,pokemon,0,H
raging-bolt-ogerpon,Regigigas [PRE 86],1,1,78,0.01282051282051282,1.0,0.01282051282051282,Regigigas,pokemon,0,H
raging-bolt-ogerpon,Sandy Shocks [TEF 98],1,1,78,0.01282051282051282,1.0,0.01282051282051282,Sandy Shocks,pokemon,0,H
raging-bolt-ogerpon,Shaymin [DRI 10],1,1,78,0.01282051282051282,1.0,0.01282051282051282,Shaymin,pokemon,1,I
raging-bolt-ogerpon,Special Red Card,46,50,78,0.5897435897435898,1.0869565217391304,0.6410256410256411,Special Red Card,trainer,1,J
raging-bolt-ogerpon,Squawkabilly [JTG 141],1,1,78,0.01282051282051282,1.0,0.01282051282051282,Squawkabilly,pokemon,0,H
raging-bolt-ogerpon,Stunfisk [ASC 62],1,1,78,0.01282051282051282,1.0,0.01282051282051282,Stunfisk,pokemon,1,I
raging-bolt-ogerpon,Switch,12,12,78,0.15384615384615385,1.0,0.15384615384615385,Switch,trainer,1,F/G/I
raging-bolt-ogerpon,Teal Mask Ogerpon ex [PRE 12],77,232,78,0.9871794871794872,3.012987012987013,2.9743589743589745,Teal Mask Ogerpon ex,pokemon,0,H
raging-bolt-ogerpon,Team Rocket's Articuno [DRI 51],1,1,78,0.01282051282051282,1.0,0.01282051282051282,Team Rocket's Articuno,pokemon,1,I
raging-bolt-ogerpon,Team Rocket's Mewtwo ex [ASC 281],1,1,78,0.01282051282051282,1.0,0.01282051282051282,Team Rocket's Mewtwo ex,pokemon,1,I
raging-bolt-ogerpon,Team Rocket's Petrel,2,3,78,0.02564102564102564,1.5,0.038461538461538464,Team Rocket's Petrel,trainer,1,I
raging-bolt-ogerpon,Team Rocket's Watchtower,2,2,78,0.02564102564102564,1.0,0.02564102564102564,Team Rocket's Watchtower,trainer,1,I
raging-bolt-ogerpon,Tera Orb,14,30,78,0.1794871794871795,2.142857142857143,0.38461538461538464,Tera Orb,trainer,0,H
raging-bolt-ogerpon,Terapagos ex [ASC 179],1,1,78,0.01282051282051282,1.0,0.01282051282051282,Terapagos ex,pokemon,0,H
raging-bolt-ogerpon,Tool Scrapper,4,4,78,0.05128205128205128,1.0,0.05128205128205128,Tool Scrapper,trainer,1,I
raging-bolt-ogerpon,Ultra Ball,77,285,78,0.9871794871794872,3.7012987012987013,3.6538461538461537,Ultra Ball,trainer,1,F/G/I
raging-bolt-ogerpon,Unfair Stamp,33,33,78,0.4230769230769231,1.0,0.4230769230769231,Unfair Stamp,trainer,0,H
raging-bolt-ogerpon,Water Energy,61,67,78,0.782051282051282,1.098360655737705,0.8589743589743589,Water Energy,energy,1,basic
raging-bolt-ogerpon,Wellspring Mask Ogerpon ex [PRE 152],61,63,78,0.782051282051282,1.0327868852459017,0.8076923076923077,Wellspring Mask Ogerpon ex,pokemon,0,H
raging-bolt-ogerpon,Xerosic's Machinations,7,7,78,0.08974358974358974,1.0,0.08974358974358974,Xerosic's Machinations,trainer,0,H
rocket-mewtwo-ex,Air Balloon,2,3,80,0.025,1.5,0.0375,Air Balloon,trainer,1,I
rocket-mewtwo-ex,Battle Cage,3,3,80,0.0375,1.0,0.0375,Battle Cage,trainer,1,I
rocket-mewtwo-ex,Boss's Orders,1,1,80,0.0125,1.0,0.0125,Boss's Orders,trainer,1,G/I
rocket-mewtwo-ex,Brave Bangle,51,63,80,0.6375,1.2352941176470589,0.7875,Brave Bangle,trainer,1,I
rocket-mewtwo-ex,Buddy-Buddy Poffin,5,5,80,0.0625,1.0,0.0625,Buddy-Buddy Poffin,trainer,0,H
rocket-mewtwo-ex,Bug Catching Set,67,133,80,0.8375,1.9850746268656716,1.6625,Bug Catching Set,trainer,0,H
rocket-mewtwo-ex,Colress's Tenacity,1,1,80,0.0125,1.0,0.0125,Colress's Tenacity,trainer,0,H
rocket-mewtwo-ex,Counter Gain,4,4,80,0.05,1.0,0.05,Counter Gain,trainer,0,H
rocket-mewtwo-ex,Crispin,1,1,80,0.0125,1.0,0.0125,Crispin,trainer,0,H
rocket-mewtwo-ex,Crushing Hammer,1,4,80,0.0125,4.0,0.05,Crushing Hammer,trainer,1,F/G/J
rocket-mewtwo-ex,Dudunsparce [PRE 80],1,1,80,0.0125,1.0,0.0125,Dudunsparce,pokemon,0,H
rocket-mewtwo-ex,Dudunsparce ex [JTG 121],1,1,80,0.0125,1.0,0.0125,Dudunsparce ex,pokemon,1,I
rocket-mewtwo-ex,Dunsparce [JTG 120],1,1,80,0.0125,1.0,0.0125,Dunsparce,pokemon,1,I
rocket-mewtwo-ex,Energy Search,12,12,80,0.15,1.0,0.15,Energy Search,trainer,1,F/G/J
rocket-mewtwo-ex,Energy Switch,73,87,80,0.9125,1.1917808219178083,1.0875,Energy Switch,trainer,1,F/G/I
rocket-mewtwo-ex,Enhanced Hammer,1,1,80,0.0125,1.0,0.0125,Enhanced Hammer,trainer,0,H
rocket-mewtwo-ex,Fezandipiti ex [ASC 142],2,2,80,0.025,1.0,0.025,Fezandipiti ex,pokemon,0,H
rocket-mewtwo-ex,Grass Energy,78,474,80,0.975,6.076923076923077,5.925,Grass Energy,energy,1,basic
rocket-mewtwo-ex,Handheld Fan,9,13,80,0.1125,1.4444444444444444,0.1625,Handheld Fan,trainer,0,H
rocket-mewtwo-ex,Hassel,1,1,80,0.0125,1.0,0.0125,Hassel,trainer,0,H
rocket-mewtwo-ex,Hero's Cape,6,6,80,0.075,1.0,0.075,Hero's Cape,trainer,0,H
rocket-mewtwo-ex,Hilda,10,10,80,0.125,1.0,0.125,Hilda,trainer,1,I
rocket-mewtwo-ex,Judge,1,1,80,0.0125,1.0,0.0125,Judge,trainer,1,G/J
rocket-mewtwo-ex,Kieran,1,1,80,0.0125,1.0,0.0125,Kieran,trainer,0,H
rocket-mewtwo-ex,Lillie's Clefairy ex [ASC 280],76,79,80,0.95,1.0394736842105263,0.9875,Lillie's Clefairy ex,pokemon,1,I
rocket-mewtwo-ex,Lillie's Determination,76,253,80,0.95,3.3289473684210527,3.1625,Lillie's Determination,trainer,1,I
rocket-mewtwo-ex,Lillie's Pearl,2,2,80,0.025,1.0,0.025,Lillie's Pearl,trainer,1,I
rocket-mewtwo-ex,Lucky Helmet,44,65,80,0.55,1.4772727272727273,0.8125,Lucky Helmet,trainer,0,H
rocket-mewtwo-ex,Maximum Belt,47,47,80,0.5875,1.0,0.5875,Maximum Belt,trainer,0,H
rocket-mewtwo-ex,N's Plan,1,1,80,0.0125,1.0,0.0125,N's Plan,trainer,1,I
rocket-mewtwo-ex,Night Stretcher,77,184,80,0.9625,2.3896103896103895,2.3,Night Stretcher,trainer,0,H
rocket-mewtwo-ex,Nighttime Mine,1,1,80,0.0125,1.0,0.0125,Nighttime Mine,trainer,1,I
rocket-mewtwo-ex,Patrat [CRI 70],1,1,80,0.0125,1.0,0.0125,Patrat,pokemon,1,J
rocket-mewtwo-ex,Poké Pad,19,30,80,0.2375,1.5789473684210527,0.375,Poké Pad,trainer,1,J
rocket-mewtwo-ex,Pokégear 3.0,4,4,80,0.05,1.0,0.05,Pokégear 3.0,trainer,1,G/I
rocket-mewtwo-ex,Prime Catcher,1,1,80,0.0125,1.0,0.0125,Prime Catcher,trainer,0,H
rocket-mewtwo-ex,Prism Energy,2,2,80,0.025,1.0,0.025,Prism Energy,energy,1,I
rocket-mewtwo-ex,Prism Tower,59,94,80,0.7375,1.5932203389830508,1.175,Prism Tower,trainer,1,J
rocket-mewtwo-ex,Psychic Energy,69,87,80,0.8625,1.2608695652173914,1.0875,Psychic Energy,energy,1,basic
rocket-mewtwo-ex,Psyduck [ASC 226],1,1,80,0.0125,1.0,0.0125,Psyduck,pokemon,1,I
rocket-mewtwo-ex,Sacred Ash,10,10,80,0.125,1.0,0.125,Sacred Ash,trainer,1,I
rocket-mewtwo-ex,Secret Box,26,26,80,0.325,1.0,0.325,Secret Box,trainer,0,H
rocket-mewtwo-ex,Shaymin [DRI 10],2,2,80,0.025,1.0,0.025,Shaymin,pokemon,1,I
rocket-mewtwo-ex,Special Red Card,8,8,80,0.1,1.0,0.1,Special Red Card,trainer,1,J
rocket-mewtwo-ex,Switch,3,3,80,0.0375,1.0,0.0375,Switch,trainer,1,F/G/I
rocket-mewtwo-ex,Team Rocket's Archer,51,68,80,0.6375,1.3333333333333333,0.85,Team Rocket's Archer,trainer,1,I
rocket-mewtwo-ex,Team Rocket's Ariana,78,279,80,0.975,3.576923076923077,3.4875,Team Rocket's Ariana,trainer,1,I
rocket-mewtwo-ex,Team Rocket's Articuno [DRI 51],78,156,80,0.975,2.0,1.95,Team Rocket's Articuno,pokemon,1,I
rocket-mewtwo-ex,Team Rocket's Energy,78,320,80,0.975,4.102564102564102,4.0,Team Rocket's Energy,energy,1,I
rocket-mewtwo-ex,Team Rocket's Factory,76,126,80,0.95,1.6578947368421053,1.575,Team Rocket's Factory,trainer,1,I
rocket-mewtwo-ex,Team Rocket's Giovanni,78,238,80,0.975,3.051282051282051,2.975,Team Rocket's Giovanni,trainer,1,I
rocket-mewtwo-ex,Team Rocket's Kangaskhan ex [ASC 162],6,6,80,0.075,1.0,0.075,Team Rocket's Kangaskhan ex,pokemon,1,I
rocket-mewtwo-ex,Team Rocket's Mewtwo ex [ASC 281],78,163,80,0.975,2.08974358974359,2.0375,Team Rocket's Mewtwo ex,pokemon,1,I
rocket-mewtwo-ex,Team Rocket's Mimikyu [ASC 238],78,147,80,0.975,1.8846153846153846,1.8375,Team Rocket's Mimikyu,pokemon,1,I
rocket-mewtwo-ex,Team Rocket's Murkrow [ASC 126],2,2,80,0.025,1.0,0.025,Team Rocket's Murkrow,pokemon,1,I
rocket-mewtwo-ex,Team Rocket's Petrel,69,77,80,0.8625,1.1159420289855073,0.9625,Team Rocket's Petrel,trainer,1,I
rocket-mewtwo-ex,Team Rocket's Proton,78,186,80,0.975,2.3846153846153846,2.325,Team Rocket's Proton,trainer,1,I
rocket-mewtwo-ex,Team Rocket's Sneasel [DRI 128],28,28,80,0.35,1.0,0.35,Team Rocket's Sneasel,pokemon,1,I
rocket-mewtwo-ex,Team Rocket's Spidops [ASC 19],78,315,80,0.975,4.038461538461538,3.9375,Team Rocket's Spidops,pokemon,1,I
rocket-mewtwo-ex,Team Rocket's Tarountula [ASC 18],78,318,80,0.975,4.076923076923077,3.975,Team Rocket's Tarountula,pokemon,1,I
rocket-mewtwo-ex,Team Rocket's Transceiver,78,316,80,0.975,4.051282051282051,3.95,Team Rocket's Transceiver,trainer,1,I
rocket-mewtwo-ex,Team Rocket's Watchtower,12,13,80,0.15,1.0833333333333333,0.1625,Team Rocket's Watchtower,trainer,1,I
rocket-mewtwo-ex,Team Rocket's Wobbuffet [DRI 82],14,15,80,0.175,1.0714285714285714,0.1875,Team Rocket's Wobbuffet,pokemon,1,I
rocket-mewtwo-ex,Telepathic Psychic Energy,4,6,80,0.05,1.5,0.075,Telepathic Psychic Energy,energy,1,J
rocket-mewtwo-ex,Tool Scrapper,4,4,80,0.05,1.0,0.05,Tool Scrapper,trainer,1,I
rocket-mewtwo-ex,Ultra Ball,78,282,80,0.975,3.6153846153846154,3.525,Ultra Ball,trainer,1,F/G/I
rocket-mewtwo-ex,Wondrous Patch,4,5,80,0.05,1.25,0.0625,Wondrous Patch,trainer,1,I
rocket-spidops,Babiri Berry,1,1,10,0.1,1.0,0.1,Babiri Berry,trainer,0,H
rocket-spidops,Battle Cage,1,1,10,0.1,1.0,0.1,Battle Cage,trainer,1,I
rocket-spidops,Brave Bangle,10,13,10,1.0,1.3,1.3,Brave Bangle,trainer,1,I
rocket-spidops,Buddy-Buddy Poffin,2,3,10,0.2,1.5,0.3,Buddy-Buddy Poffin,trainer,0,H
rocket-spidops,Bug Catching Set,5,15,10,0.5,3.0,1.5,Bug Catching Set,trainer,0,H
rocket-spidops,Colress's Tenacity,1,1,10,0.1,1.0,0.1,Colress's Tenacity,trainer,0,H
rocket-spidops,Crushing Hammer,2,7,10,0.2,3.5,0.7,Crushing Hammer,trainer,1,F/G/J
rocket-spidops,Energy Search,5,5,10,0.5,1.0,0.5,Energy Search,trainer,1,F/G/J
rocket-spidops,Energy Switch,8,10,10,0.8,1.25,1.0,Energy Switch,trainer,1,F/G/I
rocket-spidops,Grass Energy,10,59,10,1.0,5.9,5.9,Grass Energy,energy,1,basic
rocket-spidops,Handheld Fan,3,3,10,0.3,1.0,0.3,Handheld Fan,trainer,0,H
rocket-spidops,Hero's Cape,1,1,10,0.1,1.0,0.1,Hero's Cape,trainer,0,H
rocket-spidops,Lillie's Clefairy ex [ASC 280],6,6,10,0.6,1.0,0.6,Lillie's Clefairy ex,pokemon,1,I
rocket-spidops,Lillie's Determination,8,21,10,0.8,2.625,2.1,Lillie's Determination,trainer,1,I
rocket-spidops,Lucky Helmet,5,5,10,0.5,1.0,0.5,Lucky Helmet,trainer,0,H
rocket-spidops,Maximum Belt,1,1,10,0.1,1.0,0.1,Maximum Belt,trainer,0,H
rocket-spidops,Night Stretcher,10,23,10,1.0,2.3,2.3,Night Stretcher,trainer,0,H
rocket-spidops,Nighttime Mine,2,2,10,0.2,1.0,0.2,Nighttime Mine,trainer,1,I
rocket-spidops,Poké Pad,6,10,10,0.6,1.6666666666666667,1.0,Poké Pad,trainer,1,J
rocket-spidops,Pokégear 3.0,1,1,10,0.1,1.0,0.1,Pokégear 3.0,trainer,1,G/I
rocket-spidops,Prism Tower,5,8,10,0.5,1.6,0.8,Prism Tower,trainer,1,J
rocket-spidops,Psychic Energy,6,6,10,0.6,1.0,0.6,Psychic Energy,energy,1,basic
rocket-spidops,Sacred Ash,2,2,10,0.2,1.0,0.2,Sacred Ash,trainer,1,I
rocket-spidops,Secret Box,8,8,10,0.8,1.0,0.8,Secret Box,trainer,0,H
rocket-spidops,Shaymin [DRI 10],1,1,10,0.1,1.0,0.1,Shaymin,pokemon,1,I
rocket-spidops,Special Red Card,2,2,10,0.2,1.0,0.2,Special Red Card,trainer,1,J
rocket-spidops,Team Rocket's Archer,7,7,10,0.7,1.0,0.7,Team Rocket's Archer,trainer,1,I
rocket-spidops,Team Rocket's Ariana,10,36,10,1.0,3.6,3.6,Team Rocket's Ariana,trainer,1,I
rocket-spidops,Team Rocket's Articuno [DRI 51],10,22,10,1.0,2.2,2.2,Team Rocket's Articuno,pokemon,1,I
rocket-spidops,Team Rocket's Energy,10,39,10,1.0,3.9,3.9,Team Rocket's Energy,energy,1,I
rocket-spidops,Team Rocket's Factory,10,19,10,1.0,1.9,1.9,Team Rocket's Factory,trainer,1,I
rocket-spidops,Team Rocket's Giovanni,10,32,10,1.0,3.2,3.2,Team Rocket's Giovanni,trainer,1,I
rocket-spidops,Team Rocket's Kangaskhan ex [ASC 162],5,5,10,0.5,1.0,0.5,Team Rocket's Kangaskhan ex,pokemon,1,I
rocket-spidops,Team Rocket's Mewtwo ex [ASC 281],8,8,10,0.8,1.0,0.8,Team Rocket's Mewtwo ex,pokemon,1,I
rocket-spidops,Team Rocket's Mimikyu [ASC 238],10,18,10,1.0,1.8,1.8,Team Rocket's Mimikyu,pokemon,1,I
rocket-spidops,Team Rocket's Murkrow [ASC 126],1,1,10,0.1,1.0,0.1,Team Rocket's Murkrow,pokemon,1,I
rocket-spidops,Team Rocket's Petrel,9,9,10,0.9,1.0,0.9,Team Rocket's Petrel,trainer,1,I
rocket-spidops,Team Rocket's Proton,10,29,10,1.0,2.9,2.9,Team Rocket's Proton,trainer,1,I
rocket-spidops,Team Rocket's Sneasel [DRI 128],9,9,10,0.9,1.0,0.9,Team Rocket's Sneasel,pokemon,1,I
rocket-spidops,Team Rocket's Spidops [ASC 19],10,40,10,1.0,4.0,4.0,Team Rocket's Spidops,pokemon,1,I
rocket-spidops,Team Rocket's Tarountula [ASC 18],10,40,10,1.0,4.0,4.0,Team Rocket's Tarountula,pokemon,1,I
rocket-spidops,Team Rocket's Transceiver,10,40,10,1.0,4.0,4.0,Team Rocket's Transceiver,trainer,1,I
rocket-spidops,Team Rocket's Watchtower,2,2,10,0.2,1.0,0.2,Team Rocket's Watchtower,trainer,1,I
rocket-spidops,Team Rocket's Wobbuffet [DRI 82],3,3,10,0.3,1.0,0.3,Team Rocket's Wobbuffet,pokemon,1,I
rocket-spidops,Tool Scrapper,3,3,10,0.3,1.0,0.3,Tool Scrapper,trainer,1,I
rocket-spidops,Ultra Ball,8,23,10,0.8,2.875,2.3,Ultra Ball,trainer,1,F/G/I
rockets-honchkrow,Air Balloon,8,9,150,0.05333333333333334,1.125,0.06,Air Balloon,trainer,1,I
rockets-honchkrow,Boxed Order,1,1,150,0.006666666666666667,1.0,0.006666666666666667,Boxed Order,trainer,0,H
rockets-honchkrow,Brave Bangle,15,16,150,0.1,1.0666666666666667,0.10666666666666667,Brave Bangle,trainer,1,I
rockets-honchkrow,Colress's Tenacity,2,2,150,0.013333333333333334,1.0,0.013333333333333334,Colress's Tenacity,trainer,0,H
rockets-honchkrow,Dark Bell,1,1,150,0.006666666666666667,1.0,0.006666666666666667,Dark Bell,trainer,1,J
rockets-honchkrow,Deduction Kit,1,2,150,0.006666666666666667,2.0,0.013333333333333334,Deduction Kit,trainer,0,H
rockets-honchkrow,Fezandipiti ex [ASC 142],3,3,150,0.02,1.0,0.02,Fezandipiti ex,pokemon,0,H
rockets-honchkrow,Handheld Fan,1,2,150,0.006666666666666667,2.0,0.013333333333333334,Handheld Fan,trainer,0,H
rockets-honchkrow,Hilda,14,15,150,0.09333333333333334,1.0714285714285714,0.1,Hilda,trainer,1,I
rockets-honchkrow,Ignition Energy,147,598,150,0.98,4.068027210884353,3.986666666666667,Ignition Energy,energy,1,I
rockets-honchkrow,Lucky Helmet,77,114,150,0.5133333333333333,1.4805194805194806,0.76,Lucky Helmet,trainer,0,H
rockets-honchkrow,Miracle Headset,145,148,150,0.9666666666666667,1.0206896551724138,0.9866666666666667,Miracle Headset,trainer,0,H
rockets-honchkrow,Night Stretcher,146,398,150,0.9733333333333334,2.7260273972602738,2.6533333333333333,Night Stretcher,trainer,0,H
rockets-honchkrow,Poké Pad,147,542,150,0.98,3.687074829931973,3.6133333333333333,Poké Pad,trainer,1,J
rockets-honchkrow,Pokégear 3.0,22,32,150,0.14666666666666667,1.4545454545454546,0.21333333333333335,Pokégear 3.0,trainer,1,G/I
rockets-honchkrow,Prime Catcher,2,2,150,0.013333333333333334,1.0,0.013333333333333334,Prime Catcher,trainer,0,H
rockets-honchkrow,Prism Energy,1,1,150,0.006666666666666667,1.0,0.006666666666666667,Prism Energy,energy,1,I
rockets-honchkrow,Punk Helmet,4,5,150,0.02666666666666667,1.25,0.03333333333333333,Punk Helmet,trainer,1,I
rockets-honchkrow,Rare Candy,2,2,150,0.013333333333333334,1.0,0.013333333333333334,Rare Candy,trainer,1,F/G/I
rockets-honchkrow,Roto-Stick,145,535,150,0.9666666666666667,3.689655172413793,3.566666666666667,Roto-Stick,trainer,0,H
rockets-honchkrow,Sacred Ash,3,3,150,0.02,1.0,0.02,Sacred Ash,trainer,1,I
rockets-honchkrow,Special Red Card,1,1,150,0.006666666666666667,1.0,0.006666666666666667,Special Red Card,trainer,1,J
rockets-honchkrow,Team Rocket's Archer,147,595,150,0.98,4.0476190476190474,3.966666666666667,Team Rocket's Archer,trainer,1,I
rockets-honchkrow,Team Rocket's Ariana,147,600,150,0.98,4.081632653061225,4.0,Team Rocket's Ariana,trainer,1,I
rockets-honchkrow,Team Rocket's Articuno [DRI 51],146,282,150,0.9733333333333334,1.9315068493150684,1.88,Team Rocket's Articuno,pokemon,1,I
rockets-honchkrow,Team Rocket's Chingling [DRI 85],1,1,150,0.006666666666666667,1.0,0.006666666666666667,Team Rocket's Chingling,pokemon,1,I
rockets-honchkrow,Team Rocket's Energy,147,600,150,0.98,4.081632653061225,4.0,Team Rocket's Energy,energy,1,I
rockets-honchkrow,Team Rocket's Factory,147,456,150,0.98,3.1020408163265305,3.04,Team Rocket's Factory,trainer,1,I
rockets-honchkrow,Team Rocket's Giovanni,147,600,150,0.98,4.081632653061225,4.0,Team Rocket's Giovanni,trainer,1,I
rockets-honchkrow,Team Rocket's Honchkrow [ASC 127],147,464,150,0.98,3.1564625850340136,3.0933333333333333,Team Rocket's Honchkrow,pokemon,1,I
rockets-honchkrow,Team Rocket's Meowth [ASC 161],1,1,150,0.006666666666666667,1.0,0.006666666666666667,Team Rocket's Meowth,pokemon,1,I
rockets-honchkrow,Team Rocket's Mimikyu [ASC 238],11,11,150,0.07333333333333333,1.0,0.07333333333333333,Team Rocket's Mimikyu,pokemon,1,I
rockets-honchkrow,Team Rocket's Murkrow [ASC 126],147,600,150,0.98,4.081632653061225,4.0,Team Rocket's Murkrow,pokemon,1,I
rockets-honchkrow,Team Rocket's Persian ex [DRI 150],1,1,150,0.006666666666666667,1.0,0.006666666666666667,Team Rocket's Persian ex,pokemon,1,I
rockets-honchkrow,Team Rocket's Petrel,147,595,150,0.98,4.0476190476190474,3.966666666666667,Team Rocket's Petrel,trainer,1,I
rockets-honchkrow,Team Rocket's Porygon [DRI 153],147,300,150,0.98,2.0408163265306123,2.0,Team Rocket's Porygon,pokemon,1,I
rockets-honchkrow,Team Rocket's Porygon-Z [DRI 155],12,13,150,0.08,1.0833333333333333,0.08666666666666667,Team Rocket's Porygon-Z,pokemon,1,I
rockets-honchkrow,Team Rocket's Porygon2 [DRI 154],147,170,150,0.98,1.1564625850340136,1.1333333333333333,Team Rocket's Porygon2,pokemon,1,I
rockets-honchkrow,Team Rocket's Proton,147,600,150,0.98,4.081632653061225,4.0,Team Rocket's Proton,trainer,1,I
rockets-honchkrow,Team Rocket's Transceiver,147,597,150,0.98,4.061224489795919,3.98,Team Rocket's Transceiver,trainer,1,I
rockets-honchkrow,Tool Scrapper,18,18,150,0.12,1.0,0.12,Tool Scrapper,trainer,1,I
rockets-honchkrow,Ultra Ball,61,64,150,0.4066666666666667,1.0491803278688525,0.4266666666666667,Ultra Ball,trainer,1,F/G/I
seaking-pre,Air Balloon,43,123,43,1.0,2.86046511627907,2.86046511627907,Air Balloon,trainer,1,I
seaking-pre,Applin [PRE 9],1,1,43,0.023255813953488372,1.0,0.023255813953488372,Applin,pokemon,0,H
seaking-pre,Applin [TWM 126],13,14,43,0.3023255813953488,1.0769230769230769,0.32558139534883723,Applin,pokemon,0,H
seaking-pre,Applin [TWM 17],1,1,43,0.023255813953488372,1.0,0.023255813953488372,Applin,pokemon,0,H
seaking-pre,Black Belt's Training,1,1,43,0.023255813953488372,1.0,0.023255813953488372,Black Belt's Training,trainer,0,H
seaking-pre,Boss's Orders,41,77,43,0.9534883720930233,1.8780487804878048,1.7906976744186047,Boss's Orders,trainer,1,G/I
seaking-pre,Brave Bangle,43,108,43,1.0,2.511627906976744,2.511627906976744,Brave Bangle,trainer,1,I
seaking-pre,Brock's Scouting,1,1,43,0.023255813953488372,1.0,0.023255813953488372,Brock's Scouting,trainer,1,I
seaking-pre,Buddy-Buddy Poffin,43,172,43,1.0,4.0,4.0,Buddy-Buddy Poffin,trainer,0,H
seaking-pre,Bug Catching Set,2,8,43,0.046511627906976744,4.0,0.18604651162790697,Bug Catching Set,trainer,0,H
seaking-pre,Dawn,10,10,43,0.23255813953488372,1.0,0.23255813953488372,Dawn,trainer,1,I
seaking-pre,Dipplin [PRE 10],15,15,43,0.3488372093023256,1.0,0.3488372093023256,Dipplin,pokemon,0,H
seaking-pre,Festival Grounds,43,171,43,1.0,3.9767441860465116,3.9767441860465116,Festival Grounds,trainer,0,H
seaking-pre,Fire Energy,21,40,43,0.4883720930232558,1.9047619047619047,0.9302325581395349,Fire Energy,energy,1,basic
seaking-pre,Gladion's Final Battle,43,131,43,1.0,3.046511627906977,3.046511627906977,Gladion's Final Battle,trainer,1,J
seaking-pre,Goldeen [PBL 13],30,30,43,0.6976744186046512,1.0,0.6976744186046512,Goldeen,pokemon,1,J
seaking-pre,Goldeen [PRE 20],43,137,43,1.0,3.186046511627907,3.186046511627907,Goldeen,pokemon,0,H
seaking-pre,Grass Energy,21,51,43,0.4883720930232558,2.4285714285714284,1.186046511627907,Grass Energy,energy,1,basic
seaking-pre,Grookey [MEP 52],8,18,43,0.18604651162790697,2.25,0.4186046511627907,Grookey,pokemon,1,J
seaking-pre,Grookey [TWM 14],40,139,43,0.9302325581395349,3.475,3.2325581395348837,Grookey,pokemon,0,H
seaking-pre,Growing Grass Energy,2,6,43,0.046511627906976744,3.0,0.13953488372093023,Growing Grass Energy,energy,1,J
seaking-pre,Hand Trimmer,35,35,43,0.813953488372093,1.0,0.813953488372093,Hand Trimmer,trainer,0,H
seaking-pre,Hilda,2,4,43,0.046511627906976744,2.0,0.09302325581395349,Hilda,trainer,1,I
seaking-pre,Judge,1,1,43,0.023255813953488372,1.0,0.023255813953488372,Judge,trainer,1,G/J
seaking-pre,Kieran,6,6,43,0.13953488372093023,1.0,0.13953488372093023,Kieran,trainer,0,H
seaking-pre,Lana's Aid,4,4,43,0.09302325581395349,1.0,0.09302325581395349,Lana's Aid,trainer,0,H
seaking-pre,Lillie's Determination,43,164,43,1.0,3.813953488372093,3.813953488372093,Lillie's Determination,trainer,1,I
seaking-pre,Meowth ex [POR 107],22,22,43,0.5116279069767442,1.0,0.5116279069767442,Meowth ex,pokemon,1,J
seaking-pre,Mist Energy,40,151,43,0.9302325581395349,3.775,3.511627906976744,Mist Energy,energy,0,H
seaking-pre,Moltres [PFL 14],22,22,43,0.5116279069767442,1.0,0.5116279069767442,Moltres,pokemon,1,I
seaking-pre,Night Stretcher,34,38,43,0.7906976744186046,1.1176470588235294,0.8837209302325582,Night Stretcher,trainer,0,H
seaking-pre,Patrat [CRI 70],1,1,43,0.023255813953488372,1.0,0.023255813953488372,Patrat,pokemon,1,J
seaking-pre,Poké Pad,43,171,43,1.0,3.9767441860465116,3.9767441860465116,Poké Pad,trainer,1,J
seaking-pre,Prism Energy,2,7,43,0.046511627906976744,3.5,0.16279069767441862,Prism Energy,energy,1,I
seaking-pre,Psyduck [ASC 226],13,13,43,0.3023255813953488,1.0,0.3023255813953488,Psyduck,pokemon,1,I
seaking-pre,Rabsca [TEF 24],38,39,43,0.8837209302325582,1.0263157894736843,0.9069767441860465,Rabsca,pokemon,0,H
seaking-pre,Rellor [DRI 24],1,1,43,0.023255813953488372,1.0,0.023255813953488372,Rellor,pokemon,0,H
seaking-pre,Rellor [TEF 23],37,41,43,0.8604651162790697,1.1081081081081081,0.9534883720930233,Rellor,pokemon,0,H
seaking-pre,Sacred Ash,42,42,43,0.9767441860465116,1.0,0.9767441860465116,Sacred Ash,trainer,1,I
seaking-pre,Seaking [PRE 21],43,135,43,1.0,3.13953488372093,3.13953488372093,Seaking,pokemon,0,H
seaking-pre,Secret Box,43,43,43,1.0,1.0,1.0,Secret Box,trainer,0,H
seaking-pre,Shaymin [DRI 10],38,38,43,0.8837209302325582,1.0,0.8837209302325582,Shaymin,pokemon,1,I
seaking-pre,Stunfisk [ASC 62],2,2,43,0.046511627906976744,1.0,0.046511627906976744,Stunfisk,pokemon,1,I
seaking-pre,Super Potion,1,1,43,0.023255813953488372,1.0,0.023255813953488372,Super Potion,trainer,1,I
seaking-pre,Switch,11,11,43,0.2558139534883721,1.0,0.2558139534883721,Switch,trainer,1,F/G/I
seaking-pre,Thwackey [SVP 115],43,139,43,1.0,3.2325581395348837,3.2325581395348837,Thwackey,pokemon,0,H
seaking-pre,Tool Scrapper,23,23,43,0.5348837209302325,1.0,0.5348837209302325,Tool Scrapper,trainer,1,I
seaking-pre,Ultra Ball,43,172,43,1.0,4.0,4.0,Ultra Ball,trainer,1,F/G/I
sharpedo-toxtricity,Air Balloon,1,1,116,0.008620689655172414,1.0,0.008620689655172414,Air Balloon,trainer,1,I
sharpedo-toxtricity,Battle Cage,3,3,116,0.02586206896551724,1.0,0.02586206896551724,Battle Cage,trainer,1,I
sharpedo-toxtricity,Binding Mochi,115,328,116,0.9913793103448276,2.8521739130434782,2.8275862068965516,Binding Mochi,trainer,0,H
sharpedo-toxtricity,Black Belt's Training,1,1,116,0.008620689655172414,1.0,0.008620689655172414,Black Belt's Training,trainer,0,H
sharpedo-toxtricity,Boss's Orders,116,412,116,1.0,3.5517241379310347,3.5517241379310347,Boss's Orders,trainer,1,G/I
sharpedo-toxtricity,Brock's Scouting,16,22,116,0.13793103448275862,1.375,0.1896551724137931,Brock's Scouting,trainer,1,I
sharpedo-toxtricity,Buddy-Buddy Poffin,116,441,116,1.0,3.8017241379310347,3.8017241379310347,Buddy-Buddy Poffin,trainer,0,H
sharpedo-toxtricity,Budew [ASC 16],1,1,116,0.008620689655172414,1.0,0.008620689655172414,Budew,pokemon,0,H
sharpedo-toxtricity,Buneary [MEG 107],1,1,116,0.008620689655172414,1.0,0.008620689655172414,Buneary,pokemon,1,I
sharpedo-toxtricity,Buneary [PFL 83],19,21,116,0.16379310344827586,1.105263157894737,0.1810344827586207,Buneary,pokemon,1,I
sharpedo-toxtricity,Carvanha [PFL 60],116,428,116,1.0,3.689655172413793,3.689655172413793,Carvanha,pokemon,1,I
sharpedo-toxtricity,Chi-Yu [PBL 59],21,21,116,0.1810344827586207,1.0,0.1810344827586207,Chi-Yu,pokemon,1,J
sharpedo-toxtricity,Ciphermaniac's Codebreaking,2,4,116,0.017241379310344827,2.0,0.034482758620689655,Ciphermaniac's Codebreaking,trainer,0,H
sharpedo-toxtricity,Cornerstone Mask Ogerpon ex [PRE 160],1,1,116,0.008620689655172414,1.0,0.008620689655172414,Cornerstone Mask Ogerpon ex,pokemon,0,H
sharpedo-toxtricity,Cyrano,4,5,116,0.034482758620689655,1.25,0.04310344827586207,Cyrano,trainer,0,H
sharpedo-toxtricity,Dark Bell,3,3,116,0.02586206896551724,1.0,0.02586206896551724,Dark Bell,trainer,1,J
sharpedo-toxtricity,Darkness Energy,116,1009,116,1.0,8.698275862068966,8.698275862068966,Darkness Energy,energy,1,basic
sharpedo-toxtricity,Dawn,1,2,116,0.008620689655172414,2.0,0.017241379310344827,Dawn,trainer,1,I
sharpedo-toxtricity,Dudunsparce [PRE 80],2,3,116,0.017241379310344827,1.5,0.02586206896551724,Dudunsparce,pokemon,0,H
sharpedo-toxtricity,Dudunsparce ex [JTG 121],1,1,116,0.008620689655172414,1.0,0.008620689655172414,Dudunsparce ex,pokemon,1,I
sharpedo-toxtricity,Dunsparce [JTG 120],2,4,116,0.017241379310344827,2.0,0.034482758620689655,Dunsparce,pokemon,1,I
sharpedo-toxtricity,Energy Recycler,3,3,116,0.02586206896551724,1.0,0.02586206896551724,Energy Recycler,trainer,1,I
sharpedo-toxtricity,Energy Retrieval,1,1,116,0.008620689655172414,1.0,0.008620689655172414,Energy Retrieval,trainer,1,F/G/I
sharpedo-toxtricity,Energy Search,1,1,116,0.008620689655172414,1.0,0.008620689655172414,Energy Search,trainer,1,F/G/J
sharpedo-toxtricity,Energy Switch,12,18,116,0.10344827586206896,1.5,0.15517241379310345,Energy Switch,trainer,1,F/G/I
sharpedo-toxtricity,Enhanced Hammer,2,2,116,0.017241379310344827,1.0,0.017241379310344827,Enhanced Hammer,trainer,0,H
sharpedo-toxtricity,Eri,1,1,116,0.008620689655172414,1.0,0.008620689655172414,Eri,trainer,0,H
sharpedo-toxtricity,Fezandipiti ex [ASC 142],109,109,116,0.9396551724137931,1.0,0.9396551724137931,Fezandipiti ex,pokemon,0,H
sharpedo-toxtricity,Gastly [POR 48],1,2,116,0.008620689655172414,2.0,0.017241379310344827,Gastly,pokemon,1,J
sharpedo-toxtricity,Gravity Gemstone,1,1,116,0.008620689655172414,1.0,0.008620689655172414,Gravity Gemstone,trainer,0,H
sharpedo-toxtricity,Gravity Mountain,33,42,116,0.28448275862068967,1.2727272727272727,0.3620689655172414,Gravity Mountain,trainer,0,H
sharpedo-toxtricity,Hero's Cape,4,4,116,0.034482758620689655,1.0,0.034482758620689655,Hero's Cape,trainer,0,H
sharpedo-toxtricity,Hilda,8,13,116,0.06896551724137931,1.625,0.11206896551724138,Hilda,trainer,1,I
sharpedo-toxtricity,Janine's Secret Art,18,24,116,0.15517241379310345,1.3333333333333333,0.20689655172413793,Janine's Secret Art,trainer,0,H
sharpedo-toxtricity,Judge,115,307,116,0.9913793103448276,2.6695652173913045,2.646551724137931,Judge,trainer,1,G/J
sharpedo-toxtricity,Kieran,1,1,116,0.008620689655172414,1.0,0.008620689655172414,Kieran,trainer,0,H
sharpedo-toxtricity,Kofu,1,1,116,0.008620689655172414,1.0,0.008620689655172414,Kofu,trainer,0,H
sharpedo-toxtricity,Legacy Energy,5,5,116,0.04310344827586207,1.0,0.04310344827586207,Legacy Energy,energy,0,H
sharpedo-toxtricity,Lillie's Determination,116,456,116,1.0,3.9310344827586206,3.9310344827586206,Lillie's Determination,trainer,1,I
sharpedo-toxtricity,Mega Dragalge ex [CRI 104],1,2,116,0.008620689655172414,2.0,0.017241379310344827,Mega Dragalge ex,pokemon,1,J
sharpedo-toxtricity,Mega Gengar ex [ASC 125],1,2,116,0.008620689655172414,2.0,0.017241379310344827,Mega Gengar ex,pokemon,1,I
sharpedo-toxtricity,Mega Kangaskhan ex [MEG 104],5,10,116,0.04310344827586207,2.0,0.08620689655172414,Mega Kangaskhan ex,pokemon,1,I
sharpedo-toxtricity,Mega Lopunny ex [PFL 115],20,21,116,0.1724137931034483,1.05,0.1810344827586207,Mega Lopunny ex,pokemon,1,I
sharpedo-toxtricity,Mega Sharpedo ex [PFL 113],116,382,116,1.0,3.293103448275862,3.293103448275862,Mega Sharpedo ex,pokemon,1,I
sharpedo-toxtricity,Mega Signal,20,24,116,0.1724137931034483,1.2,0.20689655172413793,Mega Signal,trainer,1,I
sharpedo-toxtricity,Meowth ex [POR 107],1,1,116,0.008620689655172414,1.0,0.008620689655172414,Meowth ex,pokemon,1,J
sharpedo-toxtricity,Moltres [PFL 14],1,1,116,0.008620689655172414,1.0,0.008620689655172414,Moltres,pokemon,1,I
sharpedo-toxtricity,Munkidori [ASC 99],116,230,116,1.0,1.9827586206896552,1.9827586206896552,Munkidori,pokemon,0,H
sharpedo-toxtricity,Night Stretcher,113,148,116,0.9741379310344828,1.3097345132743363,1.2758620689655173,Night Stretcher,trainer,0,H
sharpedo-toxtricity,Okidogi ex [SFA 36],1,1,116,0.008620689655172414,1.0,0.008620689655172414,Okidogi ex,pokemon,0,H
sharpedo-toxtricity,Pecharunt [SVP 129],4,4,116,0.034482758620689655,1.0,0.034482758620689655,Pecharunt,pokemon,0,H
sharpedo-toxtricity,Pecharunt ex [PRE 163],115,286,116,0.9913793103448276,2.4869565217391303,2.4655172413793105,Pecharunt ex,pokemon,0,H
sharpedo-toxtricity,Poké Pad,115,411,116,0.9913793103448276,3.5739130434782607,3.543103448275862,Poké Pad,trainer,1,J
sharpedo-toxtricity,Pokégear 3.0,1,3,116,0.008620689655172414,3.0,0.02586206896551724,Pokégear 3.0,trainer,1,G/I
sharpedo-toxtricity,Prime Catcher,10,10,116,0.08620689655172414,1.0,0.08620689655172414,Prime Catcher,trainer,0,H
sharpedo-toxtricity,Prism Energy,2,3,116,0.017241379310344827,1.5,0.02586206896551724,Prism Energy,energy,1,I
sharpedo-toxtricity,Psyduck [ASC 226],4,4,116,0.034482758620689655,1.0,0.034482758620689655,Psyduck,pokemon,1,I
sharpedo-toxtricity,Punk Helmet,1,1,116,0.008620689655172414,1.0,0.008620689655172414,Punk Helmet,trainer,1,I
sharpedo-toxtricity,Rare Candy,1,3,116,0.008620689655172414,3.0,0.02586206896551724,Rare Candy,trainer,1,F/G/I
sharpedo-toxtricity,Risky Ruins,3,5,116,0.02586206896551724,1.6666666666666667,0.04310344827586207,Risky Ruins,trainer,1,I
sharpedo-toxtricity,Salvatore,2,2,116,0.017241379310344827,1.0,0.017241379310344827,Salvatore,trainer,0,H
sharpedo-toxtricity,Scoop Up Cyclone,1,1,116,0.008620689655172414,1.0,0.008620689655172414,Scoop Up Cyclone,trainer,0,H
sharpedo-toxtricity,Secret Box,7,7,116,0.0603448275862069,1.0,0.0603448275862069,Secret Box,trainer,0,H
sharpedo-toxtricity,Seviper [PFL 62],5,5,116,0.04310344827586207,1.0,0.04310344827586207,Seviper,pokemon,1,I
sharpedo-toxtricity,Shadowy Darkness Energy,4,4,116,0.034482758620689655,1.0,0.034482758620689655,Shadowy Darkness Energy,energy,1,J
sharpedo-toxtricity,Shaymin [DRI 10],5,5,116,0.04310344827586207,1.0,0.04310344827586207,Shaymin,pokemon,1,I
sharpedo-toxtricity,Skrelp [CRI 58],1,2,116,0.008620689655172414,2.0,0.017241379310344827,Skrelp,pokemon,1,J
sharpedo-toxtricity,Special Red Card,25,27,116,0.21551724137931033,1.08,0.23275862068965517,Special Red Card,trainer,1,J
sharpedo-toxtricity,Switch,4,4,116,0.034482758620689655,1.0,0.034482758620689655,Switch,trainer,1,F/G/I
sharpedo-toxtricity,Tatsugiri [SVP 118],109,197,116,0.9396551724137931,1.8073394495412844,1.6982758620689655,Tatsugiri,pokemon,0,H
sharpedo-toxtricity,Team Rocket's Petrel,105,177,116,0.9051724137931034,1.6857142857142857,1.5258620689655173,Team Rocket's Petrel,trainer,1,I
sharpedo-toxtricity,Team Rocket's Transceiver,1,2,116,0.008620689655172414,2.0,0.017241379310344827,Team Rocket's Transceiver,trainer,1,I
sharpedo-toxtricity,Team Rocket's Watchtower,109,207,116,0.9396551724137931,1.8990825688073394,1.7844827586206897,Team Rocket's Watchtower,trainer,1,I
sharpedo-toxtricity,Tool Scrapper,19,19,116,0.16379310344827586,1.0,0.16379310344827586,Tool Scrapper,trainer,1,I
sharpedo-toxtricity,Toxel [MEP 78],116,233,116,1.0,2.0086206896551726,2.0086206896551726,Toxel,pokemon,1,I
sharpedo-toxtricity,Toxtricity [MEP 17],116,232,116,1.0,2.0,2.0,Toxtricity,pokemon,1,I
sharpedo-toxtricity,Ultra Ball,116,430,116,1.0,3.706896551724138,3.706896551724138,Ultra Ball,trainer,1,F/G/I
sharpedo-toxtricity,Unfair Stamp,88,88,116,0.7586206896551724,1.0,0.7586206896551724,Unfair Stamp,trainer,0,H
sharpedo-toxtricity,Wally's Compassion,11,13,116,0.09482758620689655,1.1818181818181819,0.11206896551724138,Wally's Compassion,trainer,1,I
sharpedo-toxtricity,Water Energy,1,3,116,0.008620689655172414,3.0,0.02586206896551724,Water Energy,energy,1,basic
sharpedo-toxtricity,Xerosic's Machinations,5,5,116,0.04310344827586207,1.0,0.04310344827586207,Xerosic's Machinations,trainer,0,H
sharpedo-toxtricity,Yveltal [MEG 88],42,42,116,0.3620689655172414,1.0,0.3620689655172414,Yveltal,pokemon,1,I
sinistcha-ogerpon,Boss's Orders,3,10,3,1.0,3.3333333333333335,3.3333333333333335,Boss's Orders,trainer,1,G/I
sinistcha-ogerpon,Briar,1,1,3,0.3333333333333333,1.0,0.3333333333333333,Briar,trainer,0,H
sinistcha-ogerpon,Brock's Scouting,2,2,3,0.6666666666666666,1.0,0.6666666666666666,Brock's Scouting,trainer,1,I
sinistcha-ogerpon,Bug Catching Set,3,12,3,1.0,4.0,4.0,Bug Catching Set,trainer,0,H
sinistcha-ogerpon,Ciphermaniac's Codebreaking,1,3,3,0.3333333333333333,3.0,1.0,Ciphermaniac's Codebreaking,trainer,0,H
sinistcha-ogerpon,Energy Switch,3,12,3,1.0,4.0,4.0,Energy Switch,trainer,1,F/G/I
sinistcha-ogerpon,Fezandipiti ex [ASC 142],3,3,3,1.0,1.0,1.0,Fezandipiti ex,pokemon,0,H
sinistcha-ogerpon,Flutter Mane [PRE 43],2,2,3,0.6666666666666666,1.0,0.6666666666666666,Flutter Mane,pokemon,0,H
sinistcha-ogerpon,Forest of Vitality,3,5,3,1.0,1.6666666666666667,1.6666666666666667,Forest of Vitality,trainer,1,I
sinistcha-ogerpon,Grass Energy,3,48,3,1.0,16.0,16.0,Grass Energy,energy,1,basic
sinistcha-ogerpon,Judge,2,2,3,0.6666666666666666,1.0,0.6666666666666666,Judge,trainer,1,G/J
sinistcha-ogerpon,Lana's Aid,1,1,3,0.3333333333333333,1.0,0.3333333333333333,Lana's Aid,trainer,0,H
sinistcha-ogerpon,Lillie's Determination,3,12,3,1.0,4.0,4.0,Lillie's Determination,trainer,1,I
sinistcha-ogerpon,Lisia's Appeal,1,1,3,0.3333333333333333,1.0,0.3333333333333333,Lisia's Appeal,trainer,0,H
sinistcha-ogerpon,Night Stretcher,3,4,3,1.0,1.3333333333333333,1.3333333333333333,Night Stretcher,trainer,0,H
sinistcha-ogerpon,Poké Pad,3,7,3,1.0,2.3333333333333335,2.3333333333333335,Poké Pad,trainer,1,J
sinistcha-ogerpon,Poltchageist [PBL 5],3,12,3,1.0,4.0,4.0,Poltchageist,pokemon,1,J
sinistcha-ogerpon,Prime Catcher,3,3,3,1.0,1.0,1.0,Prime Catcher,trainer,0,H
sinistcha-ogerpon,Shaymin [DRI 10],1,1,3,0.3333333333333333,1.0,0.3333333333333333,Shaymin,pokemon,1,I
sinistcha-ogerpon,Sinistcha [TWM 22],3,9,3,1.0,3.0,3.0,Sinistcha,pokemon,0,H
sinistcha-ogerpon,Sinistcha ex [TWM 189],3,4,3,1.0,1.3333333333333333,1.3333333333333333,Sinistcha ex,pokemon,0,H
sinistcha-ogerpon,Teal Mask Ogerpon ex [PRE 12],3,12,3,1.0,4.0,4.0,Teal Mask Ogerpon ex,pokemon,0,H
sinistcha-ogerpon,Team Rocket's Petrel,1,2,3,0.3333333333333333,2.0,0.6666666666666666,Team Rocket's Petrel,trainer,1,I
sinistcha-ogerpon,Tera Orb,3,7,3,1.0,2.3333333333333335,2.3333333333333335,Tera Orb,trainer,0,H
sinistcha-ogerpon,Ultra Ball,3,3,3,1.0,1.0,1.0,Ultra Ball,trainer,1,F/G/I
sinistcha-ogerpon,Xerosic's Machinations,2,2,3,0.6666666666666666,1.0,0.6666666666666666,Xerosic's Machinations,trainer,0,H
slaking-ex,AZ's Tranquility,1,1,1,1.0,1.0,1.0,AZ's Tranquility,trainer,1,J
slaking-ex,Antique Armor Fossil,1,2,1,1.0,2.0,2.0,Antique Armor Fossil,trainer,1,J
slaking-ex,Bastiodon [MEP 85],1,2,1,1.0,2.0,2.0,Bastiodon,pokemon,1,J
slaking-ex,Battle Cage,1,1,1,1.0,1.0,1.0,Battle Cage,trainer,1,I
slaking-ex,Boomerang Energy,1,3,1,1.0,3.0,3.0,Boomerang Energy,energy,0,H
slaking-ex,Boss's Orders,1,2,1,1.0,2.0,2.0,Boss's Orders,trainer,1,G/I
slaking-ex,Buddy-Buddy Poffin,1,2,1,1.0,2.0,2.0,Buddy-Buddy Poffin,trainer,0,H
slaking-ex,Budew [ASC 16],1,1,1,1.0,1.0,1.0,Budew,pokemon,0,H
slaking-ex,Colress's Tenacity,1,1,1,1.0,1.0,1.0,Colress's Tenacity,trainer,0,H
slaking-ex,Crushing Hammer,1,2,1,1.0,2.0,2.0,Crushing Hammer,trainer,1,F/G/J
slaking-ex,Dawn,1,2,1,1.0,2.0,2.0,Dawn,trainer,1,I
slaking-ex,Dudunsparce [PRE 80],1,2,1,1.0,2.0,2.0,Dudunsparce,pokemon,0,H
slaking-ex,Dunsparce [JTG 120],1,1,1,1.0,1.0,1.0,Dunsparce,pokemon,1,I
slaking-ex,Dunsparce [PRE 79],1,1,1,1.0,1.0,1.0,Dunsparce,pokemon,0,H
slaking-ex,Energy Retrieval,1,1,1,1.0,1.0,1.0,Energy Retrieval,trainer,1,F/G/I
slaking-ex,Enhanced Hammer,1,2,1,1.0,2.0,2.0,Enhanced Hammer,trainer,0,H
slaking-ex,Fezandipiti ex [ASC 142],1,1,1,1.0,1.0,1.0,Fezandipiti ex,pokemon,0,H
slaking-ex,Fossil Quarry,1,1,1,1.0,1.0,1.0,Fossil Quarry,trainer,1,J
slaking-ex,Hilda,1,2,1,1.0,2.0,2.0,Hilda,trainer,1,I
slaking-ex,Lana's Aid,1,1,1,1.0,1.0,1.0,Lana's Aid,trainer,0,H
slaking-ex,Lillie's Determination,1,3,1,1.0,3.0,3.0,Lillie's Determination,trainer,1,I
slaking-ex,Maximum Belt,1,1,1,1.0,1.0,1.0,Maximum Belt,trainer,0,H
slaking-ex,Metal Energy,1,3,1,1.0,3.0,3.0,Metal Energy,energy,1,basic
slaking-ex,Night Stretcher,1,1,1,1.0,1.0,1.0,Night Stretcher,trainer,0,H
slaking-ex,Poké Pad,1,2,1,1.0,2.0,2.0,Poké Pad,trainer,1,J
slaking-ex,Rare Candy,1,3,1,1.0,3.0,3.0,Rare Candy,trainer,1,F/G/I
slaking-ex,Shieldon [PBL 61],1,1,1,1.0,1.0,1.0,Shieldon,pokemon,1,J
slaking-ex,Slaking ex [SSP 147],1,3,1,1.0,3.0,3.0,Slaking ex,pokemon,0,H
slaking-ex,Slakoth [SSP 145],1,3,1,1.0,3.0,3.0,Slakoth,pokemon,0,H
slaking-ex,Spiky Energy,1,2,1,1.0,2.0,2.0,Spiky Energy,energy,1,I
slaking-ex,Switch,1,1,1,1.0,1.0,1.0,Switch,trainer,1,F/G/I
slaking-ex,Team Rocket's Watchtower,1,2,1,1.0,2.0,2.0,Team Rocket's Watchtower,trainer,1,I
slaking-ex,Vigoroth [SSP 146],1,2,1,1.0,2.0,2.0,Vigoroth,pokemon,0,H
slaking-ex,Xerosic's Machinations,1,2,1,1.0,2.0,2.0,Xerosic's Machinations,trainer,0,H
slowking-scr,Abra [TWM 80],1,4,440,0.0022727272727272726,4.0,0.00909090909090909,Abra,pokemon,0,H
slowking-scr,Academy at Night,415,1750,440,0.9431818181818182,4.216867469879518,3.977272727272727,Academy at Night,trainer,0,H
slowking-scr,Air Balloon,1,1,440,0.0022727272727272726,1.0,0.0022727272727272726,Air Balloon,trainer,1,I
slowking-scr,Alakazam [MEG 56],1,3,440,0.0022727272727272726,3.0,0.006818181818181818,Alakazam,pokemon,1,I
slowking-scr,Alakazam [TWM 82],2,2,440,0.004545454545454545,1.0,0.004545454545454545,Alakazam,pokemon,0,H
slowking-scr,Annihilape [PBL 41],225,231,440,0.5113636363636364,1.0266666666666666,0.525,Annihilape,pokemon,1,J
slowking-scr,Annihilape [SSP 100],212,214,440,0.4818181818181818,1.009433962264151,0.4863636363636364,Annihilape,pokemon,0,H
slowking-scr,Banette [PBL 34],1,1,440,0.0022727272727272726,1.0,0.0022727272727272726,Banette,pokemon,1,J
slowking-scr,Bloodmoon Ursaluna ex [PRE 168],1,1,440,0.0022727272727272726,1.0,0.0022727272727272726,Bloodmoon Ursaluna ex,pokemon,0,H
slowking-scr,Boomerang Energy,369,745,440,0.8386363636363636,2.0189701897018972,1.6931818181818181,Boomerang Energy,energy,0,H
slowking-scr,Boss's Orders,71,77,440,0.16136363636363638,1.0845070422535212,0.175,Boss's Orders,trainer,1,G/I
slowking-scr,Brave Bangle,142,150,440,0.32272727272727275,1.056338028169014,0.3409090909090909,Brave Bangle,trainer,1,I
slowking-scr,Brock's Scouting,1,1,440,0.0022727272727272726,1.0,0.0022727272727272726,Brock's Scouting,trainer,1,I
slowking-scr,Bronzong [TEF 69],4,4,440,0.00909090909090909,1.0,0.00909090909090909,Bronzong,pokemon,0,H
slowking-scr,Bronzor [TEF 170],4,5,440,0.00909090909090909,1.25,0.011363636363636364,Bronzor,pokemon,0,H
slowking-scr,Buddy-Buddy Poffin,9,19,440,0.020454545454545454,2.111111111111111,0.04318181818181818,Buddy-Buddy Poffin,trainer,0,H
slowking-scr,Budew [ASC 16],67,68,440,0.15227272727272728,1.0149253731343284,0.15454545454545454,Budew,pokemon,0,H
slowking-scr,Carmine,1,1,440,0.0022727272727272726,1.0,0.0022727272727272726,Carmine,trainer,0,H
slowking-scr,Cinderace [MEG 28],1,1,440,0.0022727272727272726,1.0,0.0022727272727272726,Cinderace,pokemon,1,I
slowking-scr,Ciphermaniac's Codebreaking,413,1519,440,0.9386363636363636,3.6779661016949152,3.452272727272727,Ciphermaniac's Codebreaking,trainer,0,H
slowking-scr,Clefable [ASC 75],3,3,440,0.006818181818181818,1.0,0.006818181818181818,Clefable,pokemon,0,H
slowking-scr,Cofagrigus [SSP 83],49,49,440,0.11136363636363636,1.0,0.11136363636363636,Cofagrigus,pokemon,0,H
slowking-scr,Cofagrigus [WHT 123],9,9,440,0.020454545454545454,1.0,0.020454545454545454,Cofagrigus,pokemon,1,I
slowking-scr,Colress's Tenacity,6,7,440,0.013636363636363636,1.1666666666666667,0.015909090909090907,Colress's Tenacity,trainer,0,H
slowking-scr,Counter Gain,2,2,440,0.004545454545454545,1.0,0.004545454545454545,Counter Gain,trainer,0,H
slowking-scr,Crispin,80,84,440,0.18181818181818182,1.05,0.19090909090909092,Crispin,trainer,0,H
slowking-scr,Darkness Energy,88,173,440,0.2,1.9659090909090908,0.3931818181818182,Darkness Energy,energy,1,basic
slowking-scr,Dawn,18,20,440,0.04090909090909091,1.1111111111111112,0.045454545454545456,Dawn,trainer,1,I
slowking-scr,Dedenne [SSP 87],2,2,440,0.004545454545454545,1.0,0.004545454545454545,Dedenne,pokemon,0,H
slowking-scr,Delibird [MEG 105],1,1,440,0.0022727272727272726,1.0,0.0022727272727272726,Delibird,pokemon,1,I
slowking-scr,Dragapult ex [ASC 160],1,1,440,0.0022727272727272726,1.0,0.0022727272727272726,Dragapult ex,pokemon,0,H
slowking-scr,Drakloak [ASC 159],1,3,440,0.0022727272727272726,3.0,0.006818181818181818,Drakloak,pokemon,0,H
slowking-scr,Drapion [POR 52],89,92,440,0.20227272727272727,1.0337078651685394,0.20909090909090908,Drapion,pokemon,1,J
slowking-scr,Dreepy [ASC 158],1,3,440,0.0022727272727272726,3.0,0.006818181818181818,Dreepy,pokemon,0,H
slowking-scr,Dudunsparce [PRE 80],5,9,440,0.011363636363636364,1.8,0.020454545454545454,Dudunsparce,pokemon,0,H
slowking-scr,Dunsparce [JTG 120],4,5,440,0.00909090909090909,1.25,0.011363636363636364,Dunsparce,pokemon,1,I
slowking-scr,Dunsparce [PRE 79],3,4,440,0.006818181818181818,1.3333333333333333,0.00909090909090909,Dunsparce,pokemon,0,H
slowking-scr,Dusclops [PRE 36],16,18,440,0.03636363636363636,1.125,0.04090909090909091,Dusclops,pokemon,0,H
slowking-scr,Dusknoir [PRE 37],21,22,440,0.04772727272727273,1.0476190476190477,0.05,Dusknoir,pokemon,0,H
slowking-scr,Duskull [PRE 35],22,34,440,0.05,1.5454545454545454,0.07727272727272727,Duskull,pokemon,0,H
slowking-scr,Energy Search,2,2,440,0.004545454545454545,1.0,0.004545454545454545,Energy Search,trainer,1,F/G/J
slowking-scr,Enhanced Hammer,1,1,440,0.0022727272727272726,1.0,0.0022727272727272726,Enhanced Hammer,trainer,0,H
slowking-scr,Enriching Energy,3,3,440,0.006818181818181818,1.0,0.006818181818181818,Enriching Energy,energy,0,H
slowking-scr,Espeon [30C 69],8,8,440,0.01818181818181818,1.0,0.01818181818181818,Espeon,pokemon,1,J
slowking-scr,Fezandipiti ex [ASC 142],412,437,440,0.9363636363636364,1.0606796116504855,0.9931818181818182,Fezandipiti ex,pokemon,0,H
slowking-scr,Fire Energy,1,3,440,0.0022727272727272726,3.0,0.006818181818181818,Fire Energy,energy,1,basic
slowking-scr,Flutter Mane [PRE 43],1,1,440,0.0022727272727272726,1.0,0.0022727272727272726,Flutter Mane,pokemon,0,H
slowking-scr,Frillish [WHT 126],3,3,440,0.006818181818181818,1.0,0.006818181818181818,Frillish,pokemon,1,I
slowking-scr,Genesect [SFA 40],2,2,440,0.004545454545454545,1.0,0.004545454545454545,Genesect,pokemon,0,H
slowking-scr,Gumshoos [MEG 110],1,2,440,0.0022727272727272726,2.0,0.004545454545454545,Gumshoos,pokemon,1,I
slowking-scr,Gwynn,2,4,440,0.004545454545454545,2.0,0.00909090909090909,Gwynn,trainer,1,J
slowking-scr,Hand Trimmer,1,1,440,0.0022727272727272726,1.0,0.0022727272727272726,Hand Trimmer,trainer,0,H
slowking-scr,Handheld Fan,2,2,440,0.004545454545454545,1.0,0.004545454545454545,Handheld Fan,trainer,0,H
slowking-scr,Hassel,1,2,440,0.0022727272727272726,2.0,0.004545454545454545,Hassel,trainer,0,H
slowking-scr,Haxorus [BLK 147],6,6,440,0.013636363636363636,1.0,0.013636363636363636,Haxorus,pokemon,1,I
slowking-scr,Hero's Cape,1,1,440,0.0022727272727272726,1.0,0.0022727272727272726,Hero's Cape,trainer,0,H
slowking-scr,Hilda,21,23,440,0.04772727272727273,1.0952380952380953,0.05227272727272727,Hilda,trainer,1,I
slowking-scr,Iron Thorns ex [PRE 32],1,1,440,0.0022727272727272726,1.0,0.0022727272727272726,Iron Thorns ex,pokemon,0,H
slowking-scr,Judge,8,8,440,0.01818181818181818,1.0,0.01818181818181818,Judge,trainer,1,G/J
slowking-scr,Kadabra [MEG 55],1,4,440,0.0022727272727272726,4.0,0.00909090909090909,Kadabra,pokemon,1,I
slowking-scr,Kieran,32,32,440,0.07272727272727272,1.0,0.07272727272727272,Kieran,trainer,0,H
slowking-scr,Kyurem [SFA 47],415,860,440,0.9431818181818182,2.072289156626506,1.9545454545454546,Kyurem,pokemon,0,H
slowking-scr,Lacey,1,1,440,0.0022727272727272726,1.0,0.0022727272727272726,Lacey,trainer,0,H
slowking-scr,Lana's Aid,123,126,440,0.27954545454545454,1.024390243902439,0.2863636363636364,Lana's Aid,trainer,0,H
slowking-scr,Latias ex [SSP 220],414,869,440,0.9409090909090909,2.0990338164251208,1.975,Latias ex,pokemon,0,H
slowking-scr,Lightning Energy,1,2,440,0.0022727272727272726,2.0,0.004545454545454545,Lightning Energy,energy,1,basic
slowking-scr,Lillie's Clefairy ex [ASC 280],407,435,440,0.925,1.0687960687960687,0.9886363636363636,Lillie's Clefairy ex,pokemon,1,I
slowking-scr,Lillie's Determination,414,1722,440,0.9409090909090909,4.159420289855072,3.9136363636363636,Lillie's Determination,trainer,1,I
slowking-scr,Lillie's Pearl,1,1,440,0.0022727272727272726,1.0,0.0022727272727272726,Lillie's Pearl,trainer,1,I
slowking-scr,Lucky Helmet,145,167,440,0.32954545454545453,1.1517241379310346,0.3795454545454545,Lucky Helmet,trainer,0,H
slowking-scr,Mega Kangaskhan ex [MEG 104],408,1152,440,0.9272727272727272,2.823529411764706,2.618181818181818,Mega Kangaskhan ex,pokemon,1,I
slowking-scr,Mega Slowbro ex [PBL 31],17,17,440,0.038636363636363635,1.0,0.038636363636363635,Mega Slowbro ex,pokemon,1,J
slowking-scr,Meowth ex [POR 107],401,433,440,0.9113636363636364,1.0798004987531171,0.9840909090909091,Meowth ex,pokemon,1,J
slowking-scr,Metagross [CRI 61],414,674,440,0.9409090909090909,1.6280193236714975,1.5318181818181817,Metagross,pokemon,1,J
slowking-scr,Mew ex [30C 152],81,85,440,0.18409090909090908,1.0493827160493827,0.19318181818181818,Mew ex,pokemon,1,J
slowking-scr,Mist Energy,7,12,440,0.015909090909090907,1.7142857142857142,0.02727272727272727,Mist Energy,energy,0,H
slowking-scr,Morty's Conviction,1,1,440,0.0022727272727272726,1.0,0.0022727272727272726,Morty's Conviction,trainer,0,H
slowking-scr,Munkidori [ASC 99],86,88,440,0.19545454545454546,1.0232558139534884,0.2,Munkidori,pokemon,0,H
slowking-scr,N's Vanilluxe [ASC 51],3,3,440,0.006818181818181818,1.0,0.006818181818181818,N's Vanilluxe,pokemon,1,I
slowking-scr,Night Stretcher,415,1027,440,0.9431818181818182,2.474698795180723,2.334090909090909,Night Stretcher,trainer,0,H
slowking-scr,Pawmot [PFL 34],50,50,440,0.11363636363636363,1.0,0.11363636363636363,Pawmot,pokemon,1,I
slowking-scr,Poké Pad,415,1676,440,0.9431818181818182,4.03855421686747,3.809090909090909,Poké Pad,trainer,1,J
slowking-scr,Pokégear 3.0,1,2,440,0.0022727272727272726,2.0,0.004545454545454545,Pokégear 3.0,trainer,1,G/I
slowking-scr,Potion,1,1,440,0.0022727272727272726,1.0,0.0022727272727272726,Potion,trainer,1,F/G/J
slowking-scr,Powerglass,36,38,440,0.08181818181818182,1.0555555555555556,0.08636363636363636,Powerglass,trainer,0,H
slowking-scr,Precious Trolley,3,3,440,0.006818181818181818,1.0,0.006818181818181818,Precious Trolley,trainer,0,H
slowking-scr,Prime Catcher,130,132,440,0.29545454545454547,1.0153846153846153,0.3,Prime Catcher,trainer,0,H
slowking-scr,Psychic Energy,415,1687,440,0.9431818181818182,4.065060240963855,3.834090909090909,Psychic Energy,energy,1,basic
slowking-scr,Psyduck [ASC 226],10,10,440,0.022727272727272728,1.0,0.022727272727272728,Psyduck,pokemon,1,I
slowking-scr,Rare Candy,18,20,440,0.04090909090909091,1.1111111111111112,0.045454545454545456,Rare Candy,trainer,1,F/G/I
slowking-scr,Regigigas [PRE 86],1,1,440,0.0022727272727272726,1.0,0.0022727272727272726,Regigigas,pokemon,0,H
slowking-scr,Repel,1,1,440,0.0022727272727272726,1.0,0.0022727272727272726,Repel,trainer,1,I
slowking-scr,Sacred Ash,22,22,440,0.05,1.0,0.05,Sacred Ash,trainer,1,I
slowking-scr,Salvatore,3,3,440,0.006818181818181818,1.0,0.006818181818181818,Salvatore,trainer,0,H
slowking-scr,Scolipede [TWM 117],1,1,440,0.0022727272727272726,1.0,0.0022727272727272726,Scolipede,pokemon,0,H
slowking-scr,Scoop Up Cyclone,6,6,440,0.013636363636363636,1.0,0.013636363636363636,Scoop Up Cyclone,trainer,0,H
slowking-scr,Secret Box,280,289,440,0.6363636363636364,1.0321428571428573,0.6568181818181819,Secret Box,trainer,0,H
slowking-scr,Seismitoad [30C 84],7,7,440,0.015909090909090907,1.0,0.015909090909090907,Seismitoad,pokemon,1,J
slowking-scr,Shaymin [DRI 10],28,28,440,0.06363636363636363,1.0,0.06363636363636363,Shaymin,pokemon,1,I
slowking-scr,Shiftry [TEF 163],1,1,440,0.0022727272727272726,1.0,0.0022727272727272726,Shiftry,pokemon,0,H
slowking-scr,Shuppet [PBL 33],1,1,440,0.0022727272727272726,1.0,0.0022727272727272726,Shuppet,pokemon,1,J
slowking-scr,Slowking [SCR 58],415,1321,440,0.9431818181818182,3.183132530120482,3.0022727272727274,Slowking,pokemon,0,H
slowking-scr,Slowpoke [MEP 86],16,42,440,0.03636363636363636,2.625,0.09545454545454546,Slowpoke,pokemon,1,J
slowking-scr,Slowpoke [PBL 29],22,57,440,0.05,2.590909090909091,0.12954545454545455,Slowpoke,pokemon,1,J
slowking-scr,Slowpoke [SCR 57],399,1632,440,0.9068181818181819,4.090225563909774,3.709090909090909,Slowpoke,pokemon,0,H
slowking-scr,Smoochum [SSP 75],81,82,440,0.18409090909090908,1.0123456790123457,0.18636363636363637,Smoochum,pokemon,0,H
slowking-scr,Special Red Card,64,64,440,0.14545454545454545,1.0,0.14545454545454545,Special Red Card,trainer,1,J
slowking-scr,Spectrier [ASC 98],33,34,440,0.075,1.0303030303030303,0.07727272727272727,Spectrier,pokemon,1,I
slowking-scr,Strange Timepiece,1,2,440,0.0022727272727272726,2.0,0.004545454545454545,Strange Timepiece,trainer,1,I
slowking-scr,Surfer,177,178,440,0.4022727272727273,1.0056497175141244,0.40454545454545454,Surfer,trainer,0,H
slowking-scr,Switch,365,404,440,0.8295454545454546,1.106849315068493,0.9181818181818182,Switch,trainer,1,F/G/I
slowking-scr,Tatsugiri [SVP 118],2,2,440,0.004545454545454545,1.0,0.004545454545454545,Tatsugiri,pokemon,0,H
slowking-scr,Team Rocket's Mimikyu [ASC 238],1,1,440,0.0022727272727272726,1.0,0.0022727272727272726,Team Rocket's Mimikyu,pokemon,1,I
slowking-scr,Team Rocket's Petrel,6,12,440,0.013636363636363636,2.0,0.02727272727272727,Team Rocket's Petrel,trainer,1,I
slowking-scr,Telepathic Psychic Energy,415,1746,440,0.9431818181818182,4.20722891566265,3.9681818181818183,Telepathic Psychic Energy,energy,1,J
slowking-scr,Tool Scrapper,1,1,440,0.0022727272727272726,1.0,0.0022727272727272726,Tool Scrapper,trainer,1,I
slowking-scr,Ultra Ball,413,1619,440,0.9386363636363636,3.920096852300242,3.6795454545454547,Ultra Ball,trainer,1,F/G/I
slowking-scr,Unfair Stamp,6,6,440,0.013636363636363636,1.0,0.013636363636363636,Unfair Stamp,trainer,0,H
slowking-scr,Unown [30C 72],63,63,440,0.1431818181818182,1.0,0.1431818181818182,Unown,pokemon,1,J
slowking-scr,Walrein [SSP 45],4,4,440,0.00909090909090909,1.0,0.00909090909090909,Walrein,pokemon,0,H
slowking-scr,Wondrous Patch,415,1317,440,0.9431818181818182,3.1734939759036145,2.993181818181818,Wondrous Patch,trainer,1,I
slowking-scr,Xerosic's Machinations,12,12,440,0.02727272727272727,1.0,0.02727272727272727,Xerosic's Machinations,trainer,0,H
slowking-scr,Yungoos [MEG 109],1,2,440,0.0022727272727272726,2.0,0.004545454545454545,Yungoos,pokemon,1,I
slowking-scr,Zeraora [DRI 78],233,241,440,0.5295454545454545,1.0343347639484979,0.5477272727272727,Zeraora,pokemon,1,I
slowking-scr,Zoroark [WHT 143],20,20,440,0.045454545454545456,1.0,0.045454545454545456,Zoroark,pokemon,1,I
starmie-dusknoir,Air Balloon,1,1,20,0.05,1.0,0.05,Air Balloon,trainer,1,I
starmie-dusknoir,Arboliva ex [DRI 207],1,2,20,0.05,2.0,0.1,Arboliva ex,pokemon,1,I
starmie-dusknoir,Battle Cage,1,1,20,0.05,1.0,0.05,Battle Cage,trainer,1,I
starmie-dusknoir,Bloodmoon Ursaluna ex [PRE 168],3,3,20,0.15,1.0,0.15,Bloodmoon Ursaluna ex,pokemon,0,H
starmie-dusknoir,Boss's Orders,19,42,20,0.95,2.210526315789474,2.1,Boss's Orders,trainer,1,G/I
starmie-dusknoir,Bubbly Water Energy,14,37,20,0.7,2.642857142857143,1.85,Bubbly Water Energy,energy,1,J
starmie-dusknoir,Buddy-Buddy Poffin,19,76,20,0.95,4.0,3.8,Buddy-Buddy Poffin,trainer,0,H
starmie-dusknoir,Budew [ASC 16],15,17,20,0.75,1.1333333333333333,0.85,Budew,pokemon,0,H
starmie-dusknoir,Bug Catching Set,1,1,20,0.05,1.0,0.05,Bug Catching Set,trainer,0,H
starmie-dusknoir,Celebi [MEG 12],1,1,20,0.05,1.0,0.05,Celebi,pokemon,1,I
starmie-dusknoir,Colress's Tenacity,1,2,20,0.05,2.0,0.1,Colress's Tenacity,trainer,0,H
starmie-dusknoir,Crispin,5,7,20,0.25,1.4,0.35,Crispin,trainer,0,H
starmie-dusknoir,Darkness Energy,8,18,20,0.4,2.25,0.9,Darkness Energy,energy,1,basic
starmie-dusknoir,Dawn,2,2,20,0.1,1.0,0.1,Dawn,trainer,1,I
starmie-dusknoir,Dolliv [DRI 22],1,2,20,0.05,2.0,0.1,Dolliv,pokemon,1,I
starmie-dusknoir,Dudunsparce [PRE 80],10,17,20,0.5,1.7,0.85,Dudunsparce,pokemon,0,H
starmie-dusknoir,Dudunsparce ex [JTG 121],7,7,20,0.35,1.0,0.35,Dudunsparce ex,pokemon,1,I
starmie-dusknoir,Dunsparce [JTG 120],8,22,20,0.4,2.75,1.1,Dunsparce,pokemon,1,I
starmie-dusknoir,Dunsparce [PRE 79],2,2,20,0.1,1.0,0.1,Dunsparce,pokemon,0,H
starmie-dusknoir,Dusclops [PRE 36],19,63,20,0.95,3.3157894736842106,3.15,Dusclops,pokemon,0,H
starmie-dusknoir,Dusknoir [PRE 37],19,39,20,0.95,2.0526315789473686,1.95,Dusknoir,pokemon,0,H
starmie-dusknoir,Duskull [PRE 35],19,72,20,0.95,3.789473684210526,3.6,Duskull,pokemon,0,H
starmie-dusknoir,Energy Search,2,3,20,0.1,1.5,0.15,Energy Search,trainer,1,F/G/J
starmie-dusknoir,Fezandipiti ex [ASC 142],14,15,20,0.7,1.0714285714285714,0.75,Fezandipiti ex,pokemon,0,H
starmie-dusknoir,Forest of Vitality,1,1,20,0.05,1.0,0.05,Forest of Vitality,trainer,1,I
starmie-dusknoir,Grand Tree,1,1,20,0.05,1.0,0.05,Grand Tree,trainer,0,H
starmie-dusknoir,Grass Energy,1,4,20,0.05,4.0,0.2,Grass Energy,energy,1,basic
starmie-dusknoir,Hero's Cape,1,1,20,0.05,1.0,0.05,Hero's Cape,trainer,0,H
starmie-dusknoir,Hilda,18,63,20,0.9,3.5,3.15,Hilda,trainer,1,I
starmie-dusknoir,Hyper Aroma,1,1,20,0.05,1.0,0.05,Hyper Aroma,trainer,0,H
starmie-dusknoir,Ignition Energy,18,48,20,0.9,2.6666666666666665,2.4,Ignition Energy,energy,1,I
starmie-dusknoir,Judge,8,9,20,0.4,1.125,0.45,Judge,trainer,1,G/J
starmie-dusknoir,Latias ex [SSP 220],4,4,20,0.2,1.0,0.2,Latias ex,pokemon,0,H
starmie-dusknoir,Legacy Energy,10,10,20,0.5,1.0,0.5,Legacy Energy,energy,0,H
starmie-dusknoir,Lillie's Determination,18,74,20,0.9,4.111111111111111,3.7,Lillie's Determination,trainer,1,I
starmie-dusknoir,Mega Froslass ex [ASC 265],5,8,20,0.25,1.6,0.4,Mega Froslass ex,pokemon,1,I
starmie-dusknoir,Mega Kangaskhan ex [MEG 104],1,1,20,0.05,1.0,0.05,Mega Kangaskhan ex,pokemon,1,I
starmie-dusknoir,Mega Signal,2,4,20,0.1,2.0,0.2,Mega Signal,trainer,1,I
starmie-dusknoir,Mega Starmie ex [POR 102],19,50,20,0.95,2.6315789473684212,2.5,Mega Starmie ex,pokemon,1,J
starmie-dusknoir,Meowth ex [POR 107],18,23,20,0.9,1.2777777777777777,1.15,Meowth ex,pokemon,1,J
starmie-dusknoir,Mew ex [30C 152],1,2,20,0.05,2.0,0.1,Mew ex,pokemon,1,J
starmie-dusknoir,Mist Energy,1,3,20,0.05,3.0,0.15,Mist Energy,energy,0,H
starmie-dusknoir,Munkidori [ASC 99],8,16,20,0.4,2.0,0.8,Munkidori,pokemon,0,H
starmie-dusknoir,Night Stretcher,12,27,20,0.6,2.25,1.35,Night Stretcher,trainer,0,H
starmie-dusknoir,Patrat [CRI 70],1,1,20,0.05,1.0,0.05,Patrat,pokemon,1,J
starmie-dusknoir,Poké Pad,19,69,20,0.95,3.6315789473684212,3.45,Poké Pad,trainer,1,J
starmie-dusknoir,Pokégear 3.0,10,26,20,0.5,2.6,1.3,Pokégear 3.0,trainer,1,G/I
starmie-dusknoir,Prime Catcher,6,6,20,0.3,1.0,0.3,Prime Catcher,trainer,0,H
starmie-dusknoir,Rare Candy,5,9,20,0.25,1.8,0.45,Rare Candy,trainer,1,F/G/I
starmie-dusknoir,Risky Ruins,18,51,20,0.9,2.8333333333333335,2.55,Risky Ruins,trainer,1,I
starmie-dusknoir,Salvatore,9,12,20,0.45,1.3333333333333333,0.6,Salvatore,trainer,0,H
starmie-dusknoir,Shaymin [DRI 10],2,2,20,0.1,1.0,0.1,Shaymin,pokemon,1,I
starmie-dusknoir,Smoliv [DRI 21],1,2,20,0.05,2.0,0.1,Smoliv,pokemon,1,I
starmie-dusknoir,Snorunt [ASC 227],5,9,20,0.25,1.8,0.45,Snorunt,pokemon,1,I
starmie-dusknoir,Special Red Card,6,6,20,0.3,1.0,0.3,Special Red Card,trainer,1,J
starmie-dusknoir,Staryu [POR 20],19,60,20,0.95,3.1578947368421053,3.0,Staryu,pokemon,1,J
starmie-dusknoir,Surfer,1,1,20,0.05,1.0,0.05,Surfer,trainer,0,H
starmie-dusknoir,Surfing Beach,1,1,20,0.05,1.0,0.05,Surfing Beach,trainer,1,I
starmie-dusknoir,Switch,2,2,20,0.1,1.0,0.1,Switch,trainer,1,F/G/I
starmie-dusknoir,Team Rocket's Petrel,2,5,20,0.1,2.5,0.25,Team Rocket's Petrel,trainer,1,I
starmie-dusknoir,Team Rocket's Transceiver,1,2,20,0.05,2.0,0.1,Team Rocket's Transceiver,trainer,1,I
starmie-dusknoir,Telepathic Psychic Energy,3,4,20,0.15,1.3333333333333333,0.2,Telepathic Psychic Energy,energy,1,J
starmie-dusknoir,Ultra Ball,18,66,20,0.9,3.6666666666666665,3.3,Ultra Ball,trainer,1,F/G/I
starmie-dusknoir,Unfair Stamp,1,1,20,0.05,1.0,0.05,Unfair Stamp,trainer,0,H
starmie-dusknoir,Wally's Compassion,9,11,20,0.45,1.2222222222222223,0.55,Wally's Compassion,trainer,1,I
starmie-dusknoir,Water Energy,19,51,20,0.95,2.6842105263157894,2.55,Water Energy,energy,1,basic
starmie-dusknoir,Xerosic's Machinations,1,1,20,0.05,1.0,0.05,Xerosic's Machinations,trainer,0,H
starmie-froslass,Air Balloon,18,20,34,0.5294117647058824,1.1111111111111112,0.5882352941176471,Air Balloon,trainer,1,I
starmie-froslass,Battle Cage,1,1,34,0.029411764705882353,1.0,0.029411764705882353,Battle Cage,trainer,1,I
starmie-froslass,Boss's Orders,34,79,34,1.0,2.323529411764706,2.323529411764706,Boss's Orders,trainer,1,G/I
starmie-froslass,Brock's Scouting,1,1,34,0.029411764705882353,1.0,0.029411764705882353,Brock's Scouting,trainer,1,I
starmie-froslass,Bubbly Water Energy,13,17,34,0.38235294117647056,1.3076923076923077,0.5,Bubbly Water Energy,energy,1,J
starmie-froslass,Buddy-Buddy Poffin,34,122,34,1.0,3.588235294117647,3.588235294117647,Buddy-Buddy Poffin,trainer,0,H
starmie-froslass,Budew [ASC 16],20,24,34,0.5882352941176471,1.2,0.7058823529411765,Budew,pokemon,0,H
starmie-froslass,Crispin,27,46,34,0.7941176470588235,1.7037037037037037,1.3529411764705883,Crispin,trainer,0,H
starmie-froslass,Cyrano,1,1,34,0.029411764705882353,1.0,0.029411764705882353,Cyrano,trainer,0,H
starmie-froslass,Darkness Energy,30,85,34,0.8823529411764706,2.8333333333333335,2.5,Darkness Energy,energy,1,basic
starmie-froslass,Drakloak [ASC 159],1,2,34,0.029411764705882353,2.0,0.058823529411764705,Drakloak,pokemon,0,H
starmie-froslass,Dreepy [ASC 158],1,2,34,0.029411764705882353,2.0,0.058823529411764705,Dreepy,pokemon,0,H
starmie-froslass,Dudunsparce [PRE 80],17,33,34,0.5,1.9411764705882353,0.9705882352941176,Dudunsparce,pokemon,0,H
starmie-froslass,Dudunsparce ex [JTG 121],6,6,34,0.17647058823529413,1.0,0.17647058823529413,Dudunsparce ex,pokemon,1,I
starmie-froslass,Dunsparce [JTG 120],14,25,34,0.4117647058823529,1.7857142857142858,0.7352941176470589,Dunsparce,pokemon,1,I
starmie-froslass,Dunsparce [PRE 79],8,11,34,0.23529411764705882,1.375,0.3235294117647059,Dunsparce,pokemon,0,H
starmie-froslass,Dusclops [PRE 36],2,3,34,0.058823529411764705,1.5,0.08823529411764706,Dusclops,pokemon,0,H
starmie-froslass,Dusknoir [PRE 37],2,2,34,0.058823529411764705,1.0,0.058823529411764705,Dusknoir,pokemon,0,H
starmie-froslass,Duskull [PRE 35],2,3,34,0.058823529411764705,1.5,0.08823529411764706,Duskull,pokemon,0,H
starmie-froslass,Energy Search,2,2,34,0.058823529411764705,1.0,0.058823529411764705,Energy Search,trainer,1,F/G/J
starmie-froslass,Energy Switch,1,1,34,0.029411764705882353,1.0,0.029411764705882353,Energy Switch,trainer,1,F/G/I
starmie-froslass,Fezandipiti ex [ASC 142],8,8,34,0.23529411764705882,1.0,0.23529411764705882,Fezandipiti ex,pokemon,0,H
starmie-froslass,Flutter Mane [PRE 43],1,1,34,0.029411764705882353,1.0,0.029411764705882353,Flutter Mane,pokemon,0,H
starmie-froslass,Forest of Vitality,1,1,34,0.029411764705882353,1.0,0.029411764705882353,Forest of Vitality,trainer,1,I
starmie-froslass,Froslass [SVP 117],34,69,34,1.0,2.0294117647058822,2.0294117647058822,Froslass,pokemon,0,H
starmie-froslass,Glalie [TWM 52],4,4,34,0.11764705882352941,1.0,0.11764705882352941,Glalie,pokemon,0,H
starmie-froslass,Gravity Mountain,4,4,34,0.11764705882352941,1.0,0.11764705882352941,Gravity Mountain,trainer,0,H
starmie-froslass,Great Haul Net,1,1,34,0.029411764705882353,1.0,0.029411764705882353,Great Haul Net,trainer,1,J
starmie-froslass,Hero's Cape,7,7,34,0.20588235294117646,1.0,0.20588235294117646,Hero's Cape,trainer,0,H
starmie-froslass,Hilda,33,93,34,0.9705882352941176,2.8181818181818183,2.735294117647059,Hilda,trainer,1,I
starmie-froslass,Ignition Energy,30,48,34,0.8823529411764706,1.6,1.411764705882353,Ignition Energy,energy,1,I
starmie-froslass,Jamming Tower,2,2,34,0.058823529411764705,1.0,0.058823529411764705,Jamming Tower,trainer,0,H
starmie-froslass,Judge,20,22,34,0.5882352941176471,1.1,0.6470588235294118,Judge,trainer,1,G/J
starmie-froslass,Lana's Aid,2,2,34,0.058823529411764705,1.0,0.058823529411764705,Lana's Aid,trainer,0,H
starmie-froslass,Larry's Skill,9,13,34,0.2647058823529412,1.4444444444444444,0.38235294117647056,Larry's Skill,trainer,0,H
starmie-froslass,Legacy Energy,22,22,34,0.6470588235294118,1.0,0.6470588235294118,Legacy Energy,energy,0,H
starmie-froslass,Lillie's Clefairy ex [ASC 280],2,2,34,0.058823529411764705,1.0,0.058823529411764705,Lillie's Clefairy ex,pokemon,1,I
starmie-froslass,Lillie's Determination,34,126,34,1.0,3.7058823529411766,3.7058823529411766,Lillie's Determination,trainer,1,I
starmie-froslass,Lucian,2,2,34,0.058823529411764705,1.0,0.058823529411764705,Lucian,trainer,0,H
starmie-froslass,Lucky Helmet,4,6,34,0.11764705882352941,1.5,0.17647058823529413,Lucky Helmet,trainer,0,H
starmie-froslass,Lumiose City,1,1,34,0.029411764705882353,1.0,0.029411764705882353,Lumiose City,trainer,1,J
starmie-froslass,Mega Froslass ex [ASC 265],34,55,34,1.0,1.6176470588235294,1.6176470588235294,Mega Froslass ex,pokemon,1,I
starmie-froslass,Mega Starmie ex [POR 102],34,70,34,1.0,2.0588235294117645,2.0588235294117645,Mega Starmie ex,pokemon,1,J
starmie-froslass,Meowth ex [POR 107],33,36,34,0.9705882352941176,1.0909090909090908,1.0588235294117647,Meowth ex,pokemon,1,J
starmie-froslass,Mew ex [30C 152],3,3,34,0.08823529411764706,1.0,0.08823529411764706,Mew ex,pokemon,1,J
starmie-froslass,Mist Energy,1,3,34,0.029411764705882353,3.0,0.08823529411764706,Mist Energy,energy,0,H
starmie-froslass,Munkidori [ASC 99],31,74,34,0.9117647058823529,2.3870967741935485,2.176470588235294,Munkidori,pokemon,0,H
starmie-froslass,Night Stretcher,34,61,34,1.0,1.7941176470588236,1.7941176470588236,Night Stretcher,trainer,0,H
starmie-froslass,Nighttime Mine,1,1,34,0.029411764705882353,1.0,0.029411764705882353,Nighttime Mine,trainer,1,I
starmie-froslass,Poké Pad,33,121,34,0.9705882352941176,3.6666666666666665,3.5588235294117645,Poké Pad,trainer,1,J
starmie-froslass,Pokégear 3.0,11,24,34,0.3235294117647059,2.1818181818181817,0.7058823529411765,Pokégear 3.0,trainer,1,G/I
starmie-froslass,Prime Catcher,1,1,34,0.029411764705882353,1.0,0.029411764705882353,Prime Catcher,trainer,0,H
starmie-froslass,Prism Energy,7,10,34,0.20588235294117646,1.4285714285714286,0.29411764705882354,Prism Energy,energy,1,I
starmie-froslass,Psychic Energy,2,2,34,0.058823529411764705,1.0,0.058823529411764705,Psychic Energy,energy,1,basic
starmie-froslass,Psyduck [ASC 226],1,1,34,0.029411764705882353,1.0,0.029411764705882353,Psyduck,pokemon,1,I
starmie-froslass,Rabsca [TEF 24],1,1,34,0.029411764705882353,1.0,0.029411764705882353,Rabsca,pokemon,0,H
starmie-froslass,Redeemable Ticket,1,1,34,0.029411764705882353,1.0,0.029411764705882353,Redeemable Ticket,trainer,1,I
starmie-froslass,Rellor [TEF 23],1,1,34,0.029411764705882353,1.0,0.029411764705882353,Rellor,pokemon,0,H
starmie-froslass,Risky Ruins,27,69,34,0.7941176470588235,2.5555555555555554,2.0294117647058822,Risky Ruins,trainer,1,I
starmie-froslass,Salvatore,20,27,34,0.5882352941176471,1.35,0.7941176470588235,Salvatore,trainer,0,H
starmie-froslass,Secret Box,2,2,34,0.058823529411764705,1.0,0.058823529411764705,Secret Box,trainer,0,H
starmie-froslass,Shaymin [DRI 10],13,13,34,0.38235294117647056,1.0,0.38235294117647056,Shaymin,pokemon,1,I
starmie-froslass,Snorunt [ASC 227],34,106,34,1.0,3.1176470588235294,3.1176470588235294,Snorunt,pokemon,1,I
starmie-froslass,Special Red Card,19,19,34,0.5588235294117647,1.0,0.5588235294117647,Special Red Card,trainer,1,J
starmie-froslass,Staryu [POR 20],34,88,34,1.0,2.588235294117647,2.588235294117647,Staryu,pokemon,1,J
starmie-froslass,Stunfisk [ASC 62],1,1,34,0.029411764705882353,1.0,0.029411764705882353,Stunfisk,pokemon,1,I
starmie-froslass,Surfer,2,2,34,0.058823529411764705,1.0,0.058823529411764705,Surfer,trainer,0,H
starmie-froslass,Surfing Beach,9,13,34,0.2647058823529412,1.4444444444444444,0.38235294117647056,Surfing Beach,trainer,1,I
starmie-froslass,Switch,7,7,34,0.20588235294117646,1.0,0.20588235294117646,Switch,trainer,1,F/G/I
starmie-froslass,Team Rocket's Petrel,6,7,34,0.17647058823529413,1.1666666666666667,0.20588235294117646,Team Rocket's Petrel,trainer,1,I
starmie-froslass,Tool Scrapper,1,1,34,0.029411764705882353,1.0,0.029411764705882353,Tool Scrapper,trainer,1,I
starmie-froslass,Ultra Ball,34,107,34,1.0,3.1470588235294117,3.1470588235294117,Ultra Ball,trainer,1,F/G/I
starmie-froslass,Unfair Stamp,2,2,34,0.058823529411764705,1.0,0.058823529411764705,Unfair Stamp,trainer,0,H
starmie-froslass,Wally's Compassion,29,43,34,0.8529411764705882,1.4827586206896552,1.2647058823529411,Wally's Compassion,trainer,1,I
starmie-froslass,Water Energy,34,139,34,1.0,4.088235294117647,4.088235294117647,Water Energy,energy,1,basic
starmie-froslass,Wellspring Mask Ogerpon ex [PRE 152],1,1,34,0.029411764705882353,1.0,0.029411764705882353,Wellspring Mask Ogerpon ex,pokemon,0,H
starmie-froslass,Xerosic's Machinations,3,3,34,0.08823529411764706,1.0,0.08823529411764706,Xerosic's Machinations,trainer,0,H
starmie-froslass,Yveltal [MEG 88],4,5,34,0.11764705882352941,1.25,0.14705882352941177,Yveltal,pokemon,1,I
stevens-metagross,Air Balloon,1,1,9,0.1111111111111111,1.0,0.1111111111111111,Air Balloon,trainer,1,I
stevens-metagross,Battle Cage,3,4,9,0.3333333333333333,1.3333333333333333,0.4444444444444444,Battle Cage,trainer,1,I
stevens-metagross,Boss's Orders,9,18,9,1.0,2.0,2.0,Boss's Orders,trainer,1,G/I
stevens-metagross,Brock's Scouting,2,4,9,0.2222222222222222,2.0,0.4444444444444444,Brock's Scouting,trainer,1,I
stevens-metagross,Buddy-Buddy Poffin,9,14,9,1.0,1.5555555555555556,1.5555555555555556,Buddy-Buddy Poffin,trainer,0,H
stevens-metagross,Budew [ASC 16],7,7,9,0.7777777777777778,1.0,0.7777777777777778,Budew,pokemon,0,H
stevens-metagross,Clefable [ASC 75],1,2,9,0.1111111111111111,2.0,0.2222222222222222,Clefable,pokemon,0,H
stevens-metagross,Clefairy [ASC 74],1,2,9,0.1111111111111111,2.0,0.2222222222222222,Clefairy,pokemon,0,H
stevens-metagross,Deoxys [CRI 32],3,3,9,0.3333333333333333,1.0,0.3333333333333333,Deoxys,pokemon,1,J
stevens-metagross,Dialga [MEG 95],4,4,9,0.4444444444444444,1.0,0.4444444444444444,Dialga,pokemon,1,I
stevens-metagross,Drilbur [PBL 46],6,7,9,0.6666666666666666,1.1666666666666667,0.7777777777777778,Drilbur,pokemon,1,J
stevens-metagross,Empoleon ex [PFL 114],7,9,9,0.7777777777777778,1.2857142857142858,1.0,Empoleon ex,pokemon,1,I
stevens-metagross,Enamorus [TWM 180],1,1,9,0.1111111111111111,1.0,0.1111111111111111,Enamorus,pokemon,0,H
stevens-metagross,Energy Recycler,9,13,9,1.0,1.4444444444444444,1.4444444444444444,Energy Recycler,trainer,1,I
stevens-metagross,Fennel,1,1,9,0.1111111111111111,1.0,0.1111111111111111,Fennel,trainer,1,I
stevens-metagross,Fezandipiti ex [ASC 142],2,2,9,0.2222222222222222,1.0,0.2222222222222222,Fezandipiti ex,pokemon,0,H
stevens-metagross,Frillish [WHT 126],2,2,9,0.2222222222222222,1.0,0.2222222222222222,Frillish,pokemon,1,I
stevens-metagross,Full Metal Lab,3,5,9,0.3333333333333333,1.6666666666666667,0.5555555555555556,Full Metal Lab,trainer,0,H
stevens-metagross,Genesect ex [BLK 161],9,15,9,1.0,1.6666666666666667,1.6666666666666667,Genesect ex,pokemon,1,I
stevens-metagross,Iron Crown ex [PRE 158],1,1,9,0.1111111111111111,1.0,0.1111111111111111,Iron Crown ex,pokemon,0,H
stevens-metagross,Jamming Tower,1,1,9,0.1111111111111111,1.0,0.1111111111111111,Jamming Tower,trainer,0,H
stevens-metagross,Jellicent ex [WHT 160],2,2,9,0.2222222222222222,1.0,0.2222222222222222,Jellicent ex,pokemon,1,I
stevens-metagross,Judge,2,2,9,0.2222222222222222,1.0,0.2222222222222222,Judge,trainer,1,G/J
stevens-metagross,Jumbo Ice Cream,1,2,9,0.1111111111111111,2.0,0.2222222222222222,Jumbo Ice Cream,trainer,1,I
stevens-metagross,Kieran,1,1,9,0.1111111111111111,1.0,0.1111111111111111,Kieran,trainer,0,H
stevens-metagross,Latias ex [SSP 220],9,9,9,1.0,1.0,1.0,Latias ex,pokemon,0,H
stevens-metagross,Lillie's Clefairy ex [ASC 280],9,10,9,1.0,1.1111111111111112,1.1111111111111112,Lillie's Clefairy ex,pokemon,1,I
stevens-metagross,Lillie's Determination,9,31,9,1.0,3.4444444444444446,3.4444444444444446,Lillie's Determination,trainer,1,I
stevens-metagross,Magnetic Metal Energy,1,1,9,0.1111111111111111,1.0,0.1111111111111111,Magnetic Metal Energy,energy,1,J
stevens-metagross,Mega Excadrill ex [PBL 103],6,6,9,0.6666666666666666,1.0,0.6666666666666666,Mega Excadrill ex,pokemon,1,J
stevens-metagross,Mega Mawile ex [MEG 162],5,5,9,0.5555555555555556,1.0,0.5555555555555556,Mega Mawile ex,pokemon,1,I
stevens-metagross,Mega Skarmory ex [POR 106],9,9,9,1.0,1.0,1.0,Mega Skarmory ex,pokemon,1,J
stevens-metagross,Meowth ex [POR 107],7,7,9,0.7777777777777778,1.0,0.7777777777777778,Meowth ex,pokemon,1,J
stevens-metagross,Metal Energy,9,51,9,1.0,5.666666666666667,5.666666666666667,Metal Energy,energy,1,basic
stevens-metagross,Mew ex [30C 152],1,1,9,0.1111111111111111,1.0,0.1111111111111111,Mew ex,pokemon,1,J
stevens-metagross,Morty's Conviction,1,1,9,0.1111111111111111,1.0,0.1111111111111111,Morty's Conviction,trainer,0,H
stevens-metagross,Night Stretcher,9,16,9,1.0,1.7777777777777777,1.7777777777777777,Night Stretcher,trainer,0,H
stevens-metagross,Perrin,1,1,9,0.1111111111111111,1.0,0.1111111111111111,Perrin,trainer,0,H
stevens-metagross,Philippe,1,1,9,0.1111111111111111,1.0,0.1111111111111111,Philippe,trainer,1,J
stevens-metagross,Piplup [PFL 27],7,10,9,0.7777777777777778,1.4285714285714286,1.1111111111111112,Piplup,pokemon,1,I
stevens-metagross,Precious Trolley,8,8,9,0.8888888888888888,1.0,0.8888888888888888,Precious Trolley,trainer,0,H
stevens-metagross,Psychic Energy,9,44,9,1.0,4.888888888888889,4.888888888888889,Psychic Energy,energy,1,basic
stevens-metagross,Psyduck [ASC 226],3,3,9,0.3333333333333333,1.0,0.3333333333333333,Psyduck,pokemon,1,I
stevens-metagross,Rare Candy,9,28,9,1.0,3.111111111111111,3.111111111111111,Rare Candy,trainer,1,F/G/I
stevens-metagross,Shaymin [DRI 10],2,2,9,0.2222222222222222,1.0,0.2222222222222222,Shaymin,pokemon,1,I
stevens-metagross,Special Red Card,8,8,9,0.8888888888888888,1.0,0.8888888888888888,Special Red Card,trainer,1,J
stevens-metagross,Steven's Beldum [DRI 143],9,27,9,1.0,3.0,3.0,Steven's Beldum,pokemon,1,I
stevens-metagross,Steven's Metagross ex [ASC 289],9,26,9,1.0,2.888888888888889,2.888888888888889,Steven's Metagross ex,pokemon,1,I
stevens-metagross,Steven's Metang [DRI 144],9,18,9,1.0,2.0,2.0,Steven's Metang,pokemon,1,I
stevens-metagross,Switch,5,5,9,0.5555555555555556,1.0,0.5555555555555556,Switch,trainer,1,F/G/I
stevens-metagross,Team Rocket's Mimikyu [ASC 238],3,3,9,0.3333333333333333,1.0,0.3333333333333333,Team Rocket's Mimikyu,pokemon,1,I
stevens-metagross,Team Rocket's Petrel,9,30,9,1.0,3.3333333333333335,3.3333333333333335,Team Rocket's Petrel,trainer,1,I
stevens-metagross,Team Rocket's Transceiver,7,23,9,0.7777777777777778,3.2857142857142856,2.5555555555555554,Team Rocket's Transceiver,trainer,1,I
stevens-metagross,Team Rocket's Watchtower,7,8,9,0.7777777777777778,1.1428571428571428,0.8888888888888888,Team Rocket's Watchtower,trainer,1,I
stevens-metagross,Tool Scrapper,2,2,9,0.2222222222222222,1.0,0.2222222222222222,Tool Scrapper,trainer,1,I
stevens-metagross,Ultra Ball,9,20,9,1.0,2.2222222222222223,2.2222222222222223,Ultra Ball,trainer,1,F/G/I
stevens-metagross,Unfair Stamp,1,1,9,0.1111111111111111,1.0,0.1111111111111111,Unfair Stamp,trainer,0,H
stevens-metagross,Xerosic's Machinations,2,2,9,0.2222222222222222,1.0,0.2222222222222222,Xerosic's Machinations,trainer,0,H
sylveon-pre,Battle Cage,1,2,2,0.5,2.0,1.0,Battle Cage,trainer,1,I
sylveon-pre,Boss's Orders,2,6,2,1.0,3.0,3.0,Boss's Orders,trainer,1,G/I
sylveon-pre,Brock's Scouting,1,1,2,0.5,1.0,0.5,Brock's Scouting,trainer,1,I
sylveon-pre,Buddy-Buddy Poffin,2,2,2,1.0,1.0,1.0,Buddy-Buddy Poffin,trainer,0,H
sylveon-pre,Budew [ASC 16],1,1,2,0.5,1.0,0.5,Budew,pokemon,0,H
sylveon-pre,Crispin,2,6,2,1.0,3.0,3.0,Crispin,trainer,0,H
sylveon-pre,Darkness Energy,2,6,2,1.0,3.0,3.0,Darkness Energy,energy,1,basic
sylveon-pre,Dedenne [SSP 87],2,2,2,1.0,1.0,1.0,Dedenne,pokemon,0,H
sylveon-pre,Eevee [PRE 74],1,1,2,0.5,1.0,0.5,Eevee,pokemon,0,H
sylveon-pre,Eevee [TWM 135],2,7,2,1.0,3.5,3.5,Eevee,pokemon,0,H
sylveon-pre,Espeon ex [PRE 155],2,3,2,1.0,1.5,1.5,Espeon ex,pokemon,0,H
sylveon-pre,Fezandipiti [PRE 45],1,2,2,0.5,2.0,1.0,Fezandipiti,pokemon,0,H
sylveon-pre,Grass Energy,2,4,2,1.0,2.0,2.0,Grass Energy,energy,1,basic
sylveon-pre,Handheld Fan,2,2,2,1.0,1.0,1.0,Handheld Fan,trainer,0,H
sylveon-pre,Hero's Cape,2,2,2,1.0,1.0,1.0,Hero's Cape,trainer,0,H
sylveon-pre,Hilda,2,2,2,1.0,1.0,1.0,Hilda,trainer,1,I
sylveon-pre,Jacinthe,2,7,2,1.0,3.5,3.5,Jacinthe,trainer,1,J
sylveon-pre,Jumbo Ice Cream,2,6,2,1.0,3.0,3.0,Jumbo Ice Cream,trainer,1,I
sylveon-pre,Lillie's Clefairy ex [ASC 280],1,1,2,0.5,1.0,0.5,Lillie's Clefairy ex,pokemon,1,I
sylveon-pre,Lillie's Determination,2,6,2,1.0,3.0,3.0,Lillie's Determination,trainer,1,I
sylveon-pre,Mist Energy,2,6,2,1.0,3.0,3.0,Mist Energy,energy,0,H
sylveon-pre,Munkidori [ASC 99],2,2,2,1.0,1.0,1.0,Munkidori,pokemon,0,H
sylveon-pre,Night Stretcher,2,4,2,1.0,2.0,2.0,Night Stretcher,trainer,0,H
sylveon-pre,Poké Pad,2,5,2,1.0,2.5,2.5,Poké Pad,trainer,1,J
sylveon-pre,Pokégear 3.0,2,7,2,1.0,3.5,3.5,Pokégear 3.0,trainer,1,G/I
sylveon-pre,Psychic Energy,2,8,2,1.0,4.0,4.0,Psychic Energy,energy,1,basic
sylveon-pre,Psyduck [ASC 226],2,2,2,1.0,1.0,1.0,Psyduck,pokemon,1,I
sylveon-pre,Special Red Card,1,1,2,0.5,1.0,0.5,Special Red Card,trainer,1,J
sylveon-pre,Spiky Energy,2,2,2,1.0,1.0,1.0,Spiky Energy,energy,1,I
sylveon-pre,Sylveon [PRE 40],2,6,2,1.0,3.0,3.0,Sylveon,pokemon,0,H
sylveon-pre,Team Rocket's Petrel,2,6,2,1.0,3.0,3.0,Team Rocket's Petrel,trainer,1,I
sylveon-pre,Team Rocket's Watchtower,1,1,2,0.5,1.0,0.5,Team Rocket's Watchtower,trainer,1,I
sylveon-pre,Xerosic's Machinations,1,1,2,0.5,1.0,0.5,Xerosic's Machinations,trainer,0,H
tera-box,Air Balloon,1,1,8,0.125,1.0,0.125,Air Balloon,trainer,1,I
tera-box,Area Zero Underdepths,8,24,8,1.0,3.0,3.0,Area Zero Underdepths,trainer,0,H
tera-box,Boss's Orders,8,15,8,1.0,1.875,1.875,Boss's Orders,trainer,1,G/I
tera-box,Briar,2,2,8,0.25,1.0,0.25,Briar,trainer,0,H
tera-box,Brock's Scouting,2,2,8,0.25,1.0,0.25,Brock's Scouting,trainer,1,I
tera-box,Buddy-Buddy Poffin,1,4,8,0.125,4.0,0.5,Buddy-Buddy Poffin,trainer,0,H
tera-box,Chien-Pao [SSP 56],5,5,8,0.625,1.0,0.625,Chien-Pao,pokemon,0,H
tera-box,Crispin,8,26,8,1.0,3.25,3.25,Crispin,trainer,0,H
tera-box,Cyrano,5,5,8,0.625,1.0,0.625,Cyrano,trainer,0,H
tera-box,Dawn,2,5,8,0.25,2.5,0.625,Dawn,trainer,1,I
tera-box,Dusknoir [PRE 37],1,1,8,0.125,1.0,0.125,Dusknoir,pokemon,0,H
tera-box,Duskull [PRE 35],1,1,8,0.125,1.0,0.125,Duskull,pokemon,0,H
tera-box,Energy Recycler,2,2,8,0.25,1.0,0.25,Energy Recycler,trainer,1,I
tera-box,Energy Retrieval,1,1,8,0.125,1.0,0.125,Energy Retrieval,trainer,1,F/G/I
tera-box,Energy Search,5,5,8,0.625,1.0,0.625,Energy Search,trainer,1,F/G/J
tera-box,Energy Switch,7,16,8,0.875,2.2857142857142856,2.0,Energy Switch,trainer,1,F/G/I
tera-box,Fan Rotom [ASC 171],8,16,8,1.0,2.0,2.0,Fan Rotom,pokemon,0,H
tera-box,Fezandipiti ex [ASC 142],8,8,8,1.0,1.0,1.0,Fezandipiti ex,pokemon,0,H
tera-box,Fighting Energy,3,4,8,0.375,1.3333333333333333,0.5,Fighting Energy,energy,1,basic
tera-box,Glass Trumpet,5,5,8,0.625,1.0,0.625,Glass Trumpet,trainer,0,H
tera-box,Grass Energy,7,29,8,0.875,4.142857142857143,3.625,Grass Energy,energy,1,basic
tera-box,Haban Berry,1,1,8,0.125,1.0,0.125,Haban Berry,trainer,0,H
tera-box,Hoothoot [PRE 77],1,3,8,0.125,3.0,0.375,Hoothoot,pokemon,0,H
tera-box,Hoothoot [SCR 114],7,24,8,0.875,3.4285714285714284,3.0,Hoothoot,pokemon,0,H
tera-box,Iron Crown ex [PRE 158],4,4,8,0.5,1.0,0.5,Iron Crown ex,pokemon,0,H
tera-box,Iron Leaves ex [PRE 176],5,5,8,0.625,1.0,0.625,Iron Leaves ex,pokemon,0,H
tera-box,Judge,1,1,8,0.125,1.0,0.125,Judge,trainer,1,G/J
tera-box,Koraidon ex [ASC 121],2,2,8,0.25,1.0,0.25,Koraidon ex,pokemon,1,J
tera-box,Latias ex [SSP 220],8,9,8,1.0,1.125,1.125,Latias ex,pokemon,0,H
tera-box,Light Ball,2,2,8,0.25,1.0,0.25,Light Ball,trainer,1,I
tera-box,Lightning Energy,7,9,8,0.875,1.2857142857142858,1.125,Lightning Energy,energy,1,basic
tera-box,Lillie's Clefairy ex [ASC 280],8,12,8,1.0,1.5,1.5,Lillie's Clefairy ex,pokemon,1,I
tera-box,Lillie's Determination,4,4,8,0.5,1.0,0.5,Lillie's Determination,trainer,1,I
tera-box,Lillie's Pearl,1,1,8,0.125,1.0,0.125,Lillie's Pearl,trainer,1,I
tera-box,Mega Kangaskhan ex [MEG 104],6,10,8,0.75,1.6666666666666667,1.25,Mega Kangaskhan ex,pokemon,1,I
tera-box,Meowth ex [POR 107],6,7,8,0.75,1.1666666666666667,0.875,Meowth ex,pokemon,1,J
tera-box,Metal Energy,5,5,8,0.625,1.0,0.625,Metal Energy,energy,1,basic
tera-box,Night Stretcher,8,15,8,1.0,1.875,1.875,Night Stretcher,trainer,0,H
tera-box,Noctowl [PRE 78],8,27,8,1.0,3.375,3.375,Noctowl,pokemon,0,H
tera-box,Pikachu ex [ASC 277],5,5,8,0.625,1.0,0.625,Pikachu ex,pokemon,0,H
tera-box,Pikipek [PBL 66],2,3,8,0.25,1.5,0.375,Pikipek,pokemon,1,J
tera-box,Poké Pad,7,23,8,0.875,3.2857142857142856,2.875,Poké Pad,trainer,1,J
tera-box,Prime Catcher,1,1,8,0.125,1.0,0.125,Prime Catcher,trainer,0,H
tera-box,Psychic Energy,8,17,8,1.0,2.125,2.125,Psychic Energy,energy,1,basic
tera-box,Raging Bolt ex [PRE 166],1,1,8,0.125,1.0,0.125,Raging Bolt ex,pokemon,0,H
tera-box,Rare Candy,2,4,8,0.25,2.0,0.5,Rare Candy,trainer,1,F/G/I
tera-box,Sacred Ash,1,1,8,0.125,1.0,0.125,Sacred Ash,trainer,1,I
tera-box,Sparkling Crystal,7,7,8,0.875,1.0,0.875,Sparkling Crystal,trainer,0,H
tera-box,Special Red Card,3,3,8,0.375,1.0,0.375,Special Red Card,trainer,1,J
tera-box,Stunfisk [ASC 62],1,1,8,0.125,1.0,0.125,Stunfisk,pokemon,1,I
tera-box,Switch,6,6,8,0.75,1.0,0.75,Switch,trainer,1,F/G/I
tera-box,Teal Mask Ogerpon ex [PRE 12],7,12,8,0.875,1.7142857142857142,1.5,Teal Mask Ogerpon ex,pokemon,0,H
tera-box,Tera Orb,7,10,8,0.875,1.4285714285714286,1.25,Tera Orb,trainer,0,H
tera-box,Terapagos ex [ASC 179],7,7,8,0.875,1.0,0.875,Terapagos ex,pokemon,0,H
tera-box,Toucannon [PBL 68],2,3,8,0.25,1.5,0.375,Toucannon,pokemon,1,J
tera-box,Trumbeak [PBL 67],1,1,8,0.125,1.0,0.125,Trumbeak,pokemon,1,J
tera-box,Ultra Ball,8,31,8,1.0,3.875,3.875,Ultra Ball,trainer,1,F/G/I
tera-box,Water Energy,8,12,8,1.0,1.5,1.5,Water Energy,energy,1,basic
tera-box,Wellspring Mask Ogerpon ex [PRE 152],8,14,8,1.0,1.75,1.75,Wellspring Mask Ogerpon ex,pokemon,0,H
toucannon-pbl,Abra [MEG 54],1,3,23,0.043478260869565216,3.0,0.13043478260869565,Abra,pokemon,1,I
toucannon-pbl,Air Balloon,9,16,23,0.391304347826087,1.7777777777777777,0.6956521739130435,Air Balloon,trainer,1,I
toucannon-pbl,Alakazam [MEG 56],1,3,23,0.043478260869565216,3.0,0.13043478260869565,Alakazam,pokemon,1,I
toucannon-pbl,Area Zero Underdepths,15,44,23,0.6521739130434783,2.933333333333333,1.9130434782608696,Area Zero Underdepths,trainer,0,H
toucannon-pbl,Battle Cage,8,21,23,0.34782608695652173,2.625,0.9130434782608695,Battle Cage,trainer,1,I
toucannon-pbl,Black Belt's Training,2,2,23,0.08695652173913043,1.0,0.08695652173913043,Black Belt's Training,trainer,0,H
toucannon-pbl,Bloodmoon Ursaluna ex [PRE 168],2,2,23,0.08695652173913043,1.0,0.08695652173913043,Bloodmoon Ursaluna ex,pokemon,0,H
toucannon-pbl,Boss's Orders,23,56,23,1.0,2.4347826086956523,2.4347826086956523,Boss's Orders,trainer,1,G/I
toucannon-pbl,Brave Bangle,14,19,23,0.6086956521739131,1.3571428571428572,0.8260869565217391,Brave Bangle,trainer,1,I
toucannon-pbl,Brock's Scouting,2,3,23,0.08695652173913043,1.5,0.13043478260869565,Brock's Scouting,trainer,1,I
toucannon-pbl,Buddy-Buddy Poffin,23,72,23,1.0,3.130434782608696,3.130434782608696,Buddy-Buddy Poffin,trainer,0,H
toucannon-pbl,Budew [ASC 16],2,3,23,0.08695652173913043,1.5,0.13043478260869565,Budew,pokemon,0,H
toucannon-pbl,Buneary [PFL 83],3,7,23,0.13043478260869565,2.3333333333333335,0.30434782608695654,Buneary,pokemon,1,I
toucannon-pbl,Chien-Pao [SSP 56],9,9,23,0.391304347826087,1.0,0.391304347826087,Chien-Pao,pokemon,0,H
toucannon-pbl,Cornerstone Mask Ogerpon ex [PRE 160],7,12,23,0.30434782608695654,1.7142857142857142,0.5217391304347826,Cornerstone Mask Ogerpon ex,pokemon,0,H
toucannon-pbl,Crispin,7,12,23,0.30434782608695654,1.7142857142857142,0.5217391304347826,Crispin,trainer,0,H
toucannon-pbl,Crushing Hammer,1,1,23,0.043478260869565216,1.0,0.043478260869565216,Crushing Hammer,trainer,1,F/G/J
toucannon-pbl,Dawn,15,36,23,0.6521739130434783,2.4,1.565217391304348,Dawn,trainer,1,I
toucannon-pbl,Drakloak [ASC 159],3,8,23,0.13043478260869565,2.6666666666666665,0.34782608695652173,Drakloak,pokemon,0,H
toucannon-pbl,Dreepy [ASC 158],3,8,23,0.13043478260869565,2.6666666666666665,0.34782608695652173,Dreepy,pokemon,0,H
toucannon-pbl,Dudunsparce [PRE 80],4,8,23,0.17391304347826086,2.0,0.34782608695652173,Dudunsparce,pokemon,0,H
toucannon-pbl,Dunsparce [JTG 120],3,7,23,0.13043478260869565,2.3333333333333335,0.30434782608695654,Dunsparce,pokemon,1,I
toucannon-pbl,Dunsparce [PRE 79],3,4,23,0.13043478260869565,1.3333333333333333,0.17391304347826086,Dunsparce,pokemon,0,H
toucannon-pbl,Dusclops [PRE 36],1,1,23,0.043478260869565216,1.0,0.043478260869565216,Dusclops,pokemon,0,H
toucannon-pbl,Dusknoir [PRE 37],1,1,23,0.043478260869565216,1.0,0.043478260869565216,Dusknoir,pokemon,0,H
toucannon-pbl,Duskull [PRE 35],1,2,23,0.043478260869565216,2.0,0.08695652173913043,Duskull,pokemon,0,H
toucannon-pbl,Energy Recycler,1,1,23,0.043478260869565216,1.0,0.043478260869565216,Energy Recycler,trainer,1,I
toucannon-pbl,Energy Search,5,6,23,0.21739130434782608,1.2,0.2608695652173913,Energy Search,trainer,1,F/G/J
toucannon-pbl,Energy Switch,2,3,23,0.08695652173913043,1.5,0.13043478260869565,Energy Switch,trainer,1,F/G/I
toucannon-pbl,Enhanced Hammer,1,2,23,0.043478260869565216,2.0,0.08695652173913043,Enhanced Hammer,trainer,0,H
toucannon-pbl,Enriching Energy,4,4,23,0.17391304347826086,1.0,0.17391304347826086,Enriching Energy,energy,0,H
toucannon-pbl,Eri,1,1,23,0.043478260869565216,1.0,0.043478260869565216,Eri,trainer,0,H
toucannon-pbl,Fan Rotom [ASC 171],21,40,23,0.9130434782608695,1.9047619047619047,1.7391304347826086,Fan Rotom,pokemon,0,H
toucannon-pbl,Fezandipiti ex [ASC 142],16,16,23,0.6956521739130435,1.0,0.6956521739130435,Fezandipiti ex,pokemon,0,H
toucannon-pbl,Fighting Energy,8,40,23,0.34782608695652173,5.0,1.7391304347826086,Fighting Energy,energy,1,basic
toucannon-pbl,Fighting Gong,6,20,23,0.2608695652173913,3.3333333333333335,0.8695652173913043,Fighting Gong,trainer,1,I
toucannon-pbl,Fire Energy,5,10,23,0.21739130434782608,2.0,0.43478260869565216,Fire Energy,energy,1,basic
toucannon-pbl,Genesect [SFA 40],2,2,23,0.08695652173913043,1.0,0.08695652173913043,Genesect,pokemon,0,H
toucannon-pbl,Glass Trumpet,7,9,23,0.30434782608695654,1.2857142857142858,0.391304347826087,Glass Trumpet,trainer,0,H
toucannon-pbl,Grass Energy,7,31,23,0.30434782608695654,4.428571428571429,1.3478260869565217,Grass Energy,energy,1,basic
toucannon-pbl,Gravity Mountain,1,1,23,0.043478260869565216,1.0,0.043478260869565216,Gravity Mountain,trainer,0,H
toucannon-pbl,Gwynn,2,3,23,0.08695652173913043,1.5,0.13043478260869565,Gwynn,trainer,1,J
toucannon-pbl,Hilda,8,17,23,0.34782608695652173,2.125,0.7391304347826086,Hilda,trainer,1,I
toucannon-pbl,Hoothoot [SCR 114],11,30,23,0.4782608695652174,2.727272727272727,1.3043478260869565,Hoothoot,pokemon,0,H
toucannon-pbl,Hoothoot [TEF 126],3,7,23,0.13043478260869565,2.3333333333333335,0.30434782608695654,Hoothoot,pokemon,0,H
toucannon-pbl,Iron Leaves ex [PRE 176],2,2,23,0.08695652173913043,1.0,0.08695652173913043,Iron Leaves ex,pokemon,0,H
toucannon-pbl,Judge,4,6,23,0.17391304347826086,1.5,0.2608695652173913,Judge,trainer,1,G/J
toucannon-pbl,Kadabra [MEG 55],1,2,23,0.043478260869565216,2.0,0.08695652173913043,Kadabra,pokemon,1,I
toucannon-pbl,Kieran,8,9,23,0.34782608695652173,1.125,0.391304347826087,Kieran,trainer,0,H
toucannon-pbl,Koraidon ex [ASC 121],1,1,23,0.043478260869565216,1.0,0.043478260869565216,Koraidon ex,pokemon,1,J
toucannon-pbl,Lana's Aid,5,6,23,0.21739130434782608,1.2,0.2608695652173913,Lana's Aid,trainer,0,H
toucannon-pbl,Latias ex [SSP 220],5,5,23,0.21739130434782608,1.0,0.21739130434782608,Latias ex,pokemon,0,H
toucannon-pbl,Legacy Energy,3,3,23,0.13043478260869565,1.0,0.13043478260869565,Legacy Energy,energy,0,H
toucannon-pbl,Lightning Energy,3,4,23,0.13043478260869565,1.3333333333333333,0.17391304347826086,Lightning Energy,energy,1,basic
toucannon-pbl,Lillie's Clefairy ex [ASC 280],6,7,23,0.2608695652173913,1.1666666666666667,0.30434782608695654,Lillie's Clefairy ex,pokemon,1,I
toucannon-pbl,Lillie's Determination,19,57,23,0.8260869565217391,3.0,2.4782608695652173,Lillie's Determination,trainer,1,I
toucannon-pbl,Lillie's Pearl,1,2,23,0.043478260869565216,2.0,0.08695652173913043,Lillie's Pearl,trainer,1,I
toucannon-pbl,Lucky Helmet,2,3,23,0.08695652173913043,1.5,0.13043478260869565,Lucky Helmet,trainer,0,H
toucannon-pbl,Lunatone [ASC 105],2,4,23,0.08695652173913043,2.0,0.17391304347826086,Lunatone,pokemon,1,I
toucannon-pbl,Maximum Belt,3,3,23,0.13043478260869565,1.0,0.13043478260869565,Maximum Belt,trainer,0,H
toucannon-pbl,Mega Lopunny ex [PFL 115],3,6,23,0.13043478260869565,2.0,0.2608695652173913,Mega Lopunny ex,pokemon,1,I
toucannon-pbl,Meowth ex [POR 107],6,7,23,0.2608695652173913,1.1666666666666667,0.30434782608695654,Meowth ex,pokemon,1,J
toucannon-pbl,Mew ex [30C 152],2,3,23,0.08695652173913043,1.5,0.13043478260869565,Mew ex,pokemon,1,J
toucannon-pbl,Mist Energy,9,28,23,0.391304347826087,3.111111111111111,1.2173913043478262,Mist Energy,energy,0,H
toucannon-pbl,Moltres [PFL 14],2,2,23,0.08695652173913043,1.0,0.08695652173913043,Moltres,pokemon,1,I
toucannon-pbl,Morty's Conviction,1,1,23,0.043478260869565216,1.0,0.043478260869565216,Morty's Conviction,trainer,0,H
toucannon-pbl,Night Stretcher,18,26,23,0.782608695652174,1.4444444444444444,1.1304347826086956,Night Stretcher,trainer,0,H
toucannon-pbl,Nighttime Mine,2,4,23,0.08695652173913043,2.0,0.17391304347826086,Nighttime Mine,trainer,1,I
toucannon-pbl,Noctowl [PRE 78],14,37,23,0.6086956521739131,2.642857142857143,1.608695652173913,Noctowl,pokemon,0,H
toucannon-pbl,Oranguru [SSP 156],1,1,23,0.043478260869565216,1.0,0.043478260869565216,Oranguru,pokemon,0,H
toucannon-pbl,Patrat [CRI 70],2,2,23,0.08695652173913043,1.0,0.08695652173913043,Patrat,pokemon,1,J
toucannon-pbl,Pikachu ex [ASC 277],1,1,23,0.043478260869565216,1.0,0.043478260869565216,Pikachu ex,pokemon,0,H
toucannon-pbl,Pikipek [PBL 66],23,81,23,1.0,3.5217391304347827,3.5217391304347827,Pikipek,pokemon,1,J
toucannon-pbl,Poké Pad,23,86,23,1.0,3.739130434782609,3.739130434782609,Poké Pad,trainer,1,J
toucannon-pbl,Pokégear 3.0,4,10,23,0.17391304347826086,2.5,0.43478260869565216,Pokégear 3.0,trainer,1,G/I
toucannon-pbl,Pokémon Catcher,1,2,23,0.043478260869565216,2.0,0.08695652173913043,Pokémon Catcher,trainer,1,F/G/J
toucannon-pbl,Psychic Energy,7,22,23,0.30434782608695654,3.142857142857143,0.9565217391304348,Psychic Energy,energy,1,basic
toucannon-pbl,Psyduck [ASC 226],3,3,23,0.13043478260869565,1.0,0.13043478260869565,Psyduck,pokemon,1,I
toucannon-pbl,Rare Candy,23,57,23,1.0,2.4782608695652173,2.4782608695652173,Rare Candy,trainer,1,F/G/I
toucannon-pbl,Sacred Ash,11,12,23,0.4782608695652174,1.0909090909090908,0.5217391304347826,Sacred Ash,trainer,1,I
toucannon-pbl,Secret Box,1,1,23,0.043478260869565216,1.0,0.043478260869565216,Secret Box,trainer,0,H
toucannon-pbl,Shaymin [DRI 10],14,14,23,0.6086956521739131,1.0,0.6086956521739131,Shaymin,pokemon,1,I
toucannon-pbl,Solrock [ASC 106],2,4,23,0.08695652173913043,2.0,0.17391304347826086,Solrock,pokemon,1,I
toucannon-pbl,Sparkling Crystal,3,3,23,0.13043478260869565,1.0,0.13043478260869565,Sparkling Crystal,trainer,0,H
toucannon-pbl,Special Red Card,14,14,23,0.6086956521739131,1.0,0.6086956521739131,Special Red Card,trainer,1,J
toucannon-pbl,Spiky Energy,1,4,23,0.043478260869565216,4.0,0.17391304347826086,Spiky Energy,energy,1,I
toucannon-pbl,Switch,5,6,23,0.21739130434782608,1.2,0.2608695652173913,Switch,trainer,1,F/G/I
toucannon-pbl,Teal Mask Ogerpon ex [PRE 12],4,8,23,0.17391304347826086,2.0,0.34782608695652173,Teal Mask Ogerpon ex,pokemon,0,H
toucannon-pbl,Team Rocket's Petrel,1,1,23,0.043478260869565216,1.0,0.043478260869565216,Team Rocket's Petrel,trainer,1,I
toucannon-pbl,Telepathic Psychic Energy,2,6,23,0.08695652173913043,3.0,0.2608695652173913,Telepathic Psychic Energy,energy,1,J
toucannon-pbl,Tera Orb,2,3,23,0.08695652173913043,1.5,0.13043478260869565,Tera Orb,trainer,0,H
toucannon-pbl,Terapagos ex [ASC 179],7,8,23,0.30434782608695654,1.1428571428571428,0.34782608695652173,Terapagos ex,pokemon,0,H
toucannon-pbl,Togekiss [ASC 235],1,1,23,0.043478260869565216,1.0,0.043478260869565216,Togekiss,pokemon,0,H
toucannon-pbl,Togepi [ASC 80],1,1,23,0.043478260869565216,1.0,0.043478260869565216,Togepi,pokemon,0,H
toucannon-pbl,Tool Scrapper,2,2,23,0.08695652173913043,1.0,0.08695652173913043,Tool Scrapper,trainer,1,I
toucannon-pbl,Toucannon [PBL 68],23,75,23,1.0,3.260869565217391,3.260869565217391,Toucannon,pokemon,1,J
toucannon-pbl,Trumbeak [PBL 67],23,49,23,1.0,2.130434782608696,2.130434782608696,Trumbeak,pokemon,1,J
toucannon-pbl,Ultra Ball,11,27,23,0.4782608695652174,2.4545454545454546,1.173913043478261,Ultra Ball,trainer,1,F/G/I
toucannon-pbl,Unfair Stamp,9,9,23,0.391304347826087,1.0,0.391304347826087,Unfair Stamp,trainer,0,H
toucannon-pbl,Uxie [SSP 78],1,1,23,0.043478260869565216,1.0,0.043478260869565216,Uxie,pokemon,0,H
toucannon-pbl,Wally's Compassion,3,9,23,0.13043478260869565,3.0,0.391304347826087,Wally's Compassion,trainer,1,I
toucannon-pbl,Water Energy,7,14,23,0.30434782608695654,2.0,0.6086956521739131,Water Energy,energy,1,basic
toucannon-pbl,Wellspring Mask Ogerpon ex [PRE 152],8,10,23,0.34782608695652173,1.25,0.43478260869565216,Wellspring Mask Ogerpon ex,pokemon,0,H
toucannon-pbl,Wondrous Patch,1,2,23,0.043478260869565216,2.0,0.08695652173913043,Wondrous Patch,trainer,1,I
toxtricity-box,Air Balloon,22,43,23,0.9565217391304348,1.9545454545454546,1.8695652173913044,Air Balloon,trainer,1,I
toxtricity-box,Battle Cage,1,1,23,0.043478260869565216,1.0,0.043478260869565216,Battle Cage,trainer,1,I
toxtricity-box,Binding Mochi,3,4,23,0.13043478260869565,1.3333333333333333,0.17391304347826086,Binding Mochi,trainer,0,H
toxtricity-box,Boss's Orders,23,65,23,1.0,2.8260869565217392,2.8260869565217392,Boss's Orders,trainer,1,G/I
toxtricity-box,Brock's Scouting,1,1,23,0.043478260869565216,1.0,0.043478260869565216,Brock's Scouting,trainer,1,I
toxtricity-box,Brute Bonnet [TWM 118],23,24,23,1.0,1.0434782608695652,1.0434782608695652,Brute Bonnet,pokemon,0,H
toxtricity-box,Buddy-Buddy Poffin,23,29,23,1.0,1.2608695652173914,1.2608695652173914,Buddy-Buddy Poffin,trainer,0,H
toxtricity-box,Budew [ASC 16],1,1,23,0.043478260869565216,1.0,0.043478260869565216,Budew,pokemon,0,H
toxtricity-box,Carmine,1,2,23,0.043478260869565216,2.0,0.08695652173913043,Carmine,trainer,0,H
toxtricity-box,Chi-Yu [PBL 59],21,22,23,0.9130434782608695,1.0476190476190477,0.9565217391304348,Chi-Yu,pokemon,1,J
toxtricity-box,Dark Bell,1,2,23,0.043478260869565216,2.0,0.08695652173913043,Dark Bell,trainer,1,J
toxtricity-box,Darkness Energy,23,227,23,1.0,9.869565217391305,9.869565217391305,Darkness Energy,energy,1,basic
toxtricity-box,Dudunsparce [PRE 80],1,2,23,0.043478260869565216,2.0,0.08695652173913043,Dudunsparce,pokemon,0,H
toxtricity-box,Dunsparce [JTG 120],1,1,23,0.043478260869565216,1.0,0.043478260869565216,Dunsparce,pokemon,1,I
toxtricity-box,Dunsparce [PRE 79],1,1,23,0.043478260869565216,1.0,0.043478260869565216,Dunsparce,pokemon,0,H
toxtricity-box,Energy Recycler,23,38,23,1.0,1.6521739130434783,1.6521739130434783,Energy Recycler,trainer,1,I
toxtricity-box,Energy Switch,22,40,23,0.9565217391304348,1.8181818181818181,1.7391304347826086,Energy Switch,trainer,1,F/G/I
toxtricity-box,Enhanced Hammer,1,2,23,0.043478260869565216,2.0,0.08695652173913043,Enhanced Hammer,trainer,0,H
toxtricity-box,Enriching Energy,1,1,23,0.043478260869565216,1.0,0.043478260869565216,Enriching Energy,energy,0,H
toxtricity-box,Fezandipiti ex [ASC 142],23,23,23,1.0,1.0,1.0,Fezandipiti ex,pokemon,0,H
toxtricity-box,Flutter Mane [PRE 43],1,1,23,0.043478260869565216,1.0,0.043478260869565216,Flutter Mane,pokemon,0,H
toxtricity-box,Hassel,4,6,23,0.17391304347826086,1.5,0.2608695652173913,Hassel,trainer,0,H
toxtricity-box,Hilda,1,3,23,0.043478260869565216,3.0,0.13043478260869565,Hilda,trainer,1,I
toxtricity-box,Judge,19,20,23,0.8260869565217391,1.0526315789473684,0.8695652173913043,Judge,trainer,1,G/J
toxtricity-box,Lillie's Determination,23,92,23,1.0,4.0,4.0,Lillie's Determination,trainer,1,I
toxtricity-box,Lucian,1,1,23,0.043478260869565216,1.0,0.043478260869565216,Lucian,trainer,0,H
toxtricity-box,Lumiose City,9,9,23,0.391304347826087,1.0,0.391304347826087,Lumiose City,trainer,1,J
toxtricity-box,Mega Absol ex [MEG 161],23,23,23,1.0,1.0,1.0,Mega Absol ex,pokemon,1,I
toxtricity-box,Mega Darkrai ex [MEP 90],1,2,23,0.043478260869565216,2.0,0.08695652173913043,Mega Darkrai ex,pokemon,1,J
toxtricity-box,Morty's Conviction,9,9,23,0.391304347826087,1.0,0.391304347826087,Morty's Conviction,trainer,0,H
toxtricity-box,Munkidori [ASC 99],23,67,23,1.0,2.9130434782608696,2.9130434782608696,Munkidori,pokemon,0,H
toxtricity-box,Night Stretcher,23,51,23,1.0,2.217391304347826,2.217391304347826,Night Stretcher,trainer,0,H
toxtricity-box,Nighttime Mine,2,3,23,0.08695652173913043,1.5,0.13043478260869565,Nighttime Mine,trainer,1,I
toxtricity-box,Okidogi ex [SFA 36],1,1,23,0.043478260869565216,1.0,0.043478260869565216,Okidogi ex,pokemon,0,H
toxtricity-box,Pecharunt [SVP 129],19,19,23,0.8260869565217391,1.0,0.8260869565217391,Pecharunt,pokemon,0,H
toxtricity-box,Pecharunt ex [PRE 163],23,25,23,1.0,1.0869565217391304,1.0869565217391304,Pecharunt ex,pokemon,0,H
toxtricity-box,Poké Pad,23,89,23,1.0,3.869565217391304,3.869565217391304,Poké Pad,trainer,1,J
toxtricity-box,Pokégear 3.0,17,35,23,0.7391304347826086,2.0588235294117645,1.5217391304347827,Pokégear 3.0,trainer,1,G/I
toxtricity-box,Precious Trolley,1,1,23,0.043478260869565216,1.0,0.043478260869565216,Precious Trolley,trainer,0,H
toxtricity-box,Psyduck [ASC 226],2,2,23,0.08695652173913043,1.0,0.08695652173913043,Psyduck,pokemon,1,I
toxtricity-box,Punk Helmet,2,2,23,0.08695652173913043,1.0,0.08695652173913043,Punk Helmet,trainer,1,I
toxtricity-box,Secret Box,20,20,23,0.8695652173913043,1.0,0.8695652173913043,Secret Box,trainer,0,H
toxtricity-box,Shaymin [DRI 10],19,19,23,0.8260869565217391,1.0,0.8260869565217391,Shaymin,pokemon,1,I
toxtricity-box,Special Red Card,23,23,23,1.0,1.0,1.0,Special Red Card,trainer,1,J
toxtricity-box,Switch,1,1,23,0.043478260869565216,1.0,0.043478260869565216,Switch,trainer,1,F/G/I
toxtricity-box,Tatsugiri [SVP 118],3,3,23,0.13043478260869565,1.0,0.13043478260869565,Tatsugiri,pokemon,0,H
toxtricity-box,Team Rocket's Arbok [DRI 113],1,1,23,0.043478260869565216,1.0,0.043478260869565216,Team Rocket's Arbok,pokemon,1,I
toxtricity-box,Team Rocket's Ekans [DRI 112],1,1,23,0.043478260869565216,1.0,0.043478260869565216,Team Rocket's Ekans,pokemon,1,I
toxtricity-box,Team Rocket's Energy,1,1,23,0.043478260869565216,1.0,0.043478260869565216,Team Rocket's Energy,energy,1,I
toxtricity-box,Team Rocket's Factory,4,5,23,0.17391304347826086,1.25,0.21739130434782608,Team Rocket's Factory,trainer,1,I
toxtricity-box,Team Rocket's Petrel,22,57,23,0.9565217391304348,2.590909090909091,2.4782608695652173,Team Rocket's Petrel,trainer,1,I
toxtricity-box,Team Rocket's Sneasel [DRI 128],4,4,23,0.17391304347826086,1.0,0.17391304347826086,Team Rocket's Sneasel,pokemon,1,I
toxtricity-box,Team Rocket's Transceiver,1,1,23,0.043478260869565216,1.0,0.043478260869565216,Team Rocket's Transceiver,trainer,1,I
toxtricity-box,Team Rocket's Watchtower,20,38,23,0.8695652173913043,1.9,1.6521739130434783,Team Rocket's Watchtower,trainer,1,I
toxtricity-box,Toxel [MEP 78],23,90,23,1.0,3.9130434782608696,3.9130434782608696,Toxel,pokemon,1,I
toxtricity-box,Toxtricity [MEP 17],23,87,23,1.0,3.782608695652174,3.782608695652174,Toxtricity,pokemon,1,I
toxtricity-box,Ultra Ball,23,30,23,1.0,1.3043478260869565,1.3043478260869565,Ultra Ball,trainer,1,F/G/I
toxtricity-box,Unfair Stamp,1,1,23,0.043478260869565216,1.0,0.043478260869565216,Unfair Stamp,trainer,0,H
toxtricity-box,Xerosic's Machinations,1,1,23,0.043478260869565216,1.0,0.043478260869565216,Xerosic's Machinations,trainer,0,H
toxtricity-box,Yveltal [MEG 88],7,7,23,0.30434782608695654,1.0,0.30434782608695654,Yveltal,pokemon,1,I
toxtricity-brute-bonnet,Air Balloon,1,2,1,1.0,2.0,2.0,Air Balloon,trainer,1,I
toxtricity-brute-bonnet,Boss's Orders,1,3,1,1.0,3.0,3.0,Boss's Orders,trainer,1,G/I
toxtricity-brute-bonnet,Brock's Scouting,1,1,1,1.0,1.0,1.0,Brock's Scouting,trainer,1,I
toxtricity-brute-bonnet,Brute Bonnet [TWM 118],1,2,1,1.0,2.0,2.0,Brute Bonnet,pokemon,0,H
toxtricity-brute-bonnet,Buddy-Buddy Poffin,1,1,1,1.0,1.0,1.0,Buddy-Buddy Poffin,trainer,0,H
toxtricity-brute-bonnet,Darkness Energy,1,10,1,1.0,10.0,10.0,Darkness Energy,energy,1,basic
toxtricity-brute-bonnet,Energy Recycler,1,1,1,1.0,1.0,1.0,Energy Recycler,trainer,1,I
toxtricity-brute-bonnet,Energy Switch,1,2,1,1.0,2.0,2.0,Energy Switch,trainer,1,F/G/I
toxtricity-brute-bonnet,Fezandipiti ex [ASC 142],1,1,1,1.0,1.0,1.0,Fezandipiti ex,pokemon,0,H
toxtricity-brute-bonnet,Judge,1,3,1,1.0,3.0,3.0,Judge,trainer,1,G/J
toxtricity-brute-bonnet,Lillie's Determination,1,4,1,1.0,4.0,4.0,Lillie's Determination,trainer,1,I
toxtricity-brute-bonnet,Lively Stadium,1,2,1,1.0,2.0,2.0,Lively Stadium,trainer,0,H
toxtricity-brute-bonnet,Munkidori [ASC 99],1,3,1,1.0,3.0,3.0,Munkidori,pokemon,0,H
toxtricity-brute-bonnet,Night Stretcher,1,3,1,1.0,3.0,3.0,Night Stretcher,trainer,0,H
toxtricity-brute-bonnet,Pecharunt [SVP 129],1,2,1,1.0,2.0,2.0,Pecharunt,pokemon,0,H
toxtricity-brute-bonnet,Pecharunt ex [PRE 163],1,1,1,1.0,1.0,1.0,Pecharunt ex,pokemon,0,H
toxtricity-brute-bonnet,Poké Pad,1,4,1,1.0,4.0,4.0,Poké Pad,trainer,1,J
toxtricity-brute-bonnet,Secret Box,1,1,1,1.0,1.0,1.0,Secret Box,trainer,0,H
toxtricity-brute-bonnet,Shaymin [DRI 10],1,1,1,1.0,1.0,1.0,Shaymin,pokemon,1,I
toxtricity-brute-bonnet,Team Rocket's Petrel,1,2,1,1.0,2.0,2.0,Team Rocket's Petrel,trainer,1,I
toxtricity-brute-bonnet,Team Rocket's Sneasel [DRI 128],1,1,1,1.0,1.0,1.0,Team Rocket's Sneasel,pokemon,1,I
toxtricity-brute-bonnet,Toxel [MEP 78],1,4,1,1.0,4.0,4.0,Toxel,pokemon,1,I
toxtricity-brute-bonnet,Toxtricity [MEP 17],1,4,1,1.0,4.0,4.0,Toxtricity,pokemon,1,I
toxtricity-brute-bonnet,Ultra Ball,1,2,1,1.0,2.0,2.0,Ultra Ball,trainer,1,F/G/I
toxtricity-pfl,Air Balloon,3,4,6,0.5,1.3333333333333333,0.6666666666666666,Air Balloon,trainer,1,I
toxtricity-pfl,Battle Cage,1,1,6,0.16666666666666666,1.0,0.16666666666666666,Battle Cage,trainer,1,I
toxtricity-pfl,Binding Mochi,4,7,6,0.6666666666666666,1.75,1.1666666666666667,Binding Mochi,trainer,0,H
toxtricity-pfl,Boss's Orders,6,15,6,1.0,2.5,2.5,Boss's Orders,trainer,1,G/I
toxtricity-pfl,Brute Bonnet [TWM 118],2,2,6,0.3333333333333333,1.0,0.3333333333333333,Brute Bonnet,pokemon,0,H
toxtricity-pfl,Buddy-Buddy Poffin,5,10,6,0.8333333333333334,2.0,1.6666666666666667,Buddy-Buddy Poffin,trainer,0,H
toxtricity-pfl,Budew [ASC 16],1,1,6,0.16666666666666666,1.0,0.16666666666666666,Budew,pokemon,0,H
toxtricity-pfl,Buneary [PFL 83],1,1,6,0.16666666666666666,1.0,0.16666666666666666,Buneary,pokemon,1,I
toxtricity-pfl,Carvanha [PFL 60],3,9,6,0.5,3.0,1.5,Carvanha,pokemon,1,I
toxtricity-pfl,Chi-Yu [PBL 59],5,7,6,0.8333333333333334,1.4,1.1666666666666667,Chi-Yu,pokemon,1,J
toxtricity-pfl,Cyrano,1,1,6,0.16666666666666666,1.0,0.16666666666666666,Cyrano,trainer,0,H
toxtricity-pfl,Dark Bell,3,7,6,0.5,2.3333333333333335,1.1666666666666667,Dark Bell,trainer,1,J
toxtricity-pfl,Darkness Energy,6,56,6,1.0,9.333333333333334,9.333333333333334,Darkness Energy,energy,1,basic
toxtricity-pfl,Drayton,1,3,6,0.16666666666666666,3.0,0.5,Drayton,trainer,0,H
toxtricity-pfl,Energy Recycler,3,4,6,0.5,1.3333333333333333,0.6666666666666666,Energy Recycler,trainer,1,I
toxtricity-pfl,Energy Search,1,2,6,0.16666666666666666,2.0,0.3333333333333333,Energy Search,trainer,1,F/G/J
toxtricity-pfl,Energy Switch,2,2,6,0.3333333333333333,1.0,0.3333333333333333,Energy Switch,trainer,1,F/G/I
toxtricity-pfl,Enhanced Hammer,1,1,6,0.16666666666666666,1.0,0.16666666666666666,Enhanced Hammer,trainer,0,H
toxtricity-pfl,Fezandipiti ex [ASC 142],6,6,6,1.0,1.0,1.0,Fezandipiti ex,pokemon,0,H
toxtricity-pfl,Gravity Mountain,3,3,6,0.5,1.0,0.5,Gravity Mountain,trainer,0,H
toxtricity-pfl,Grimsley's Move,1,1,6,0.16666666666666666,1.0,0.16666666666666666,Grimsley's Move,trainer,1,I
toxtricity-pfl,Hero's Cape,2,2,6,0.3333333333333333,1.0,0.3333333333333333,Hero's Cape,trainer,0,H
toxtricity-pfl,Hilda,1,1,6,0.16666666666666666,1.0,0.16666666666666666,Hilda,trainer,1,I
toxtricity-pfl,Janine's Secret Art,2,3,6,0.3333333333333333,1.5,0.5,Janine's Secret Art,trainer,0,H
toxtricity-pfl,Judge,4,6,6,0.6666666666666666,1.5,1.0,Judge,trainer,1,G/J
toxtricity-pfl,Jumbo Ice Cream,1,1,6,0.16666666666666666,1.0,0.16666666666666666,Jumbo Ice Cream,trainer,1,I
toxtricity-pfl,Lillie's Determination,6,22,6,1.0,3.6666666666666665,3.6666666666666665,Lillie's Determination,trainer,1,I
toxtricity-pfl,Lisia's Appeal,1,1,6,0.16666666666666666,1.0,0.16666666666666666,Lisia's Appeal,trainer,0,H
toxtricity-pfl,Mega Darkrai ex [MEP 90],3,7,6,0.5,2.3333333333333335,1.1666666666666667,Mega Darkrai ex,pokemon,1,J
toxtricity-pfl,Mega Lopunny ex [PFL 115],1,1,6,0.16666666666666666,1.0,0.16666666666666666,Mega Lopunny ex,pokemon,1,I
toxtricity-pfl,Mega Sharpedo ex [PFL 113],3,9,6,0.5,3.0,1.5,Mega Sharpedo ex,pokemon,1,I
toxtricity-pfl,Mega Signal,3,3,6,0.5,1.0,0.5,Mega Signal,trainer,1,I
toxtricity-pfl,Meowth ex [POR 107],1,2,6,0.16666666666666666,2.0,0.3333333333333333,Meowth ex,pokemon,1,J
toxtricity-pfl,Munkidori [ASC 99],6,14,6,1.0,2.3333333333333335,2.3333333333333335,Munkidori,pokemon,0,H
toxtricity-pfl,Night Stretcher,6,10,6,1.0,1.6666666666666667,1.6666666666666667,Night Stretcher,trainer,0,H
toxtricity-pfl,Pecharunt ex [PRE 163],6,8,6,1.0,1.3333333333333333,1.3333333333333333,Pecharunt ex,pokemon,0,H
toxtricity-pfl,Poké Pad,6,23,6,1.0,3.8333333333333335,3.8333333333333335,Poké Pad,trainer,1,J
toxtricity-pfl,Prime Catcher,1,1,6,0.16666666666666666,1.0,0.16666666666666666,Prime Catcher,trainer,0,H
toxtricity-pfl,Risky Ruins,1,2,6,0.16666666666666666,2.0,0.3333333333333333,Risky Ruins,trainer,1,I
toxtricity-pfl,Secret Box,1,1,6,0.16666666666666666,1.0,0.16666666666666666,Secret Box,trainer,0,H
toxtricity-pfl,Shadowy Darkness Energy,3,6,6,0.5,2.0,1.0,Shadowy Darkness Energy,energy,1,J
toxtricity-pfl,Shaymin [DRI 10],1,1,6,0.16666666666666666,1.0,0.16666666666666666,Shaymin,pokemon,1,I
toxtricity-pfl,Special Red Card,6,7,6,1.0,1.1666666666666667,1.1666666666666667,Special Red Card,trainer,1,J
toxtricity-pfl,Switch,2,2,6,0.3333333333333333,1.0,0.3333333333333333,Switch,trainer,1,F/G/I
toxtricity-pfl,Tatsugiri [SVP 118],2,2,6,0.3333333333333333,1.0,0.3333333333333333,Tatsugiri,pokemon,0,H
toxtricity-pfl,Team Rocket's Factory,1,2,6,0.16666666666666666,2.0,0.3333333333333333,Team Rocket's Factory,trainer,1,I
toxtricity-pfl,Team Rocket's Petrel,4,10,6,0.6666666666666666,2.5,1.6666666666666667,Team Rocket's Petrel,trainer,1,I
toxtricity-pfl,Team Rocket's Transceiver,1,2,6,0.16666666666666666,2.0,0.3333333333333333,Team Rocket's Transceiver,trainer,1,I
toxtricity-pfl,Team Rocket's Watchtower,3,5,6,0.5,1.6666666666666667,0.8333333333333334,Team Rocket's Watchtower,trainer,1,I
toxtricity-pfl,Tool Scrapper,1,1,6,0.16666666666666666,1.0,0.16666666666666666,Tool Scrapper,trainer,1,I
toxtricity-pfl,Toxel [MEP 78],6,21,6,1.0,3.5,3.5,Toxel,pokemon,1,I
toxtricity-pfl,Toxtricity [MEP 17],6,20,6,1.0,3.3333333333333335,3.3333333333333335,Toxtricity,pokemon,1,I
toxtricity-pfl,Ultra Ball,5,17,6,0.8333333333333334,3.4,2.8333333333333335,Ultra Ball,trainer,1,F/G/I
toxtricity-pfl,Unfair Stamp,2,2,6,0.3333333333333333,1.0,0.3333333333333333,Unfair Stamp,trainer,0,H
toxtricity-pfl,Yveltal [MEG 88],2,2,6,0.3333333333333333,1.0,0.3333333333333333,Yveltal,pokemon,1,I
ursaluna-lunatone,Air Balloon,2,4,3,0.6666666666666666,2.0,1.3333333333333333,Air Balloon,trainer,1,I
ursaluna-lunatone,Barbaracle [MEP 65],1,3,3,0.3333333333333333,3.0,1.0,Barbaracle,pokemon,1,J
ursaluna-lunatone,Battle Cage,2,3,3,0.6666666666666666,1.5,1.0,Battle Cage,trainer,1,I
ursaluna-lunatone,Binacle [MEP 87],1,3,3,0.3333333333333333,3.0,1.0,Binacle,pokemon,1,J
ursaluna-lunatone,Bloodmoon Ursaluna [PRE 54],3,6,3,1.0,2.0,2.0,Bloodmoon Ursaluna,pokemon,0,H
ursaluna-lunatone,Boss's Orders,3,7,3,1.0,2.3333333333333335,2.3333333333333335,Boss's Orders,trainer,1,G/I
ursaluna-lunatone,Brave Bangle,1,2,3,0.3333333333333333,2.0,0.6666666666666666,Brave Bangle,trainer,1,I
ursaluna-lunatone,Core Memory,1,2,3,0.3333333333333333,2.0,0.6666666666666666,Core Memory,trainer,1,J
ursaluna-lunatone,Crispin,1,1,3,0.3333333333333333,1.0,0.3333333333333333,Crispin,trainer,0,H
ursaluna-lunatone,Darkness Energy,2,4,3,0.6666666666666666,2.0,1.3333333333333333,Darkness Energy,energy,1,basic
ursaluna-lunatone,Drayton,1,3,3,0.3333333333333333,3.0,1.0,Drayton,trainer,0,H
ursaluna-lunatone,Energy Retrieval,2,4,3,0.6666666666666666,2.0,1.3333333333333333,Energy Retrieval,trainer,1,F/G/I
ursaluna-lunatone,Energy Switch,1,1,3,0.3333333333333333,1.0,0.3333333333333333,Energy Switch,trainer,1,F/G/I
ursaluna-lunatone,Fezandipiti ex [ASC 142],2,2,3,0.6666666666666666,1.0,0.6666666666666666,Fezandipiti ex,pokemon,0,H
ursaluna-lunatone,Fighting Energy,3,24,3,1.0,8.0,8.0,Fighting Energy,energy,1,basic
ursaluna-lunatone,Fighting Gong,3,12,3,1.0,4.0,4.0,Fighting Gong,trainer,1,I
ursaluna-lunatone,Heavy Baton,1,1,3,0.3333333333333333,1.0,0.3333333333333333,Heavy Baton,trainer,0,H
ursaluna-lunatone,Jumbo Ice Cream,1,1,3,0.3333333333333333,1.0,0.3333333333333333,Jumbo Ice Cream,trainer,1,I
ursaluna-lunatone,Latias ex [SSP 220],1,1,3,0.3333333333333333,1.0,0.3333333333333333,Latias ex,pokemon,0,H
ursaluna-lunatone,Lillie's Determination,3,10,3,1.0,3.3333333333333335,3.3333333333333335,Lillie's Determination,trainer,1,I
ursaluna-lunatone,Lively Stadium,1,1,3,0.3333333333333333,1.0,0.3333333333333333,Lively Stadium,trainer,0,H
ursaluna-lunatone,Lunatone [ASC 105],3,6,3,1.0,2.0,2.0,Lunatone,pokemon,1,I
ursaluna-lunatone,Lycanroc [JTG 166],1,3,3,0.3333333333333333,3.0,1.0,Lycanroc,pokemon,1,I
ursaluna-lunatone,Max Rod,1,1,3,0.3333333333333333,1.0,0.3333333333333333,Max Rod,trainer,0,H
ursaluna-lunatone,Mega Zygarde ex [MEP 71],1,2,3,0.3333333333333333,2.0,0.6666666666666666,Mega Zygarde ex,pokemon,1,J
ursaluna-lunatone,Meowth ex [POR 107],1,1,3,0.3333333333333333,1.0,0.3333333333333333,Meowth ex,pokemon,1,J
ursaluna-lunatone,Munkidori [ASC 99],2,3,3,0.6666666666666666,1.5,1.0,Munkidori,pokemon,0,H
ursaluna-lunatone,Night Stretcher,3,5,3,1.0,1.6666666666666667,1.6666666666666667,Night Stretcher,trainer,0,H
ursaluna-lunatone,Poké Pad,3,11,3,1.0,3.6666666666666665,3.6666666666666665,Poké Pad,trainer,1,J
ursaluna-lunatone,Premium Power Pro,1,3,3,0.3333333333333333,3.0,1.0,Premium Power Pro,trainer,1,I
ursaluna-lunatone,Prism Energy,1,1,3,0.3333333333333333,1.0,0.3333333333333333,Prism Energy,energy,1,I
ursaluna-lunatone,Risky Ruins,2,5,3,0.6666666666666666,2.5,1.6666666666666667,Risky Ruins,trainer,1,I
ursaluna-lunatone,Rockruff [JTG 84],1,3,3,0.3333333333333333,3.0,1.0,Rockruff,pokemon,1,I
ursaluna-lunatone,Rocky Fighting Energy,2,4,3,0.6666666666666666,2.0,1.3333333333333333,Rocky Fighting Energy,energy,1,J
ursaluna-lunatone,Secret Box,1,1,3,0.3333333333333333,1.0,0.3333333333333333,Secret Box,trainer,0,H
ursaluna-lunatone,Shaymin [DRI 10],2,2,3,0.6666666666666666,1.0,0.6666666666666666,Shaymin,pokemon,1,I
ursaluna-lunatone,Solrock [ASC 106],3,8,3,1.0,2.6666666666666665,2.6666666666666665,Solrock,pokemon,1,I
ursaluna-lunatone,Special Red Card,2,2,3,0.6666666666666666,1.0,0.6666666666666666,Special Red Card,trainer,1,J
ursaluna-lunatone,Spiky Energy,1,4,3,0.3333333333333333,4.0,1.3333333333333333,Spiky Energy,energy,1,I
ursaluna-lunatone,Tarragon,3,5,3,1.0,1.6666666666666667,1.6666666666666667,Tarragon,trainer,1,J
ursaluna-lunatone,Team Rocket's Petrel,1,1,3,0.3333333333333333,1.0,0.3333333333333333,Team Rocket's Petrel,trainer,1,I
ursaluna-lunatone,Team Rocket's Venture Bomb,1,4,3,0.3333333333333333,4.0,1.3333333333333333,Team Rocket's Venture Bomb,trainer,1,I
ursaluna-lunatone,Ting-Lu [TWM 110],1,1,3,0.3333333333333333,1.0,0.3333333333333333,Ting-Lu,pokemon,0,H
ursaluna-lunatone,Transformation Tome,1,2,3,0.3333333333333333,2.0,0.6666666666666666,Transformation Tome,trainer,1,J
ursaluna-lunatone,Ultra Ball,3,5,3,1.0,1.6666666666666667,1.6666666666666667,Ultra Ball,trainer,1,F/G/I
ursaluna-lunatone,Unfair Stamp,1,1,3,0.3333333333333333,1.0,0.3333333333333333,Unfair Stamp,trainer,0,H
ursaluna-lunatone,Xerosic's Machinations,1,1,3,0.3333333333333333,1.0,0.3333333333333333,Xerosic's Machinations,trainer,0,H
wailord-ex-pbl,AZ's Tranquility,1,2,3,0.3333333333333333,2.0,0.6666666666666666,AZ's Tranquility,trainer,1,J
wailord-ex-pbl,Acerola's Mischief,1,1,3,0.3333333333333333,1.0,0.3333333333333333,Acerola's Mischief,trainer,1,I
wailord-ex-pbl,Air Balloon,1,2,3,0.3333333333333333,2.0,0.6666666666666666,Air Balloon,trainer,1,I
wailord-ex-pbl,Bloodmoon Ursaluna ex [PRE 168],1,1,3,0.3333333333333333,1.0,0.3333333333333333,Bloodmoon Ursaluna ex,pokemon,0,H
wailord-ex-pbl,Boss's Orders,3,7,3,1.0,2.3333333333333335,2.3333333333333335,Boss's Orders,trainer,1,G/I
wailord-ex-pbl,Bubbly Water Energy,3,9,3,1.0,3.0,3.0,Bubbly Water Energy,energy,1,J
wailord-ex-pbl,Budew [ASC 16],1,1,3,0.3333333333333333,1.0,0.3333333333333333,Budew,pokemon,0,H
wailord-ex-pbl,Cinderace [MEG 28],1,4,3,0.3333333333333333,4.0,1.3333333333333333,Cinderace,pokemon,1,I
wailord-ex-pbl,Crispin,1,3,3,0.3333333333333333,3.0,1.0,Crispin,trainer,0,H
wailord-ex-pbl,Crushing Hammer,1,1,3,0.3333333333333333,1.0,0.3333333333333333,Crushing Hammer,trainer,1,F/G/J
wailord-ex-pbl,Darkness Energy,1,3,3,0.3333333333333333,3.0,1.0,Darkness Energy,energy,1,basic
wailord-ex-pbl,Dunsparce [JTG 120],1,2,3,0.3333333333333333,2.0,0.6666666666666666,Dunsparce,pokemon,1,I
wailord-ex-pbl,Energy Recycler,2,2,3,0.6666666666666666,1.0,0.6666666666666666,Energy Recycler,trainer,1,I
wailord-ex-pbl,Fezandipiti ex [ASC 142],1,1,3,0.3333333333333333,1.0,0.3333333333333333,Fezandipiti ex,pokemon,0,H
wailord-ex-pbl,Gwynn,1,2,3,0.3333333333333333,2.0,0.6666666666666666,Gwynn,trainer,1,J
wailord-ex-pbl,Heavy Baton,3,5,3,1.0,1.6666666666666667,1.6666666666666667,Heavy Baton,trainer,0,H
wailord-ex-pbl,Jumbo Ice Cream,3,10,3,1.0,3.3333333333333335,3.3333333333333335,Jumbo Ice Cream,trainer,1,I
wailord-ex-pbl,Lillie's Determination,3,11,3,1.0,3.6666666666666665,3.6666666666666665,Lillie's Determination,trainer,1,I
wailord-ex-pbl,Maximum Belt,1,1,3,0.3333333333333333,1.0,0.3333333333333333,Maximum Belt,trainer,0,H
wailord-ex-pbl,Meowth ex [POR 107],1,2,3,0.3333333333333333,2.0,0.6666666666666666,Meowth ex,pokemon,1,J
wailord-ex-pbl,Misty's Vitality,3,10,3,1.0,3.3333333333333335,3.3333333333333335,Misty's Vitality,trainer,1,J
wailord-ex-pbl,Munkidori [ASC 99],1,3,3,0.3333333333333333,3.0,1.0,Munkidori,pokemon,0,H
wailord-ex-pbl,Night Stretcher,2,4,3,0.6666666666666666,2.0,1.3333333333333333,Night Stretcher,trainer,0,H
wailord-ex-pbl,Patrat [CRI 70],1,1,3,0.3333333333333333,1.0,0.3333333333333333,Patrat,pokemon,1,J
wailord-ex-pbl,Poké Pad,3,11,3,1.0,3.6666666666666665,3.6666666666666665,Poké Pad,trainer,1,J
wailord-ex-pbl,Pokégear 3.0,3,10,3,1.0,3.3333333333333335,3.3333333333333335,Pokégear 3.0,trainer,1,G/I
wailord-ex-pbl,Psyduck [ASC 226],1,1,3,0.3333333333333333,1.0,0.3333333333333333,Psyduck,pokemon,1,I
wailord-ex-pbl,Secret Box,2,2,3,0.6666666666666666,1.0,0.6666666666666666,Secret Box,trainer,0,H
wailord-ex-pbl,Special Red Card,1,1,3,0.3333333333333333,1.0,0.3333333333333333,Special Red Card,trainer,1,J
wailord-ex-pbl,Surfing Beach,2,4,3,0.6666666666666666,2.0,1.3333333333333333,Surfing Beach,trainer,1,I
wailord-ex-pbl,Team Rocket's Petrel,1,4,3,0.3333333333333333,4.0,1.3333333333333333,Team Rocket's Petrel,trainer,1,I
wailord-ex-pbl,Ultra Ball,3,10,3,1.0,3.3333333333333335,3.3333333333333335,Ultra Ball,trainer,1,F/G/I
wailord-ex-pbl,Wailmer [PBL 15],3,12,3,1.0,4.0,4.0,Wailmer,pokemon,1,J
wailord-ex-pbl,Wailord [JTG 162],1,1,3,0.3333333333333333,1.0,0.3333333333333333,Wailord,pokemon,1,I
wailord-ex-pbl,Wailord ex [PBL 16],3,10,3,1.0,3.3333333333333335,3.3333333333333335,Wailord ex,pokemon,1,J
wailord-ex-pbl,Water Energy,3,26,3,1.0,8.666666666666666,8.666666666666666,Water Energy,energy,1,basic
yanmega-ex,AZ's Tranquility,2,2,7,0.2857142857142857,1.0,0.2857142857142857,AZ's Tranquility,trainer,1,J
yanmega-ex,Air Balloon,3,3,7,0.42857142857142855,1.0,0.42857142857142855,Air Balloon,trainer,1,I
yanmega-ex,Backtrack Badge,1,1,7,0.14285714285714285,1.0,0.14285714285714285,Backtrack Badge,trainer,1,J
yanmega-ex,Battle Cage,1,4,7,0.14285714285714285,4.0,0.5714285714285714,Battle Cage,trainer,1,I
yanmega-ex,Bayleef [MEG 9],1,3,7,0.14285714285714285,3.0,0.42857142857142855,Bayleef,pokemon,1,I
yanmega-ex,Boss's Orders,7,22,7,1.0,3.142857142857143,3.142857142857143,Boss's Orders,trainer,1,G/I
yanmega-ex,Brock's Scouting,1,1,7,0.14285714285714285,1.0,0.14285714285714285,Brock's Scouting,trainer,1,I
yanmega-ex,Buddy-Buddy Poffin,6,20,7,0.8571428571428571,3.3333333333333335,2.857142857142857,Buddy-Buddy Poffin,trainer,0,H
yanmega-ex,Bug Catching Set,4,12,7,0.5714285714285714,3.0,1.7142857142857142,Bug Catching Set,trainer,0,H
yanmega-ex,Chien-Pao [SSP 56],1,1,7,0.14285714285714285,1.0,0.14285714285714285,Chien-Pao,pokemon,0,H
yanmega-ex,Chikorita [ASC 8],1,3,7,0.14285714285714285,3.0,0.42857142857142855,Chikorita,pokemon,1,J
yanmega-ex,Ciphermaniac's Codebreaking,1,1,7,0.14285714285714285,1.0,0.14285714285714285,Ciphermaniac's Codebreaking,trainer,0,H
yanmega-ex,Crispin,1,1,7,0.14285714285714285,1.0,0.14285714285714285,Crispin,trainer,0,H
yanmega-ex,Crushing Hammer,2,8,7,0.2857142857142857,4.0,1.1428571428571428,Crushing Hammer,trainer,1,F/G/J
yanmega-ex,Cyrano,2,5,7,0.2857142857142857,2.5,0.7142857142857143,Cyrano,trainer,0,H
yanmega-ex,Dawn,1,3,7,0.14285714285714285,3.0,0.42857142857142855,Dawn,trainer,1,I
yanmega-ex,Dudunsparce [PRE 80],3,8,7,0.42857142857142855,2.6666666666666665,1.1428571428571428,Dudunsparce,pokemon,0,H
yanmega-ex,Dudunsparce ex [JTG 121],3,3,7,0.42857142857142855,1.0,0.42857142857142855,Dudunsparce ex,pokemon,1,I
yanmega-ex,Dunsparce [JTG 120],3,7,7,0.42857142857142855,2.3333333333333335,1.0,Dunsparce,pokemon,1,I
yanmega-ex,Dunsparce [PRE 79],3,4,7,0.42857142857142855,1.3333333333333333,0.5714285714285714,Dunsparce,pokemon,0,H
yanmega-ex,Energy Recycler,7,8,7,1.0,1.1428571428571428,1.1428571428571428,Energy Recycler,trainer,1,I
yanmega-ex,Energy Switch,2,3,7,0.2857142857142857,1.5,0.42857142857142855,Energy Switch,trainer,1,F/G/I
yanmega-ex,Erika's Gloom [ASC 2],1,2,7,0.14285714285714285,2.0,0.2857142857142857,Erika's Gloom,pokemon,1,J
yanmega-ex,Erika's Oddish [ASC 1],1,2,7,0.14285714285714285,2.0,0.2857142857142857,Erika's Oddish,pokemon,1,J
yanmega-ex,Erika's Tangela [ASC 218],1,2,7,0.14285714285714285,2.0,0.2857142857142857,Erika's Tangela,pokemon,1,J
yanmega-ex,Erika's Vileplume ex [ASC 3],1,2,7,0.14285714285714285,2.0,0.2857142857142857,Erika's Vileplume ex,pokemon,1,J
yanmega-ex,Fan Rotom [ASC 171],2,2,7,0.2857142857142857,1.0,0.2857142857142857,Fan Rotom,pokemon,0,H
yanmega-ex,Fezandipiti ex [ASC 142],5,5,7,0.7142857142857143,1.0,0.7142857142857143,Fezandipiti ex,pokemon,0,H
yanmega-ex,Fighting Energy,1,1,7,0.14285714285714285,1.0,0.14285714285714285,Fighting Energy,energy,1,basic
yanmega-ex,Forest of Vitality,3,7,7,0.42857142857142855,2.3333333333333335,1.0,Forest of Vitality,trainer,1,I
yanmega-ex,Genesect [PFL 8],1,1,7,0.14285714285714285,1.0,0.14285714285714285,Genesect,pokemon,1,I
yanmega-ex,Grass Energy,7,65,7,1.0,9.285714285714286,9.285714285714286,Grass Energy,energy,1,basic
yanmega-ex,Hand Trimmer,1,2,7,0.14285714285714285,2.0,0.2857142857142857,Hand Trimmer,trainer,0,H
yanmega-ex,Handheld Fan,2,4,7,0.2857142857142857,2.0,0.5714285714285714,Handheld Fan,trainer,0,H
yanmega-ex,Judge,3,5,7,0.42857142857142855,1.6666666666666667,0.7142857142857143,Judge,trainer,1,G/J
yanmega-ex,Jumbo Ice Cream,1,2,7,0.14285714285714285,2.0,0.2857142857142857,Jumbo Ice Cream,trainer,1,I
yanmega-ex,Kieran,1,1,7,0.14285714285714285,1.0,0.14285714285714285,Kieran,trainer,0,H
yanmega-ex,Kofu,2,4,7,0.2857142857142857,2.0,0.5714285714285714,Kofu,trainer,0,H
yanmega-ex,Latias ex [SSP 220],2,3,7,0.2857142857142857,1.5,0.42857142857142855,Latias ex,pokemon,0,H
yanmega-ex,Lightning Energy,1,1,7,0.14285714285714285,1.0,0.14285714285714285,Lightning Energy,energy,1,basic
yanmega-ex,Lillie's Determination,7,27,7,1.0,3.857142857142857,3.857142857142857,Lillie's Determination,trainer,1,I
yanmega-ex,Lucian,1,2,7,0.14285714285714285,2.0,0.2857142857142857,Lucian,trainer,0,H
yanmega-ex,Max Rod,1,1,7,0.14285714285714285,1.0,0.14285714285714285,Max Rod,trainer,0,H
yanmega-ex,Mega Kangaskhan ex [MEG 104],2,7,7,0.2857142857142857,3.5,1.0,Mega Kangaskhan ex,pokemon,1,I
yanmega-ex,Mega Meganium ex [ASC 10],1,1,7,0.14285714285714285,1.0,0.14285714285714285,Mega Meganium ex,pokemon,1,J
yanmega-ex,Meganium [MEG 10],1,2,7,0.14285714285714285,2.0,0.2857142857142857,Meganium,pokemon,1,I
yanmega-ex,Meowth ex [POR 107],4,4,7,0.5714285714285714,1.0,0.5714285714285714,Meowth ex,pokemon,1,J
yanmega-ex,Mist Energy,4,13,7,0.5714285714285714,3.25,1.8571428571428572,Mist Energy,energy,0,H
yanmega-ex,Night Stretcher,4,4,7,0.5714285714285714,1.0,0.5714285714285714,Night Stretcher,trainer,0,H
yanmega-ex,Nighttime Mine,2,7,7,0.2857142857142857,3.5,1.0,Nighttime Mine,trainer,1,I
yanmega-ex,Poké Pad,4,16,7,0.5714285714285714,4.0,2.2857142857142856,Poké Pad,trainer,1,J
yanmega-ex,Pokégear 3.0,3,4,7,0.42857142857142855,1.3333333333333333,0.5714285714285714,Pokégear 3.0,trainer,1,G/I
yanmega-ex,Prime Catcher,1,1,7,0.14285714285714285,1.0,0.14285714285714285,Prime Catcher,trainer,0,H
yanmega-ex,Psyduck [ASC 226],1,1,7,0.14285714285714285,1.0,0.14285714285714285,Psyduck,pokemon,1,I
yanmega-ex,Rabsca [TEF 24],1,1,7,0.14285714285714285,1.0,0.14285714285714285,Rabsca,pokemon,0,H
yanmega-ex,Raging Bolt ex [PRE 166],1,1,7,0.14285714285714285,1.0,0.14285714285714285,Raging Bolt ex,pokemon,0,H
yanmega-ex,Rellor [DRI 24],1,1,7,0.14285714285714285,1.0,0.14285714285714285,Rellor,pokemon,0,H
yanmega-ex,Scoop Up Cyclone,4,4,7,0.5714285714285714,1.0,0.5714285714285714,Scoop Up Cyclone,trainer,0,H
yanmega-ex,Scramble Switch,1,1,7,0.14285714285714285,1.0,0.14285714285714285,Scramble Switch,trainer,0,H
yanmega-ex,Shaymin [DRI 10],2,2,7,0.2857142857142857,1.0,0.2857142857142857,Shaymin,pokemon,1,I
yanmega-ex,Special Red Card,5,5,7,0.7142857142857143,1.0,0.7142857142857143,Special Red Card,trainer,1,J
yanmega-ex,Switch,4,5,7,0.5714285714285714,1.25,0.7142857142857143,Switch,trainer,1,F/G/I
yanmega-ex,Tapu Bulu [SFA 6],1,1,7,0.14285714285714285,1.0,0.14285714285714285,Tapu Bulu,pokemon,0,H
yanmega-ex,Tatsugiri [SVP 118],1,1,7,0.14285714285714285,1.0,0.14285714285714285,Tatsugiri,pokemon,0,H
yanmega-ex,Team Rocket's Petrel,2,3,7,0.2857142857142857,1.5,0.42857142857142855,Team Rocket's Petrel,trainer,1,I
yanmega-ex,Team Rocket's Watchtower,1,3,7,0.14285714285714285,3.0,0.42857142857142855,Team Rocket's Watchtower,trainer,1,I
yanmega-ex,Tool Scrapper,1,1,7,0.14285714285714285,1.0,0.14285714285714285,Tool Scrapper,trainer,1,I
yanmega-ex,Ultra Ball,6,17,7,0.8571428571428571,2.8333333333333335,2.4285714285714284,Ultra Ball,trainer,1,F/G/I
yanmega-ex,Xerosic's Machinations,2,2,7,0.2857142857142857,1.0,0.2857142857142857,Xerosic's Machinations,trainer,0,H
yanmega-ex,Yanma [DRI 183],7,26,7,1.0,3.7142857142857144,3.7142857142857144,Yanma,pokemon,1,I
yanmega-ex,Yanmega ex [DRI 206],7,22,7,1.0,3.142857142857143,3.142857142857143,Yanmega ex,pokemon,1,I
zygarde-barbaracle,Air Balloon,2,4,2,1.0,2.0,2.0,Air Balloon,trainer,1,I
zygarde-barbaracle,Barbaracle [MEP 65],2,7,2,1.0,3.5,3.5,Barbaracle,pokemon,1,J
zygarde-barbaracle,Battle Cage,2,2,2,1.0,1.0,1.0,Battle Cage,trainer,1,I
zygarde-barbaracle,Binacle [MEP 87],2,7,2,1.0,3.5,3.5,Binacle,pokemon,1,J
zygarde-barbaracle,Bloodmoon Ursaluna [PRE 54],1,1,2,0.5,1.0,0.5,Bloodmoon Ursaluna,pokemon,0,H
zygarde-barbaracle,Boss's Orders,2,4,2,1.0,2.0,2.0,Boss's Orders,trainer,1,G/I
zygarde-barbaracle,Brock's Scouting,1,1,2,0.5,1.0,0.5,Brock's Scouting,trainer,1,I
zygarde-barbaracle,Core Memory,2,3,2,1.0,1.5,1.5,Core Memory,trainer,1,J
zygarde-barbaracle,Cornerstone Mask Ogerpon ex [PRE 160],1,1,2,0.5,1.0,0.5,Cornerstone Mask Ogerpon ex,pokemon,0,H
zygarde-barbaracle,Energy Retrieval,2,3,2,1.0,1.5,1.5,Energy Retrieval,trainer,1,F/G/I
zygarde-barbaracle,Fighting Energy,2,20,2,1.0,10.0,10.0,Fighting Energy,energy,1,basic
zygarde-barbaracle,Fighting Gong,2,8,2,1.0,4.0,4.0,Fighting Gong,trainer,1,I
zygarde-barbaracle,Gwynn,1,2,2,0.5,2.0,1.0,Gwynn,trainer,1,J
zygarde-barbaracle,Judge,1,1,2,0.5,1.0,0.5,Judge,trainer,1,G/J
zygarde-barbaracle,Koraidon [PBL 47],1,2,2,0.5,2.0,1.0,Koraidon,pokemon,1,J
zygarde-barbaracle,Lillie's Determination,2,8,2,1.0,4.0,4.0,Lillie's Determination,trainer,1,I
zygarde-barbaracle,Lunatone [ASC 105],2,4,2,1.0,2.0,2.0,Lunatone,pokemon,1,I
zygarde-barbaracle,Max Rod,1,1,2,0.5,1.0,0.5,Max Rod,trainer,0,H
zygarde-barbaracle,Mega Zygarde ex [MEP 71],2,5,2,1.0,2.5,2.5,Mega Zygarde ex,pokemon,1,J
zygarde-barbaracle,Meowth ex [POR 107],1,1,2,0.5,1.0,0.5,Meowth ex,pokemon,1,J
zygarde-barbaracle,Night Stretcher,1,1,2,0.5,1.0,0.5,Night Stretcher,trainer,0,H
zygarde-barbaracle,Nighttime Mine,1,1,2,0.5,1.0,0.5,Nighttime Mine,trainer,1,I
zygarde-barbaracle,Poké Pad,2,8,2,1.0,4.0,4.0,Poké Pad,trainer,1,J
zygarde-barbaracle,Pokégear 3.0,1,2,2,0.5,2.0,1.0,Pokégear 3.0,trainer,1,G/I
zygarde-barbaracle,Premium Power Pro,1,1,2,0.5,1.0,0.5,Premium Power Pro,trainer,1,I
zygarde-barbaracle,Rocky Fighting Energy,2,2,2,1.0,1.0,1.0,Rocky Fighting Energy,energy,1,J
zygarde-barbaracle,Secret Box,1,1,2,0.5,1.0,0.5,Secret Box,trainer,0,H
zygarde-barbaracle,Shaymin [DRI 10],1,1,2,0.5,1.0,0.5,Shaymin,pokemon,1,I
zygarde-barbaracle,Solrock [ASC 106],2,4,2,1.0,2.0,2.0,Solrock,pokemon,1,I
zygarde-barbaracle,Special Red Card,2,2,2,1.0,1.0,1.0,Special Red Card,trainer,1,J
zygarde-barbaracle,Tarragon,2,4,2,1.0,2.0,2.0,Tarragon,trainer,1,J
zygarde-barbaracle,Team Rocket's Watchtower,1,1,2,0.5,1.0,0.5,Team Rocket's Watchtower,trainer,1,I
zygarde-barbaracle,Tool Scrapper,1,1,2,0.5,1.0,0.5,Tool Scrapper,trainer,1,I
zygarde-barbaracle,Ultra Ball,2,4,2,1.0,2.0,2.0,Ultra Ball,trainer,1,F/G/I
zygarde-barbaracle,Wally's Compassion,2,2,2,1.0,1.0,1.0,Wally's Compassion,trainer,1,I
