deck_id,archetype,card,copies,baseline_copies,lists,share_of_archetype,raw_wr,raw_day2,wr_effect,wr_se,wr_p,d2_effect,d2_se,d2_p,wr_q,d2_q
alakazam-dudunsparce,Alakazam Dudunsparce,Abra [MEG 54],3,4,79,0.059622641509433964,0.37040385774562984,0.05063291139240506,-0.0394461390866014,0.017923909466581855,0.027753350300703965,-0.08327796187646998,0.02607546187371123,0.0014044783663475476,0.11186547774713572,0.017575908207383497
alakazam-dudunsparce,Alakazam Dudunsparce,Abra [MEG 54],4,4,1229,0.9275471698113208,0.4372875907355158,0.17819365337672904,0.0,0.0,,0.0,0.0,,,
alakazam-dudunsparce,Alakazam Dudunsparce,Abra [TWM 80],0,0,1233,0.930566037735849,0.4361393206385097,0.17761557177615572,0.0,0.0,,0.0,0.0,,,
alakazam-dudunsparce,Alakazam Dudunsparce,Abra [TWM 80],1,0,77,0.05811320754716981,0.3839929911358482,0.05194805194805195,-0.032525979919525036,0.017591315604730602,0.06446078941683625,-0.0820199130706,0.026838515993166976,0.0022427200570555848,0.1981253025888713,0.02483204496908533
alakazam-dudunsparce,Alakazam Dudunsparce,Air Balloon,0,0,651,0.4913207547169811,0.42537089766352437,0.16589861751152074,0.0,0.0,,0.0,0.0,,,
alakazam-dudunsparce,Alakazam Dudunsparce,Air Balloon,1,0,421,0.3177358490566038,0.45409009482643686,0.19239904988123516,0.031752271628568945,0.0106713478747708,0.0029254030458034457,0.024136886180812927,0.025346739480068554,0.3409611369427349,0.020522483962544785,0.6342981474703915
alakazam-dudunsparce,Alakazam Dudunsparce,Air Balloon,2,0,223,0.16830188679245284,0.4096073084862323,0.13452914798206278,0.015528326565017786,0.013229395011248285,0.24048535893621925,0.004798231914994816,0.031031293642808686,0.8771164991191585,0.4308110036303811,0.9584661863145144
alakazam-dudunsparce,Alakazam Dudunsparce,Alakazam [MEG 56],3,3,1256,0.9479245283018868,0.4373518028474238,0.1767515923566879,0.0,0.0,,0.0,0.0,,,
alakazam-dudunsparce,Alakazam Dudunsparce,Alakazam [MEG 56],4,3,69,0.052075471698113204,0.3504009275748406,0.057971014492753624,-0.07573923935303292,0.01879489495606556,5.5829741795300136e-05,-0.07960648977741014,0.02753255721539464,0.0038358044001694713,0.0010470925042832821,0.03560711357329035
alakazam-dudunsparce,Alakazam Dudunsparce,Alakazam [TWM 82],0,0,1165,0.879245283018868,0.4320522804964865,0.1630901287553648,0.0,0.0,,0.0,0.0,,,
alakazam-dudunsparce,Alakazam Dudunsparce,Alakazam [TWM 82],1,0,160,0.12075471698113208,0.438441385003885,0.225,0.01244685634704568,0.011571905342508855,0.2821017425316633,0.07191530282155842,0.03240728286811919,0.026479289454461128,0.47308668136240617,0.14037015582096113
alakazam-dudunsparce,Alakazam Dudunsparce,Battle Cage,0,3,290,0.2188679245283019,0.46602177037521864,0.25517241379310346,0.022779231614094723,0.01311366450541648,0.08237645229455576,0.07512398227373276,0.03405569549105417,0.02738992552989774,0.22406936777128755,0.14383623749700583
alakazam-dudunsparce,Alakazam Dudunsparce,Battle Cage,1,3,118,0.0890566037735849,0.42319695370542826,0.16101694915254236,0.001934303735645954,0.01630254555330137,0.9055523249403831,-0.000847776327729307,0.03638617669092962,0.9814114449986221,0.945285304733832,0.9946766220975263
alakazam-dudunsparce,Alakazam Dudunsparce,Battle Cage,2,3,104,0.07849056603773585,0.39649960082652397,0.08653846153846154,-0.023358476633473256,0.016036190020066718,0.1452240332008786,-0.04013701775310127,0.03374722271968332,0.23430478338593896,0.3217975506561841,0.5329853859694997
alakazam-dudunsparce,Alakazam Dudunsparce,Battle Cage,3,3,446,0.3366037735849057,0.4328488402479434,0.16143497757847533,0.0,0.0,,0.0,0.0,,,
alakazam-dudunsparce,Alakazam Dudunsparce,Battle Cage,4,3,367,0.2769811320754717,0.4199494092545864,0.14168937329700274,-0.005393998783029638,0.010545772948572238,0.6090118803880823,-0.0054482189874311415,0.023986026724080425,0.8203138154969163,0.7522606425761393,0.9318521587659655
alakazam-dudunsparce,Alakazam Dudunsparce,Boss's Orders,2,2,708,0.5343396226415095,0.43678496317973714,0.17937853107344634,0.0,0.0,,0.0,0.0,,,
alakazam-dudunsparce,Alakazam Dudunsparce,Boss's Orders,3,2,595,0.4490566037735849,0.4294494627687904,0.15798319327731092,-0.032877533139889566,0.01014237599176291,0.0011886043179813771,-0.04381557751453217,0.02499858568268948,0.07964969339972329,0.01011414229837857,0.2826180240708328
alakazam-dudunsparce,Alakazam Dudunsparce,Buddy-Buddy Poffin,3,4,104,0.07849056603773585,0.35143475648283334,0.04807692307692308,-0.07437448379834488,0.015811193105575088,2.5522148445414556e-06,-0.08166625179970738,0.024275103110223465,0.0007676646547665776,0.00012329088104033506,0.011758063628841414
alakazam-dudunsparce,Alakazam Dudunsparce,Buddy-Buddy Poffin,4,4,1210,0.9132075471698113,0.4414927294162831,0.18264462809917356,0.0,0.0,,0.0,0.0,,,
alakazam-dudunsparce,Alakazam Dudunsparce,Dawn,2,4,41,0.030943396226415093,0.3527586234903308,0.07317073170731707,-0.0638589183681827,0.025197750397566655,0.01126689123787031,-0.0691296448747577,0.04386927661284148,0.11506959660619623,0.05650120917758514,0.34976116372025495
alakazam-dudunsparce,Alakazam Dudunsparce,Dawn,3,4,441,0.3328301886792453,0.42008909457889054,0.14512471655328799,-0.01975806968290625,0.008556176671015072,0.020931535814915227,-0.03142213407781263,0.01983094965580556,0.11308004645114145,0.09116626262515211,0.34976116372025495
alakazam-dudunsparce,Alakazam Dudunsparce,Dawn,4,4,840,0.6339622641509434,0.4431279374285326,0.18928571428571428,0.0,0.0,,0.0,0.0,,,
alakazam-dudunsparce,Alakazam Dudunsparce,Dedenne [SSP 87],0,0,732,0.5524528301886793,0.4165791668865439,0.1407103825136612,0.0,0.0,,0.0,0.0,,,
alakazam-dudunsparce,Alakazam Dudunsparce,Dedenne [SSP 87],1,0,592,0.4467924528301887,0.45335964789089783,0.20777027027027026,0.03798739825395963,0.009058952514663694,2.7485953736410145e-05,0.04594823883155123,0.021492775999290822,0.03252926822779116,0.0006160875971649005,0.15641050704707798
alakazam-dudunsparce,Alakazam Dudunsparce,Dudunsparce [PRE 80],2,3,469,0.3539622641509434,0.45120835691198163,0.19616204690831557,0.034606204657023173,0.009866448393140652,0.0004524009209171059,0.039250641266270536,0.024770769821464287,0.11306753025646857,0.0049494815038430996,0.34976116372025495
alakazam-dudunsparce,Alakazam Dudunsparce,Dudunsparce [PRE 80],3,3,842,0.6354716981132076,0.4243531645402192,0.15914489311163896,0.0,0.0,,0.0,0.0,,,
alakazam-dudunsparce,Alakazam Dudunsparce,Dunsparce [JTG 120],0,3,77,0.05811320754716981,0.32483349983349985,0.025974025974025976,-0.1102107935052927,0.016781009876851497,5.113608842587356e-11,-0.11865049523538888,0.02224107679747366,9.567839964781525e-08,9.39881305267556e-09,1.256120703947746e-05
alakazam-dudunsparce,Alakazam Dudunsparce,Dunsparce [JTG 120],2,3,240,0.1811320754716981,0.4110230972730973,0.10416666666666667,-0.027177002554348552,0.010147210584804599,0.0074002821856735635,-0.05899495087019256,0.022061605410719876,0.007492998457494212,0.041217329264448516,0.05553278695513855
alakazam-dudunsparce,Alakazam Dudunsparce,Dunsparce [JTG 120],3,3,947,0.7147169811320755,0.45107382986210864,0.20802534318901794,0.0,0.0,,0.0,0.0,,,
alakazam-dudunsparce,Alakazam Dudunsparce,Dunsparce [PRE 79],0,0,1041,0.7856603773584906,0.44631929114397895,0.19692603266090297,0.0,0.0,,0.0,0.0,,,
alakazam-dudunsparce,Alakazam Dudunsparce,Dunsparce [PRE 79],1,0,162,0.12226415094339622,0.4181216931216931,0.09876543209876543,-0.022505557204770228,0.011971210822375348,0.060111711301056005,-0.056654629570975334,0.02395607512998908,0.01803309532502277,0.18832863631118837,0.10488870002339193
alakazam-dudunsparce,Alakazam Dudunsparce,Dunsparce [PRE 79],2,0,50,0.03773584905660377,0.3560764790764791,0.06,-0.09164202081273654,0.022101332025704575,3.376730346267383e-05,-0.10183340810480075,0.03597770655714629,0.004648132960166608,0.0007388607590999345,0.0418787665724815
alakazam-dudunsparce,Alakazam Dudunsparce,Dunsparce [PRE 79],3,0,55,0.04150943396226415,0.32626762126762116,0.01818181818181818,-0.1063179425520654,0.01868343813282686,1.2667435059409731e-08,-0.12089330901750624,0.025364643687338907,1.8772027404879977e-06,1.058306619963413e-06,0.00011500995456723133
alakazam-dudunsparce,Alakazam Dudunsparce,Elgyem [BLK 120],0,0,1115,0.8415094339622642,0.4297792060123899,0.16502242152466368,0.0,0.0,,0.0,0.0,,,
alakazam-dudunsparce,Alakazam Dudunsparce,Elgyem [BLK 120],1,0,207,0.15622641509433963,0.44942879852300144,0.2028985507246377,0.018022562250053283,0.011860490334216869,0.12862508447662493,0.028337859428189303,0.030226856044427753,0.34849832994602625,0.29680404507985064,0.6411072220510599
alakazam-dudunsparce,Alakazam Dudunsparce,Enhanced Hammer,0,2,186,0.14037735849056604,0.43788763506505446,0.21505376344086022,0.009780665561305787,0.014688176321931165,0.5054833350237113,0.05214630165754362,0.0332840919585136,0.11718402432353174,0.6801452194535735,0.3519350272984499
alakazam-dudunsparce,Alakazam Dudunsparce,Enhanced Hammer,1,2,147,0.1109433962264151,0.4246135572666185,0.14965986394557823,-0.007679809812555435,0.013381311619408124,0.5660215617392095,-0.012778291112354328,0.03187511299934359,0.6885039524100979,0.7320869609011957,0.8620369649385284
alakazam-dudunsparce,Alakazam Dudunsparce,Enhanced Hammer,2,2,851,0.6422641509433962,0.4340496661148835,0.1609870740305523,0.0,0.0,,0.0,0.0,,,
alakazam-dudunsparce,Alakazam Dudunsparce,Enhanced Hammer,3,2,132,0.09962264150943397,0.43015988640988645,0.19696969696969696,-0.030165873883899172,0.013386157886307327,0.024226854607784135,-0.004393965745700343,0.03367849897295538,0.8961961854776411,0.10120217902069828,0.9621545495957385
alakazam-dudunsparce,Alakazam Dudunsparce,Eri,0,0,767,0.5788679245283019,0.4370090765625316,0.16558018252933507,0.0,0.0,,0.0,0.0,,,
alakazam-dudunsparce,Alakazam Dudunsparce,Eri,1,0,494,0.3728301886792453,0.4249277263447304,0.1680161943319838,0.01015866731494311,0.010693266182092022,0.34210919050005484,0.057962415227900424,0.024196521625202333,0.016598373498458295,0.5374330702043596,0.09905133276028034
alakazam-dudunsparce,Alakazam Dudunsparce,Eri,2,0,64,0.04830188679245283,0.4436135912698413,0.25,0.031293458958488854,0.021582391985674607,0.14707156215522893,0.11441378429783443,0.05411093215692517,0.03447854811825405,0.3249008788958062,0.16332879237461584
alakazam-dudunsparce,Alakazam Dudunsparce,Fan Rotom [ASC 171],0,0,1130,0.8528301886792453,0.4360623475999582,0.18141592920353983,0.0,0.0,,0.0,0.0,,,
alakazam-dudunsparce,Alakazam Dudunsparce,Fan Rotom [ASC 171],1,0,175,0.1320754716981132,0.421921792493221,0.11428571428571428,-0.024348289171528738,0.012231253127529831,0.0465180738197734,-0.06614874670332274,0.02741420468614828,0.015824557920804387,0.15545494487407913,0.09567611006065284
alakazam-dudunsparce,Alakazam Dudunsparce,Fezandipiti ex [ASC 142],0,1,103,0.07773584905660377,0.36920417769932334,0.02912621359223301,-0.06697969543931924,0.014465327857797384,3.6502809302725507e-06,-0.1274395656866333,0.02151877107436754,3.1756423109696262e-09,0.00014585252934436844,7.296038209452717e-07
alakazam-dudunsparce,Alakazam Dudunsparce,Fezandipiti ex [ASC 142],1,1,1222,0.9222641509433962,0.43818616863829635,0.18248772504091654,0.0,0.0,,0.0,0.0,,,
alakazam-dudunsparce,Alakazam Dudunsparce,Genesect [SFA 40],0,1,224,0.16905660377358492,0.39376017088070664,0.09821428571428571,-0.04941024705327764,0.011539575641675693,1.8538092311187168e-05,-0.06653459724358744,0.024755927811109607,0.00719626257267162,0.0005010737304112061,0.05420791233020671
alakazam-dudunsparce,Alakazam Dudunsparce,Genesect [SFA 40],1,1,1016,0.7667924528301887,0.4457511270626428,0.1919291338582677,0.0,0.0,,0.0,0.0,,,
alakazam-dudunsparce,Alakazam Dudunsparce,Genesect [SFA 40],2,1,85,0.06415094339622641,0.3812482941894707,0.10588235294117647,-0.01929395240569112,0.018932082575050854,0.3081487981825114,-0.013824442640289219,0.03615920980230514,0.7022229232759531,0.502619468715607,0.8709080519441308
alakazam-dudunsparce,Alakazam Dudunsparce,Handheld Fan,0,2,515,0.3886792452830189,0.41593809462741504,0.13980582524271845,-0.020757323416915004,0.009446694302631509,0.02799825684903929,-0.013240791887827707,0.022674572436285557,0.5592546846259256,0.11235981678719262,0.7834680719073562
alakazam-dudunsparce,Alakazam Dudunsparce,Handheld Fan,1,2,154,0.11622641509433962,0.4096136727630234,0.17532467532467533,-0.016030714222331044,0.013323249613127199,0.2288936997432235,0.02250838884732376,0.032231046860085766,0.4849614939123882,0.41571800407909565,0.7412914553657087
alakazam-dudunsparce,Alakazam Dudunsparce,Handheld Fan,2,2,530,0.4,0.4465544806346693,0.1830188679245283,0.0,0.0,,0.0,0.0,,,
alakazam-dudunsparce,Alakazam Dudunsparce,Handheld Fan,3,2,126,0.09509433962264151,0.47245261352404216,0.23809523809523808,0.010855528210990333,0.014610495300456008,0.4574845726975445,0.02983925398872378,0.04135164287709006,0.47054180014179314,0.64324014292636,0.737828473174875
alakazam-dudunsparce,Alakazam Dudunsparce,Hilda,3,3,866,0.6535849056603774,0.4264552363426498,0.1535796766743649,0.0,0.0,,0.0,0.0,,,
alakazam-dudunsparce,Alakazam Dudunsparce,Hilda,4,3,420,0.3169811320754717,0.45714555946698804,0.22142857142857142,0.005690243246828002,0.010154058539095599,0.5752127537786351,0.025633884395587253,0.02459827450846001,0.2973648939832175,0.7362402795578908,0.5927946585045053
alakazam-dudunsparce,Alakazam Dudunsparce,Kadabra [MEG 55],3,4,207,0.15622641509433963,0.4054285891242413,0.08695652173913043,-0.03364249226955244,0.010914254468809436,0.0020531378714638577,-0.08413318937679942,0.02257702078544185,0.0001941597520446238,0.015595787273959837,0.0045752003110002375
alakazam-dudunsparce,Alakazam Dudunsparce,Kadabra [MEG 55],4,4,1112,0.8392452830188679,0.4386126392758587,0.18705035971223022,0.0,0.0,,0.0,0.0,,,
alakazam-dudunsparce,Alakazam Dudunsparce,Lana's Aid,0,1,161,0.12150943396226416,0.43728099023130085,0.20496894409937888,0.019953299866549166,0.012776086074860363,0.11834233061310649,0.05860871436528077,0.031587733559300384,0.06353536213818323,0.2836155866220862,0.246367079345951
alakazam-dudunsparce,Alakazam Dudunsparce,Lana's Aid,1,1,1153,0.870188679245283,0.4322144468393384,0.16652211621856028,0.0,0.0,,0.0,0.0,,,
alakazam-dudunsparce,Alakazam Dudunsparce,Lillie's Clefairy ex [ASC 280],0,0,1147,0.8656603773584906,0.43721787552432717,0.17262423714036618,0.0,0.0,,0.0,0.0,,,
alakazam-dudunsparce,Alakazam Dudunsparce,Lillie's Clefairy ex [ASC 280],1,0,172,0.129811320754717,0.4080255984325752,0.16279069767441862,-0.0024612365659691165,0.012922025502281873,0.8489421610231521,0.021790088441269402,0.028549199668546455,0.4453161571071643,0.9130805867845946,0.7226691998821247
alakazam-dudunsparce,Alakazam Dudunsparce,Lillie's Determination,0,0,1270,0.9584905660377359,0.4377579838505036,0.1763779527559055,0.0,0.0,,0.0,0.0,,,
alakazam-dudunsparce,Alakazam Dudunsparce,Lillie's Determination,1,0,40,0.03018867924528302,0.33909722222222227,0.05,-0.07849253345864834,0.021510990774680553,0.00026331416697549225,-0.07957417630507216,0.031056807643198906,0.010400731660849365,0.0032264762593396984,0.07028141467882769
alakazam-dudunsparce,Alakazam Dudunsparce,Lillie's Pearl,0,0,1253,0.9456603773584905,0.4343697828434461,0.17158818834796488,0.0,0.0,,0.0,0.0,,,
alakazam-dudunsparce,Alakazam Dudunsparce,Lillie's Pearl,1,0,65,0.04905660377358491,0.3992063492063492,0.13846153846153847,-0.006232997245521777,0.022976272994893524,0.7861758915311639,-0.022670339439288142,0.04337333348530141,0.6011975121522684,0.8847445688922894,0.8043333694136602
alakazam-dudunsparce,Alakazam Dudunsparce,Lucky Helmet,0,0,866,0.6535849056603774,0.4358705798948293,0.1720554272517321,0.0,0.0,,0.0,0.0,,,
alakazam-dudunsparce,Alakazam Dudunsparce,Lucky Helmet,1,0,349,0.26339622641509436,0.4222998070061108,0.16045845272206305,0.0018495005891949745,0.009635476694275821,0.8477837420059324,0.0017386934037708192,0.022411098301147115,0.9381607181910656,0.9130805867845946,0.98197004557812
alakazam-dudunsparce,Alakazam Dudunsparce,Lucky Helmet,2,0,93,0.07018867924528302,0.4393764141075968,0.20430107526881722,0.005508716143319305,0.018253863864217252,0.7628170590209618,0.04276762956222424,0.04417620541952809,0.332987137695116,0.8697628749879204,0.6254298540341068
alakazam-dudunsparce,Alakazam Dudunsparce,Night Stretcher,0,1,254,0.19169811320754718,0.424131773738073,0.15354330708661418,-0.007369415302603863,0.01022115781092281,0.4709118911722371,-0.007840547173587344,0.024961947036572667,0.7534451014164363,0.6517590782941053,0.8969119795358872
alakazam-dudunsparce,Alakazam Dudunsparce,Night Stretcher,1,1,937,0.7071698113207547,0.4397641673121929,0.1814300960512273,0.0,0.0,,0.0,0.0,,,
alakazam-dudunsparce,Alakazam Dudunsparce,Night Stretcher,2,1,126,0.09509433962264151,0.408952643476453,0.1349206349206349,-0.021828713894140747,0.014089758090046364,0.12131897069279594,-0.017993350638421064,0.030364479229424063,0.553462982796969,0.2878137656525584,0.7825115095237146
alakazam-dudunsparce,Alakazam Dudunsparce,Nighttime Mine,0,0,874,0.659622641509434,0.4289249450862724,0.16247139588100687,0.0,0.0,,0.0,0.0,,,
alakazam-dudunsparce,Alakazam Dudunsparce,Nighttime Mine,1,0,57,0.0430188679245283,0.41605188184135555,0.10526315789473684,0.014577930455739112,0.01935502731800406,0.45133831085910114,-0.007557755306950423,0.0451688548610299,0.8671164825978139,0.6371427153295145,0.9544292042625164
alakazam-dudunsparce,Alakazam Dudunsparce,Nighttime Mine,2,0,85,0.06415094339622641,0.4111574373339079,0.09411764705882353,0.0053143666997816155,0.01811884014326536,0.7692881762435004,-0.029046782029781053,0.03615656088404817,0.42176593208905233,0.8738885463136921,0.6958759274503394
alakazam-dudunsparce,Alakazam Dudunsparce,Nighttime Mine,3,0,139,0.10490566037735849,0.4422677242821127,0.20863309352517986,0.025242025830308885,0.014306206597641943,0.07766283644154653,0.04137190577020279,0.03589265027588771,0.24905129832716555,0.21562582081504914,0.547643052164719
alakazam-dudunsparce,Alakazam Dudunsparce,Nighttime Mine,4,0,170,0.12830188679245283,0.461603372118078,0.2411764705882353,0.02109847493451872,0.01517192703040007,0.16433889316276284,0.04284687633225458,0.03931388305034929,0.27577204258650145,0.34481151327986087,0.5720869235598077
alakazam-dudunsparce,Alakazam Dudunsparce,Pikipek [PBL 66],0,0,1242,0.9373584905660377,0.4352655891403879,0.17713365539452497,0.0,0.0,,0.0,0.0,,,
alakazam-dudunsparce,Alakazam Dudunsparce,Pikipek [PBL 66],2,0,64,0.04830188679245283,0.41096850198412693,0.046875,-0.0035012030002371693,0.01845014671816458,0.8494928201314781,-0.0914207930861418,0.031534342903706894,0.003742514292313461,0.9130805867845946,0.03545742922305228
alakazam-dudunsparce,Alakazam Dudunsparce,Poké Pad,3,4,59,0.04452830188679245,0.34794155938223736,0.1016949152542373,-0.06849912162246341,0.02323683080885691,0.003199731407981498,-0.0365783070703693,0.040151797979379594,0.36229512288250165,0.021944426596529825,0.6472384668982981
alakazam-dudunsparce,Alakazam Dudunsparce,Poké Pad,4,4,1259,0.950188679245283,0.4376147926882637,0.17474185861795075,0.0,0.0,,0.0,0.0,,,
alakazam-dudunsparce,Alakazam Dudunsparce,Psyduck [ASC 226],0,1,517,0.390188679245283,0.4404141796308141,0.18762088974854932,0.01705036399942781,0.008708592244942756,0.05024429180377788,0.03599542428330176,0.02205985108624782,0.10273921029011134,0.16373937648110592,0.3324554023120152
alakazam-dudunsparce,Alakazam Dudunsparce,Psyduck [ASC 226],1,1,808,0.609811320754717,0.4279670761261107,0.15965346534653466,0.0,0.0,,0.0,0.0,,,
alakazam-dudunsparce,Alakazam Dudunsparce,Rabsca [TEF 24],0,0,1251,0.9441509433962264,0.43034985302171547,0.16466826538768986,0.0,0.0,,0.0,0.0,,,
alakazam-dudunsparce,Alakazam Dudunsparce,Rabsca [TEF 24],1,0,50,0.03773584905660377,0.47642168942168944,0.3,0.014327591951739098,0.021752802506168185,0.5101173413275248,0.09817254829672635,0.06729431642598814,0.1446054369266074,0.684376403912402,0.39424475847800344
alakazam-dudunsparce,Alakazam Dudunsparce,Rare Candy,2,3,134,0.10113207547169811,0.42274069214367727,0.21641791044776118,0.008641001014190764,0.015070446528724683,0.566391544288085,0.0613700954034391,0.035825277220492564,0.08670537348341932,0.7320869609011957,0.2984353491807579
alakazam-dudunsparce,Alakazam Dudunsparce,Rare Candy,3,3,1049,0.7916981132075471,0.4326002119019279,0.16682554814108674,0.0,0.0,,0.0,0.0,,,
alakazam-dudunsparce,Alakazam Dudunsparce,Rare Candy,4,3,140,0.10566037735849057,0.4461665715237144,0.15714285714285714,0.00546216845567447,0.011848782028420584,0.6448058747822776,-0.011061144101834357,0.030368162148646318,0.7156826177285007,0.7787907539016355,0.8827079927322614
alakazam-dudunsparce,Alakazam Dudunsparce,Sacred Ash,0,1,52,0.03924528301886793,0.39290997464074384,0.09615384615384616,-0.047082066452186606,0.01797514135225349,0.008811360249751958,-0.06219557419954687,0.032431894012279236,0.05514541962142242,0.04631433851711263,0.22725847817079467
alakazam-dudunsparce,Alakazam Dudunsparce,Sacred Ash,1,1,1269,0.9577358490566038,0.4345890804027131,0.17415287628053586,0.0,0.0,,0.0,0.0,,,
alakazam-dudunsparce,Alakazam Dudunsparce,Shaymin [DRI 10],0,1,215,0.16226415094339622,0.44778902621925876,0.2186046511627907,0.010951052173351721,0.012344207701944788,0.3750030183245737,0.02781315964246885,0.030524883506225665,0.362209233435274,0.5658912542533386,0.6472384668982981
alakazam-dudunsparce,Alakazam Dudunsparce,Shaymin [DRI 10],1,1,1109,0.8369811320754716,0.42996212700901604,0.16140667267808836,0.0,0.0,,0.0,0.0,,,
alakazam-dudunsparce,Alakazam Dudunsparce,Special Red Card,0,0,996,0.7516981132075472,0.43267281905585114,0.17771084337349397,0.0,0.0,,0.0,0.0,,,
alakazam-dudunsparce,Alakazam Dudunsparce,Special Red Card,1,0,324,0.24452830188679245,0.4337944462944463,0.15123456790123457,0.027904969353809775,0.010273681957499966,0.006604388775891405,-0.000519776796551203,0.024453944150832272,0.9830419725843891,0.038172536383925794,0.9946766220975263
alakazam-dudunsparce,Alakazam Dudunsparce,Switch,0,0,1250,0.9433962264150944,0.43427027676027685,0.1712,0.0,0.0,,0.0,0.0,,,
alakazam-dudunsparce,Alakazam Dudunsparce,Switch,1,0,67,0.050566037735849056,0.43355413243472957,0.1791044776119403,-0.004024578143982875,0.017873642875751758,0.8218483333828693,0.014928508832607067,0.04616012490843513,0.7463870073242662,0.8970054850105189,0.8947280753633073
alakazam-dudunsparce,Alakazam Dudunsparce,Telepathic Psychic Energy,2,4,66,0.04981132075471698,0.35007122507122507,0.045454545454545456,-0.08637057731134261,0.020954672215160806,3.7595393501110164e-05,-0.104581238711003,0.028938025568171526,0.0003015406527839021,0.0007775780226029223,0.006363920343363373
alakazam-dudunsparce,Alakazam Dudunsparce,Telepathic Psychic Energy,3,4,116,0.08754716981132075,0.39964633068081346,0.09482758620689655,-0.033593573327292486,0.013393545260138914,0.012135095918044068,-0.0658719005927877,0.028640407021063446,0.021450268578762297,0.06028190891179729,0.1209374038275003
alakazam-dudunsparce,Alakazam Dudunsparce,Telepathic Psychic Energy,4,4,1130,0.8528301886792453,0.44136051059723624,0.18672566371681415,0.0,0.0,,0.0,0.0,,,
alakazam-dudunsparce,Alakazam Dudunsparce,Togekiss [ASC 235],0,0,1264,0.9539622641509434,0.43396017038224316,0.1764240506329114,0.0,0.0,,0.0,0.0,,,
alakazam-dudunsparce,Alakazam Dudunsparce,Togekiss [ASC 235],1,0,61,0.046037735849056606,0.4092766068175904,0.04918032786885246,-0.04212024641544835,0.017331460200848543,0.015087293667513097,-0.12420994193418793,0.03460195500087649,0.00033108428960485875,0.07038184203271339,0.0064587922571701685
alakazam-dudunsparce,Alakazam Dudunsparce,Togepi [ASC 80],0,0,1264,0.9539622641509434,0.43396017038224316,0.1764240506329114,0.0,0.0,,0.0,0.0,,,
alakazam-dudunsparce,Alakazam Dudunsparce,Togepi [ASC 80],1,0,60,0.045283018867924525,0.40961640211640205,0.05,-0.042802540312940035,0.017572916378231156,0.014862566290244331,-0.12535391500214152,0.0352202018494864,0.0003720596708655716,0.06968723684048235,0.006704369363244319
alakazam-dudunsparce,Alakazam Dudunsparce,Toucannon [PBL 68],0,0,1242,0.9373584905660377,0.4352655891403879,0.17713365539452497,0.0,0.0,,0.0,0.0,,,
alakazam-dudunsparce,Alakazam Dudunsparce,Toucannon [PBL 68],2,0,59,0.04452830188679245,0.4067191283292978,0.05084745762711865,-0.008014548324573698,0.019672119362283053,0.6837094900460146,-0.09040709463981295,0.03324147500570189,0.0065339651333359006,0.8128447882953265,0.050887406419794
alakazam-dudunsparce,Alakazam Dudunsparce,Trumbeak [PBL 67],0,0,1277,0.9637735849056603,0.4345759069232053,0.17462803445575567,0.0,0.0,,0.0,0.0,,,
alakazam-dudunsparce,Alakazam Dudunsparce,Trumbeak [PBL 67],1,0,46,0.03471698113207547,0.39865424430641816,0.06521739130434782,-0.005399397253856573,0.021886965640940823,0.8051445499419434,-0.06154786192587873,0.03888546089252885,0.11346732395353196,0.8892249570931596,0.34976116372025495
alakazam-dudunsparce,Alakazam Dudunsparce,Wondrous Patch,0,0,917,0.6920754716981132,0.4413322929544304,0.18647764449291168,0.0,0.0,,0.0,0.0,,,
alakazam-dudunsparce,Alakazam Dudunsparce,Wondrous Patch,1,0,261,0.1969811320754717,0.40764264471161027,0.10727969348659004,-0.03099550260907663,0.010112736775885145,0.002176725598644457,-0.051380873288746694,0.02338672316251934,0.028019705664670897,0.01610425546786295,0.14582910709531108
alakazam-dudunsparce,Alakazam Dudunsparce,Wondrous Patch,2,0,147,0.1109433962264151,0.42445636374207807,0.1836734693877551,-0.004197127305894582,0.013372478582352687,0.7536250328456378,0.016787309637979045,0.03101017299877527,0.5882674192949813,0.8668102693180739,0.8021132376632292
alakazam-dudunsparce,Alakazam Dudunsparce,Xerosic's Machinations,0,0,1211,0.9139622641509434,0.43710500703688154,0.17588769611891,0.0,0.0,,0.0,0.0,,,
alakazam-dudunsparce,Alakazam Dudunsparce,Xerosic's Machinations,1,0,111,0.08377358490566038,0.3892340892340892,0.10810810810810811,-0.026773844676733688,0.014927178198151356,0.07287213739747792,-0.03472721372450451,0.030181816712712434,0.2498966227928585,0.2104709052072248,0.547643052164719
basic-box-m,Basic Box,Area Zero Underdepths,2,3,56,0.06174200661521499,0.4370115995115995,0.16071428571428573,-0.047719660573581596,0.022889255071567877,0.03708689695311211,-0.10035369848469237,0.058898938471027944,0.08841310492098929,0.13365826784278442,0.3010476664236322
basic-box-m,Basic Box,Area Zero Underdepths,3,3,608,0.6703417861080485,0.4767458487236448,0.2582236842105263,0.0,0.0,,0.0,0.0,,,
basic-box-m,Basic Box,Area Zero Underdepths,4,3,243,0.2679162072767365,0.4679490356868715,0.2839506172839506,9.675750516860585e-05,0.011355804614998136,0.9932016807250461,0.029584018943617132,0.03386739361592426,0.3823769224801069,0.9964545246575517,0.6655386207560952
basic-box-m,Basic Box,Bloodmoon Ursaluna ex [PRE 168],0,0,828,0.9128996692392503,0.47658378029488435,0.26570048309178745,0.0,0.0,,0.0,0.0,,,
basic-box-m,Basic Box,Bloodmoon Ursaluna ex [PRE 168],1,0,79,0.08710033076074973,0.42321988840976166,0.189873417721519,-0.03798161197918104,0.02091668173115219,0.06939297814320457,-0.06552176154346007,0.050967380662239485,0.19859573475860648,0.20772686291076548,0.48028810590305093
basic-box-m,Basic Box,Boss's Orders,2,2,657,0.7243660418963617,0.4667217224832052,0.2557077625570776,0.0,0.0,,0.0,0.0,,,
basic-box-m,Basic Box,Boss's Orders,3,2,225,0.24807056229327454,0.4902629900963234,0.27555555555555555,0.015634093601419215,0.011656554959579521,0.17984655767151525,0.012215522297457333,0.03594039670199569,0.7339447976815046,0.36381751128729267,0.8933712173103348
basic-box-m,Basic Box,Briar,0,0,827,0.9117971334068358,0.4727482893417526,0.2599758162031439,0.0,0.0,,0.0,0.0,,,
basic-box-m,Basic Box,Briar,1,0,80,0.08820286659316427,0.4635363247863248,0.25,-0.0014002834086768517,0.019959019281912706,0.9440679615224757,0.003608563769874812,0.05849728922607051,0.9508115279233735,0.9650705858055119,0.9888048692038648
basic-box-m,Basic Box,Brock's Scouting,0,0,732,0.8070562293274531,0.46499736156197097,0.24453551912568305,0.0,0.0,,0.0,0.0,,,
basic-box-m,Basic Box,Brock's Scouting,1,0,154,0.16979051819184124,0.5106530284290025,0.33116883116883117,0.03016849676412004,0.013134638693517756,0.021626451029465858,0.07617917662040723,0.042838038437563,0.07535347413322378,0.09330849059192077,0.27263717609619154
basic-box-m,Basic Box,Bug Catching Set,0,0,774,0.8533627342888643,0.4719210136817296,0.2558139534883721,0.0,0.0,,0.0,0.0,,,
basic-box-m,Basic Box,Bug Catching Set,4,0,85,0.09371554575523705,0.45731056525174174,0.2,-0.008792371229544937,0.020381796764458112,0.6661895308290924,-0.05504723231261396,0.0514029930765122,0.2842164339919512,0.7982114456739712,0.5830243366933106
basic-box-m,Basic Box,Chi-Yu [TWM 39],0,0,856,0.9437706725468578,0.47097784524512815,0.25817757009345793,0.0,0.0,,0.0,0.0,,,
basic-box-m,Basic Box,Chi-Yu [TWM 39],1,0,51,0.05622932745314223,0.4880138380138379,0.27450980392156865,0.02783569992729144,0.01962602012069854,0.15610147792963922,0.052064018769803266,0.06425201721311978,0.41776232717625017,0.33414430689932206,0.6957944941650773
basic-box-m,Basic Box,Chien-Pao [SSP 56],0,1,108,0.11907386990077178,0.45949356713245604,0.23148148148148148,-0.012698605800907379,0.016798641865373092,0.4496908642050057,-0.001216472120953816,0.044913347351304034,0.9783920432724468,0.636592530517905,0.9946766220975263
basic-box-m,Basic Box,Chien-Pao [SSP 56],1,1,799,0.8809261300992283,0.4736175669815146,0.26282853566958697,0.0,0.0,,0.0,0.0,,,
basic-box-m,Basic Box,Ciphermaniac's Codebreaking,0,1,116,0.1278941565600882,0.48050988762195657,0.31896551724137934,-7.524854699491023e-06,0.014863563193205585,0.9995960615195364,0.05995380126759932,0.04468133377108303,0.17965803869093955,0.9995960615195364,0.4542837104191649
basic-box-m,Basic Box,Ciphermaniac's Codebreaking,1,1,688,0.7585446527012127,0.4691723159896039,0.25872093023255816,0.0,0.0,,0.0,0.0,,,
basic-box-m,Basic Box,Ciphermaniac's Codebreaking,2,1,103,0.11356119073869901,0.4807382611994263,0.1941747572815534,0.0064080067788966095,0.014591416574157181,0.660543606381516,-0.07007403190747183,0.043119309156964374,0.10413708991185786,0.7926872296335422,0.33555941269158973
basic-box-m,Basic Box,Crispin,0,4,129,0.1422271223814774,0.47679269481595066,0.29457364341085274,0.0054674042407704395,0.015264167301190425,0.720204456314903,0.03676391158070972,0.045667016602477836,0.420794872396387,0.8420711136811652,0.6958759274503394
basic-box-m,Basic Box,Crispin,3,4,66,0.07276736493936053,0.4578712953712954,0.13636363636363635,-0.0304405468736109,0.018351252269458468,0.09716170672409184,-0.13189187295041338,0.049959218869052274,0.008290830350318534,0.24941790078055978,0.059525571030802596
basic-box-m,Basic Box,Crispin,4,4,695,0.7662624035281147,0.47205718870869096,0.2589928057553957,0.0,0.0,,0.0,0.0,,,
basic-box-m,Basic Box,Cyrano,0,2,94,0.10363836824696802,0.48193608991481335,0.30851063829787234,0.022322397886930915,0.017631173100020346,0.20548602085730372,0.09795341046459997,0.0555138584746589,0.07765023770068863,0.3942414471145347,0.2765913505695072
basic-box-m,Basic Box,Cyrano,1,2,158,0.17420066152149946,0.4993151539037615,0.3227848101265823,0.03642078592272905,0.013255274178729225,0.006002498721901832,0.10572012082634705,0.04124717761225484,0.010374593161604322,0.035820106009271324,0.07028141467882769
basic-box-m,Basic Box,Cyrano,2,2,570,0.6284454244762955,0.4626635782518136,0.22982456140350876,0.0,0.0,,0.0,0.0,,,
basic-box-m,Basic Box,Cyrano,3,2,82,0.09040793825799338,0.47757917895113017,0.2926829268292683,0.016642626414014764,0.020116781591506976,0.408066677496958,0.08215693939665916,0.05947927588400021,0.16719595876371718,0.5981072992339783,0.43651444915868204
basic-box-m,Basic Box,Enamorus [TWM 180],0,0,651,0.7177508269018743,0.4731660108964257,0.27035330261136714,0.0,0.0,,0.0,0.0,,,
basic-box-m,Basic Box,Enamorus [TWM 180],1,0,256,0.2822491730981257,0.4688072975584464,0.23046875,-0.0011654909930259075,0.013784371064241255,0.9326178577856803,-0.043012057357172964,0.04013648281205869,0.28387955528503994,0.9640897764961082,0.5830243366933106
basic-box-m,Basic Box,Energy Retrieval,0,0,857,0.9448732083792724,0.4698034796900539,0.2485414235705951,0.0,0.0,,0.0,0.0,,,
basic-box-m,Basic Box,Energy Retrieval,1,0,50,0.05512679162072767,0.5084831834831836,0.44,0.038008446767903666,0.022882682009164997,0.09671070878277901,0.23026294218991983,0.07384280551317488,0.001819065617331751,0.24941790078055978,0.021432324388818962
basic-box-m,Basic Box,Energy Search,0,0,856,0.9437706725468578,0.4689000943356015,0.2488317757009346,0.0,0.0,,0.0,0.0,,,
basic-box-m,Basic Box,Energy Search,1,0,50,0.05512679162072767,0.5233452103452103,0.44,0.034943434865981525,0.017231395507093995,0.042571119155252614,0.19885318878408456,0.07142836465305585,0.005370086443907532,0.14707841542735772,0.04406347716027698
basic-box-m,Basic Box,Energy Switch,2,4,47,0.05181918412348401,0.5322015454994179,0.44680851063829785,0.0497261411725753,0.01624649839668302,0.0022079827953762044,0.20930290263388146,0.0743341419119784,0.004867056372799131,0.01610425546786295,0.04229226772560501
basic-box-m,Basic Box,Energy Switch,3,4,85,0.09371554575523705,0.48956729544964844,0.27058823529411763,0.01639414761071795,0.017527679775961903,0.3496187623272675,0.020613104811911635,0.051414270593503654,0.688477657672184,0.5439362648879089,0.8620369649385284
basic-box-m,Basic Box,Energy Switch,4,4,775,0.8544652701212789,0.4663471593765711,0.24645161290322581,0.0,0.0,,0.0,0.0,,,
basic-box-m,Basic Box,Fan Rotom [ASC 171],0,0,854,0.9415656008820287,0.46853130386244457,0.2459016393442623,0.0,0.0,,0.0,0.0,,,
basic-box-m,Basic Box,Fan Rotom [ASC 171],2,0,45,0.04961411245865491,0.530572822239489,0.4444444444444444,0.04562993690146314,0.017392202605506172,0.008700951035190562,0.2118028359910451,0.07521111919868882,0.004860891751447388,0.04622065896728397,0.04229226772560501
basic-box-m,Basic Box,Glass Trumpet,0,1,351,0.3869900771775083,0.4783616233402559,0.2621082621082621,-0.0009867562069653334,0.011941446764251533,0.9341434515850975,-0.03814339248001143,0.03756552744450966,0.3099233628763499,0.9644428232896672,0.5983604421919445
basic-box-m,Basic Box,Glass Trumpet,1,1,384,0.42337375964718854,0.4756929328160946,0.2838541666666667,0.0,0.0,,0.0,0.0,,,
basic-box-m,Basic Box,Glass Trumpet,2,1,172,0.18963616317530319,0.45043444927165854,0.19767441860465115,-0.012649997246429543,0.01475816304283612,0.39136057612399056,-0.0993852664862118,0.0389019997012445,0.010626108608632119,0.5819747078607561,0.07128024679805049
basic-box-m,Basic Box,Hero's Cape,0,0,749,0.8257993384785005,0.4746597805843467,0.260347129506008,0.0,0.0,,0.0,0.0,,,
basic-box-m,Basic Box,Hero's Cape,1,0,158,0.17420066152149946,0.45902256715733997,0.25316455696202533,-0.0110381709707252,0.014600719854844164,0.44964809682142826,-0.011995765027176464,0.039500179040849744,0.7613649326493745,0.636592530517905,0.9005075586934044
basic-box-m,Basic Box,Hoothoot [SCR 114],0,0,858,0.9459757442116868,0.46853232342485734,0.24475524475524477,0.0,0.0,,0.0,0.0,,,
basic-box-m,Basic Box,Hoothoot [SCR 114],2,0,46,0.050716648291069456,0.5288491098273707,0.4782608695652174,0.036981687932517285,0.01721358095216407,0.03168185162810065,0.23456091370087465,0.07144344153474558,0.0010264700110960412,0.12031248614142355,0.014945122527319115
basic-box-m,Basic Box,Iron Crown ex [PRE 158],0,0,576,0.6350606394707828,0.4778932896771439,0.2760416666666667,0.0,0.0,,0.0,0.0,,,
basic-box-m,Basic Box,Iron Crown ex [PRE 158],1,0,328,0.36163175303197354,0.46129526658579745,0.22865853658536586,-0.02673627044756786,0.012865025292519221,0.03768969059770451,-0.062579941897046,0.03969189687058485,0.11487774758084252,0.1352542383885133,0.34976116372025495
basic-box-m,Basic Box,Iron Leaves ex [PRE 176],0,1,323,0.35611907386990077,0.4702468326307335,0.2786377708978328,0.005873687661090909,0.011823544806475843,0.619344971524108,0.04772313108633301,0.03635028821616955,0.18922742311150265,0.7590437651277937,0.4674731232243843
basic-box-m,Basic Box,Iron Leaves ex [PRE 176],1,1,583,0.6427783902976847,0.47260894396022035,0.24871355060034306,0.0,0.0,,0.0,0.0,,,
basic-box-m,Basic Box,Jamming Tower,0,0,762,0.8401323042998897,0.47098970336869833,0.2677165354330709,0.0,0.0,,0.0,0.0,,,
basic-box-m,Basic Box,Jamming Tower,1,0,145,0.15986769570011025,0.47690749863163656,0.21379310344827587,0.006992759976755536,0.014156672352275761,0.6213379161959337,-0.047605572380142375,0.040201785263996974,0.2363475045158927,0.7593212034362541,0.5336691809584899
basic-box-m,Basic Box,Judge,0,0,708,0.7805953693495039,0.4743695582647477,0.2655367231638418,0.0,0.0,,0.0,0.0,,,
basic-box-m,Basic Box,Judge,1,0,188,0.20727673649393605,0.4616673810822747,0.22340425531914893,-0.012864305598127047,0.011784242658280058,0.2749855857409407,-0.04271716686255357,0.03513533094895515,0.22406511515650818,0.469825697069574,0.5173764844945503
basic-box-m,Basic Box,Koraidon ex [ASC 121],0,0,741,0.8169790518191842,0.4691300052606316,0.24561403508771928,0.0,0.0,,0.0,0.0,,,
basic-box-m,Basic Box,Koraidon ex [ASC 121],1,0,166,0.18302094818081588,0.4844602853638998,0.3192771084337349,0.015412641897277214,0.012468674454311499,0.21641801456807186,0.055252474407757164,0.04164429185687313,0.18458416295642288,0.4034242502800366,0.46407515661271004
basic-box-m,Basic Box,Latias ex [SSP 220],1,2,85,0.09371554575523705,0.4428205128205128,0.2235294117647059,-0.04997519178710695,0.01932721334493318,0.009716956839802877,-0.0581556466063473,0.056998159837071426,0.30758267542782003,0.049887616400999125,0.5976077774168428
basic-box-m,Basic Box,Latias ex [SSP 220],2,2,822,0.906284454244763,0.47494646919561045,0.26277372262773724,0.0,0.0,,0.0,0.0,,,
basic-box-m,Basic Box,Lillie's Clefairy ex [ASC 280],1,2,90,0.09922822491730982,0.45049638632971967,0.18888888888888888,-0.03884306311469515,0.017927915085591207,0.030263484695738856,-0.08174673823917411,0.04805986205578803,0.08895504977228212,0.11685774132514289,0.3010476664236322
basic-box-m,Basic Box,Lillie's Clefairy ex [ASC 280],2,2,789,0.8699007717750827,0.4748764273451145,0.2674271229404309,0.0,0.0,,0.0,0.0,,,
basic-box-m,Basic Box,Lillie's Determination,0,0,548,0.6041896361631753,0.4789506789010331,0.2664233576642336,0.0,0.0,,0.0,0.0,,,
basic-box-m,Basic Box,Lillie's Determination,1,0,185,0.2039691289966924,0.45864815364815364,0.22702702702702704,-0.017416142351585374,0.012218995658002054,0.15406085622336468,-0.04534094520063725,0.04144669102022185,0.2739733357212554,0.33252904104810393,0.5720869235598077
basic-box-m,Basic Box,Lillie's Determination,3,0,51,0.05622932745314223,0.42636883813354404,0.21568627450980393,-0.05855334892762991,0.025596442386197085,0.022163268736221674,-0.08648155254967393,0.06012001864715056,0.15029739822808716,0.09473508822598938,0.40281421172072995
basic-box-m,Basic Box,Lillie's Determination,4,0,87,0.09592061742006615,0.4936935988660127,0.3563218390804598,0.020600442745754104,0.01653568251840545,0.2128314013547875,0.10051045290536306,0.054471440498032514,0.06500911550545169,0.40080339722346253,0.24997228932849416
basic-box-m,Basic Box,Lillie's Pearl,0,0,794,0.8754134509371555,0.47185419123113603,0.2619647355163728,0.0,0.0,,0.0,0.0,,,
basic-box-m,Basic Box,Lillie's Pearl,1,0,40,0.044101433296582136,0.46706654456654456,0.25,0.005269414623844386,0.025732970888599514,0.8377495746872046,-0.018434485088282795,0.06943607433992546,0.7906331027066166,0.9069078449339673,0.9195651588486292
basic-box-m,Basic Box,Lillie's Pearl,2,0,70,0.07717750826901874,0.4764985609628466,0.22857142857142856,-0.004090621951363121,0.017994872474022088,0.8201737324121012,-0.03260379641918901,0.06367103498748095,0.6086045528647979,0.8962421641934852,0.8082479538768053
basic-box-m,Basic Box,Mega Kangaskhan ex [MEG 104],1,4,58,0.0639470782800441,0.42364216243526587,0.1724137931034483,-0.07778925906165866,0.026621524697099608,0.003477427233517028,-0.13644613441057962,0.062354854250699115,0.028653586502657813,0.023181521741014205,0.1462924777552363
basic-box-m,Basic Box,Mega Kangaskhan ex [MEG 104],2,4,241,0.2657111356119074,0.4817540746482656,0.2697095435684647,-0.020609357214242473,0.013597698907185575,0.12960778635652528,-0.033314848426708475,0.04076019221284258,0.4137353742992589,0.29777388915411684,0.6913141981473072
basic-box-m,Basic Box,Mega Kangaskhan ex [MEG 104],3,4,134,0.14773980154355015,0.42780832351727877,0.208955223880597,-0.04494518563850894,0.015383110801488908,0.003481011969814973,-0.054070703326636986,0.04387029882296069,0.21775760104447528,0.023181521741014205,0.5105082534690633
basic-box-m,Basic Box,Mega Kangaskhan ex [MEG 104],4,4,474,0.5226019845644984,0.4853279504340562,0.27848101265822783,0.0,0.0,,0.0,0.0,,,
basic-box-m,Basic Box,Meowth ex [POR 107],1,3,59,0.06504961411245866,0.5096357973476617,0.4067796610169492,0.013915767851663775,0.019378252251304996,0.4726878380812587,0.15173035138739804,0.0675238951276684,0.02463609100459788,0.6532332679649274,0.13240098031125996
basic-box-m,Basic Box,Meowth ex [POR 107],2,3,203,0.22381477398015434,0.4576390768508995,0.23645320197044334,-0.016322603888959918,0.013961608457570317,0.2423608208908835,0.0010491526430613345,0.03943729005506743,0.9787763315967426,0.4324846493179067,0.9946766220975263
basic-box-m,Basic Box,Meowth ex [POR 107],3,3,616,0.679162072767365,0.4717730201054781,0.2532467532467532,0.0,0.0,,0.0,0.0,,,
basic-box-m,Basic Box,Moltres [PFL 14],0,0,757,0.834619625137817,0.47313809346212793,0.26816380449141347,0.0,0.0,,0.0,0.0,,,
basic-box-m,Basic Box,Moltres [PFL 14],1,0,150,0.16538037486218302,0.4658680301180301,0.21333333333333335,-0.017639924596732772,0.014603732387261245,0.22708372110499686,-0.07331855557371614,0.04142793587229107,0.0767628989031397,0.4145213754202363,0.2755668128593179
basic-box-m,Basic Box,Munkidori [ASC 99],0,0,764,0.8423373759647188,0.46893656562870456,0.25,0.0,0.0,,0.0,0.0,,,
basic-box-m,Basic Box,Munkidori [ASC 99],1,0,83,0.09151047409040794,0.498133927652,0.3493975903614458,0.02471327768524282,0.015960027998974072,0.1215144081318745,0.10054319554025914,0.052377513863523496,0.05491008539817261,0.2878137656525584,0.22725847817079467
basic-box-m,Basic Box,Munkidori [ASC 99],2,0,48,0.05292171995589857,0.48432984839234844,0.2708333333333333,-0.009487508719622229,0.023260727944184833,0.6833642069350241,-0.021586860628818795,0.07029688887290943,0.7587814843615917,0.8128447882953265,0.8997679795203906
basic-box-m,Basic Box,N's Plan,0,0,753,0.8302094818081588,0.4720123366508415,0.25232403718459495,0.0,0.0,,0.0,0.0,,,
basic-box-m,Basic Box,N's Plan,1,0,84,0.0926130099228225,0.48939800279085993,0.3333333333333333,0.023052159137571405,0.016738062285611522,0.16844119344331077,0.09328707662598779,0.051781068131097556,0.07161351745185889,0.34785945342562385,0.2643085242500334
basic-box-m,Basic Box,N's Plan,2,0,70,0.07717750826901874,0.4501574219431363,0.24285714285714285,-0.0290101143423444,0.0216554379004428,0.18036806773498637,-0.017722158292753656,0.060085758289918384,0.7680338060907927,0.36381751128729267,0.9072275935699724
basic-box-m,Basic Box,Night Stretcher,1,2,117,0.12899669239250275,0.46501231437128876,0.3076923076923077,0.008006884341289537,0.015489222937420735,0.6052032070274413,0.0919115185258233,0.048517430607919375,0.05817166858574153,0.7498462900566302,0.23344874860391468
basic-box-m,Basic Box,Night Stretcher,2,2,776,0.8555678059536935,0.47335780386398185,0.2551546391752577,0.0,0.0,,0.0,0.0,,,
basic-box-m,Basic Box,Noctowl [PRE 78],0,0,853,0.9404630650496141,0.46882006011290206,0.246189917936694,0.0,0.0,,0.0,0.0,,,
basic-box-m,Basic Box,Noctowl [PRE 78],2,0,52,0.05733186328555678,0.5255820034666189,0.46153846153846156,0.03470028396174109,0.016442383789491404,0.03482246552756865,0.22393819226076317,0.06998694439383424,0.0013756411213522363,0.12903970088643385,0.01755853042392646
basic-box-m,Basic Box,Paldean Tauros [SSP 18],0,0,832,0.9173098125689085,0.47139700018040664,0.2548076923076923,0.0,0.0,,0.0,0.0,,,
basic-box-m,Basic Box,Paldean Tauros [SSP 18],1,0,75,0.08269018743109151,0.477912494912495,0.30666666666666664,-0.0027780230521010085,0.018446343798348648,0.8802911041790489,0.04074043266131314,0.05459091103893909,0.45549466642805947,0.9330882638299262,0.7267354139711574
basic-box-m,Basic Box,Passimian [SSP 111],0,0,580,0.639470782800441,0.4658014151726119,0.24482758620689654,0.0,0.0,,0.0,0.0,,,
basic-box-m,Basic Box,Passimian [SSP 111],1,0,326,0.35942668136714445,0.48238012413625914,0.2852760736196319,0.0060828194388766275,0.010233101029692108,0.5522273453294173,0.03302196117485395,0.03197334250454206,0.3016990696524777,0.7198538019258646,0.5955221872467037
basic-box-m,Basic Box,Pecharunt [SVP 129],0,0,797,0.8787210584343991,0.46917249529896216,0.24968632371392724,0.0,0.0,,0.0,0.0,,,
basic-box-m,Basic Box,Pecharunt [SVP 129],1,0,67,0.07386990077177508,0.4923209046343374,0.373134328358209,0.016569722910634008,0.016752874793872954,0.3226301489369007,0.10326148449511174,0.05804125718867817,0.07522256713593818,0.5165454823571632,0.27263717609619154
basic-box-m,Basic Box,Pecharunt [SVP 129],2,0,43,0.047409040793825796,0.49138981173864893,0.2558139534883721,0.05287538160964002,0.02170241714642642,0.014835002868199802,0.07199393981444455,0.0747776943496351,0.33566148880885827,0.06968723684048235,0.6269774557222373
basic-box-m,Basic Box,Pecharunt ex [PRE 163],0,0,860,0.948180815876516,0.4715763865447518,0.2593023255813954,0.0,0.0,,0.0,0.0,,,
basic-box-m,Basic Box,Pecharunt ex [PRE 163],1,0,47,0.05181918412348401,0.4785116774478477,0.2553191489361702,-0.004977412109735774,0.02020607394450333,0.8054248765232206,-0.010958567825038068,0.06943192107181503,0.8745893087817971,0.8892249570931596,0.9578855000679917
basic-box-m,Basic Box,Poké Pad,0,0,851,0.938257993384785,0.46909651036888883,0.24794359576968272,0.0,0.0,,0.0,0.0,,,
basic-box-m,Basic Box,Poké Pad,2,0,47,0.05181918412348401,0.531249483377143,0.425531914893617,0.0378286217095998,0.01701021814896561,0.02615676522179837,0.17073392868555687,0.07148427255451589,0.01692133812216099,0.10779402349252333,0.10032715957590936
basic-box-m,Basic Box,Prime Catcher,0,0,672,0.74090407938258,0.47018597029429493,0.26785714285714285,0.0,0.0,,0.0,0.0,,,
basic-box-m,Basic Box,Prime Catcher,1,0,235,0.25909592061742004,0.47693944353518825,0.23404255319148937,0.00259013923410957,0.012228539254066398,0.832254479695165,-0.03664945153436999,0.03581111024698347,0.30611399105704207,0.9051383039524931,0.5974656385647573
basic-box-m,Basic Box,Prism Energy,0,0,621,0.6846747519294377,0.46903321594995373,0.2528180354267311,0.0,0.0,,0.0,0.0,,,
basic-box-m,Basic Box,Prism Energy,2,0,46,0.050716648291069456,0.5021526782396348,0.32608695652173914,0.031052248856913916,0.02475267477044283,0.2096600563436688,0.06429529114390345,0.07621340436895672,0.3988807654482267,0.3964559501642626,0.6788359693461488
basic-box-m,Basic Box,Prism Energy,3,0,81,0.08930540242557883,0.4816429626614812,0.2345679012345679,-0.004720725733658342,0.017456092315729237,0.7868261716296356,-0.0506975659974042,0.05652684452718459,0.36978512775159933,0.8847445688922894,0.6542999347995668
basic-box-m,Basic Box,Prism Energy,4,0,146,0.1609702315325248,0.473572013982973,0.2876712328767123,0.0039015197406295906,0.014469445245989287,0.7874383661156675,0.038513450327569136,0.04402746032062836,0.3817046400871461,0.8847445688922894,0.6655386207560952
basic-box-m,Basic Box,Psyduck [ASC 226],0,0,833,0.918412348401323,0.469954189879513,0.2617046818727491,0.0,0.0,,0.0,0.0,,,
basic-box-m,Basic Box,Psyduck [ASC 226],1,0,74,0.08158765159867695,0.4942419067419066,0.22972972972972974,0.0048859305485300705,0.019588148927504656,0.8030258693457168,-0.0695950035518809,0.05721650449870705,0.22385356341123974,0.8892249570931596,0.5173764844945503
basic-box-m,Basic Box,Raging Bolt ex [PRE 166],0,1,352,0.3880926130099228,0.47123739975302475,0.26136363636363635,-0.009354914100460165,0.01141766950551638,0.412594416854955,-0.00863735872089079,0.03471402102617118,0.8035041198270829,0.6018639191900058,0.9274896798507385
basic-box-m,Basic Box,Raging Bolt ex [PRE 166],1,1,555,0.6119073869900772,0.47237869649634356,0.25765765765765763,0.0,0.0,,0.0,0.0,,,
basic-box-m,Basic Box,Special Red Card,0,0,486,0.535832414553473,0.47811091229301106,0.2839506172839506,0.0,0.0,,0.0,0.0,,,
basic-box-m,Basic Box,Special Red Card,1,0,418,0.46085997794928335,0.46473866261017965,0.22966507177033493,-0.017930598625695602,0.0119235696367599,0.1326342837810702,-0.06338922072473678,0.03707186162053785,0.08728414424907978,0.3024588257935571,0.2993064498690459
basic-box-m,Basic Box,Teal Mask Ogerpon ex [PRE 12],2,2,478,0.5270121278941565,0.4750841692218138,0.2489539748953975,0.0,0.0,,0.0,0.0,,,
basic-box-m,Basic Box,Teal Mask Ogerpon ex [PRE 12],3,2,282,0.31091510474090406,0.459350667063433,0.25886524822695034,-0.009844869371462929,0.011984770909789777,0.4113909763364476,0.012330735605279995,0.03610846688282929,0.7327335800840651,0.6010624916584982,0.893079787927395
basic-box-m,Basic Box,Teal Mask Ogerpon ex [PRE 12],4,2,128,0.14112458654906285,0.4763929429945056,0.2890625,0.007982628752293839,0.016618387447406218,0.6309791254729658,0.04662634610361671,0.048952509688165204,0.3408529862934565,0.7670235665471634,0.6342981474703915
basic-box-m,Basic Box,Tera Orb,0,0,805,0.8875413450937155,0.4723880616399798,0.25838509316770186,0.0,0.0,,0.0,0.0,,,
basic-box-m,Basic Box,Tera Orb,1,0,40,0.044101433296582136,0.4931402625152625,0.375,0.023545057759906573,0.021424649164179823,0.27178092628606354,0.11533425315136972,0.07105388974354372,0.10454792309586904,0.4668535911343783,0.33555941269158973
basic-box-m,Basic Box,Tool Scrapper,0,0,832,0.9173098125689085,0.4708451832073156,0.25961538461538464,0.0,0.0,,0.0,0.0,,,
basic-box-m,Basic Box,Tool Scrapper,1,0,75,0.08269018743109151,0.48403398453398455,0.25333333333333335,6.583523923635147e-05,0.01728028693949723,0.9969601897206891,-0.019645968566332887,0.060403603073285086,0.7449956698379402,0.998046202999252,0.8947280753633073
basic-box-m,Basic Box,Unfair Stamp,0,1,423,0.4663726571113561,0.4672298664267793,0.23404255319148937,-0.010204070334145702,0.01107118762883892,0.35669654692428066,-0.04917759764860444,0.03281471828598988,0.13396587732285092,0.5509313052494352,0.37765227380276073
basic-box-m,Basic Box,Unfair Stamp,1,1,484,0.5336273428886439,0.47604856977274335,0.2809917355371901,0.0,0.0,,0.0,0.0,,,
basic-box-m,Basic Box,Wellspring Mask Ogerpon ex [PRE 152],1,1,800,0.8820286659316428,0.47363400427187197,0.26625,0.0,0.0,,0.0,0.0,,,
basic-box-m,Basic Box,Wellspring Mask Ogerpon ex [PRE 152],2,1,91,0.10033076074972437,0.4545141823987978,0.16483516483516483,-0.016594654243211004,0.017911050283150425,0.3541842784967444,-0.0819953636756492,0.05146832684822688,0.1111326511143835,0.5482705220287316,0.34738403528611717
basic-box-m,Basic Box,Xerosic's Machinations,0,0,820,0.9040793825799338,0.4737008801616047,0.2597560975609756,0.0,0.0,,0.0,0.0,,,
basic-box-m,Basic Box,Xerosic's Machinations,1,0,86,0.09481808158765159,0.46059325041883176,0.2558139534883721,-0.026070516974403844,0.01803524491748791,0.14830861531864756,-0.03290481920300341,0.04857882459753578,0.49818453612874236,0.3260660705211414,0.7468704546530411
crustle-dri,Crustle,Air Balloon,0,0,527,0.8887015177065767,0.47054185603270315,0.2504743833017078,0.0,0.0,,0.0,0.0,,,
crustle-dri,Crustle,Air Balloon,1,0,64,0.10792580101180438,0.4785251640720391,0.234375,0.019399377887284724,0.02235301940764207,0.3854688610127047,0.0193001149297876,0.06243434528744473,0.7572252493743562,0.5778888797237776,0.8994008531327965
crustle-dri,Crustle,Bianca's Devotion,0,0,320,0.5396290050590219,0.45639789863595004,0.246875,0.0,0.0,,0.0,0.0,,,
crustle-dri,Crustle,Bianca's Devotion,1,0,270,0.45531197301854975,0.49013621323806505,0.2518518518518518,0.03277279260106615,0.0131050570941449,0.012392205588440964,0.027188130647577406,0.03829910136951598,0.47777265043614403,0.06120032960602725,0.7397349904420417
crustle-dri,Crustle,Buddy-Buddy Poffin,1,2,67,0.11298482293423272,0.44866828859366176,0.23880597014925373,-0.029733627151296044,0.020864981397402577,0.1541429504749644,-0.06409008061289942,0.06080497125668154,0.29187056201918926,0.33252904104810393,0.5902041790028102
crustle-dri,Crustle,Buddy-Buddy Poffin,2,2,516,0.8701517706576728,0.4770093447005782,0.25193798449612403,0.0,0.0,,0.0,0.0,,,
crustle-dri,Crustle,Colress's Tenacity,0,0,505,0.851602023608769,0.47741596046051493,0.24752475247524752,0.0,0.0,,0.0,0.0,,,
crustle-dri,Crustle,Colress's Tenacity,2,0,52,0.08768971332209106,0.43352066171636305,0.23076923076923078,-0.0036176157231430917,0.025198361112331195,0.8858435725068747,-0.0005423463090489106,0.06504503682638545,0.9933473059023086,0.9348535123817349,0.9969301611536922
crustle-dri,Crustle,Community Center,0,0,541,0.9123102866779089,0.4673853468745825,0.23844731977818853,0.0,0.0,,0.0,0.0,,,
crustle-dri,Crustle,Community Center,1,0,49,0.08263069139966273,0.5166442401136279,0.3469387755102041,0.01174491050092487,0.01882570857232748,0.532708927399308,0.039077153635580536,0.05981858499622713,0.5135879767882346,0.7035821647063479,0.7575098101593009
crustle-dri,Crustle,Cornerstone Mask Ogerpon ex [PRE 160],0,0,355,0.5986509274873525,0.4794339828142645,0.23380281690140844,0.0,0.0,,0.0,0.0,,,
crustle-dri,Crustle,Cornerstone Mask Ogerpon ex [PRE 160],1,0,228,0.3844856661045531,0.4624586239879067,0.2719298245614035,-0.03782752439929382,0.017907165284172934,0.03465010458483273,-0.024310324154619395,0.05669083225899084,0.6680521500047387,0.1289208344674546,0.8502131178381215
crustle-dri,Crustle,Crushing Hammer,0,0,469,0.790893760539629,0.4747858985410723,0.24307036247334754,0.0,0.0,,0.0,0.0,,,
crustle-dri,Crustle,Crushing Hammer,4,0,92,0.1551433389544688,0.4574341168091167,0.2826086956521739,-0.02957984078603286,0.021545028607941896,0.1697737533325816,0.0013152905437617268,0.06679223709280778,0.9842888598950313,0.34826727162494625,0.9946766220975263
crustle-dri,Crustle,Dwebble [DRI 11],3,3,502,0.8465430016863407,0.47596440651719535,0.2450199203187251,0.0,0.0,,0.0,0.0,,,
crustle-dri,Crustle,Dwebble [DRI 11],4,3,84,0.14165261382799327,0.4581251517701098,0.2857142857142857,-0.03411243729578721,0.027441576270089935,0.213833485430159,-0.021348102978256248,0.06099233428598908,0.7263290265956438,0.40086553561497623,0.8888100871390102
crustle-dri,Crustle,Enhanced Hammer,0,0,542,0.9139966273187183,0.4694313380728076,0.24723247232472326,0.0,0.0,,0.0,0.0,,,
crustle-dri,Crustle,Enhanced Hammer,1,0,49,0.08263069139966273,0.49400588074057455,0.24489795918367346,0.02115867644833274,0.02082553678305924,0.30963096255882405,0.0559272433939172,0.06121920099287888,0.3609495512783836,0.502619468715607,0.6472384668982981
crustle-dri,Crustle,Eri,0,2,126,0.21247892074198987,0.4381778779888025,0.23809523809523808,-0.11459121485452904,0.030727126670391295,0.00019199901552075906,-0.22802071728471984,0.071509013617685,0.0014291462431893043,0.0025572042791822836,0.017575908207383497
crustle-dri,Crustle,Eri,1,2,146,0.24620573355817876,0.4765385521378673,0.273972602739726,-0.0637348786501477,0.022143820179535284,0.003999208312465784,-0.1463154455403522,0.06810320898608266,0.03167906599047718,0.026251945993971827,0.15641050704707798
crustle-dri,Crustle,Eri,2,2,219,0.36930860033726814,0.48658654891531605,0.2328767123287671,0.0,0.0,,0.0,0.0,,,
crustle-dri,Crustle,Eri,3,2,98,0.16526138279932545,0.4699435390761922,0.25510204081632654,-0.004741506877824021,0.017576660258237967,0.7873437155162768,0.034906796176891665,0.049995951618934636,0.4850568446456015,0.8847445688922894,0.7412914553657087
crustle-dri,Crustle,Festival Grounds,0,0,432,0.7284991568296796,0.46907371260074143,0.25,0.0,0.0,,0.0,0.0,,,
crustle-dri,Crustle,Festival Grounds,1,0,159,0.26812816188870153,0.4776393592431329,0.24528301886792453,0.00918695793915853,0.014469141344319286,0.5254710937807119,0.032134697525673134,0.04252041850056638,0.4498006336589503,0.6975564141674945,0.7226691998821247
crustle-dri,Crustle,Handheld Fan,0,0,361,0.6087689713322091,0.4701011935185798,0.2520775623268698,0.0,0.0,,0.0,0.0,,,
crustle-dri,Crustle,Handheld Fan,1,0,222,0.37436762225969644,0.4759515467848801,0.24324324324324326,0.024443409150057414,0.019180822634557174,0.20253334946315948,0.0807705300216984,0.05046972441129788,0.10951522085081442,0.39020576133468254,0.3434965459450459
crustle-dri,Crustle,Hilda,2,2,329,0.554806070826307,0.4791637395092606,0.25835866261398177,0.0,0.0,,0.0,0.0,,,
crustle-dri,Crustle,Hilda,3,2,182,0.3069139966273187,0.4686899283053129,0.24175824175824176,0.015186007074322426,0.01767413798899169,0.3902180828131525,0.07424838332406618,0.044429529562649075,0.09469216455293894,0.581216236799493,0.31529746095706845
crustle-dri,Crustle,Lumiose City,0,0,305,0.5143338954468802,0.466917567503392,0.25573770491803277,0.0,0.0,,0.0,0.0,,,
crustle-dri,Crustle,Lumiose City,1,0,283,0.4772344013490725,0.48058935240914047,0.24028268551236748,0.05152763288843033,0.019422019718267024,0.007976752478282506,0.16725147629056045,0.05519119447512506,0.002442288679767345,0.04337654158308653,0.025798428697772303
crustle-dri,Crustle,Mega Kangaskhan ex [MEG 104],0,4,46,0.0775716694772344,0.44598064978499746,0.1956521739130435,-0.10707964656199946,0.029792146455967006,0.0003253598873734301,-0.3336579234649262,0.0769785924359089,1.4614170435794e-05,0.0038831913830673025,0.0006104737559315767
crustle-dri,Crustle,Mega Kangaskhan ex [MEG 104],2,4,62,0.1045531197301855,0.4489498984043576,0.22580645161290322,-0.06188527952973617,0.027367642623726093,0.023743333553485103,-0.17859780420773338,0.05965299447076699,0.002753952857689668,0.10009230979657253,0.028760030411554602
crustle-dri,Crustle,Mega Kangaskhan ex [MEG 104],3,4,58,0.09780775716694773,0.41894920213885734,0.1896551724137931,-0.08203369474932865,0.02457003127225575,0.0008415006625582161,-0.14291775067529272,0.05610343964935109,0.010852979313617403,0.007972568132896913,0.07227455064648111
crustle-dri,Crustle,Mega Kangaskhan ex [MEG 104],4,4,421,0.7099494097807757,0.4869474800294277,0.2684085510688836,0.0,0.0,,0.0,0.0,,,
crustle-dri,Crustle,Morty's Conviction,0,0,524,0.8836424957841484,0.4693938966432792,0.24236641221374045,0.0,0.0,,0.0,0.0,,,
crustle-dri,Crustle,Morty's Conviction,1,0,51,0.08600337268128162,0.49024216524216513,0.29411764705882354,-0.01620762314063838,0.02193769290142309,0.4600269119151149,-0.06304500587685168,0.07113675752200509,0.3754824128370866,0.6445133010107373,0.6585273614451959
crustle-dri,Crustle,Poké Pad,0,0,512,0.863406408094435,0.4743239352197877,0.25,0.0,0.0,,0.0,0.0,,,
crustle-dri,Crustle,Poké Pad,1,0,48,0.08094435075885328,0.4862821784696784,0.3125,-0.032578593360656896,0.021328601130223248,0.12664657001481566,-0.06544948573654329,0.07272465201032371,0.3681400164155819,0.29540151736958276,0.6531287163820846
crustle-dri,Crustle,Pokégear 3.0,3,3,451,0.760539629005059,0.4833459336508117,0.25942350332594233,0.0,0.0,,0.0,0.0,,,
crustle-dri,Crustle,Pokégear 3.0,4,3,128,0.21585160202360876,0.4409648574974862,0.2265625,-0.0679109539834375,0.01857264997364838,0.0002556792251668188,-0.15555641067925452,0.05132750833871164,0.00244016958982608,0.0031752595665987364,0.025798428697772303
crustle-dri,Crustle,Pokémon Center Lady,0,1,125,0.21079258010118043,0.46510720390720384,0.304,-0.02493064680050016,0.016855580343682754,0.13912059912275915,0.005687178726764913,0.04942746259827092,0.9083966845903692,0.314132261901267,0.970716922254127
crustle-dri,Crustle,Pokémon Center Lady,1,1,457,0.7706576728499157,0.4733347015703175,0.23194748358862144,0.0,0.0,,0.0,0.0,,,
crustle-dri,Crustle,Prism Tower,0,0,446,0.7521079258010118,0.46402659038012506,0.24439461883408073,0.0,0.0,,0.0,0.0,,,
crustle-dri,Crustle,Prism Tower,1,0,145,0.24451939291736932,0.4929233155095224,0.2620689655172414,0.056615153178886164,0.01686817143460092,0.0007898420561343419,0.12669002968546267,0.0451497905653875,0.005016166683450431,0.007561092183202711,0.04229226772560501
crustle-dri,Crustle,Psyduck [ASC 226],0,0,421,0.7099494097807757,0.4746544690515628,0.2517814726840855,0.0,0.0,,0.0,0.0,,,
crustle-dri,Crustle,Psyduck [ASC 226],1,0,170,0.2866779089376054,0.46532335583806167,0.2411764705882353,-0.029755663639468004,0.015181126010435683,0.04999073478920762,-0.07792454740878807,0.04105880005486285,0.05771230243752801,0.16349283014691032,0.23262107868459755
crustle-dri,Crustle,Rocky Fighting Energy,0,0,478,0.806070826306914,0.4753609467783108,0.2384937238493724,0.0,0.0,,0.0,0.0,,,
crustle-dri,Crustle,Rocky Fighting Energy,1,0,51,0.08600337268128162,0.46036235006823234,0.3137254901960784,0.006656272581825445,0.025445580145797005,0.7936386674165044,0.10067692422884719,0.07988237740458932,0.20755590556735004,0.8864599502713935,0.494155122322266
crustle-dri,Crustle,Rocky Fighting Energy,2,0,60,0.10118043844856661,0.4527412075941487,0.26666666666666666,0.0007441369422619554,0.024948410391059064,0.9762050029030858,0.058394293676542953,0.06854489631377975,0.3942623370435564,0.9885758094179317,0.6748599885388409
crustle-dri,Crustle,Special Red Card,0,0,469,0.790893760539629,0.47727629194297944,0.27292110874200426,0.0,0.0,,0.0,0.0,,,
crustle-dri,Crustle,Special Red Card,1,0,124,0.209106239460371,0.4491955998004385,0.1532258064516129,-0.018971827046386405,0.0165484839421085,0.2516135618978169,-0.06787571457670494,0.043076216280837056,0.11509217102958938,0.4455353822429552,0.34976116372025495
crustle-dri,Crustle,Spiky Energy,3,4,110,0.18549747048903878,0.45789099789099796,0.2727272727272727,-0.01599833491670081,0.018817211830434562,0.3952156322895757,-0.030556443702846325,0.05049077544705837,0.5450536633280961,0.5851766648043705,0.7791453957470712
crustle-dri,Crustle,Spiky Energy,4,4,430,0.7251264755480608,0.483268825021561,0.25116279069767444,0.0,0.0,,0.0,0.0,,,
crustle-dri,Crustle,Super Potion,0,0,517,0.8718381112984823,0.4731768920598708,0.2495164410058027,0.0,0.0,,0.0,0.0,,,
crustle-dri,Crustle,Super Potion,1,0,72,0.12141652613827993,0.4565544522652366,0.2222222222222222,0.01496315993525018,0.02397898268756601,0.5326200606161027,-0.027079571465098512,0.05854449002383922,0.643689188692416,0.7035821647063479,0.8379417864141551
crustle-dri,Crustle,Switch,0,1,45,0.07588532883642496,0.44367114367114363,0.2,-0.07549138523329274,0.026630999400302585,0.00458660887092011,-0.2184692051033505,0.07549255773305778,0.003804685757424174,0.029476178687941126,0.03560711357329035
crustle-dri,Crustle,Switch,1,1,517,0.8718381112984823,0.4791683071251282,0.25918762088974856,0.0,0.0,,0.0,0.0,,,
crustle-dri,Crustle,Team Rocket's Articuno [DRI 51],0,0,547,0.9224283305227656,0.46971762306072445,0.24862888482632542,0.0,0.0,,0.0,0.0,,,
crustle-dri,Crustle,Team Rocket's Articuno [DRI 51],1,0,46,0.0775716694772344,0.491462945267293,0.2391304347826087,-0.02366240807261799,0.02455808631456669,0.33528253216184567,-0.1261499804420049,0.07419921544584054,0.0891022472983982,0.530930822062515,0.3010476664236322
crustle-dri,Crustle,Team Rocket's Factory,0,1,95,0.16020236087689713,0.4446732215153269,0.25263157894736843,-0.038779220151718904,0.01717352256446235,0.023940554985651348,-0.05228630019656315,0.047948693371768984,0.2755090213230442,0.1004628768575963,0.5720869235598077
crustle-dri,Crustle,Team Rocket's Factory,1,1,470,0.7925801011804384,0.4745563663726993,0.24680851063829787,0.0,0.0,,0.0,0.0,,,
crustle-dri,Crustle,Ultra Ball,1,1,455,0.7672849915682968,0.48043064891965986,0.25054945054945055,0.0,0.0,,0.0,0.0,,,
crustle-dri,Crustle,Ultra Ball,2,1,104,0.17537942664418213,0.44762377830816746,0.23076923076923078,-0.06139379079980707,0.024016964413675103,0.010580168303130038,-0.13280776700261032,0.06204533207747708,0.03231472730535115,0.05401763705875836,0.15641050704707798
crustle-dri,Crustle,Xerosic's Machinations,0,1,44,0.07419898819561552,0.4632867132867133,0.2727272727272727,-0.026138425116215815,0.024122628844426498,0.27855792239706034,-0.06467689720587752,0.0741723205077067,0.3832184266031642,0.47156196792342087,0.6657424084088996
crustle-dri,Crustle,Xerosic's Machinations,1,1,446,0.7521079258010118,0.47062159394822284,0.24439461883408073,0.0,0.0,,0.0,0.0,,,
crustle-dri,Crustle,Xerosic's Machinations,2,1,102,0.17200674536256325,0.48295087265675507,0.2549019607843137,0.030566576891845436,0.019005566939662686,0.10777037085310606,0.0768928549250006,0.051748810632793164,0.13730916641734975,0.26767829949730937,0.3811761330407162
cynthia-garchomp-ex,Cynthia's Garchomp,Battle Cage,0,0,557,0.8689547581903276,0.42226295215523224,0.15080789946140036,0.0,0.0,,0.0,0.0,,,
cynthia-garchomp-ex,Cynthia's Garchomp,Battle Cage,1,0,55,0.08580343213728549,0.3662343212343212,0.10909090909090909,-0.06623825413698306,0.019035938927904898,0.0005020840619426126,-0.029610883427825682,0.04513701265892707,0.5118098250031156,0.005428414740297188,0.7575098101593009
cynthia-garchomp-ex,Cynthia's Garchomp,Boss's Orders,3,4,260,0.40561622464898595,0.4092795167795168,0.13846153846153847,-0.021806651596181968,0.012318502299413715,0.07668789727847726,-0.007426766176259852,0.029536177046093837,0.801468977074685,0.21439674785269794,0.9264779747567743
cynthia-garchomp-ex,Cynthia's Garchomp,Boss's Orders,4,4,348,0.5429017160686428,0.4256922515543205,0.15229885057471265,0.0,0.0,,0.0,0.0,,,
cynthia-garchomp-ex,Cynthia's Garchomp,Buddy-Buddy Poffin,3,4,82,0.12792511700468018,0.4007283367039465,0.13414634146341464,-0.024044639663261664,0.018033099043540238,0.1824132063403786,-0.008968548717528339,0.04102671533284181,0.8269595878529129,0.36522382707365564,0.9347796571178684
cynthia-garchomp-ex,Cynthia's Garchomp,Buddy-Buddy Poffin,4,4,545,0.8502340093603744,0.4211259908966331,0.15045871559633028,0.0,0.0,,0.0,0.0,,,
cynthia-garchomp-ex,Cynthia's Garchomp,Budew [ASC 16],0,0,571,0.890795631825273,0.4169932227725573,0.1436077057793345,0.0,0.0,,0.0,0.0,,,
cynthia-garchomp-ex,Cynthia's Garchomp,Budew [ASC 16],1,0,67,0.10452418096723869,0.4019429713459564,0.16417910447761194,-0.005179578127898781,0.02200559873565074,0.8139173240084696,0.015483644617794105,0.049044417432855855,0.7522252423351972,0.8925895235844673,0.8966212681012272
cynthia-garchomp-ex,Cynthia's Garchomp,Cynthia's Power Weight,3,3,336,0.5241809672386896,0.4085935421500898,0.13690476190476192,0.0,0.0,,0.0,0.0,,,
cynthia-garchomp-ex,Cynthia's Garchomp,Cynthia's Power Weight,4,3,280,0.43681747269890797,0.4248203383917669,0.15714285714285714,0.014912036747243843,0.012214527175042246,0.22214495021632874,0.004642570272699197,0.02798280880409528,0.8682293958253142,0.41101175824226627,0.9544292042625164
cynthia-garchomp-ex,Cynthia's Garchomp,Cynthia's Roselia [DRI 7],3,4,192,0.2995319812792512,0.4025518944789779,0.125,-0.023840835658371237,0.012910469110132388,0.06480105181885899,-0.02930275991874849,0.03002534469792052,0.3290970866647155,0.19850722207177138,0.622304984865995
cynthia-garchomp-ex,Cynthia's Garchomp,Cynthia's Roselia [DRI 7],4,4,439,0.6848673946957878,0.42312302352165676,0.1548974943052392,0.0,0.0,,0.0,0.0,,,
cynthia-garchomp-ex,Cynthia's Garchomp,Cynthia's Roserade [DRI 184],3,3,481,0.750390015600624,0.41536889036889035,0.1392931392931393,0.0,0.0,,0.0,0.0,,,
cynthia-garchomp-ex,Cynthia's Garchomp,Cynthia's Roserade [DRI 184],4,3,148,0.23088923556942278,0.4227378477378477,0.16891891891891891,0.0093152880242788,0.014593105727845355,0.5232557277321175,0.024906561768620578,0.0353950513759759,0.4816360903617456,0.6972295373889477,0.7412914553657087
cynthia-garchomp-ex,Cynthia's Garchomp,Fighting Gong,2,3,53,0.08268330733229329,0.3972659939641071,0.11320754716981132,-0.008550303107909914,0.02119032375214319,0.6865801753208192,-0.04659897637365994,0.04223567462888966,0.2698932417509271,0.8141512014449456,0.5720869235598077
cynthia-garchomp-ex,Cynthia's Garchomp,Fighting Gong,3,3,413,0.6443057722308893,0.41365865772645427,0.1549636803874092,0.0,0.0,,0.0,0.0,,,
cynthia-garchomp-ex,Cynthia's Garchomp,Fighting Gong,4,3,173,0.2698907956318253,0.425648473769861,0.1329479768786127,0.0004220681052843938,0.015180294291815213,0.9778187277050053,-0.033627972842398504,0.033319565283019506,0.31285185207076405,0.9885758094179317,0.6027481175115978
cynthia-garchomp-ex,Cynthia's Garchomp,Forest of Vitality,0,0,535,0.8346333853354134,0.41478359819481314,0.14579439252336449,0.0,0.0,,0.0,0.0,,,
cynthia-garchomp-ex,Cynthia's Garchomp,Forest of Vitality,1,0,94,0.14664586583463338,0.41676083963317995,0.14893617021276595,-0.009105002560302685,0.017311884331869188,0.5989302924593303,-0.004348706814561395,0.04048276479589555,0.91445484368667,0.7476106468086592,0.972385534210254
cynthia-garchomp-ex,Cynthia's Garchomp,Hilda,0,2,160,0.24960998439937598,0.4388207163207163,0.16875,0.0316189466933001,0.014794044657511022,0.03257560408719564,0.041627307973614545,0.03544728773270732,0.24025728510124011,0.12219175573931752,0.5385279146537553
cynthia-garchomp-ex,Cynthia's Garchomp,Hilda,1,2,76,0.11856474258970359,0.3859799922299922,0.13157894736842105,-0.021167097501014375,0.019621068847294223,0.28067943030915254,0.005263910198732267,0.04378744641567402,0.9043127935535742,0.47156196792342087,0.9686054280602968
cynthia-garchomp-ex,Cynthia's Garchomp,Hilda,2,2,347,0.5413416536661466,0.41438810948897403,0.1440922190201729,0.0,0.0,,0.0,0.0,,,
cynthia-garchomp-ex,Cynthia's Garchomp,Hilda,3,2,47,0.07332293291731669,0.37309900501389864,0.10638297872340426,-0.03380421636737054,0.022927830771497678,0.14038070020110882,-0.03445023013527316,0.04489791373007185,0.44290236176366404,0.31500353389516056,0.7216795575546228
cynthia-garchomp-ex,Cynthia's Garchomp,Judge,0,0,387,0.6037441497659907,0.4154089880834067,0.13695090439276486,0.0,0.0,,0.0,0.0,,,
cynthia-garchomp-ex,Cynthia's Garchomp,Judge,1,0,157,0.24492979719188768,0.40895521675776453,0.15286624203821655,-0.012774629895632337,0.014790465501529338,0.38774881866380906,0.008797536735695,0.03429384330013673,0.7975385317521391,0.5794165274016919,0.9230956053907
cynthia-garchomp-ex,Cynthia's Garchomp,Judge,2,0,81,0.12636505460218408,0.4230029344226875,0.12345679012345678,-0.0070860962364658105,0.017725413734166653,0.6893256135054822,-0.008679585176635411,0.04038288319262406,0.829820116807698,0.8163534005303327,0.9357112728175146
cynthia-garchomp-ex,Cynthia's Garchomp,Kieran,0,0,568,0.8861154446177847,0.41781550478733576,0.14788732394366197,0.0,0.0,,0.0,0.0,,,
cynthia-garchomp-ex,Cynthia's Garchomp,Kieran,1,0,71,0.11076443057722309,0.3936929267915183,0.1267605633802817,-0.015413586332051447,0.019407130605561734,0.4270657158254131,-0.02061422536804035,0.03797944120001409,0.5872859216741653,0.6154505560343331,0.8021132376632292
cynthia-garchomp-ex,Cynthia's Garchomp,Larry's Skill,0,0,469,0.7316692667706708,0.4062342005305758,0.14072494669509594,0.0,0.0,,0.0,0.0,,,
cynthia-garchomp-ex,Cynthia's Garchomp,Larry's Skill,1,0,75,0.11700468018720749,0.43227901727901735,0.13333333333333333,0.024538735598768364,0.02010556106687092,0.2222773056000069,0.021308417586936936,0.04518770953298029,0.6372456030218192,0.41101175824226627,0.8350637752485961
cynthia-garchomp-ex,Cynthia's Garchomp,Larry's Skill,2,0,96,0.1497659906396256,0.4449327389431556,0.17708333333333334,0.04882604846575603,0.01735672997196079,0.004906787203211488,0.07505618652106802,0.041778067897493144,0.0724078539877009,0.0308858728750093,0.26617127125878853
cynthia-garchomp-ex,Cynthia's Garchomp,Neo Upper Energy,0,1,281,0.43837753510140404,0.4260064800100387,0.1494661921708185,0.018360264573589306,0.01226995254342567,0.1345599015854304,0.00379187446480289,0.028663022637168415,0.8947537246303904,0.30609046920052113,0.9621545495957385
cynthia-garchomp-ex,Cynthia's Garchomp,Neo Upper Energy,1,1,360,0.5616224648985959,0.4068069122235789,0.14166666666666666,0.0,0.0,,0.0,0.0,,,
cynthia-garchomp-ex,Cynthia's Garchomp,Night Stretcher,0,1,151,0.23556942277691106,0.42479353489287264,0.2251655629139073,0.01088619283379474,0.01615368013145207,0.5003659262713589,0.06269514700983526,0.03866923264504238,0.10494932315625544,0.6762298327108512,0.33555941269158973
cynthia-garchomp-ex,Cynthia's Garchomp,Night Stretcher,1,1,247,0.38533541341653665,0.41824983383687836,0.13765182186234817,0.0,0.0,,0.0,0.0,,,
cynthia-garchomp-ex,Cynthia's Garchomp,Night Stretcher,2,1,240,0.374414976599064,0.4073099816849817,0.10416666666666667,-0.017983843833952576,0.01361290428718793,0.18647204006359608,-0.04018676353329829,0.02915241415930006,0.16804726799891612,0.3701248484199672,0.4374941622974615
cynthia-garchomp-ex,Cynthia's Garchomp,Poké Pad,3,4,114,0.17784711388455537,0.4003422016579911,0.12280701754385964,-0.015240232071726905,0.01558633658473721,0.3281760389675975,-0.0145451883581749,0.03607072973553523,0.68677111943955,0.5224665708607943,0.8620369649385284
cynthia-garchomp-ex,Cynthia's Garchomp,Poké Pad,4,4,512,0.7987519500780031,0.42009913552882305,0.15234375,0.0,0.0,,0.0,0.0,,,
cynthia-garchomp-ex,Cynthia's Garchomp,Pokégear 3.0,0,0,265,0.41341653666146644,0.4188193916495803,0.10943396226415095,0.0,0.0,,0.0,0.0,,,
cynthia-garchomp-ex,Cynthia's Garchomp,Pokégear 3.0,1,0,108,0.1684867394695788,0.3937545222267445,0.12962962962962962,-0.010506863498239547,0.016504752336592494,0.5243878663529995,0.02452277153272587,0.03565060424050294,0.49153835280385316,0.6974130957719342,0.7412914553657087
cynthia-garchomp-ex,Cynthia's Garchomp,Pokégear 3.0,2,0,227,0.3541341653666147,0.4180792286519159,0.18061674008810572,0.016848684318256306,0.013605481622086822,0.21557715457523496,0.07257455541041195,0.03175315731983169,0.022278520244651205,0.40267358750943283,0.12408460669596641
cynthia-garchomp-ex,Cynthia's Garchomp,Premium Power Pro,0,2,77,0.12012480499219969,0.4392746142746142,0.14285714285714285,0.018591659453546797,0.017083206811652943,0.27646254897210554,-0.014520218764633191,0.04318068515153471,0.7366698939074573,0.4704983009358611,0.8943191974913517
cynthia-garchomp-ex,Cynthia's Garchomp,Premium Power Pro,1,2,66,0.1029641185647426,0.423501961001961,0.21212121212121213,0.010508602338729484,0.019191787697326802,0.583995955673487,0.062160599808140364,0.05057000305638716,0.2189971843388142,0.7420223503493731,0.5121079196116292
cynthia-garchomp-ex,Cynthia's Garchomp,Premium Power Pro,2,2,456,0.7113884555382215,0.4125613989649077,0.1425438596491228,0.0,0.0,,0.0,0.0,,,
cynthia-garchomp-ex,Cynthia's Garchomp,Psyduck [ASC 226],0,0,584,0.9110764430577223,0.41798364465316523,0.14897260273972604,0.0,0.0,,0.0,0.0,,,
cynthia-garchomp-ex,Cynthia's Garchomp,Psyduck [ASC 226],1,0,57,0.08892355694227769,0.38694492641861067,0.10526315789473684,-0.02572980066799248,0.024097913633283462,0.2856472773211616,-0.005141164587310346,0.04438414430919311,0.9077846106268554,0.4764244062761298,0.970716922254127
cynthia-garchomp-ex,Cynthia's Garchomp,Rare Candy,0,0,405,0.6318252730109204,0.4220557791545446,0.16049382716049382,0.0,0.0,,0.0,0.0,,,
cynthia-garchomp-ex,Cynthia's Garchomp,Rare Candy,1,0,194,0.30265210608424337,0.40409192754553586,0.1134020618556701,-0.018016779436147906,0.013979998415167746,0.19748360875872495,-0.04094231970351571,0.030042832880917386,0.17294610671934763,0.3856506471302698,0.4448371138522697
cynthia-garchomp-ex,Cynthia's Garchomp,Relicanth [TEF 173],0,0,525,0.8190327613104524,0.410432421194326,0.14095238095238094,0.0,0.0,,0.0,0.0,,,
cynthia-garchomp-ex,Cynthia's Garchomp,Relicanth [TEF 173],1,0,116,0.1809672386895476,0.43690765651972546,0.16379310344827586,0.01801084983125289,0.01491880515934722,0.22733272384308933,0.03505065649988642,0.03835876837761193,0.36084367717263244,0.4145213754202363,0.6472384668982981
cynthia-garchomp-ex,Cynthia's Garchomp,Rocky Fighting Energy,3,4,157,0.24492979719188768,0.38220148570467044,0.09554140127388536,-0.043571426933604454,0.01367478958528446,0.0014412530700727514,-0.0609047936379708,0.02822074533729304,0.030915642347642047,0.011825996173186236,0.1544101919428426
cynthia-garchomp-ex,Cynthia's Garchomp,Rocky Fighting Energy,4,4,452,0.7051482059282371,0.4288900954830159,0.168141592920354,0.0,0.0,,0.0,0.0,,,
cynthia-garchomp-ex,Cynthia's Garchomp,Rosa's Encouragement,0,0,597,0.9313572542901716,0.41815892712040115,0.1541038525963149,0.0,0.0,,0.0,0.0,,,
cynthia-garchomp-ex,Cynthia's Garchomp,Rosa's Encouragement,1,0,42,0.0655226209048362,0.3773991220419792,0.023809523809523808,-0.037549953048352805,0.02345657248021921,0.10941487810293055,-0.1021882007539757,0.02801306187357198,0.0002644162840813933,0.27030180907686335,0.005785680120733344
cynthia-garchomp-ex,Cynthia's Garchomp,Shaymin [DRI 10],0,0,566,0.8829953198127926,0.41308845421036233,0.13604240282685512,0.0,0.0,,0.0,0.0,,,
cynthia-garchomp-ex,Cynthia's Garchomp,Shaymin [DRI 10],1,0,75,0.11700468018720749,0.4313365893365893,0.21333333333333335,0.02280676310931795,0.021586983163593036,0.29073739986972147,0.06935623890192541,0.056653070994723165,0.22086647491026856,0.4810540918553321,0.5151682498541543
cynthia-garchomp-ex,Cynthia's Garchomp,Special Red Card,0,0,535,0.8346333853354134,0.41629952256120484,0.14579439252336449,0.0,0.0,,0.0,0.0,,,
cynthia-garchomp-ex,Cynthia's Garchomp,Special Red Card,1,0,101,0.15756630265210608,0.40937027768710926,0.1485148514851485,0.015822529525735256,0.02228951254497599,0.47778828209047386,0.02991341170496207,0.05104273421557258,0.5578443201197252,0.6573693046038158,0.7834680719073562
cynthia-garchomp-ex,Cynthia's Garchomp,Surfer,0,0,507,0.7909516380655226,0.4185392425530493,0.14398422090729784,0.0,0.0,,0.0,0.0,,,
cynthia-garchomp-ex,Cynthia's Garchomp,Surfer,1,0,90,0.14040561622464898,0.40120675620675617,0.14444444444444443,-0.02147009555503449,0.016789358813424138,0.2009703575752867,0.006570973873369079,0.03830235843789298,0.8637871254705708,0.3888247549719757,0.9544292042625164
cynthia-garchomp-ex,Cynthia's Garchomp,Surfer,2,0,44,0.0686427457098284,0.40568875568875556,0.1590909090909091,-0.040790304752578464,0.024542858559331998,0.09651217134632699,-0.016528362749337416,0.05937458567721905,0.7807249937380408,0.24941790078055978,0.9156410338640825
cynthia-garchomp-ex,Cynthia's Garchomp,Switch,0,1,300,0.46801872074882994,0.4176600529100529,0.15,-0.0037927575289718376,0.012697904382711001,0.7651753577193715,0.0038365103449927926,0.02848841796623744,0.8928734847610068,0.8713706985676609,0.9621545495957385
cynthia-garchomp-ex,Cynthia's Garchomp,Switch,1,1,336,0.5241809672386896,0.41439193522526857,0.14285714285714285,0.0,0.0,,0.0,0.0,,,
cynthia-garchomp-ex,Cynthia's Garchomp,Team Rocket's Petrel,0,0,292,0.45553822152886114,0.4066490206901166,0.13013698630136986,0.0,0.0,,0.0,0.0,,,
cynthia-garchomp-ex,Cynthia's Garchomp,Team Rocket's Petrel,1,0,228,0.35569422776911075,0.42145247539984376,0.16228070175438597,0.014098320376349425,0.013424080734039204,0.2936141579731967,0.03705519768399487,0.03247980940604059,0.2539245695573332,0.4844370039090983,0.547643052164719
cynthia-garchomp-ex,Cynthia's Garchomp,Team Rocket's Petrel,2,0,98,0.15288611544461778,0.4254512305532712,0.15306122448979592,0.020938027826967805,0.019364420424118053,0.2795802212389491,0.02411519760497374,0.041195595691980794,0.5582902787410928,0.47156196792342087,0.7834680719073562
cynthia-garchomp-ex,Cynthia's Garchomp,Team Rocket's Watchtower,0,0,469,0.7316692667706708,0.4200169707099345,0.16417910447761194,0.0,0.0,,0.0,0.0,,,
cynthia-garchomp-ex,Cynthia's Garchomp,Team Rocket's Watchtower,1,0,112,0.1747269890795632,0.39009480929123785,0.08928571428571429,-0.030507628977431107,0.015068566461627242,0.04290975471364888,-0.06812809288002789,0.03275734568846018,0.03754565903429444,0.14714203202180343,0.1708141616461217
cynthia-garchomp-ex,Cynthia's Garchomp,Team Rocket's Watchtower,2,0,58,0.0904836193447738,0.42206433413329963,0.10344827586206896,-0.001527433499448598,0.02119188124795206,0.9425411453723729,-0.07150099291233422,0.045405195246757846,0.11531842503507862,0.9647367092896247,0.34976116372025495
cynthia-garchomp-ex,Cynthia's Garchomp,Tool Scrapper,0,0,585,0.9126365054602185,0.41746507686678624,0.14188034188034188,0.0,0.0,,0.0,0.0,,,
cynthia-garchomp-ex,Cynthia's Garchomp,Tool Scrapper,1,0,56,0.0873634945397816,0.39180784493284493,0.17857142857142858,-0.013467299889938096,0.02286964958742498,0.5559470364784757,0.042796630475764985,0.05119752261273307,0.4032043346424228,0.7236760998919534,0.6811484991477694
cynthia-garchomp-ex,Cynthia's Garchomp,Unfair Stamp,0,0,417,0.6505460218408736,0.40870900349317624,0.14628297362110312,0.0,0.0,,0.0,0.0,,,
cynthia-garchomp-ex,Cynthia's Garchomp,Unfair Stamp,1,0,224,0.3494539781591264,0.42735113761899474,0.14285714285714285,0.020597517170800706,0.013196694059888657,0.11856885348494914,-0.0030913473116897638,0.03048947995004321,0.9192403813193943,0.2836155866220862,0.9743735991147906
dragapult-blaziken,Dragapult Blaziken,Area Zero Underdepths,0,0,804,0.6247086247086248,0.43255345400867784,0.16791044776119404,0.0,0.0,,0.0,0.0,,,
dragapult-blaziken,Dragapult Blaziken,Area Zero Underdepths,1,0,409,0.3177933177933178,0.4411361051336602,0.18092909535452323,0.007044754269636113,0.009330942235531905,0.4502558703336651,0.01189883787799231,0.023484942618113996,0.6123946906260312,0.636592530517905,0.8092463641728038
dragapult-blaziken,Dragapult Blaziken,Area Zero Underdepths,2,0,74,0.057498057498057496,0.4759499884499884,0.1891891891891892,0.03071202627407099,0.015220255299773196,0.04360802115023997,0.014459002774378591,0.04486661311365191,0.7472508703574263,0.14898056296308748,0.8947280753633073
dragapult-blaziken,Dragapult Blaziken,Blaziken [DRI 192],0,0,1153,0.8958818958818959,0.441324691498152,0.17606244579358196,0.0,0.0,,0.0,0.0,,,
dragapult-blaziken,Dragapult Blaziken,Blaziken [DRI 192],1,0,134,0.10411810411810411,0.40724308858637215,0.14925373134328357,-0.026883845420978644,0.014271517903367743,0.05959999855688624,-0.02762642200471608,0.03272450500720284,0.39855091281363686,0.18822130128446204,0.6788359693461488
dragapult-blaziken,Dragapult Blaziken,Buddy-Buddy Poffin,3,4,44,0.03418803418803419,0.3297847985347986,0.06818181818181818,-0.13091946029052892,0.01878970775848581,3.223576274120082e-12,-0.10975148904707867,0.03903237419022194,0.00492641079552978,7.406166489790889e-10,0.04229226772560501
dragapult-blaziken,Dragapult Blaziken,Buddy-Buddy Poffin,4,4,1242,0.965034965034965,0.4416860537029619,0.17713365539452497,0.0,0.0,,0.0,0.0,,,
dragapult-blaziken,Dragapult Blaziken,Budew [ASC 16],1,1,1074,0.8344988344988346,0.4411025737143056,0.18156424581005587,0.0,0.0,,0.0,0.0,,,
dragapult-blaziken,Dragapult Blaziken,Budew [ASC 16],2,1,201,0.1561771561771562,0.4181932219245652,0.13432835820895522,-0.02307901433287046,0.011620974146320299,0.047035620209766565,-0.05099728173008291,0.02560402972308843,0.046396541722145655,0.1563299434318994,0.1955890910213388
dragapult-blaziken,Dragapult Blaziken,Chi-Yu [TWM 39],0,0,871,0.6767676767676768,0.4342741707839297,0.17336394948335246,0.0,0.0,,0.0,0.0,,,
dragapult-blaziken,Dragapult Blaziken,Chi-Yu [TWM 39],1,0,416,0.32323232323232326,0.44510851061331835,0.17307692307692307,0.016170267613449005,0.009161026570706767,0.07754439987026314,0.012413320609580395,0.023017390790558284,0.5896786172920689,0.21562582081504914,0.8021132376632292
dragapult-blaziken,Dragapult Blaziken,Chien-Pao [SSP 56],0,0,1245,0.9673659673659674,0.436177550695623,0.17269076305220885,0.0,0.0,,0.0,0.0,,,
dragapult-blaziken,Dragapult Blaziken,Chien-Pao [SSP 56],1,0,42,0.03263403263403263,0.48516410837839413,0.19047619047619047,0.031829667625561095,0.019124011894195086,0.09603604738313776,0.009363961387013585,0.05976727484514491,0.875501998309727,0.24941790078055978,0.9578855000679917
dragapult-blaziken,Dragapult Blaziken,Combusken [DRI 41],0,1,55,0.042735042735042736,0.412087912087912,0.10909090909090909,-0.030469461440920366,0.023307617257295802,0.19111938858048538,-0.09222042759683373,0.04608391976391552,0.045377182243281855,0.37610003876973463,0.192235890296828
dragapult-blaziken,Dragapult Blaziken,Combusken [DRI 41],1,1,1209,0.9393939393939394,0.4407679789193437,0.17700578990901572,0.0,0.0,,0.0,0.0,,,
dragapult-blaziken,Dragapult Blaziken,Crispin,1,2,366,0.28438228438228436,0.4322107461451723,0.16666666666666666,0.00021121037499559694,0.00993382230730115,0.9830368617517796,-0.0026412865567909966,0.024819309572911855,0.9152486257800541,0.989497125903489,0.972385534210254
dragapult-blaziken,Dragapult Blaziken,Crispin,2,2,890,0.6915306915306916,0.4398442132149998,0.17752808988764046,0.0,0.0,,0.0,0.0,,,
dragapult-blaziken,Dragapult Blaziken,Dawn,0,1,155,0.12043512043512043,0.44624128559612425,0.14193548387096774,0.0029555477487762842,0.012025119342181902,0.8058516440062946,-0.028202886081256467,0.031692361809966756,0.37352206955617095,0.8892249570931596,0.6563418392392373
dragapult-blaziken,Dragapult Blaziken,Dawn,1,1,855,0.6643356643356644,0.4382273639291184,0.17660818713450294,0.0,0.0,,0.0,0.0,,,
dragapult-blaziken,Dragapult Blaziken,Dawn,2,1,275,0.21367521367521367,0.43114962814962815,0.18181818181818182,-0.002920152934426684,0.010871860540907786,0.7882395515216936,0.003925040098730279,0.026917246038902207,0.8840644465434919,0.8847445688922894,0.9589315097887765
dragapult-blaziken,Dragapult Blaziken,Jamming Tower,0,0,1021,0.7933177933177933,0.44451278398389077,0.1811949069539667,0.0,0.0,,0.0,0.0,,,
dragapult-blaziken,Dragapult Blaziken,Jamming Tower,1,0,256,0.1989121989121989,0.4130973843864469,0.1484375,-0.022246459694515833,0.010588015148073891,0.03563234584724518,-0.022846934794265604,0.025615614017190463,0.37243882009096174,0.1305575377043703,0.6563418392392373
dragapult-blaziken,Dragapult Blaziken,Judge,0,0,758,0.5889665889665889,0.432851500595564,0.16358839050131926,0.0,0.0,,0.0,0.0,,,
dragapult-blaziken,Dragapult Blaziken,Judge,1,0,509,0.3954933954933955,0.4443061359073147,0.18860510805500982,0.010613962505738882,0.00914979389756898,0.24603983621230796,0.013209809818022998,0.022859114977132177,0.5633455981424492,0.43735127558822245,0.786800311083451
dragapult-blaziken,Dragapult Blaziken,Lillie's Clefairy ex [ASC 280],0,1,265,0.20590520590520592,0.4573992673992674,0.17358490566037735,0.012221600198096441,0.010451168045992236,0.2422423447337282,-0.016329044608231404,0.028036791176531226,0.5602872553484279,0.4324846493179067,0.7837199203427782
dragapult-blaziken,Dragapult Blaziken,Lillie's Clefairy ex [ASC 280],1,1,1020,0.7925407925407926,0.4327602653337948,0.17352941176470588,0.0,0.0,,0.0,0.0,,,
dragapult-blaziken,Dragapult Blaziken,Moltres [PFL 14],0,0,1149,0.8927738927738927,0.43836012889537695,0.17145343777197564,0.0,0.0,,0.0,0.0,,,
dragapult-blaziken,Dragapult Blaziken,Moltres [PFL 14],1,0,138,0.10722610722610723,0.4329141671532976,0.18840579710144928,-0.008996667872069104,0.01403776611784917,0.5215939707994887,0.0051577373480820145,0.03474322778389416,0.8819852537781524,0.696722179018503,0.9589315097887765
dragapult-blaziken,Dragapult Blaziken,Munkidori [ASC 99],1,2,72,0.055944055944055944,0.3814789377289377,0.06944444444444445,-0.06528830366273967,0.019680022833191167,0.0009082975872117767,-0.10403259580756052,0.034865312778371314,0.0028465342143836375,0.008264608739085374,0.02881487786307278
dragapult-blaziken,Dragapult Blaziken,Munkidori [ASC 99],2,2,1205,0.9362859362859363,0.4420190298406066,0.18008298755186722,0.0,0.0,,0.0,0.0,,,
dragapult-blaziken,Dragapult Blaziken,Poké Pad,3,3,673,0.5229215229215229,0.41595106231064627,0.13075780089153047,0.0,0.0,,0.0,0.0,,,
dragapult-blaziken,Dragapult Blaziken,Poké Pad,4,3,612,0.4755244755244755,0.46244479014086864,0.22058823529411764,0.0387159522425261,0.007962254798775981,1.1595003133723617e-06,0.07654581257965754,0.020881110456188977,0.00024657405498879125,6.659879924932502e-05,0.005526867232553638
dragapult-blaziken,Dragapult Blaziken,Psyduck [ASC 226],0,0,1203,0.9347319347319347,0.441801702961304,0.17955112219451372,0.0,0.0,,0.0,0.0,,,
dragapult-blaziken,Dragapult Blaziken,Psyduck [ASC 226],1,0,84,0.06526806526806526,0.38012493458922025,0.08333333333333333,-0.06136309042447665,0.01713441304037158,0.00034191805994746613,-0.07291114659779666,0.03408824683085926,0.03244425414046006,0.004022958117849589,0.15641050704707798
dragapult-blaziken,Dragapult Blaziken,Rare Candy,2,2,802,0.6231546231546231,0.4306693583501564,0.1596009975062344,0.0,0.0,,0.0,0.0,,,
dragapult-blaziken,Dragapult Blaziken,Rare Candy,3,2,471,0.36596736596736595,0.44988307281300915,0.19957537154989385,0.017952579557967897,0.00832173207873268,0.03098129635308316,0.03247575333491072,0.02153516121263235,0.1315458487785107,0.11912891777608127,0.37543675474363764
dragapult-blaziken,Dragapult Blaziken,Risky Ruins,0,1,517,0.4017094017094017,0.4441442127612341,0.16634429400386846,0.0010383004121825318,0.008627616934469411,0.9042089537147106,-0.027739104106477154,0.02271117993082719,0.22194012376126393,0.945285304733832,0.5152767040952516
dragapult-blaziken,Dragapult Blaziken,Risky Ruins,1,1,686,0.533022533022533,0.4354661171352134,0.18513119533527697,0.0,0.0,,0.0,0.0,,,
dragapult-blaziken,Dragapult Blaziken,Risky Ruins,2,1,84,0.06526806526806526,0.41744796209081936,0.11904761904761904,-0.021606650710044636,0.0181439854899272,0.23371495204848725,-0.06490002877981833,0.03724758494424175,0.08143924220279689,0.4228032301822043,0.286753500323258
dragapult-blaziken,Dragapult Blaziken,Shaymin [DRI 10],0,1,622,0.48329448329448327,0.4555860716632421,0.2170418006430868,0.03407551224590104,0.00837397454114771,4.717157474084758e-05,0.07143563775184976,0.022297729097164695,0.0013566525243692245,0.0009223548337625303,0.01755853042392646
dragapult-blaziken,Dragapult Blaziken,Shaymin [DRI 10],1,1,665,0.5167055167055167,0.4211179046517393,0.13233082706766916,0.0,0.0,,0.0,0.0,,,
dragapult-blaziken,Dragapult Blaziken,Special Red Card,0,0,713,0.554001554001554,0.4361865032271764,0.18513323983169705,0.0,0.0,,0.0,0.0,,,
dragapult-blaziken,Dragapult Blaziken,Special Red Card,1,0,567,0.4405594405594406,0.4396032832540769,0.16049382716049382,-0.0035029018391523805,0.01340553542791477,0.7938591284802577,-0.023404230336437605,0.038780281329989896,0.5461704468354788,0.8864599502713935,0.7793954047232997
dragapult-blaziken,Dragapult Blaziken,Team Rocket's Petrel,0,0,1053,0.8181818181818182,0.44905980639598875,0.18803418803418803,0.0,0.0,,0.0,0.0,,,
dragapult-blaziken,Dragapult Blaziken,Team Rocket's Petrel,1,0,230,0.17871017871017872,0.38790731008122314,0.10869565217391304,-0.05309929032697611,0.012041813906407914,1.0357333567335243e-05,-0.07904981192480309,0.025413673269342723,0.0018675643290859338,0.00029744967338690904,0.021657413393954775
dragapult-blaziken,Dragapult Blaziken,Team Rocket's Watchtower,0,1,428,0.33255633255633255,0.4368134785774973,0.17289719626168223,-0.0022726807479567573,0.009402400537731724,0.8090026952206473,0.000799735186683111,0.02402880412322816,0.9734494247132981,0.8903873974943411,0.9946766220975263
dragapult-blaziken,Dragapult Blaziken,Team Rocket's Watchtower,1,1,690,0.5361305361305362,0.43251954164997636,0.16521739130434782,0.0,0.0,,0.0,0.0,,,
dragapult-blaziken,Dragapult Blaziken,Team Rocket's Watchtower,2,1,164,0.12742812742812742,0.46177819470502396,0.21341463414634146,0.01270425732910639,0.012249280267776422,0.29966914007995527,0.030615191415471962,0.035388308614817315,0.38697203107268885,0.4935411106334747,0.6709948991618887
dragapult-blaziken,Dragapult Blaziken,Tool Scrapper,0,0,1243,0.9658119658119658,0.43895622121688094,0.17618664521319388,0.0,0.0,,0.0,0.0,,,
dragapult-blaziken,Dragapult Blaziken,Tool Scrapper,1,0,43,0.03341103341103341,0.4107448107448108,0.09302325581395349,-0.0511222068190866,0.0156655540310409,0.0011010292899953083,-0.0876298390822671,0.045789231778222,0.05565016176328308,0.009636627785768459,0.22831472616275514
dragapult-blaziken,Dragapult Blaziken,Ultra Ball,3,4,250,0.19425019425019424,0.4051863247863248,0.088,-0.04218658458041612,0.010192992056731938,3.491526483351785e-05,-0.08964562282570734,0.02198171432320561,4.538753298696342e-05,0.0007462122879535559,0.0015448571412970142
dragapult-blaziken,Dragapult Blaziken,Ultra Ball,4,4,1017,0.7902097902097902,0.44851564364838703,0.1976401179941003,0.0,0.0,,0.0,0.0,,,
dragapult-blaziken,Dragapult Blaziken,Unfair Stamp,0,1,67,0.052059052059052056,0.3902392797915185,0.1044776119402985,-0.053332408412469424,0.01980823786482663,0.007093219432146399,-0.07966888478954488,0.03894607223103343,0.04079372030889794,0.03999183225854319,0.17892733841749672
dragapult-blaziken,Dragapult Blaziken,Unfair Stamp,1,1,1220,0.947940947940948,0.440386812640911,0.17704918032786884,0.0,0.0,,0.0,0.0,,,
dragapult-blaziken,Dragapult Blaziken,Xerosic's Machinations,0,0,1234,0.9588189588189588,0.441146524554142,0.1774716369529984,0.0,0.0,,0.0,0.0,,,
dragapult-blaziken,Dragapult Blaziken,Xerosic's Machinations,1,0,51,0.039627039627039624,0.36081304316598434,0.0784313725490196,-0.08151429897790992,0.017894682605047674,5.232962673957001e-06,-0.06914052527375193,0.038852327573615945,0.07514598563601921,0.00018836283124508513,0.27263717609619154
dragapult-dudunsparce,Dragapult Dudunsparce,Acerola's Mischief,0,0,522,0.8501628664495114,0.46765218072689335,0.2471264367816092,0.0,0.0,,0.0,0.0,,,
dragapult-dudunsparce,Dragapult Dudunsparce,Acerola's Mischief,1,0,92,0.1498371335504886,0.4139789806669602,0.17391304347826086,-0.04988394045962007,0.018397958901629072,0.006700288108557964,-0.09132315439882742,0.04515483985465456,0.04313045887670016,0.03824574392400478,0.18608869346332135
dragapult-dudunsparce,Dragapult Dudunsparce,Area Zero Underdepths,0,0,548,0.8925081433224755,0.4544960808834789,0.21715328467153286,0.0,0.0,,0.0,0.0,,,
dragapult-dudunsparce,Dragapult Dudunsparce,Area Zero Underdepths,1,0,61,0.0993485342019544,0.5172289914093193,0.4098360655737705,0.030561073049306227,0.018786101511897836,0.10378135594848507,0.15671933702597884,0.06379706831385613,0.01402865486848323,0.2591079071629231,0.08830365632969923
dragapult-dudunsparce,Dragapult Dudunsparce,Boss's Orders,3,3,536,0.8729641693811075,0.4567144548213468,0.23694029850746268,0.0,0.0,,0.0,0.0,,,
dragapult-dudunsparce,Dragapult Dudunsparce,Boss's Orders,4,3,60,0.09771986970684039,0.5121108058608059,0.2833333333333333,0.027761101935866662,0.019688750912151793,0.15854023555997765,0.009118467926725216,0.06310207453049817,0.8851029266468824,0.337264991850971,0.9589315097887765
dragapult-dudunsparce,Dragapult Dudunsparce,Brock's Scouting,0,0,500,0.8143322475570033,0.4659818348318348,0.252,0.0,0.0,,0.0,0.0,,,
dragapult-dudunsparce,Dragapult Dudunsparce,Brock's Scouting,1,0,43,0.07003257328990228,0.46198607593956426,0.16279069767441862,-0.010026385669213607,0.020237068627909787,0.6202849484341383,-0.09135413861515881,0.06092324271080148,0.13374509131300155,0.7590437651277937,0.37765227380276073
dragapult-dudunsparce,Dragapult Dudunsparce,Brock's Scouting,2,0,69,0.11237785016286644,0.4113029009448447,0.15942028985507245,-0.04907531914674245,0.02330253756486936,0.035203699880737474,-0.11473299795527325,0.04850176028142436,0.018003654030882825,0.12992851482087445,0.10488870002339193
dragapult-dudunsparce,Dragapult Dudunsparce,Budew [ASC 16],1,1,564,0.9185667752442996,0.46434028847201564,0.24468085106382978,0.0,0.0,,0.0,0.0,,,
dragapult-dudunsparce,Dragapult Dudunsparce,Budew [ASC 16],2,1,46,0.0749185667752443,0.4163967071575766,0.15217391304347827,-0.029526431034455743,0.021215444449160927,0.1640004541271145,-0.039090011058662964,0.05737876930371693,0.4957053272895705,0.34481151327986087,0.7443679669593387
dragapult-dudunsparce,Dragapult Dudunsparce,Crispin,2,3,149,0.24267100977198697,0.44001180586751054,0.16778523489932887,-0.021370535799531763,0.016557332329236306,0.19680799782854275,-0.08074756401609492,0.03939785993585428,0.040409156771884495,0.38564296376211255,0.17859582372842892
dragapult-dudunsparce,Dragapult Dudunsparce,Crispin,3,3,459,0.747557003257329,0.46896623905947243,0.25925925925925924,0.0,0.0,,0.0,0.0,,,
dragapult-dudunsparce,Dragapult Dudunsparce,Crushing Hammer,0,0,489,0.7964169381107492,0.45385871980512904,0.22903885480572597,0.0,0.0,,0.0,0.0,,,
dragapult-dudunsparce,Dragapult Dudunsparce,Crushing Hammer,4,0,83,0.13517915309446255,0.5201785998472745,0.3132530120481928,0.05253660945134927,0.01637038411814758,0.0013308301742049249,0.11492254236579466,0.05300833572181254,0.0301580111863936,0.011220485597195651,0.152281386155471
dragapult-dudunsparce,Dragapult Dudunsparce,Dudunsparce [PRE 80],1,2,146,0.23778501628664495,0.4976588480013138,0.3219178082191781,0.03234890521937703,0.013120161887760062,0.013678881717740315,0.11111695451415542,0.04201085137643211,0.008170095906394725,0.06499847195795191,0.05912061525965947
dragapult-dudunsparce,Dragapult Dudunsparce,Dudunsparce [PRE 80],2,2,467,0.760586319218241,0.4476280786993724,0.20985010706638116,0.0,0.0,,0.0,0.0,,,
dragapult-dudunsparce,Dragapult Dudunsparce,Dudunsparce ex [JTG 121],0,1,71,0.11563517915309446,0.4470542173006961,0.22535211267605634,-0.007272333272377714,0.02008979178040753,0.7173584042489065,-0.010123282259367233,0.05207741212239917,0.8458712092463655,0.8419570542844764,0.950312519923484
dragapult-dudunsparce,Dragapult Dudunsparce,Dudunsparce ex [JTG 121],1,1,542,0.8827361563517915,0.46171830590242796,0.23800738007380073,0.0,0.0,,0.0,0.0,,,
dragapult-dudunsparce,Dragapult Dudunsparce,Fezandipiti ex [ASC 142],0,1,288,0.46905537459283386,0.439797893305859,0.19444444444444445,-0.03625646611059652,0.012126608950267013,0.0027913524688213116,-0.07605755545379364,0.03364760882013232,0.023795514217433096,0.019732714760359888,0.12939690867349712
dragapult-dudunsparce,Dragapult Dudunsparce,Fezandipiti ex [ASC 142],1,1,326,0.5309446254071661,0.47711261131506527,0.27300613496932513,0.0,0.0,,0.0,0.0,,,
dragapult-dudunsparce,Dragapult Dudunsparce,Hero's Cape,0,0,484,0.7882736156351792,0.4715306158487977,0.25413223140495866,0.0,0.0,,0.0,0.0,,,
dragapult-dudunsparce,Dragapult Dudunsparce,Hero's Cape,1,0,130,0.21172638436482086,0.41522835761523547,0.16923076923076924,-0.05344847405655565,0.01563861658624364,0.0006314712479280924,-0.07899912618696212,0.03947230767767932,0.04535134780386717,0.0063771656796254616,0.192235890296828
dragapult-dudunsparce,Dragapult Dudunsparce,Jamming Tower,0,0,531,0.8648208469055375,0.46446251396400945,0.24858757062146894,0.0,0.0,,0.0,0.0,,,
dragapult-dudunsparce,Dragapult Dudunsparce,Jamming Tower,1,0,76,0.1237785016286645,0.43476479660690187,0.15789473684210525,-0.010663961266487868,0.018861886912342106,0.5718215390800312,-0.05027678028350154,0.04814886620672883,0.2963954206034244,0.7341443680204891,0.5926278112660816
dragapult-dudunsparce,Dragapult Dudunsparce,Judge,0,1,280,0.4560260586319218,0.44128674721636907,0.18928571428571428,-0.027108889307790988,0.013465413115808107,0.04409109718476428,-0.09552620377134964,0.035162654002445774,0.006593735438889276,0.15007303078814213,0.05092136864150626
dragapult-dudunsparce,Dragapult Dudunsparce,Judge,1,1,299,0.48697068403908794,0.478506953841402,0.2842809364548495,0.0,0.0,,0.0,0.0,,,
dragapult-dudunsparce,Dragapult Dudunsparce,Lillie's Clefairy ex [ASC 280],0,0,523,0.8517915309446255,0.464027457689588,0.24282982791587,0.0,0.0,,0.0,0.0,,,
dragapult-dudunsparce,Dragapult Dudunsparce,Lillie's Clefairy ex [ASC 280],1,0,90,0.1465798045602606,0.4360830835830836,0.2,-0.03071793036781786,0.01851040781462161,0.09701607483050903,-0.04209500279083882,0.0469782179140636,0.3702241197995373,0.24941790078055978,0.6542999347995668
dragapult-dudunsparce,Dragapult Dudunsparce,Meowth ex [POR 107],0,1,180,0.2931596091205212,0.4272482736943521,0.18333333333333332,-0.051735323155673266,0.013843288054522571,0.0001860709119410175,-0.0772921553090041,0.038010770171585426,0.04200932494598515,0.0025146936481440455,0.18296952429080737
dragapult-dudunsparce,Dragapult Dudunsparce,Meowth ex [POR 107],1,1,405,0.6596091205211726,0.47470137544211627,0.2518518518518518,0.0,0.0,,0.0,0.0,,,
dragapult-dudunsparce,Dragapult Dudunsparce,Moltres [PFL 14],0,0,474,0.7719869706840391,0.4610359976610907,0.23839662447257384,0.0,0.0,,0.0,0.0,,,
dragapult-dudunsparce,Dragapult Dudunsparce,Moltres [PFL 14],1,0,140,0.2280130293159609,0.4547817262102976,0.22857142857142856,-0.005873110376328832,0.016335556349633226,0.7191991977627721,-0.004040220915927071,0.04516186664334969,0.9287156318513466,0.8419669589095382,0.9787725523754445
dragapult-dudunsparce,Dragapult Dudunsparce,Night Stretcher,2,2,567,0.9234527687296417,0.46152788434145414,0.23809523809523808,0.0,0.0,,0.0,0.0,,,
dragapult-dudunsparce,Dragapult Dudunsparce,Night Stretcher,3,2,44,0.07166123778501629,0.44822191697191693,0.20454545454545456,0.007490765723934753,0.028246758167866152,0.7908628819204133,-0.018578341276174616,0.0652722907236572,0.775928925867014,0.8852655158159072,0.9130328845989576
dragapult-dudunsparce,Dragapult Dudunsparce,Pokégear 3.0,0,0,487,0.7931596091205212,0.4670754297037665,0.25051334702258726,0.0,0.0,,0.0,0.0,,,
dragapult-dudunsparce,Dragapult Dudunsparce,Pokégear 3.0,1,0,49,0.07980456026058631,0.45381285381285386,0.22448979591836735,-0.02291726051512206,0.021337447668512106,0.2828050015828778,-0.040870404782032695,0.059078078662003236,0.48906091707215515,0.47340217933454404,0.7412914553657087
dragapult-dudunsparce,Dragapult Dudunsparce,Pokégear 3.0,2,0,78,0.1270358306188925,0.41664026228505874,0.15384615384615385,-0.05485527576407667,0.019766209021381376,0.005516697654915518,-0.11684205379681094,0.04630100892560093,0.011618265617262593,0.03379896763244907,0.0757247241295342
dragapult-dudunsparce,Dragapult Dudunsparce,Rare Candy,0,0,437,0.7117263843648208,0.4746816959009045,0.2700228832951945,0.0,0.0,,0.0,0.0,,,
dragapult-dudunsparce,Dragapult Dudunsparce,Rare Candy,2,0,129,0.21009771986970685,0.4219388169969565,0.14728682170542637,-0.03950494225488923,0.01680797527352808,0.018754813429781754,-0.11066192499343486,0.03923259768729902,0.004792456383643591,0.08366831816490015,0.04229226772560501
dragapult-dudunsparce,Dragapult Dudunsparce,Risky Ruins,1,2,64,0.10423452768729642,0.41393484987234985,0.1875,-0.030887140987848404,0.022910167127267712,0.17759892549670597,-0.020319819967414245,0.0525135850306087,0.6987976193694851,0.3610916206448513,0.8678310975683201
dragapult-dudunsparce,Dragapult Dudunsparce,Risky Ruins,2,2,506,0.8241042345276873,0.464865485982668,0.24110671936758893,0.0,0.0,,0.0,0.0,,,
dragapult-dudunsparce,Dragapult Dudunsparce,Rosa's Encouragement,0,0,455,0.741042345276873,0.4724802201676798,0.2571428571428571,0.0,0.0,,0.0,0.0,,,
dragapult-dudunsparce,Dragapult Dudunsparce,Rosa's Encouragement,1,0,159,0.25895765472312704,0.4227799017893358,0.1761006289308176,-0.03642375278542138,0.01667813760907872,0.028967975086486103,-0.058246013783067915,0.03878642568936085,0.13317168403382282,0.1146625148629611,0.37765227380276073
dragapult-dudunsparce,Dragapult Dudunsparce,Shaymin [DRI 10],0,0,526,0.8566775244299675,0.4708313540258296,0.24524714828897337,0.0,0.0,,0.0,0.0,,,
dragapult-dudunsparce,Dragapult Dudunsparce,Shaymin [DRI 10],1,0,88,0.14332247557003258,0.3925365039001403,0.18181818181818182,-0.049929712344639846,0.019610549683160946,0.010894524762759861,-0.016665499826137922,0.04612327066715514,0.717856360332784,0.055315294237438195,0.8827079927322614
dragapult-dudunsparce,Dragapult Dudunsparce,Special Red Card,0,0,523,0.8517915309446255,0.46691078107960354,0.24665391969407266,0.0,0.0,,0.0,0.0,,,
dragapult-dudunsparce,Dragapult Dudunsparce,Special Red Card,1,0,86,0.14006514657980457,0.418191853366272,0.18604651162790697,0.06881177157902892,0.0457198807597635,0.13230523390766571,0.17780150521903182,0.05831127292597867,0.002294677607610165,0.3024588257935571,0.02510486573087788
dragapult-dudunsparce,Dragapult Dudunsparce,Ultra Ball,3,4,85,0.13843648208469056,0.41358292034762634,0.15294117647058825,-0.03759157274087333,0.01979560574859416,0.057566352863813605,-0.06105325605335635,0.04244759411760779,0.15034306269881434,0.1836926329230719,0.40281421172072995
dragapult-dudunsparce,Dragapult Dudunsparce,Ultra Ball,4,4,513,0.8355048859934854,0.47187178115110695,0.253411306042885,0.0,0.0,,0.0,0.0,,,
dragapult-dudunsparce,Dragapult Dudunsparce,Unfair Stamp,0,1,154,0.250814332247557,0.42120865828849025,0.18181818181818182,-0.0495676372019166,0.014474918074635914,0.0006162012134088501,-0.07092485787400372,0.03832651706124807,0.06423536396083253,0.006292099056919258,0.24803487176472727
dragapult-dudunsparce,Dragapult Dudunsparce,Unfair Stamp,1,1,460,0.749185667752443,0.4724660243138504,0.2543478260869565,0.0,0.0,,0.0,0.0,,,
dragapult-dudunsparce,Dragapult Dudunsparce,Yveltal [MEG 88],0,0,518,0.8436482084690554,0.4491940911058558,0.21814671814671815,0.0,0.0,,0.0,0.0,,,
dragapult-dudunsparce,Dragapult Dudunsparce,Yveltal [MEG 88],1,0,96,0.1563517915309446,0.5158121392496392,0.3333333333333333,0.04992519386258876,0.015168614274422757,0.0009970835296709726,0.10926336118301809,0.05085042712574709,0.03165655331297562,0.008896308386093435,0.15641050704707798
dragapult-dusknoir,Dragapult Dusknoir,Area Zero Underdepths,0,0,1708,0.9080276448697502,0.4396273237121667,0.1920374707259953,0.0,0.0,,0.0,0.0,,,
dragapult-dusknoir,Dragapult Dusknoir,Area Zero Underdepths,1,0,155,0.08240297713981924,0.4342748828232699,0.2,-0.03283718681900699,0.013718179740805832,0.016679451429093956,-0.07362093095819555,0.03269803413922081,0.024351357992659795,0.07655907782989425,0.13164057644267266
dragapult-dusknoir,Dragapult Dusknoir,Bloodmoon Ursaluna ex [PRE 168],0,0,1788,0.9505582137161085,0.4388912694516228,0.18959731543624161,0.0,0.0,,0.0,0.0,,,
dragapult-dusknoir,Dragapult Dusknoir,Bloodmoon Ursaluna ex [PRE 168],1,0,93,0.049441786283891544,0.4314788556724041,0.22580645161290322,-0.005239060938020288,0.019115135647972063,0.7840237639696384,0.010574235170397517,0.04388150476033223,0.8095764433717673,0.8847445688922894,0.9298519473788963
dragapult-dusknoir,Dragapult Dusknoir,Boss's Orders,2,3,219,0.11642743221690591,0.38754172082133403,0.1187214611872146,-0.044373249790224424,0.011384034913471461,9.705087372701565e-05,-0.0560499506693824,0.023071594556706924,0.015124163938837453,0.0015377543612952996,0.09266071106527747
dragapult-dusknoir,Dragapult Dusknoir,Boss's Orders,3,3,1647,0.8755980861244019,0.44449670243761114,0.1979356405585914,0.0,0.0,,0.0,0.0,,,
dragapult-dusknoir,Dragapult Dusknoir,Buddy-Buddy Poffin,3,4,46,0.024455077086656035,0.23005521048999308,0.0,-0.2002079395184908,0.01892597907738302,3.750242129375253e-26,-0.12849692939377563,0.01702088290664973,4.3737135005042004e-14,1.7232362584479286e-23,2.0097213534816802e-11
dragapult-dusknoir,Dragapult Dusknoir,Buddy-Buddy Poffin,4,4,1833,0.9744816586921851,0.4440757866927598,0.19639934533551553,0.0,0.0,,0.0,0.0,,,
dragapult-dusknoir,Dragapult Dusknoir,Budew [ASC 16],1,1,1232,0.6549707602339181,0.44114715405657917,0.19237012987012986,0.0,0.0,,0.0,0.0,,,
dragapult-dusknoir,Dragapult Dusknoir,Budew [ASC 16],2,1,642,0.3413078149920255,0.434996050591845,0.19003115264797507,0.005700433943320859,0.008313447236929231,0.49290965288874566,0.010395516833167641,0.020218563711331083,0.6071422018184558,0.6713440973120676,0.8074727691333732
dragapult-dusknoir,Dragapult Dusknoir,Crispin,1,2,144,0.07655502392344497,0.43247156007572674,0.1875,-0.00689837293456164,0.012982069365700745,0.5951575638914027,8.42957172725034e-05,0.03260063557105997,0.9979369059765665,0.7460671985949896,0.9979369059765665
dragapult-dusknoir,Dragapult Dusknoir,Crispin,2,2,1446,0.7687400318979266,0.44229834019161574,0.18326417704011064,0.0,0.0,,0.0,0.0,,,
dragapult-dusknoir,Dragapult Dusknoir,Crispin,3,2,269,0.14300903774587986,0.42134696219542056,0.22676579925650558,-0.02103698112259376,0.01048678152077516,0.044851187798502286,0.023886216087595353,0.02552546070134512,0.3493864614111559,0.15209683242370334,0.6411072220510599
dragapult-dusknoir,Dragapult Dusknoir,Crushing Hammer,0,0,1481,0.7873471557682084,0.43873779231893784,0.19581363943281566,0.0,0.0,,0.0,0.0,,,
dragapult-dusknoir,Dragapult Dusknoir,Crushing Hammer,3,0,213,0.11323763955342903,0.44698083606534317,0.14553990610328638,0.016647239972806253,0.0112954344604591,0.140534764849854,-0.009589472491091953,0.02685093242963251,0.7209889388147918,0.31500353389516056,0.8846312880784961
dragapult-dusknoir,Dragapult Dusknoir,Crushing Hammer,4,0,153,0.08133971291866028,0.4468295150532751,0.23529411764705882,0.007289882494181918,0.013419996729721145,0.5869849107722258,0.04114073197531763,0.035627154511933865,0.24818965244880575,0.7438647114992925,0.547643052164719
dragapult-dusknoir,Dragapult Dusknoir,Dawn,0,0,864,0.45933014354066987,0.43343244493418104,0.17708333333333334,0.0,0.0,,0.0,0.0,,,
dragapult-dusknoir,Dragapult Dusknoir,Dawn,1,0,788,0.4189261031366295,0.4395553651749532,0.1865482233502538,0.007820522891697395,0.007163442788257754,0.274953176057549,0.011151564259645662,0.017999815381305958,0.5355621926545067,0.469825697069574,0.7702373318458398
dragapult-dusknoir,Dragapult Dusknoir,Dawn,2,0,227,0.12068048910154174,0.45617414027623926,0.2643171806167401,0.007598219751468567,0.011123546109473284,0.49455925340616946,0.04022794741736374,0.030371487564284105,0.18532707560050554,0.6713440973120676,0.46407515661271004
dragapult-dusknoir,Dragapult Dusknoir,Dragapult ex [ASC 160],2,3,207,0.11004784688995216,0.4121325676312889,0.19806763285024154,-0.019357201900515257,0.010831427167051468,0.07391598046850927,0.01475420998626404,0.027471995734424007,0.5912236564396798,0.2104709052072248,0.8021132376632292
dragapult-dusknoir,Dragapult Dusknoir,Dragapult ex [ASC 160],3,3,1672,0.8888888888888888,0.4419209193154627,0.1901913875598086,0.0,0.0,,0.0,0.0,,,
dragapult-dusknoir,Dragapult Dusknoir,Dusclops [PRE 36],1,2,669,0.35566188197767146,0.4248186687088033,0.16292974588938713,-0.024675084741139774,0.0077519340524786675,0.0014571354946393035,-0.049501381912073386,0.01826225354272195,0.006716472653854361,0.011850509022774512,0.051128512196238055
dragapult-dusknoir,Dragapult Dusknoir,Dusclops [PRE 36],2,2,1183,0.6289207868155237,0.4457634864265564,0.2028740490278952,0.0,0.0,,0.0,0.0,,,
dragapult-dusknoir,Dragapult Dusknoir,Dusknoir [PRE 37],1,1,1764,0.937799043062201,0.4424238819459408,0.195578231292517,0.0,0.0,,0.0,0.0,,,
dragapult-dusknoir,Dragapult Dusknoir,Dusknoir [PRE 37],2,1,106,0.05635300372142477,0.3720914829405395,0.09433962264150944,-0.060862603066125266,0.015155002506354678,5.919238360978144e-05,-0.07676975701841876,0.02600147071489959,0.00315195785742739,0.0010879560107477828,0.031146766354578186
dragapult-dusknoir,Dragapult Dusknoir,Hilda,0,0,1744,0.9271664008506114,0.4418572632975797,0.19495412844036697,0.0,0.0,,0.0,0.0,,,
dragapult-dusknoir,Dragapult Dusknoir,Hilda,1,0,40,0.02126528442317916,0.33748778998779,0.1,-0.061630946400779624,0.028212867821715622,0.02892569211553378,-0.046201465165062794,0.046688262920937695,0.3223826550494526,0.1146625148629611,0.6133947411810495
dragapult-dusknoir,Dragapult Dusknoir,Hilda,2,0,80,0.04253056884635832,0.41588942307692306,0.125,-0.05032028495014639,0.01800589006396935,0.0051954822148445965,-0.1065881225887418,0.03870238897775784,0.005886366598496394,0.03248059969688561,0.04703974699146249
dragapult-dusknoir,Dragapult Dusknoir,Jamming Tower,0,1,794,0.42211589580010633,0.44204439032839543,0.20277078085642317,0.0015753090360546595,0.008267580951625646,0.8488856074141752,0.01679804633513175,0.019586394872237612,0.3910921085536422,0.9130805867845946,0.6723335734115573
dragapult-dusknoir,Dragapult Dusknoir,Jamming Tower,1,1,984,0.5231259968102073,0.4360893125419668,0.1798780487804878,0.0,0.0,,0.0,0.0,,,
dragapult-dusknoir,Dragapult Dusknoir,Jamming Tower,2,1,101,0.05369484316852738,0.43937759160531437,0.21782178217821782,0.010681336659102494,0.015385471080090115,0.48752652687548037,0.04504477791022306,0.04010505763177556,0.2613655094231132,0.6667215449383429,0.5585927980461419
dragapult-dusknoir,Dragapult Dusknoir,Judge,0,0,1073,0.570441254651781,0.4312934408269094,0.18266542404473438,0.0,0.0,,0.0,0.0,,,
dragapult-dusknoir,Dragapult Dusknoir,Judge,1,0,758,0.4029771398192451,0.45240598781166064,0.20844327176781002,0.017138567842437925,0.007412752838765411,0.020775577453761965,0.008394061796167702,0.019626939789199202,0.668883660714866,0.0909178841905107,0.8502131178381215
dragapult-dusknoir,Dragapult Dusknoir,Judge,2,0,47,0.024986709197235512,0.39886927493310464,0.1276595744680851,-0.042716086943431826,0.025030852595529136,0.08790806291000892,-0.07774165631050609,0.0469572624033216,0.09780624796312337,0.2342310921844681,0.3221646662297863
dragapult-dusknoir,Dragapult Dusknoir,Latias ex [SSP 220],0,0,1711,0.9096225412014886,0.44226620326381394,0.1946230274693162,0.0,0.0,,0.0,0.0,,,
dragapult-dusknoir,Dragapult Dusknoir,Latias ex [SSP 220],1,0,170,0.09037745879851143,0.40086852689793867,0.1588235294117647,-0.031618120004385956,0.014233157539180103,0.02632110529553629,-0.04297259131051666,0.028949594424831734,0.13770454425409986,0.10798703467231184,0.3811761330407162
dragapult-dusknoir,Dragapult Dusknoir,Lillie's Clefairy ex [ASC 280],0,0,1751,0.9308878256246678,0.44464542667964246,0.20159908623643633,0.0,0.0,,0.0,0.0,,,
dragapult-dusknoir,Dragapult Dusknoir,Lillie's Clefairy ex [ASC 280],1,0,128,0.06804891015417332,0.3562446451118326,0.0546875,-0.06977392784088424,0.014124254924510249,7.811949280530384e-07,-0.12561628992053758,0.02348918111266222,8.901203082738016e-08,4.786120925871615e-05,1.256120703947746e-05
dragapult-dusknoir,Dragapult Dusknoir,Lillie's Determination,3,4,43,0.022860180754917598,0.29423218899963083,0.0,-0.13024020344184045,0.022015410860971692,3.301354720113195e-09,-0.1320834488743325,0.015776589403228958,5.659231898301929e-17,3.7924312347300326e-07,5.200834114539473e-14
dragapult-dusknoir,Dragapult Dusknoir,Lillie's Determination,4,4,1830,0.9728867623604466,0.44231332094278086,0.19672131147540983,0.0,0.0,,0.0,0.0,,,
dragapult-dusknoir,Dragapult Dusknoir,Meowth ex [POR 107],0,1,43,0.022860180754917598,0.3728852542806031,0.13953488372093023,-0.06913729840674153,0.025553085952597594,0.0068174135240353225,-0.05862485509533582,0.04750680975685538,0.2171915165147067,0.038674092769064576,0.5104833853632108
dragapult-dusknoir,Dragapult Dusknoir,Meowth ex [POR 107],1,1,1507,0.8011695906432749,0.43562482613040787,0.1838088918380889,0.0,0.0,,0.0,0.0,,,
dragapult-dusknoir,Dragapult Dusknoir,Meowth ex [POR 107],2,1,331,0.17597022860180755,0.46025511916750583,0.2326283987915408,0.015610895284479578,0.009926013162830425,0.1157823630017504,0.0045444331107592426,0.026514602072865694,0.8639142865175877,0.2800105042068648,0.9544292042625164
dragapult-dusknoir,Dragapult Dusknoir,Moltres [PFL 14],0,0,1304,0.6932482721956407,0.4412200371178403,0.20475460122699388,0.0,0.0,,0.0,0.0,,,
dragapult-dusknoir,Dragapult Dusknoir,Moltres [PFL 14],1,0,577,0.3067517278043594,0.4324336134408517,0.1611785095320624,0.0044350767658551645,0.00811223212134106,0.5845747352045116,-0.0077257085343886605,0.019385260610112226,0.6902357235678814,0.7420223503493731,0.8630294285154871
dragapult-dusknoir,Dragapult Dusknoir,Munkidori [ASC 99],0,1,251,0.13343965975544922,0.4390432940233737,0.19123505976095617,0.01250818307208252,0.011273300056046374,0.2671970795441322,0.018978472412051882,0.028481197142396216,0.5051868145366463,0.46156788740800275,0.7524581564978573
dragapult-dusknoir,Dragapult Dusknoir,Munkidori [ASC 99],1,1,1097,0.5832004253056885,0.4344382431934043,0.1804922515952598,0.0,0.0,,0.0,0.0,,,
dragapult-dusknoir,Dragapult Dusknoir,Munkidori [ASC 99],2,1,533,0.2833599149388623,0.44669137668668624,0.21388367729831145,0.00951742650192414,0.008761265575854663,0.27734307105158784,0.029155186521526568,0.022155719711501307,0.18820041281734412,0.4711243665368008,0.4674491334571331
dragapult-dusknoir,Dragapult Dusknoir,Neo Upper Energy,0,0,1758,0.9346092503987241,0.4416984148024602,0.1945392491467577,0.0,0.0,,0.0,0.0,,,
dragapult-dusknoir,Dragapult Dusknoir,Neo Upper Energy,1,0,123,0.06539074960127592,0.3931651230431718,0.14634146341463414,-0.055404335902618194,0.015742798747739838,0.00043261417137035096,-0.0693523602506315,0.03231314651988751,0.03185237326083946,0.004797774851087293,0.15641050704707798
dragapult-dusknoir,Dragapult Dusknoir,Night Stretcher,2,2,1384,0.735778841041999,0.4336183597207696,0.1813583815028902,0.0,0.0,,0.0,0.0,,,
dragapult-dusknoir,Dragapult Dusknoir,Night Stretcher,3,2,425,0.22594364699627859,0.45610441384835854,0.21176470588235294,0.018449052925249558,0.008366541689663946,0.027447146471642744,0.02541972442094203,0.023161820538331077,0.2724299284252816,0.1116102991479632,0.5720869235598077
dragapult-dusknoir,Dragapult Dusknoir,Night Stretcher,4,2,60,0.03189792663476874,0.4591481666481666,0.31666666666666665,0.046408256561000436,0.01947859104518528,0.017194301070477615,0.19737866767642528,0.05937669096460401,0.0008867969357087476,0.07784021026487156,0.013144619095424822
dragapult-dusknoir,Dragapult Dusknoir,Patrat [CRI 70],0,0,1698,0.9027113237639554,0.4361955997361838,0.1872791519434629,0.0,0.0,,0.0,0.0,,,
dragapult-dusknoir,Dragapult Dusknoir,Patrat [CRI 70],1,0,183,0.09728867623604466,0.4601365847267487,0.22950819672131148,0.04027901446898578,0.012090919538978418,0.0008642766992412874,0.07205436204017708,0.03478458866601779,0.03831722987671657,0.008104798842885133,0.17261536400344374
dragapult-dusknoir,Dragapult Dusknoir,Poké Pad,3,4,81,0.0430622009569378,0.2934891240446796,0.037037037037037035,-0.12012675460419484,0.01845125396226416,7.490469890164715e-11,-0.10169653137707013,0.02290057227876184,8.963106573821047e-06,1.1472903048435624e-08,0.0004153596002643157
dragapult-dusknoir,Dragapult Dusknoir,Poké Pad,4,4,1792,0.9526847421584264,0.4460251272985155,0.19921875,0.0,0.0,,0.0,0.0,,,
dragapult-dusknoir,Dragapult Dusknoir,Rare Candy,0,2,583,0.30994152046783624,0.4608353927040235,0.22298456260720412,0.044562844848720584,0.009285358687539777,1.5925343194057865e-06,0.08388923726481998,0.022285384601625526,0.00016700536291048356,8.1307724418551e-05,0.004150774758775145
dragapult-dusknoir,Dragapult Dusknoir,Rare Candy,1,2,93,0.049441786283891544,0.40283751493428904,0.13978494623655913,0.012568898910390466,0.016397612368523422,0.44337417161058656,0.04827817993084499,0.036419605482909435,0.1849690331210433,0.6344455000761525,0.46407515661271004
dragapult-dusknoir,Dragapult Dusknoir,Rare Candy,2,2,792,0.42105263157894735,0.42780828003365884,0.15782828282828282,0.0,0.0,,0.0,0.0,,,
dragapult-dusknoir,Dragapult Dusknoir,Rare Candy,3,2,391,0.20786815523657629,0.43953818985788295,0.23017902813299232,-0.0005622799428661137,0.009349734047833689,0.9520452449404228,0.03163842140651678,0.024028305117524924,0.1879342904884379,0.9699884480047101,0.4674491334571331
dragapult-dusknoir,Dragapult Dusknoir,Risky Ruins,0,0,1252,0.6656034024455078,0.44273661609277565,0.19968051118210864,0.0,0.0,,0.0,0.0,,,
dragapult-dusknoir,Dragapult Dusknoir,Risky Ruins,1,0,460,0.24455077086656035,0.4291468193642106,0.16521739130434782,-0.014296166006892302,0.008276152345754621,0.08409714211367238,-0.0375507452954556,0.021246758069270844,0.07716736692777341,0.22751181807822826,0.27594089574561775
dragapult-dusknoir,Dragapult Dusknoir,Risky Ruins,2,0,169,0.08984582668793195,0.432848184031616,0.20118343195266272,-0.015469443945184583,0.013045718981866272,0.23570642753792903,-0.021806124932581224,0.031182471738303505,0.4843601098229472,0.424239628491057,0.7412914553657087
dragapult-dusknoir,Dragapult Dusknoir,Rosa's Encouragement,0,1,496,0.2636895268474216,0.43815498490545934,0.20766129032258066,-0.008849613447825434,0.007793718599240743,0.2561741575292583,-0.012845034877223825,0.01952805436251265,0.5106837438779279,0.4518695792118779,0.7575098101593009
dragapult-dusknoir,Dragapult Dusknoir,Rosa's Encouragement,1,1,1379,0.7331206804891015,0.4398579117967635,0.18636693255982595,0.0,0.0,,0.0,0.0,,,
dragapult-dusknoir,Dragapult Dusknoir,Shaymin [DRI 10],0,0,1533,0.8149920255183413,0.4464962283728831,0.2100456621004566,0.0,0.0,,0.0,0.0,,,
dragapult-dusknoir,Dragapult Dusknoir,Shaymin [DRI 10],1,0,348,0.1850079744816587,0.4034092105212795,0.10919540229885058,-0.026539258564665838,0.008609945477183929,0.002053417040423439,-0.05858868768307262,0.01979857474856136,0.003084011757161268,0.015595787273959837,0.030806595704687013
dragapult-dusknoir,Dragapult Dusknoir,Sparkling Crystal,0,0,1827,0.9712918660287081,0.4387773721336457,0.19157088122605365,0.0,0.0,,0.0,0.0,,,
dragapult-dusknoir,Dragapult Dusknoir,Sparkling Crystal,1,0,54,0.028708133971291867,0.4299789716456383,0.18518518518518517,-0.02018734418133205,0.02066400733202602,0.32860247873508064,-0.027380490891467223,0.052520147594433034,0.6021347527914567,0.5224665708607943,0.8043333694136602
dragapult-dusknoir,Dragapult Dusknoir,Special Red Card,0,1,890,0.4731525784157363,0.4479506183579217,0.22359550561797753,0.017420959981295482,0.012911900223205089,0.1772671591004653,0.04066528006803926,0.033865003375764216,0.229826683586007,0.3610916206448513,0.5253998065063195
dragapult-dusknoir,Dragapult Dusknoir,Special Red Card,1,1,944,0.5018607123870282,0.4290290787159556,0.15677966101694915,0.0,0.0,,0.0,0.0,,,
dragapult-dusknoir,Dragapult Dusknoir,Special Red Card,2,1,47,0.024986709197235512,0.45075793001324904,0.2765957446808511,0.0007072509697324536,0.021934302555770318,0.9742774195566732,0.0723853102313035,0.0634261546948836,0.2537645174603953,0.9885758094179317,0.547643052164719
dragapult-dusknoir,Dragapult Dusknoir,Switch,0,0,1833,0.9744816586921851,0.4409877203068211,0.19585379159847244,0.0,0.0,,0.0,0.0,,,
dragapult-dusknoir,Dragapult Dusknoir,Switch,1,0,45,0.023923444976076555,0.34675725509058836,0.022222222222222223,-0.08469588024265383,0.021456951166151744,7.905507743246927e-05,-0.12232521635769877,0.02710281715482581,6.380362801520964e-06,0.0013707852105743258,0.00032575296747765366
dragapult-dusknoir,Dragapult Dusknoir,Team Rocket's Petrel,0,0,1779,0.9457735247208932,0.4402357555206975,0.1944912872400225,0.0,0.0,,0.0,0.0,,,
dragapult-dusknoir,Dragapult Dusknoir,Team Rocket's Petrel,1,0,96,0.051036682615629984,0.4159102182539683,0.14583333333333334,-0.00451236602128408,0.014705874413871344,0.7589643571705614,-0.021862530389191233,0.03377565358810691,0.5174464261273588,0.8691149702714653,0.7575098101593009
dragapult-dusknoir,Dragapult Dusknoir,Team Rocket's Watchtower,0,0,694,0.3689526847421584,0.43092227577097897,0.19740634005763688,0.0,0.0,,0.0,0.0,,,
dragapult-dusknoir,Dragapult Dusknoir,Team Rocket's Watchtower,1,0,625,0.3322700691121744,0.4307487550358139,0.1584,0.00987310017854578,0.00870887713745001,0.25692782164744155,-0.001560638700012652,0.022149572246835388,0.9438282611963362,0.4523307817892697,0.9867783527183538
dragapult-dusknoir,Dragapult Dusknoir,Team Rocket's Watchtower,2,0,547,0.290802764486975,0.45809427470762015,0.22120658135283364,0.039868934941049705,0.011141839420508233,0.00034582556181732044,0.07008761166650829,0.02636133511293309,0.007843633033573438,0.004022958117849589,0.05766639006283192
dragapult-dusknoir,Dragapult Dusknoir,Ultra Ball,3,4,454,0.24136097820308347,0.40972184936942646,0.13215859030837004,-0.03355440870489316,0.008459389665776867,7.292711296816698e-05,-0.05371881965895048,0.01944422669437665,0.005732312992529478,0.0013141179768185384,0.04661943044366894
dragapult-dusknoir,Dragapult Dusknoir,Ultra Ball,4,4,1371,0.7288676236044657,0.4529301799848202,0.21517140773158278,0.0,0.0,,0.0,0.0,,,
dragapult-dusknoir,Dragapult Dusknoir,Unfair Stamp,0,1,203,0.10792131844763424,0.39230784267730084,0.13793103448275862,-0.05638562681496345,0.012096625176867505,3.1426529314527646e-06,-0.07551152628566803,0.025281179249909157,0.002818520836527884,0.0001358045955649767,0.02881487786307278
dragapult-dusknoir,Dragapult Dusknoir,Unfair Stamp,1,1,1678,0.8920786815523658,0.4441159900438278,0.19785458879618595,0.0,0.0,,0.0,0.0,,,
dragapult-ex,Dragapult,Air Balloon,0,0,3778,0.984110445428497,0.47557481251331873,0.2617787188988883,0.0,0.0,,0.0,0.0,,,
dragapult-ex,Dragapult,Air Balloon,1,0,48,0.012503256056264652,0.4050200956450956,0.08333333333333333,-0.04000257072241277,0.0234553496331643,0.08810540775377153,-0.12914770105318135,0.03877057905839767,0.0008651133531830223,0.2342310921844681,0.013033429042216351
dragapult-ex,Dragapult,Area Zero Underdepths,0,0,3309,0.8619432143787444,0.479038639438307,0.2611060743427017,0.0,0.0,,0.0,0.0,,,
dragapult-ex,Dragapult,Area Zero Underdepths,1,0,232,0.06043240427194582,0.43196036482674416,0.21120689655172414,-0.044561732210289084,0.012043273418907425,0.00021548517731049028,-0.055843664914273346,0.029902405901897383,0.061827495633088744,0.002750428860393619,0.24178497228429172
dragapult-ex,Dragapult,Area Zero Underdepths,2,0,287,0.07475905183641574,0.4566898738194085,0.2682926829268293,-0.021274838898323867,0.010433524203123693,0.04144158134504549,-0.010134020835668018,0.028525096277128053,0.7223896945381549,0.14489298978179277,0.885168172374086
dragapult-ex,Dragapult,Bloodmoon Ursaluna ex [PRE 168],0,0,3490,0.9090909090909091,0.47579813913730146,0.26103151862464186,0.0,0.0,,0.0,0.0,,,
dragapult-ex,Dragapult,Bloodmoon Ursaluna ex [PRE 168],1,0,349,0.09090909090909091,0.46059068279698645,0.2349570200573066,-0.011958449216125568,0.01000732773740682,0.23209903297138024,-0.047559943909286626,0.026253332871720887,0.07005152310645758,0.42070810907435585,0.2595860876404618
dragapult-ex,Dragapult,Boss's Orders,2,3,84,0.02188069809846314,0.40045305223876637,0.10714285714285714,-0.05678771973281343,0.017072471087951707,0.0008801530590301569,-0.1090982511830371,0.03758277162910789,0.0036974906734944797,0.008127000497750865,0.035395770093139864
dragapult-ex,Dragapult,Boss's Orders,3,3,3325,0.8661109663974993,0.47533824237583633,0.2571428571428571,0.0,0.0,,0.0,0.0,,,
dragapult-ex,Dragapult,Boss's Orders,4,3,422,0.10992445949466007,0.4824264452906075,0.2985781990521327,0.004713099709977594,0.008141929666677577,0.5626784784243888,0.0035254191327015044,0.024004853321572206,0.8832403423852748,0.7293392407221626,0.9589315097887765
dragapult-ex,Dragapult,Brock's Scouting,0,0,3637,0.9473821307632196,0.4768493259361218,0.2631289524333242,0.0,0.0,,0.0,0.0,,,
dragapult-ex,Dragapult,Brock's Scouting,1,0,104,0.027090388121906745,0.44657041676272446,0.18269230769230768,-0.01277376072519206,0.015031101520406962,0.39542405750110343,-0.06753560355434207,0.0396806140094019,0.08875915473335291,0.5851766648043705,0.3010476664236322
dragapult-ex,Dragapult,Brock's Scouting,2,0,96,0.025006512112529303,0.4205277650590151,0.17708333333333334,-0.03330503584045809,0.017987525368589122,0.06408860501105024,-0.0861162012408472,0.04130595696204817,0.03708406845451391,0.1981253025888713,0.1708141616461217
dragapult-ex,Dragapult,Buddy-Buddy Poffin,3,4,46,0.011982287053920291,0.3223688750862664,0.06521739130434782,-0.11931968208800467,0.02701665616686113,1.0030125441820855e-05,-0.13169767769065677,0.035509237014409605,0.0002082202226030498,0.00029734468648494723,0.004783859614305069
dragapult-ex,Dragapult,Buddy-Buddy Poffin,4,4,3787,0.9864548059390467,0.4765520690867078,0.26142064959070505,0.0,0.0,,0.0,0.0,,,
dragapult-ex,Dragapult,Budew [ASC 16],1,2,1686,0.43917686897629593,0.46936657449924146,0.2568208778173191,-0.014072272748237425,0.005439395239932077,0.009678681031220928,-0.025347977068328767,0.01571883466420677,0.10683442188430059,0.049887616400999125,0.3377572162800342
dragapult-ex,Dragapult,Budew [ASC 16],2,2,2130,0.5548319874967439,0.47916358550161364,0.2605633802816901,0.0,0.0,,0.0,0.0,,,
dragapult-ex,Dragapult,Buneary [PFL 83],0,0,3778,0.984110445428497,0.47489154067467365,0.2593965060878772,0.0,0.0,,0.0,0.0,,,
dragapult-ex,Dragapult,Buneary [PFL 83],1,0,61,0.015889554571502994,0.44494120026906914,0.21311475409836064,-0.012173619704435566,0.021927086406006307,0.578767184609503,-0.051746704768291116,0.052138991466637113,0.32096531515012994,0.738732003689074,0.6119649888443349
dragapult-ex,Dragapult,Chi-Yu [TWM 39],0,0,3752,0.9773378483980203,0.47541417049110984,0.26119402985074625,0.0,0.0,,0.0,0.0,,,
dragapult-ex,Dragapult,Chi-Yu [TWM 39],1,0,86,0.0224016671008075,0.43249247522503337,0.1511627906976744,-0.028495772814082367,0.0172804689164633,0.099144320322239,-0.08706358166980573,0.03725224369376297,0.019432083168115025,0.2516951115362918,0.11161302769686068
dragapult-ex,Dragapult,Chien-Pao [SSP 56],0,0,3688,0.9606668403230008,0.47545129395147734,0.2584056399132321,0.0,0.0,,0.0,0.0,,,
dragapult-ex,Dragapult,Chien-Pao [SSP 56],1,0,151,0.03933315967699922,0.4491210714720648,0.26490066225165565,-0.015481923964841915,0.012738144793195202,0.22421408328463244,-0.0012959911489211571,0.03621215883717594,0.9714507319724013,0.4129313477726998,0.9946766220975263
dragapult-ex,Dragapult,Crispin,2,2,2286,0.595467569679604,0.46971893477959803,0.23753280839895013,0.0,0.0,,0.0,0.0,,,
dragapult-ex,Dragapult,Crispin,3,2,1520,0.395936441781714,0.4829234057852479,0.2888157894736842,0.010916118307092989,0.006135180762758149,0.07519616845538796,0.01889057733864856,0.01803873071306747,0.29499664657899616,0.21292756770222512,0.5919255856028329
dragapult-ex,Dragapult,Crushing Hammer,0,4,925,0.24094816358426674,0.4442112990936521,0.21621621621621623,-0.05282208231477557,0.007577710679018808,3.153280486570897e-12,-0.10380967095324184,0.02032599183759085,3.269024903765799e-07,7.406166489790889e-10,3.0042338865607695e-05
dragapult-ex,Dragapult,Crushing Hammer,3,4,291,0.07580098984110445,0.46070619910826094,0.24398625429553264,-0.025467846014220096,0.008303145796706629,0.002160361685167643,-0.022169437928499815,0.025866314963184176,0.3914020258707107,0.01610425546786295,0.6723335734115573
dragapult-ex,Dragapult,Crushing Hammer,4,4,2592,0.6751758270382913,0.488146738199786,0.27739197530864196,0.0,0.0,,0.0,0.0,,,
dragapult-ex,Dragapult,Dawn,0,0,3522,0.9174264131284189,0.47594343328405697,0.26007950028392957,0.0,0.0,,0.0,0.0,,,
dragapult-ex,Dragapult,Dawn,1,0,236,0.06147434227663454,0.44464155978986486,0.19915254237288135,-0.015617278086734902,0.009885132812674478,0.11413540549666144,-0.025970086951081366,0.02457300877100214,0.29057814435563445,0.2774879302947933,0.5894951758561326
dragapult-ex,Dragapult,Dawn,2,0,71,0.018494399583224796,0.5119434556054275,0.4084507042253521,-0.002482774988331892,0.01591042022671052,0.8759958929171999,0.03231079895866331,0.0552055694240143,0.5583584463057037,0.9296076507978138,0.7834680719073562
dragapult-ex,Dragapult,Dragapult ex [ASC 160],2,3,274,0.07137275332117739,0.43481944859682087,0.17883211678832117,-0.035449589999880037,0.009427206181137689,0.00016967613523892708,-0.07602085775148401,0.023999176842457042,0.0015367937747279748,0.0023431917682538053,0.01858307209177643
dragapult-ex,Dragapult,Dragapult ex [ASC 160],3,3,3565,0.9286272466788226,0.4774589410854983,0.264796633941094,0.0,0.0,,0.0,0.0,,,
dragapult-ex,Dragapult,Drakloak [ASC 159],3,4,41,0.01067986454805939,0.3678668215253581,0.024390243902439025,-0.08649969478871752,0.0233190078508224,0.00020774511238942406,-0.17728318004150068,0.02826553519501303,3.562983814430856e-10,0.0026889825110687424,1.091460708487319e-07
dragapult-ex,Dragapult,Drakloak [ASC 159],4,4,3798,0.9893201354519406,0.4755658541871487,0.2611901000526593,0.0,0.0,,0.0,0.0,,,
dragapult-ex,Dragapult,Dudunsparce [PRE 80],0,0,2346,0.6110966397499349,0.47243966481655164,0.2668371696504689,0.0,0.0,,0.0,0.0,,,
dragapult-ex,Dragapult,Dudunsparce [PRE 80],1,0,1483,0.3862985152383433,0.4784553683997379,0.24747134187457856,0.008249788185910713,0.005203241324564555,0.11285063612612634,0.0009573179635089402,0.014853475312256333,0.9486113031343132,0.2750921342172682,0.9888048692038648
dragapult-ex,Dragapult,Dudunsparce ex [JTG 121],0,0,3480,0.9064860640791873,0.4728854210078855,0.25862068965517243,0.0,0.0,,0.0,0.0,,,
dragapult-ex,Dragapult,Dudunsparce ex [JTG 121],1,0,359,0.09351393592081271,0.4892489938102752,0.2590529247910863,0.011015214987918045,0.007126028401213153,0.12215964783575038,0.01970913239643295,0.0232523481826724,0.3966501827137716,0.2884225895686009,0.6775492898028924
dragapult-ex,Dragapult,Dunsparce [JTG 120],0,0,2493,0.6493878614222454,0.4731123647052955,0.26674689129562773,0.0,0.0,,0.0,0.0,,,
dragapult-ex,Dragapult,Dunsparce [JTG 120],1,0,1346,0.35061213857775464,0.4768295161032902,0.2436849925705795,0.007584421580822179,0.005208097303043638,0.14531663060099717,-0.0028677554401745735,0.014921059253062642,0.8475893333344199,0.3217975506561841,0.9510800944253137
dragapult-ex,Dragapult,Dunsparce [PRE 79],0,0,3647,0.9499869757749414,0.4747171892438348,0.26076227035919936,0.0,0.0,,0.0,0.0,,,
dragapult-ex,Dragapult,Dunsparce [PRE 79],1,0,192,0.05001302422505861,0.468687837047212,0.21875,-0.006261236063213358,0.010969135177208045,0.5681319038083017,-0.02023837148319054,0.02862420123465408,0.47954343889329587,0.7322766053293538,0.7406729753662838
dragapult-ex,Dragapult,Fezandipiti ex [ASC 142],0,1,57,0.014847616566814275,0.37842148105306,0.12280701754385964,-0.08061844107235999,0.020355197955401427,7.476715162589619e-05,-0.1197052108173772,0.039484998105441815,0.0024321050645111694,0.0013213656220038192,0.025798428697772303
dragapult-ex,Dragapult,Fezandipiti ex [ASC 142],1,1,3781,0.9848918989320136,0.4758780647444166,0.2607775720708807,0.0,0.0,,0.0,0.0,,,
dragapult-ex,Dragapult,Handheld Fan,0,0,3736,0.9731700963792654,0.47342704159250637,0.2574946466809422,0.0,0.0,,0.0,0.0,,,
dragapult-ex,Dragapult,Handheld Fan,1,0,69,0.017973430580880436,0.4930449381536338,0.2898550724637681,0.02269995897315557,0.016125771348634643,0.1592252374320977,0.03846206659259339,0.048922772972464376,0.43176250908503566,0.337534577682133,0.7085531175877638
dragapult-ex,Dragapult,Hero's Cape,0,0,3754,0.9778588174003647,0.47608270037110645,0.26052210974960044,0.0,0.0,,0.0,0.0,,,
dragapult-ex,Dragapult,Hero's Cape,1,0,85,0.022141182599635323,0.4007905493199612,0.17647058823529413,-0.051855794035600256,0.016796910330082824,0.0020203653099321373,-0.02224823379289907,0.0427800196626002,0.603020831806108,0.015595787273959837,0.8043333694136602
dragapult-ex,Dragapult,Hilda,0,0,3740,0.9742120343839542,0.4770611940006797,0.26336898395721925,0.0,0.0,,0.0,0.0,,,
dragapult-ex,Dragapult,Hilda,2,0,45,0.011721802552748111,0.3421033287699954,0.08888888888888889,-0.10422392595538316,0.0321232828278691,0.001176578556530186,-0.11938923421873365,0.04858762452056146,0.014002692786017741,0.010105380312628419,0.08830365632969923
dragapult-ex,Dragapult,Jamming Tower,0,0,3430,0.8934618390205783,0.47983833610034093,0.27113702623906705,0.0,0.0,,0.0,0.0,,,
dragapult-ex,Dragapult,Jamming Tower,1,0,392,0.10210992445949466,0.43081787118776915,0.15051020408163265,-0.033606690457105556,0.007939639917329912,2.3082784752263704e-05,-0.0715094647198413,0.01988966735192848,0.0003240089817046992,0.0005582389259823775,0.0064587922571701685
dragapult-ex,Dragapult,Judge,0,1,1365,0.35556134410002604,0.45073156832314343,0.21465201465201464,-0.029565904032112435,0.00510249589990072,6.856572005120621e-09,-0.06379314888863723,0.014371186434450556,9.039381942640168e-06,7.001321858562056e-07,0.0004153596002643157
dragapult-ex,Dragapult,Judge,1,1,2349,0.6118780932534514,0.4870971028325222,0.28182205193699444,0.0,0.0,,0.0,0.0,,,
dragapult-ex,Dragapult,Judge,2,1,123,0.032039593644178174,0.49566641114345567,0.3089430894308943,-0.013302817030614398,0.012982863642097624,0.305531060873549,-0.037108668912468654,0.04034593614304085,0.3576970156548719,0.5005045364399135,0.6472384668982981
dragapult-ex,Dragapult,Latias ex [SSP 220],0,0,3291,0.8572544933576453,0.4799900310090758,0.2646611972044971,0.0,0.0,,0.0,0.0,,,
dragapult-ex,Dragapult,Latias ex [SSP 220],1,0,544,0.14170356863766606,0.44249594699962347,0.22426470588235295,-0.04421190213070275,0.009499178030109079,3.2510349319145674e-06,-0.06627764756426213,0.024750854038272083,0.007410914705573713,0.0001358045955649767,0.055370980605058885
dragapult-ex,Dragapult,Lillie's Clefairy ex [ASC 280],0,0,3355,0.8739255014326648,0.4816628962195281,0.2706408345752608,0.0,0.0,,0.0,0.0,,,
dragapult-ex,Dragapult,Lillie's Clefairy ex [ASC 280],1,0,478,0.12451159156030216,0.4238190000034696,0.17364016736401675,-0.0568697552083583,0.009255406970807817,8.022086384382948e-10,-0.09999472903383474,0.0212756634669724,2.602147440521048e-06,1.0531853410354185e-07,0.0001452458999053562
dragapult-ex,Dragapult,Maractus [JTG 160],0,0,3723,0.9697837978640271,0.4744603583318804,0.25973677142089713,0.0,0.0,,0.0,0.0,,,
dragapult-ex,Dragapult,Maractus [JTG 160],1,0,116,0.03021620213597291,0.4729805156529295,0.22413793103448276,-0.01737067189473103,0.01563553878629006,0.26657968326427894,-0.06782321323702603,0.04207256066696618,0.1069503263737649,0.46156788740800275,0.3377572162800342
dragapult-ex,Dragapult,Mega Lopunny ex [PFL 115],0,0,3763,0.9802031779109143,0.47511329291921284,0.2596332713260696,0.0,0.0,,0.0,0.0,,,
dragapult-ex,Dragapult,Mega Lopunny ex [PFL 115],1,0,76,0.0197968220890857,0.4398727977675346,0.21052631578947367,-0.018229250311131373,0.01949700366114244,0.3498001442315062,-0.04722511886688416,0.04810526057724106,0.32624577478209904,0.5439362648879089,0.6194625351751013
dragapult-ex,Dragapult,Meowth ex [POR 107],0,1,44,0.011461318051575931,0.39425643800643795,0.11363636363636363,-0.04673518777862195,0.02359677484254142,0.047638928940492715,-0.09569503921003464,0.04383411174161232,0.029027119910690916,0.15691819245990252,0.14738079114875663
dragapult-ex,Dragapult,Meowth ex [POR 107],1,1,3403,0.8864287574889295,0.4777349209871984,0.25888921539817805,0.0,0.0,,0.0,0.0,,,
dragapult-ex,Dragapult,Meowth ex [POR 107],2,1,392,0.10210992445949466,0.45459804717757896,0.2729591836734694,-0.016853289202419856,0.009620458395605498,0.07980516140337938,0.012786812721209666,0.02661353293309767,0.6308983441361777,0.21913309454716465,0.8282793975159247
dragapult-ex,Dragapult,Moltres [PFL 14],0,1,1724,0.44907528002083874,0.47284576808213696,0.2685614849187935,-0.0008677644825918207,0.00499797819081504,0.8621616741537387,0.009764399858041672,0.014307032524017346,0.4949294629579245,0.9213099750549836,0.7443679669593387
dragapult-ex,Dragapult,Moltres [PFL 14],1,1,2113,0.5504037509768169,0.4756328520484585,0.2508282063416943,0.0,0.0,,0.0,0.0,,,
dragapult-ex,Dragapult,Munkidori [ASC 99],1,2,139,0.03620734566293306,0.43668663470821745,0.19424460431654678,-0.01562307050503645,0.012405199872567734,0.20788700157907303,-0.008339406184314686,0.03366668252804848,0.8043626494461791,0.39636546566632386,0.9274896798507385
dragapult-ex,Dragapult,Munkidori [ASC 99],2,2,3643,0.9489450377702526,0.4772241146736553,0.2629700796047214,0.0,0.0,,0.0,0.0,,,
dragapult-ex,Dragapult,Night Stretcher,2,2,2271,0.5915603021620214,0.47359874518064743,0.2637604579480405,0.0,0.0,,0.0,0.0,,,
dragapult-ex,Dragapult,Night Stretcher,3,2,1538,0.40062516280281324,0.47602198281078417,0.25227568270481143,0.010101824256482154,0.005880298716908116,0.08581302361638686,0.02684733610584912,0.0181161892008637,0.13835287215095773,0.2305911365598232,0.3818206892093999
dragapult-ex,Dragapult,Patrat [CRI 70],0,0,3785,0.9859338369367022,0.474725605228558,0.259445178335535,0.0,0.0,,0.0,0.0,,,
dragapult-ex,Dragapult,Patrat [CRI 70],1,0,54,0.014066163063297733,0.452689594356261,0.2037037037037037,0.01728242594519394,0.01914738759458349,0.36673839562926525,0.08367298035103718,0.057411603396652654,0.14499970442390117,0.5617209759721579,0.39424475847800344
dragapult-ex,Dragapult,Pecharunt ex [PRE 163],0,0,3656,0.952331336285491,0.4748380665195491,0.25793216630196936,0.0,0.0,,0.0,0.0,,,
dragapult-ex,Dragapult,Pecharunt ex [PRE 163],1,0,183,0.04766866371450899,0.46597640814130703,0.273224043715847,0.0016734726229951343,0.01153256949586072,0.8846252920281241,0.027766356329929257,0.032598400363728415,0.39434147317231505,0.9348535123817349,0.6748599885388409
dragapult-ex,Dragapult,Poké Pad,3,4,94,0.024485543110184943,0.39956907749460935,0.10638297872340426,-0.056392654684807475,0.017659744000748837,0.0014066241245994308,-0.10014715449391792,0.032591243157303995,0.0021204349990712073,0.011645833968530424,0.023764387367639507
dragapult-ex,Dragapult,Poké Pad,4,4,3742,0.9747330033862985,0.4765202638341806,0.2626937466595404,0.0,0.0,,0.0,0.0,,,
dragapult-ex,Dragapult,Psyduck [ASC 226],0,0,3718,0.9684813753581661,0.476992115226025,0.26412049488972567,0.0,0.0,,0.0,0.0,,,
dragapult-ex,Dragapult,Psyduck [ASC 226],1,0,121,0.03151862464183381,0.395247681611318,0.09090909090909091,-0.05713784384380401,0.014627108378479992,9.372093001327496e-05,-0.1064461887414305,0.027834348132306314,0.0001311577066654815,0.0015377543612952996,0.0034438266407307854
dragapult-ex,Dragapult,Rare Candy,0,0,3378,0.8799166449596248,0.4838424224018293,0.2729425695677916,0.0,0.0,,0.0,0.0,,,
dragapult-ex,Dragapult,Rare Candy,1,0,89,0.023183120604324044,0.4014641725315883,0.10112359550561797,-0.0570240674192614,0.016478427396842008,0.0005391161902713489,-0.10754504663061658,0.03289950367434552,0.0010796808627988055,0.005630088396129201,0.01510987443714506
dragapult-ex,Dragapult,Rare Candy,2,0,216,0.05626465225319093,0.3968859929508078,0.14351851851851852,-0.06973305393712383,0.012217644115093058,1.1460077522657252e-08,-0.11416992936574502,0.02666123867831185,1.8501793603479005e-05,1.0531811243322015e-06,0.0007084645133998836
dragapult-ex,Dragapult,Rare Candy,3,0,151,0.03933315967699922,0.41673130034057193,0.1986754966887417,-0.05558633633353745,0.01425121327196699,9.60087248197554e-05,-0.0867396377941438,0.033445542193484466,0.009501590556182996,0.0015377543612952996,0.06616351101715927
dragapult-ex,Dragapult,Rellor [TEF 23],0,0,3795,0.9885386819484241,0.47413690159505084,0.2566534914361001,0.0,0.0,,0.0,0.0,,,
dragapult-ex,Dragapult,Rellor [TEF 23],1,0,40,0.01041938004688721,0.4931440781440782,0.425,-0.018155420943226253,0.020287729330038442,0.3708423395727236,0.046127619277219256,0.0800613495693803,0.5645114955806232,0.5642452153432665,0.787232267736863
dragapult-ex,Dragapult,Risky Ruins,0,2,1038,0.2703829122167231,0.4836072270717517,0.30732177263969174,0.00014927951682062492,0.0062253970894178695,0.980869267208268,0.013864378879723634,0.01842109253396982,0.451668630082086,0.989482828281447,0.7231419356192283
dragapult-ex,Dragapult,Risky Ruins,1,2,934,0.24329252409481636,0.46614652002767637,0.23233404710920771,-0.004446738586619556,0.006135033039906527,0.46856807114073507,-0.012329251747837697,0.01701457130658762,0.468679664537169,0.6504744069159147,0.737528444708319
dragapult-ex,Dragapult,Risky Ruins,2,2,1838,0.47877051315446734,0.47363472706916665,0.24591947769314473,0.0,0.0,,0.0,0.0,,,
dragapult-ex,Dragapult,Rosa's Encouragement,0,1,1820,0.47408179213336804,0.48028301871223655,0.2895604395604396,0.008074088063268923,0.006273244825080432,0.19807084379269568,0.015039600155168578,0.01828984261825396,0.4109104521861763,0.3856506471302698,0.6903596079690969
dragapult-ex,Dragapult,Rosa's Encouragement,1,1,2018,0.5256577233654598,0.4693260124689758,0.2309217046580773,0.0,0.0,,0.0,0.0,,,
dragapult-ex,Dragapult,Shaymin [DRI 10],0,0,3048,0.7939567595728054,0.48177542856141164,0.27460629921259844,0.0,0.0,,0.0,0.0,,,
dragapult-ex,Dragapult,Shaymin [DRI 10],1,0,791,0.20604324042719457,0.4460558124274938,0.1972187104930468,-0.03340319797638523,0.005943051354535781,1.9035407115398557e-08,-0.06553847093241366,0.01634754895385487,6.0958301144616806e-05,1.4577949282542728e-06,0.0018071186694162207
dragapult-ex,Dragapult,Sparkling Crystal,0,0,3789,0.986975774941391,0.4743895343931439,0.25837951966218,0.0,0.0,,0.0,0.0,,,
dragapult-ex,Dragapult,Sparkling Crystal,1,0,50,0.013024225058609012,0.47639416139416135,0.28,-0.013336099001632297,0.020903856563739904,0.5234911651777736,-0.08580404259398411,0.05814840646324633,0.14005013173678188,0.6972295373889477,0.38534751816198365
dragapult-ex,Dragapult,Special Red Card,0,0,1975,0.514456889815056,0.4788994406354794,0.26936708860759495,0.0,0.0,,0.0,0.0,,,
dragapult-ex,Dragapult,Special Red Card,1,0,1820,0.47408179213336804,0.46964051363776643,0.2445054945054945,-0.02527716622703971,0.00670357310484124,0.0001627899732804197,-0.04213401098123309,0.020165130722052255,0.036667329824340164,0.0023015997760723957,0.17026016204203162
dragapult-ex,Dragapult,Special Red Card,2,0,44,0.011461318051575931,0.47067099567099574,0.36363636363636365,-0.04195026604973984,0.023033832130271513,0.06856952750102847,-0.03416392778949576,0.07043848337380748,0.6276636229540266,0.20772686291076548,0.8263937958377513
dragapult-ex,Dragapult,Switch,0,0,3767,0.981245115915603,0.4756789163953158,0.26201221130873376,0.0,0.0,,0.0,0.0,,,
dragapult-ex,Dragapult,Switch,1,0,56,0.014587132065642095,0.40853120094191525,0.07142857142857142,-0.04613517535602493,0.01868581666593405,0.013549336621554777,-0.12602032933304644,0.03529343299769708,0.0003561029002463045,0.06485333518337937,0.006545171306527077
dragapult-ex,Dragapult,Team Rocket's Petrel,0,0,3725,0.9703047668663715,0.4761641384671389,0.26174496644295303,0.0,0.0,,0.0,0.0,,,
dragapult-ex,Dragapult,Team Rocket's Petrel,1,0,108,0.028132326126595466,0.4238499412110523,0.1574074074074074,-0.04342272361530259,0.013875144363019912,0.0017508434307599852,-0.07736404555847781,0.032469736586120276,0.01718848796558216,0.014114255376038828,0.10125782333570517
dragapult-ex,Dragapult,Team Rocket's Watchtower,0,0,2309,0.6014587132065642,0.4659422572929184,0.23516673884798614,0.0,0.0,,0.0,0.0,,,
dragapult-ex,Dragapult,Team Rocket's Watchtower,1,0,588,0.153164886689242,0.4545441614319164,0.2227891156462585,0.0016902309237788174,0.006882750555237067,0.8060113049603939,0.009919777063269115,0.01876738605180528,0.5971074798466878,0.8892249570931596,0.8043333694136602
dragapult-ex,Dragapult,Team Rocket's Watchtower,2,0,843,0.21958843448814797,0.5011781911248104,0.32147093712930014,0.02531418209981694,0.006886595963112802,0.00023704687637711376,0.05321049250571035,0.02115371866756366,0.011889056845121872,0.002984192868363939,0.07694396648357042
dragapult-ex,Dragapult,Team Rocket's Watchtower,3,0,95,0.024746027611357125,0.5590893901420217,0.49473684210526314,0.05374069714336155,0.01188010390418058,6.07999824544555e-06,0.1793746984918546,0.05011296988076489,0.00034437521284149975,0.00019955422812730216,0.0064587922571701685
dragapult-ex,Dragapult,Tool Scrapper,0,0,3745,0.9755144568898151,0.4755593292585753,0.261415220293725,0.0,0.0,,0.0,0.0,,,
dragapult-ex,Dragapult,Tool Scrapper,1,0,94,0.024485543110184943,0.42885070012729587,0.14893617021276595,-0.025056146940735283,0.015378150405869925,0.10324228236816507,-0.05500897029892676,0.03734120463701333,0.14071222041453524,0.25852767710175395,0.38601352406256084
dragapult-ex,Dragapult,Ultra Ball,3,4,1443,0.3758791351914561,0.4652856652856653,0.21136521136521136,-0.020083705791303995,0.00670825361255253,0.0027545433018004452,-0.06041238432450895,0.017490895076449332,0.000552474072104597,0.019623451894221777,0.009066494147573654
dragapult-ex,Dragapult,Ultra Ball,4,4,2358,0.6142224537640011,0.4824319079211685,0.2917726887192536,0.0,0.0,,0.0,0.0,,,
dragapult-ex,Dragapult,Unfair Stamp,0,1,229,0.05965095076842928,0.40442201289876606,0.16593886462882096,-0.059339331429016796,0.011414320677051544,2.0071525183184275e-07,-0.09498097087636662,0.023687256143446328,6.077225037921032e-05,1.3175522602390248e-05,0.0018071186694162207
dragapult-ex,Dragapult,Unfair Stamp,1,1,3610,0.9403490492315707,0.47885568225249664,0.26454293628808867,0.0,0.0,,0.0,0.0,,,
dragapult-ex,Dragapult,Xerosic's Machinations,0,0,3678,0.958061995311279,0.47649865601297803,0.26209896682979883,0.0,0.0,,0.0,0.0,,,
dragapult-ex,Dragapult,Xerosic's Machinations,1,0,161,0.04193800468872102,0.4268297954633358,0.18012422360248448,-0.03513984572279326,0.012760766801056915,0.005891838797947629,-0.03842607882136724,0.03072625258991423,0.21108250189349143,0.035389541537999156,0.49867562786662883
dragapult-ex,Dragapult,Yveltal [MEG 88],0,0,3467,0.903099765563949,0.47357369206229893,0.2558407845399481,0.0,0.0,,0.0,0.0,,,
dragapult-ex,Dragapult,Yveltal [MEG 88],1,0,369,0.09611878093253451,0.4820505786052574,0.2845528455284553,0.0048266685968750625,0.00784687666192098,0.5384840735176359,0.01857180394167749,0.02397405450296282,0.4385390427269118,0.7089783145597527,0.7158390413251011
festival-lead,Festival Lead,Air Balloon,1,2,324,0.40198511166253104,0.4458159524517549,0.2191358024691358,-0.03240211574470215,0.011354967332687548,0.00432319418327522,-0.036265316524857545,0.032985437631815884,0.2715787427292804,0.028177414570425018,0.5720869235598077
festival-lead,Festival Lead,Air Balloon,2,2,431,0.5347394540942928,0.4838157221363172,0.25754060324825984,0.0,0.0,,0.0,0.0,,,
festival-lead,Festival Lead,Applin [PRE 9],0,0,325,0.4032258064516129,0.47490752803422487,0.24,0.0,0.0,,0.0,0.0,,,
festival-lead,Festival Lead,Applin [PRE 9],1,0,147,0.18238213399503722,0.4701909201909202,0.23129251700680273,-0.012777562412895594,0.01460546422680143,0.38165656953683447,-0.024247272856944814,0.04081474506180352,0.5524578022403461,0.5740464605635858,0.7825115095237146
festival-lead,Festival Lead,Applin [PRE 9],2,0,109,0.13523573200992556,0.4587462231957644,0.26605504587155965,-0.020983126443819045,0.014661822655339178,0.1523899864828449,0.03374518200863102,0.04757456134036076,0.47813121253816404,0.3310789540844786,0.7397349904420417
festival-lead,Festival Lead,Applin [PRE 9],3,0,76,0.09429280397022333,0.4454895250947882,0.21052631578947367,-0.020293732176998137,0.01921501645237501,0.29090462168553155,-0.02137325109223091,0.050703045317105455,0.673362401785694,0.4810540918553321,0.8519690211428308
festival-lead,Festival Lead,Applin [PRE 9],4,0,149,0.184863523573201,0.4435059534052822,0.2080536912751678,-0.028838351716667546,0.014171209854784993,0.041851301399748776,-0.04250614377994857,0.038812189498074384,0.27343992920857885,0.14532415294720857,0.5720869235598077
festival-lead,Festival Lead,Applin [TWM 126],0,0,597,0.7406947890818859,0.4571057625915247,0.23450586264656617,0.0,0.0,,0.0,0.0,,,
festival-lead,Festival Lead,Applin [TWM 126],1,0,130,0.16129032258064516,0.4866342631727247,0.2076923076923077,0.016199513926480745,0.01438253747140135,0.2600249668197998,-0.047607854340407936,0.041658372716789745,0.2531149996215738,0.4554436109117473,0.547643052164719
festival-lead,Festival Lead,Applin [TWM 126],2,0,46,0.05707196029776675,0.4803366497100513,0.21739130434782608,0.020827121894931404,0.02181962786922861,0.33982395232352824,-0.01588297464989561,0.05143878227812636,0.7574932103642922,0.5356744634396612,0.8994008531327965
festival-lead,Festival Lead,Applin [TWM 17],0,0,217,0.2692307692307692,0.4498382314050517,0.21658986175115208,0.0,0.0,,0.0,0.0,,,
festival-lead,Festival Lead,Applin [TWM 17],1,0,84,0.10421836228287841,0.4395800627943484,0.16666666666666666,0.006577991795162051,0.01942105186309856,0.7348325778815308,-0.015695747388627192,0.04814278407369062,0.7444054999179976,0.8543873054242507,0.8947280753633073
festival-lead,Festival Lead,Applin [TWM 17],2,0,138,0.17121588089330025,0.46518896349459016,0.2826086956521739,0.009062932426435634,0.014545691030527243,0.533240839730431,0.06830425579423016,0.04349982223162218,0.116364125701146,0.7035821647063479,0.3515259802198044
festival-lead,Festival Lead,Applin [TWM 17],3,0,187,0.23200992555831265,0.4832862918424416,0.24598930481283424,0.02950887012583389,0.01333579484344589,0.026914420178183664,0.04624164316193377,0.04032797694394238,0.25153072787785313,0.10993045397222571,0.547643052164719
festival-lead,Festival Lead,Applin [TWM 17],4,0,180,0.22332506203473945,0.46830947858725636,0.23333333333333334,0.017850671408923977,0.014583147719537904,0.2209289833558935,0.029228188161228432,0.04100173360352895,0.47593703683891875,0.41047202651114767,0.7397349904420417
festival-lead,Festival Lead,Black Belt's Training,0,1,307,0.38089330024813894,0.4580526539522516,0.20846905537459284,0.004024009573346803,0.021665209966280186,0.85265179070086,-0.045244581433384584,0.04429532334407639,0.30705065842658297,0.9154053687547784,0.5976077774168428
festival-lead,Festival Lead,Black Belt's Training,1,1,361,0.4478908188585608,0.4601382586839651,0.24376731301939059,0.0,0.0,,0.0,0.0,,,
festival-lead,Festival Lead,Black Belt's Training,2,1,137,0.16997518610421836,0.48332504883599775,0.26277372262773724,0.011737161635549425,0.015337446951795052,0.4441156904319794,0.02026624112757487,0.04371268971998368,0.6429173355307121,0.6344455000761525,0.8379417864141551
festival-lead,Festival Lead,Boss's Orders,2,2,707,0.8771712158808933,0.4643501593518234,0.22772277227722773,0.0,0.0,,0.0,0.0,,,
festival-lead,Festival Lead,Boss's Orders,3,2,95,0.11786600496277916,0.4573022299338088,0.2631578947368421,-0.0031339119640625603,0.01714380794197446,0.854953855988477,0.02624110302022769,0.04893272451840048,0.5917726552871051,0.9168058269001287,0.8021132376632292
festival-lead,Festival Lead,Brave Bangle,1,2,98,0.12158808933002481,0.4069058209364332,0.15306122448979592,-0.04048079711622829,0.017810642485621992,0.02303563252767981,-0.0842731824321152,0.04026125250343339,0.03633500900904959,0.0980080846895266,0.17026016204203162
festival-lead,Festival Lead,Brave Bangle,2,2,698,0.8660049627791563,0.47039643324195823,0.24498567335243554,0.0,0.0,,0.0,0.0,,,
festival-lead,Festival Lead,Bug Catching Set,0,3,119,0.14764267990074442,0.47116157171767653,0.226890756302521,0.01826430557320409,0.02273196808816416,0.42170691245720615,0.03229223194744078,0.055219393302366464,0.5586830477815705,0.6093532272770007,0.7834680719073562
festival-lead,Festival Lead,Bug Catching Set,2,3,97,0.12034739454094293,0.46214801807585315,0.27835051546391754,0.03558131440568475,0.021443283097901566,0.09705089616027184,0.13602159719735546,0.058436818911552856,0.019929663392657365,0.24941790078055978,0.113760004086038
festival-lead,Festival Lead,Bug Catching Set,3,3,301,0.37344913151364767,0.45789881952672645,0.2026578073089701,0.0,0.0,,0.0,0.0,,,
festival-lead,Festival Lead,Bug Catching Set,4,3,273,0.3387096774193548,0.4700217534466619,0.2600732600732601,0.015920527743270792,0.011925919526021674,0.18189212226484375,0.0566618611722434,0.03451491619171447,0.10065986171918552,0.36497567764495936,0.32687778416936925
festival-lead,Festival Lead,Dawn,0,0,523,0.6488833746898263,0.45393656849904734,0.21414913957934992,0.0,0.0,,0.0,0.0,,,
festival-lead,Festival Lead,Dawn,1,0,179,0.22208436724565755,0.48808935736310044,0.2849162011173184,0.023549948013351953,0.012533443595219585,0.060248769396615214,0.05466408125680837,0.038461201574818034,0.1552357933954184,0.18832863631118837,0.4134277962746552
festival-lead,Festival Lead,Dawn,2,0,104,0.12903225806451613,0.46758770076077766,0.2403846153846154,0.005581345153801897,0.017169881965141527,0.7451311074590521,0.002401268773614386,0.04661403965365388,0.9589160636296928,0.8613528147859986,0.9919910313828656
festival-lead,Festival Lead,Dipplin [PRE 10],3,3,466,0.5781637717121588,0.4642540714776261,0.23390557939914164,0.0,0.0,,0.0,0.0,,,
festival-lead,Festival Lead,Dipplin [PRE 10],4,3,335,0.41563275434243174,0.4628264990951558,0.23582089552238805,-0.001557457299709665,0.010963829420577009,0.8870372460132011,-0.0029720107113950095,0.03040172861225478,0.9221244972307272,0.9348535123817349,0.9763046232200903
festival-lead,Festival Lead,Festival Grounds,3,4,58,0.07196029776674938,0.5005842478459112,0.3275862068965517,0.043006521198617254,0.01879836194434822,0.022150321515712203,0.11189686073620783,0.06658242899014284,0.09284521740776933,0.09473508822598938,0.3102718356281455
festival-lead,Festival Lead,Festival Grounds,4,4,748,0.9280397022332506,0.4603904475896454,0.22593582887700533,0.0,0.0,,0.0,0.0,,,
festival-lead,Festival Lead,Forest of Vitality,0,0,695,0.8622828784119106,0.4579286687200356,0.22589928057553957,0.0,0.0,,0.0,0.0,,,
festival-lead,Festival Lead,Forest of Vitality,1,0,111,0.13771712158808933,0.4968064541593953,0.27927927927927926,0.02352014413230169,0.01354170992634288,0.08241071415309596,0.028356734495881608,0.04367617927032083,0.5161771665790372,0.22406936777128755,0.7575098101593009
festival-lead,Festival Lead,Gladion's Final Battle,0,0,538,0.6674937965260546,0.46417510446320853,0.23977695167286245,0.0,0.0,,0.0,0.0,,,
festival-lead,Festival Lead,Gladion's Final Battle,2,0,239,0.29652605459057074,0.4699407785858684,0.22594142259414227,0.20949350944886166,0.04357703214347185,1.5288331302453115e-06,0.09918175014072737,0.048507256184176506,0.04088655176025496,8.1307724418551e-05,0.17892733841749672
festival-lead,Festival Lead,Goldeen [PRE 20],1,1,400,0.49627791563275436,0.46542514892514886,0.2525,0.0,0.0,,0.0,0.0,,,
festival-lead,Festival Lead,Goldeen [PRE 20],2,1,368,0.456575682382134,0.46010009234513705,0.21739130434782608,-0.004409330269136213,0.010801460128361121,0.6831150059467603,-0.0333290126906593,0.030894706044405005,0.2806797263657017,0.8128447882953265,0.5796509405170334
festival-lead,Festival Lead,Grookey [TWM 14],3,4,125,0.15508684863523572,0.45370723263664436,0.216,-0.001218872690912298,0.016526847385252178,0.9412084608146213,0.0007875809563623291,0.041723584747511824,0.9849398997263562,0.9647367092896247,0.9946766220975263
festival-lead,Festival Lead,Grookey [TWM 14],4,4,634,0.7866004962779156,0.46430239785918015,0.23501577287066247,0.0,0.0,,0.0,0.0,,,
festival-lead,Festival Lead,Growing Grass Energy,0,0,489,0.6066997518610422,0.45433084108953226,0.2249488752556237,0.0,0.0,,0.0,0.0,,,
festival-lead,Festival Lead,Growing Grass Energy,1,0,202,0.2506203473945409,0.4784505373614284,0.24752475247524752,0.0336540434608136,0.013624387547890075,0.013506298781180552,0.04024811279981506,0.04161541177792678,0.3334718481792299,0.06485333518337937,0.6254298540341068
festival-lead,Festival Lead,Growing Grass Energy,2,0,50,0.062034739454094295,0.48472527472527477,0.24,0.032601383171420605,0.024658150137988798,0.1861234730696001,0.010223019294888298,0.06527193607331358,0.8755427856987084,0.3701248484199672,0.9578855000679917
festival-lead,Festival Lead,Growing Grass Energy,3,0,45,0.05583126550868486,0.4609972308011524,0.2222222222222222,0.0167013955035154,0.02723019269802345,0.5396508431541378,0.0044553625726843835,0.07355379678731583,0.9516994020762158,0.7094980327019351,0.9888048692038648
festival-lead,Festival Lead,Hilda,0,0,762,0.9454094292803971,0.4640872468184495,0.2335958005249344,0.0,0.0,,0.0,0.0,,,
festival-lead,Festival Lead,Hilda,1,0,41,0.05086848635235732,0.4508718246523124,0.24390243902439024,-0.019269859780092605,0.028127537745921694,0.4932879165142726,-0.01968914425924366,0.06965991211483223,0.7774476781781706,0.6713440973120676,0.9136501486518399
festival-lead,Festival Lead,Judge,0,0,679,0.8424317617866005,0.4722501069572888,0.24447717231222385,0.0,0.0,,0.0,0.0,,,
festival-lead,Festival Lead,Judge,1,0,119,0.14764267990074442,0.4158805480234052,0.17647058823529413,-0.039046670626505915,0.016334482575075866,0.016828001873382632,-0.06489033634336544,0.039058579400382654,0.09664129543447543,0.07655907782989425,0.31947248382835586
festival-lead,Festival Lead,Kieran,1,1,579,0.7183622828784119,0.46977190576702915,0.231433506044905,0.0,0.0,,0.0,0.0,,,
festival-lead,Festival Lead,Kieran,2,1,194,0.24069478908188585,0.45809327652111165,0.25773195876288657,-0.01516310847610227,0.013025735227638589,0.24438815188352359,0.028847530032232678,0.03790330203312168,0.44660794734815334,0.435257192986353,0.7226691998821247
festival-lead,Festival Lead,Lana's Aid,0,1,206,0.2555831265508685,0.45537038473931685,0.2087378640776699,-0.0031342418663597334,0.015405822989263435,0.8387870167658145,-0.0052427905959508345,0.04643285052536815,0.9101009273706109,0.9069078449339673,0.971073711307641
festival-lead,Festival Lead,Lana's Aid,1,1,571,0.7084367245657568,0.4642116346427668,0.2381786339754816,0.0,0.0,,0.0,0.0,,,
festival-lead,Festival Lead,Lilligant [JTG 7],0,0,715,0.8870967741935484,0.46881142928859926,0.24615384615384617,0.0,0.0,,0.0,0.0,,,
festival-lead,Festival Lead,Lilligant [JTG 7],1,0,87,0.10794044665012408,0.42238432066018267,0.13793103448275862,-0.03579151703569074,0.018329254947792164,0.05085527725806604,-0.0847466881643047,0.042352078641246786,0.04539193492319007,0.16514487561894942,0.192235890296828
festival-lead,Festival Lead,Maximum Belt,0,0,650,0.8064516129032258,0.4785457703014264,0.2630769230769231,0.0,0.0,,0.0,0.0,,,
festival-lead,Festival Lead,Maximum Belt,1,0,156,0.1935483870967742,0.3996871184371184,0.10897435897435898,-0.062013019601864984,0.01455253300857867,2.032217714460244e-05,-0.14014648686575004,0.032577835758371414,1.693421971114633e-05,0.0005267415394811137,0.0006766325180236295
festival-lead,Festival Lead,Night Stretcher,1,1,443,0.5496277915632755,0.462725859960623,0.23702031602708803,0.0,0.0,,0.0,0.0,,,
festival-lead,Festival Lead,Night Stretcher,2,1,326,0.4044665012406948,0.46484296458583724,0.22699386503067484,0.005399155063594063,0.010211986388405937,0.5970082873130111,-0.0024819994813849618,0.029040277133025934,0.9318897432205673,0.7464634231845677,0.9788190468625736
festival-lead,Festival Lead,Petilil [BLK 6],0,0,730,0.9057071960297767,0.467155595396933,0.24246575342465754,0.0,0.0,,0.0,0.0,,,
festival-lead,Festival Lead,Petilil [BLK 6],1,0,73,0.09057071960297766,0.42647063742954155,0.1506849315068493,-0.02899464845121521,0.020040846941292136,0.14795922223593772,-0.06589610393789039,0.046410905406341886,0.15565399076281905,0.3260660705211414,0.4134277962746552
festival-lead,Festival Lead,Psyduck [ASC 226],0,1,393,0.48759305210918114,0.479104292377006,0.24427480916030533,0.022419371317973138,0.010272237785435696,0.02907112727211092,0.017457925500455346,0.031074503153150173,0.5742463796828592,0.1146625148629611,0.7935825908699965
festival-lead,Festival Lead,Psyduck [ASC 226],1,1,413,0.5124069478908189,0.4482274921742234,0.22276029055690072,0.0,0.0,,0.0,0.0,,,
festival-lead,Festival Lead,Rellor [DRI 24],0,0,754,0.9354838709677419,0.4705597672324151,0.2427055702917772,0.0,0.0,,0.0,0.0,,,
festival-lead,Festival Lead,Rellor [DRI 24],1,0,47,0.05831265508684864,0.3607753357753358,0.0851063829787234,-0.09029044200812236,0.023610558028898273,0.0001312211566563473,-0.10751009863555286,0.04729686020140816,0.0230206566993296,0.0019485491437232362,0.1266825359681671
festival-lead,Festival Lead,Rellor [TEF 23],0,1,79,0.09801488833746898,0.3908822893000108,0.12658227848101267,-0.06702618687299913,0.019864707947405236,0.0007404830714780928,-0.09314209045750609,0.04118300885398469,0.023718227730656783,0.007163199396719655,0.12939690867349712
festival-lead,Festival Lead,Rellor [TEF 23],1,1,589,0.7307692307692307,0.4737645205237335,0.2461799660441426,0.0,0.0,,0.0,0.0,,,
festival-lead,Festival Lead,Rellor [TEF 23],2,1,138,0.17121588089330025,0.45999230238360667,0.2391304347826087,-0.026033672200450136,0.012796354029939944,0.04190522364636591,-0.028258302841083764,0.03974169749219945,0.477053738211359,0.14532415294720857,0.7397349904420417
festival-lead,Festival Lead,Rillaboom [TWM 16],0,0,585,0.7258064516129032,0.4783003714904167,0.24786324786324787,0.0,0.0,,0.0,0.0,,,
festival-lead,Festival Lead,Rillaboom [TWM 16],1,0,221,0.27419354838709675,0.4235304246616464,0.19457013574660634,-0.03749681001009449,0.01326457010372189,0.004700989102596731,-0.04658824419114761,0.03437766538514774,0.17535725378332123,0.03000145128671108,0.448152450511486
festival-lead,Festival Lead,Sacred Ash,0,0,513,0.6364764267990074,0.46865196186088287,0.23391812865497075,0.0,0.0,,0.0,0.0,,,
festival-lead,Festival Lead,Sacred Ash,1,0,293,0.36352357320099254,0.4538822004692311,0.23208191126279865,-0.01263138416105137,0.012420485755857094,0.3091629990803274,0.014418264801635298,0.032927282444523906,0.6614718133074952,0.502619468715607,0.846647070236195
festival-lead,Festival Lead,Seaking [PRE 21],0,1,66,0.08188585607940446,0.4894697894697894,0.25757575757575757,0.024217025224775625,0.017520860751402585,0.16691570515972465,0.025134470036059887,0.056007399765611206,0.6535972054802983,0.34548543477879945,0.8417673402603757
festival-lead,Festival Lead,Seaking [PRE 21],1,1,693,0.8598014888337469,0.4637192451639442,0.23232323232323232,0.0,0.0,,0.0,0.0,,,
festival-lead,Festival Lead,Seaking [PRE 21],2,1,46,0.05707196029776675,0.41652532250358343,0.21739130434782608,-0.045024639553582255,0.025044559458419352,0.07221167886898572,-0.0035623693873634912,0.05945578785976882,0.9522223169155825,0.2104709052072248,0.9888048692038648
festival-lead,Festival Lead,Secret Box,0,1,266,0.33002481389578164,0.4221898610996355,0.16541353383458646,-0.059720061641828734,0.012723467208695728,2.683153015023614e-06,-0.11869766541550696,0.033790573130221824,0.00044350297166273863,0.00012329088104033506,0.007547763536260311
festival-lead,Festival Lead,Secret Box,1,1,540,0.6699751861042184,0.48352488540669375,0.26666666666666666,0.0,0.0,,0.0,0.0,,,
festival-lead,Festival Lead,Shaymin [DRI 10],0,1,113,0.1401985111662531,0.4093205293751884,0.1415929203539823,-0.03999572478132642,0.01777118083317336,0.02441122160836476,-0.05486215818624164,0.036470126791884015,0.13250310558266634,0.10151091700491953,0.37699800009433554
festival-lead,Festival Lead,Shaymin [DRI 10],1,1,693,0.8598014888337469,0.47208184899382594,0.2481962481962482,0.0,0.0,,0.0,0.0,,,
festival-lead,Festival Lead,Special Red Card,0,0,760,0.9429280397022333,0.4633901112074487,0.23421052631578948,0.0,0.0,,0.0,0.0,,,
festival-lead,Festival Lead,Special Red Card,1,0,46,0.05707196029776675,0.4615099272707969,0.21739130434782608,0.0034087370467625762,0.02168812827588631,0.8751103649337905,0.012723661132977727,0.06672608036735808,0.8487724089561817,0.9296076507978138,0.9512461510130865
festival-lead,Festival Lead,Switch,0,1,271,0.3362282878411911,0.47607885144785506,0.2693726937269373,0.01143314121011675,0.010670463536033375,0.28395564075232516,0.04865959108416859,0.030775079009986887,0.11384690218358935,0.47446406154797605,0.34976116372025495
festival-lead,Festival Lead,Switch,1,1,526,0.652605459057072,0.4587325747804388,0.21673003802281368,0.0,0.0,,0.0,0.0,,,
festival-lead,Festival Lead,Thwackey [SVP 115],3,4,315,0.39081885856079407,0.4463972711591758,0.2222222222222222,-0.019515285352038052,0.010850141961671946,0.07207876743841551,-0.008211088241716208,0.03139502649701791,0.793675296313733,0.2104709052072248,0.9209439360004048
festival-lead,Festival Lead,Thwackey [SVP 115],4,4,491,0.609181141439206,0.4741156838227642,0.24032586558044808,0.0,0.0,,0.0,0.0,,,
festival-lead,Festival Lead,Tool Scrapper,0,1,329,0.40818858560794047,0.4556617450994351,0.22492401215805471,-0.010382211148895707,0.011014215497464369,0.34587570862735717,-0.0267501265360321,0.030619774686048425,0.3823238257171546,0.5405778507288117,0.6655386207560952
festival-lead,Festival Lead,Tool Scrapper,1,1,476,0.5905707196029777,0.4682730860066501,0.23739495798319327,0.0,0.0,,0.0,0.0,,,
festival-lead,Festival Lead,Ultra Ball,0,0,532,0.6600496277915633,0.4651471005324389,0.24060150375939848,0.0,0.0,,0.0,0.0,,,
festival-lead,Festival Lead,Ultra Ball,2,0,133,0.16501240694789082,0.45629664821394145,0.19548872180451127,0.06645596742590111,0.054846413182929335,0.22563723335185004,0.034889254474177074,0.05610080781118497,0.5340057251006751,0.413893448004691,0.7702373318458398
festival-lead,Festival Lead,Ultra Ball,3,0,125,0.15508684863523572,0.4623509444803562,0.248,0.06811446316597801,0.054439671997718035,0.21086456302363576,0.05587639336103282,0.058919103507062594,0.34294731792765376,0.3979148530158548,0.6367042124757855
festival-lead,Festival Lead,Unfair Stamp,0,0,744,0.9230769230769231,0.4661253656766781,0.23387096774193547,0.0,0.0,,0.0,0.0,,,
festival-lead,Festival Lead,Unfair Stamp,1,0,62,0.07692307692307693,0.4291720823978889,0.22580645161290322,-0.02930955784190461,0.02188188985076488,0.18042629582403624,-0.011767949660176894,0.05314445572306,0.8247551035632383,0.36381751128729267,0.9345868559489716
lopunny-dudunsparce,Lopunny Dudunsparce,Abra [TWM 80],0,0,405,0.5761024182076814,0.4390311403274366,0.1728395061728395,0.0,0.0,,0.0,0.0,,,
lopunny-dudunsparce,Lopunny Dudunsparce,Abra [TWM 80],1,0,296,0.42105263157894735,0.4039001616207498,0.15202702702702703,-0.008677410387837786,0.012694306694568397,0.4942485669470392,0.003147395307328509,0.030345809585255276,0.9173934391427455,0.6713440973120676,0.9735387650948997
lopunny-dudunsparce,Lopunny Dudunsparce,Air Balloon,2,2,445,0.6330014224751067,0.4341773270424955,0.1707865168539326,0.0,0.0,,0.0,0.0,,,
lopunny-dudunsparce,Lopunny Dudunsparce,Air Balloon,3,2,247,0.35135135135135137,0.40833372456973305,0.14979757085020243,0.013631668623349046,0.013247981668174843,0.3034975704941566,0.029844343962321926,0.03239417572673802,0.35690042941114064,0.49895217761025024,0.6472384668982981
lopunny-dudunsparce,Lopunny Dudunsparce,Battle Cage,2,3,184,0.26173541963015645,0.4342847520836651,0.1793478260869565,-0.0034184731058399106,0.014415290620137536,0.8125465087070953,-0.026398117357523433,0.03609713615923845,0.46459116510324383,0.8921508261670498,0.7348696742338745
lopunny-dudunsparce,Lopunny Dudunsparce,Battle Cage,3,3,453,0.6443812233285917,0.42028284337400035,0.16777041942604856,0.0,0.0,,0.0,0.0,,,
lopunny-dudunsparce,Lopunny Dudunsparce,Boss's Orders,2,3,42,0.059743954480796585,0.38562489098203384,0.14285714285714285,-0.03995648153245477,0.024412840027657683,0.10169328664845825,-0.010233196699439756,0.06148044678785486,0.8678056912028155,0.25569649228648533,0.9544292042625164
lopunny-dudunsparce,Lopunny Dudunsparce,Boss's Orders,3,3,498,0.7083926031294452,0.43456241438169146,0.1746987951807229,0.0,0.0,,0.0,0.0,,,
lopunny-dudunsparce,Lopunny Dudunsparce,Boss's Orders,4,3,163,0.23186344238975817,0.40143734628577643,0.13496932515337423,0.008248564118105423,0.014818547976170006,0.5777749140047375,0.0001598590452310195,0.03288557491618875,0.9961214434568704,0.7384911626847758,0.9977168782946979
lopunny-dudunsparce,Lopunny Dudunsparce,Buddy-Buddy Poffin,3,4,302,0.4295874822190612,0.413040122345732,0.1423841059602649,-0.003188020867722626,0.0118996096497023,0.788768825978063,-0.016912667490053622,0.029519520822975317,0.5666909802392777,0.8847445688922894,0.7878805005142151
lopunny-dudunsparce,Lopunny Dudunsparce,Buddy-Buddy Poffin,4,4,394,0.5604551920341394,0.43425724726486153,0.17766497461928935,0.0,0.0,,0.0,0.0,,,
lopunny-dudunsparce,Lopunny Dudunsparce,Buneary [MEG 107],0,0,600,0.8534850640113798,0.4264171931010166,0.165,0.0,0.0,,0.0,0.0,,,
lopunny-dudunsparce,Lopunny Dudunsparce,Buneary [MEG 107],1,0,55,0.07823613086770982,0.414727343363707,0.18181818181818182,-0.00170565685254297,0.023726811822989486,0.9426915831796333,0.007509240246941102,0.051575617460559726,0.8842397649123956,0.9647367092896247,0.9589315097887765
lopunny-dudunsparce,Lopunny Dudunsparce,Buneary [PFL 83],0,3,40,0.05689900426742532,0.4141407203907204,0.15,-0.026161659251175647,0.026334849195409633,0.3205035920065017,-0.006404643100012477,0.05719750940481727,0.9108438946106491,0.5149349668775788,0.971073711307641
lopunny-dudunsparce,Lopunny Dudunsparce,Buneary [PFL 83],2,3,270,0.3840682788051209,0.4399972044416489,0.1814814814814815,0.005067061287516086,0.01183067643218689,0.6684337913268239,0.008828861393212192,0.03223071599610107,0.7841407683322592,0.7998576226944677,0.9174177188282184
lopunny-dudunsparce,Lopunny Dudunsparce,Buneary [PFL 83],3,3,354,0.5035561877667141,0.41654679143462786,0.15254237288135594,0.0,0.0,,0.0,0.0,,,
lopunny-dudunsparce,Lopunny Dudunsparce,Chien-Pao [SSP 56],0,0,450,0.6401137980085349,0.4243314144098458,0.16666666666666666,0.0,0.0,,0.0,0.0,,,
lopunny-dudunsparce,Lopunny Dudunsparce,Chien-Pao [SSP 56],1,0,253,0.35988620199146515,0.42329438238529155,0.15810276679841898,-0.00879085171289189,0.011940288256997203,0.4615880223879014,-0.02685602495986936,0.02914898256565977,0.3568747097606202,0.6446799279247438,0.6472384668982981
lopunny-dudunsparce,Lopunny Dudunsparce,Dudunsparce ex [JTG 121],0,1,233,0.3314366998577525,0.3982443858422147,0.11587982832618025,-0.009374971865250449,0.01320786082041634,0.47782665448895423,-0.021693347617620096,0.029287218271764285,0.4588690426976042,0.6573693046038158,0.7271482075994891
lopunny-dudunsparce,Lopunny Dudunsparce,Dudunsparce ex [JTG 121],1,1,469,0.6671408250355618,0.43633382135514326,0.18550106609808104,0.0,0.0,,0.0,0.0,,,
lopunny-dudunsparce,Lopunny Dudunsparce,Dunsparce [JTG 120],2,2,326,0.46372688477951635,0.40362252627680273,0.15030674846625766,0.0,0.0,,0.0,0.0,,,
lopunny-dudunsparce,Lopunny Dudunsparce,Dunsparce [JTG 120],3,2,283,0.40256045519203415,0.4452023241775892,0.18374558303886926,0.00961422705331317,0.012456075632054203,0.44020303254855087,-0.02237381197108588,0.032077309567619505,0.48549211303619233,0.6317854471600888,0.7412914553657087
lopunny-dudunsparce,Lopunny Dudunsparce,Dunsparce [JTG 120],4,2,53,0.07539118065433854,0.42355438062985235,0.20754716981132076,-0.012170848290351225,0.022791949444074366,0.5933431341940786,0.016410356672779472,0.06134275576465242,0.7890695370860841,0.7460671985949896,0.9195651588486292
lopunny-dudunsparce,Lopunny Dudunsparce,Dunsparce [PRE 79],0,1,87,0.12375533428165007,0.43761596002975306,0.20689655172413793,0.0059379811678323385,0.01722951248975735,0.7303649438648827,0.06090521720004677,0.048603791529408136,0.21017076822495517,0.850703907999781,0.4985058718397507
lopunny-dudunsparce,Lopunny Dudunsparce,Dunsparce [PRE 79],1,1,354,0.5035561877667141,0.4326812939101074,0.1638418079096045,0.0,0.0,,0.0,0.0,,,
lopunny-dudunsparce,Lopunny Dudunsparce,Dunsparce [PRE 79],2,1,253,0.35988620199146515,0.40641686841407837,0.15019762845849802,-0.0020823945442089648,0.012974216724581088,0.8724852327498325,0.023241792053043154,0.0305475521903967,0.4467527872797372,0.9291007287335992,0.7226691998821247
lopunny-dudunsparce,Lopunny Dudunsparce,Enriching Energy,0,1,218,0.310099573257468,0.4355831986565932,0.13302752293577982,-0.011852431525251873,0.01226737162815698,0.3339564677222596,-0.08552544323017584,0.03297817847040547,0.009503355227709492,0.5300621655211686,0.06616351101715927
lopunny-dudunsparce,Lopunny Dudunsparce,Enriching Energy,1,1,485,0.689900426742532,0.4187329441665403,0.177319587628866,0.0,0.0,,0.0,0.0,,,
lopunny-dudunsparce,Lopunny Dudunsparce,Fan Rotom [ASC 171],1,1,634,0.9018492176386913,0.42122698465016156,0.15457413249211358,0.0,0.0,,0.0,0.0,,,
lopunny-dudunsparce,Lopunny Dudunsparce,Fan Rotom [ASC 171],2,1,63,0.08961593172119488,0.4618824737872357,0.2698412698412698,0.033704996173125744,0.018630457722374504,0.07043017414741558,0.13253585353647834,0.057773408874036404,0.021786866491326606,0.2092249615781405,0.122086160399568
lopunny-dudunsparce,Lopunny Dudunsparce,Hero's Cape,0,0,526,0.748221906116643,0.41867326707686814,0.17110266159695817,0.0,0.0,,0.0,0.0,,,
lopunny-dudunsparce,Lopunny Dudunsparce,Hero's Cape,1,0,177,0.25177809388335703,0.4396637104264223,0.14124293785310735,-0.004683850872198445,0.013129270089513997,0.7212798962049953,-0.07500140807981481,0.036451124979692565,0.03962967125532234,0.842256956305452,0.17680189821204403
lopunny-dudunsparce,Lopunny Dudunsparce,Hilda,2,3,140,0.19914651493598862,0.4379166270237699,0.2,-0.007192071612409057,0.014903301288129313,0.6293922444854916,0.0015225689650206105,0.040591713838195154,0.9700788819596611,0.7661079108373069,0.9946766220975263
lopunny-dudunsparce,Lopunny Dudunsparce,Hilda,3,3,297,0.422475106685633,0.4286042707759879,0.16835016835016836,0.0,0.0,,0.0,0.0,,,
lopunny-dudunsparce,Lopunny Dudunsparce,Hilda,4,3,249,0.3541963015647226,0.41460024606729073,0.13654618473895583,-0.006223422059739809,0.012723841174522198,0.6247602555444656,-0.029837948054948597,0.03156999999513134,0.34458937486548047,0.7614783486012783,0.6384629748011623
lopunny-dudunsparce,Lopunny Dudunsparce,Judge,0,0,572,0.813655761024182,0.4256598918929235,0.16783216783216784,0.0,0.0,,0.0,0.0,,,
lopunny-dudunsparce,Lopunny Dudunsparce,Judge,1,0,115,0.16358463726884778,0.42447272534229064,0.1565217391304348,-0.01795769771613566,0.015141910850977743,0.23563817145554666,-0.038787133611373315,0.03871144950313506,0.3163652869166501,0.424239628491057,0.6049422287908486
lopunny-dudunsparce,Lopunny Dudunsparce,Lillie's Clefairy ex [ASC 280],0,0,609,0.8662873399715505,0.4274720801162412,0.17077175697865354,0.0,0.0,,0.0,0.0,,,
lopunny-dudunsparce,Lopunny Dudunsparce,Lillie's Clefairy ex [ASC 280],1,0,84,0.11948790896159317,0.4006762747834176,0.10714285714285714,-0.06352312688835544,0.025427848612802305,0.01248357809906543,-0.08142412077596559,0.060720834454236025,0.17993391794621982,0.06120032960602725,0.4542837104191649
lopunny-dudunsparce,Lopunny Dudunsparce,Lillie's Determination,3,4,285,0.40540540540540543,0.4085761589631559,0.14035087719298245,0.022527980756648865,0.013769911491121813,0.10183342347862201,0.013689898169511494,0.03254067163847523,0.6739733170520543,0.25569649228648533,0.8519690211428308
lopunny-dudunsparce,Lopunny Dudunsparce,Lillie's Determination,4,4,377,0.5362731152204836,0.43600212048487913,0.1883289124668435,0.0,0.0,,0.0,0.0,,,
lopunny-dudunsparce,Lopunny Dudunsparce,Mega Froslass ex [ASC 265],0,0,396,0.5633001422475107,0.41061781809330833,0.14393939393939395,0.0,0.0,,0.0,0.0,,,
lopunny-dudunsparce,Lopunny Dudunsparce,Mega Froslass ex [ASC 265],2,0,282,0.4011379800853485,0.44129079155674905,0.19148936170212766,0.00909235638546601,0.012430431030942733,0.4644985572289214,0.016668111936588775,0.03285939098951787,0.6119754482230759,0.647415297981058,0.8092463641728038
lopunny-dudunsparce,Lopunny Dudunsparce,Mega Lopunny ex [PFL 115],2,2,362,0.5149359886201992,0.43290063221002445,0.1712707182320442,0.0,0.0,,0.0,0.0,,,
lopunny-dudunsparce,Lopunny Dudunsparce,Mega Lopunny ex [PFL 115],3,2,341,0.4850640113798009,0.4144650626624061,0.15542521994134897,0.004762248482250508,0.011256868681419516,0.6722568248661334,0.0051207780707393374,0.028569482922709544,0.8577496978610853,0.8033862445409318,0.9544292042625164
lopunny-dudunsparce,Lopunny Dudunsparce,Meowth ex [POR 107],0,0,493,0.701280227596017,0.4206443985557457,0.1663286004056795,0.0,0.0,,0.0,0.0,,,
lopunny-dudunsparce,Lopunny Dudunsparce,Meowth ex [POR 107],1,0,210,0.29871977240398295,0.4317377463806035,0.15714285714285714,-0.007577245845568231,0.012697528710678554,0.550674536833841,-0.033050766302781316,0.0325455235362797,0.3098560234066584,0.7188492888498579,0.5983604421919445
lopunny-dudunsparce,Lopunny Dudunsparce,Mew ex [30C 152],0,0,613,0.871977240398293,0.4233824260908994,0.16476345840130505,0.0,0.0,,0.0,0.0,,,
lopunny-dudunsparce,Lopunny Dudunsparce,Mew ex [30C 152],2,0,59,0.08392603129445235,0.4229822437449556,0.1016949152542373,-0.0030117242850432116,0.031661027780990836,0.9242163182478157,0.04711482667481033,0.07248503484466469,0.515696195884076,0.9597229338641159,0.7575098101593009
lopunny-dudunsparce,Lopunny Dudunsparce,Moltres [PFL 14],0,0,422,0.6002844950213371,0.4411626814470416,0.1990521327014218,0.0,0.0,,0.0,0.0,,,
lopunny-dudunsparce,Lopunny Dudunsparce,Moltres [PFL 14],1,0,264,0.3755334281650071,0.3949906030788384,0.10606060606060606,-0.01277277507560731,0.014250010418241275,0.370074171663464,-0.05483580964204479,0.030253648568107284,0.06990350600003481,0.5640102218220953,0.2595860876404618
lopunny-dudunsparce,Lopunny Dudunsparce,Night Stretcher,0,1,286,0.406827880512091,0.41589793096888944,0.16783216783216784,0.003677016720946477,0.01267864988486534,0.7718036715753046,0.013655599490185055,0.03155626320561383,0.6652049988122839,0.8756636718243271,0.8490602693173457
lopunny-dudunsparce,Lopunny Dudunsparce,Night Stretcher,1,1,309,0.4395448079658606,0.42915373910519533,0.1779935275080906,0.0,0.0,,0.0,0.0,,,
lopunny-dudunsparce,Lopunny Dudunsparce,Night Stretcher,2,1,105,0.14935988620199148,0.4300377928949358,0.11428571428571428,-0.012799821851586471,0.01583704492439934,0.41896374998129315,-0.060954607703821204,0.03761837642522907,0.10515898896102051,0.6075080922131048,0.33555941269158973
lopunny-dudunsparce,Lopunny Dudunsparce,Pokégear 3.0,0,4,174,0.24751066856330015,0.43442855037682626,0.13793103448275862,-0.010952214482775632,0.01691688838466333,0.5173646453797429,-0.0317402781506886,0.04216663883377288,0.4516095543603992,0.6920787614322907,0.7231419356192283
lopunny-dudunsparce,Lopunny Dudunsparce,Pokégear 3.0,1,4,54,0.07681365576102418,0.44307703613259164,0.24074074074074073,0.006526494609284055,0.021530743960834205,0.7617950328224885,0.056426884496105056,0.06533758614646248,0.38779635115264965,0.8696765654209526,0.6709986893965695
lopunny-dudunsparce,Lopunny Dudunsparce,Pokégear 3.0,2,4,161,0.22901849217638692,0.4239034774749061,0.18012422360248448,-0.005151014730032458,0.01687454686316552,0.7601730776119395,0.030284298229329883,0.04045794274885034,0.45413585211007323,0.8691149702714653,0.7258275618941866
lopunny-dudunsparce,Lopunny Dudunsparce,Pokégear 3.0,3,4,124,0.1763869132290185,0.41870318301769915,0.1532258064516129,0.0020334495342348912,0.017361756750420076,0.9067631087684509,0.03805620433745335,0.04412518757040118,0.388434497017383,0.945285304733832,0.6709986893965695
lopunny-dudunsparce,Lopunny Dudunsparce,Pokégear 3.0,4,4,190,0.2702702702702703,0.41241175233435295,0.15789473684210525,0.0,0.0,,0.0,0.0,,,
lopunny-dudunsparce,Lopunny Dudunsparce,Prism Energy,0,0,628,0.8933143669985776,0.42805265251171953,0.1751592356687898,0.0,0.0,,0.0,0.0,,,
lopunny-dudunsparce,Lopunny Dudunsparce,Prism Energy,3,0,51,0.07254623044096728,0.3745828245828246,0.0784313725490196,-0.025537828261741488,0.03076224521200576,0.40644386596957516,-0.06521222026995518,0.047555194048207156,0.17028287974702883,0.5966803719265807,0.4408168070070972
lopunny-dudunsparce,Lopunny Dudunsparce,Psyduck [ASC 226],0,1,223,0.31721194879089615,0.4033397447536197,0.13901345291479822,0.001833049577872877,0.013738393819406296,0.893857022757057,0.006242877926129296,0.030261921655263733,0.8365606182221649,0.93773356611157,0.9421558923359922
lopunny-dudunsparce,Lopunny Dudunsparce,Psyduck [ASC 226],1,1,479,0.6813655761024182,0.4331996118008644,0.1732776617954071,0.0,0.0,,0.0,0.0,,,
lopunny-dudunsparce,Lopunny Dudunsparce,Shaymin [DRI 10],0,0,519,0.7382645803698435,0.424571242413813,0.1676300578034682,0.0,0.0,,0.0,0.0,,,
lopunny-dudunsparce,Lopunny Dudunsparce,Shaymin [DRI 10],1,0,184,0.26173541963015645,0.4222290239953283,0.15217391304347827,-0.01443436896626746,0.013670953677511873,0.29104034284174607,-0.029740303364949223,0.03337674298199029,0.37290304565401133,0.4810540918553321,0.6563418392392373
lopunny-dudunsparce,Lopunny Dudunsparce,Snorunt [ASC 227],0,0,396,0.5633001422475107,0.41061781809330833,0.14393939393939395,0.0,0.0,,0.0,0.0,,,
lopunny-dudunsparce,Lopunny Dudunsparce,Snorunt [ASC 227],2,0,288,0.4096728307254623,0.44106714080672416,0.1875,0.008415653132623283,0.012318797289853313,0.49450863920005517,0.012688565732881494,0.032449991278810965,0.6957831326782569,0.6713440973120676,0.8666621953032644
lopunny-dudunsparce,Lopunny Dudunsparce,Special Red Card,0,0,540,0.7681365576102418,0.43055505103707714,0.17777777777777778,0.0,0.0,,0.0,0.0,,,
lopunny-dudunsparce,Lopunny Dudunsparce,Special Red Card,1,0,160,0.22759601706970128,0.40325911935286934,0.1125,-0.0018143484105653208,0.020838603128605897,0.930618494253197,0.0006786162647689047,0.04281730147234924,0.9873547665524816,0.9632638471498487,0.9946766220975263
lopunny-dudunsparce,Lopunny Dudunsparce,Spiky Energy,0,0,615,0.8748221906116643,0.4205209642368896,0.15934959349593497,0.0,0.0,,0.0,0.0,,,
lopunny-dudunsparce,Lopunny Dudunsparce,Spiky Energy,3,0,61,0.08677098150782361,0.45673001861526447,0.19672131147540983,-0.006849114805631447,0.019353335274548713,0.7234150100006134,-0.03151727072505821,0.0590655314325664,0.5936194429174924,0.8436781652164514,0.802259217707611
lopunny-dudunsparce,Lopunny Dudunsparce,Stunfisk [ASC 62],0,0,652,0.9274537695590327,0.42637732846366916,0.1687116564417178,0.0,0.0,,0.0,0.0,,,
lopunny-dudunsparce,Lopunny Dudunsparce,Stunfisk [ASC 62],1,0,49,0.06970128022759602,0.39376728713463405,0.10204081632653061,0.0024656175545887836,0.026538808345976234,0.9259781484602108,-0.023415109170771,0.050628201075139045,0.643728945819797,0.9604671765631306,0.8379417864141551
lopunny-dudunsparce,Lopunny Dudunsparce,Ultra Ball,3,4,189,0.26884779516358465,0.4335042089010344,0.13756613756613756,0.014238458201008624,0.012454382890676435,0.2529353092621949,-0.026870319459366094,0.03195939953444406,0.400480038210111,0.4470145177153021,0.6791384705476604
lopunny-dudunsparce,Lopunny Dudunsparce,Ultra Ball,4,4,500,0.7112375533428165,0.4241293696499579,0.178,0.0,0.0,,0.0,0.0,,,
lopunny-dudunsparce,Lopunny Dudunsparce,Wally's Compassion,3,4,121,0.1721194879089616,0.4026971880277666,0.10743801652892562,-0.051465141048085736,0.018751379423195987,0.006058365854693797,-0.09965532815800957,0.045459049294536154,0.028365068003542614,0.03592024658363613,0.1462924777552363
lopunny-dudunsparce,Lopunny Dudunsparce,Wally's Compassion,4,4,563,0.8008534850640113,0.4295144801100292,0.1811722912966252,0.0,0.0,,0.0,0.0,,,
lucario-hariyama,Lucario Hariyama,Air Balloon,1,2,276,0.38440111420612816,0.3934323794831041,0.10144927536231885,-0.004957531138474873,0.013304714474470458,0.7094352894866687,-0.015955203600776076,0.025244808969143634,0.5273743407634,0.8347900525457728,0.764443247888903
lucario-hariyama,Lucario Hariyama,Air Balloon,2,2,367,0.5111420612813371,0.39713215183242423,0.11716621253405994,0.0,0.0,,0.0,0.0,,,
lucario-hariyama,Lucario Hariyama,Air Balloon,3,2,62,0.08635097493036212,0.43749556894718183,0.12903225806451613,0.039377552913644795,0.01987292151935863,0.04753884353393834,0.0037469061224639517,0.0439980717713336,0.9321336423546609,0.15691819245990252,0.9788190468625736
lucario-hariyama,Lucario Hariyama,Battle Cage,0,0,642,0.8941504178272981,0.40752013072885346,0.12305295950155763,0.0,0.0,,0.0,0.0,,,
lucario-hariyama,Lucario Hariyama,Battle Cage,1,0,58,0.0807799442896936,0.31941521122555605,0.034482758620689655,-0.08182873947496792,0.02296123091077977,0.0003655545522975933,-0.08447896718230513,0.026502020777337165,0.0014343777100693823,0.0041474646118702255,0.017575908207383497
lucario-hariyama,Lucario Hariyama,Black Belt's Training,0,0,556,0.7743732590529248,0.3960224261483254,0.11330935251798561,0.0,0.0,,0.0,0.0,,,
lucario-hariyama,Lucario Hariyama,Black Belt's Training,1,0,159,0.2214484679665738,0.4108943641962511,0.11320754716981132,0.010281946087491655,0.014651560148618292,0.48282598555952494,-0.0005419172114595489,0.02935862968172041,0.985273058431276,0.662264299595826,0.9946766220975263
lucario-hariyama,Lucario Hariyama,Boss's Orders,2,2,657,0.915041782729805,0.4023683810974526,0.1156773211567732,0.0,0.0,,0.0,0.0,,,
lucario-hariyama,Lucario Hariyama,Boss's Orders,3,2,40,0.055710306406685235,0.3551677489177489,0.05,-0.046763039183354435,0.025734972532262805,0.06920168026006814,-0.06823861232070437,0.031073028738470242,0.028086781235984834,0.20772686291076548,0.14582910709531108
lucario-hariyama,Lucario Hariyama,Carmine,0,0,607,0.8454038997214485,0.3953150486099415,0.11037891268533773,0.0,0.0,,0.0,0.0,,,
lucario-hariyama,Lucario Hariyama,Carmine,1,0,42,0.0584958217270195,0.42900968079539503,0.14285714285714285,0.01760309942183362,0.020608487640474387,0.3930122133142062,0.01356327325383716,0.056605113415523024,0.8106309403160106,0.5834866301062287,0.9298519473788963
lucario-hariyama,Lucario Hariyama,Carmine,2,0,56,0.07799442896935933,0.41602346066631785,0.125,0.023694409318586126,0.02461047307680034,0.33565920306672603,0.009127362991644778,0.04534511780795871,0.8404745073529714,0.530930822062515,0.9454052292012003
lucario-hariyama,Lucario Hariyama,Ciphermaniac's Codebreaking,0,0,630,0.8774373259052924,0.39605172017870427,0.10952380952380952,0.0,0.0,,0.0,0.0,,,
lucario-hariyama,Lucario Hariyama,Ciphermaniac's Codebreaking,1,0,63,0.08774373259052924,0.4222512936798651,0.15873015873015872,0.033006673990818844,0.02116674845786507,0.1189101574253078,0.055438552221080635,0.047912571762151676,0.24724075404251145,0.2836155866220862,0.547643052164719
lucario-hariyama,Lucario Hariyama,Cornerstone Mask Ogerpon ex [PRE 160],0,0,634,0.883008356545961,0.40296310623597686,0.12302839116719243,0.0,0.0,,0.0,0.0,,,
lucario-hariyama,Lucario Hariyama,Cornerstone Mask Ogerpon ex [PRE 160],1,0,82,0.11420612813370473,0.36764421215640725,0.036585365853658534,-0.05397551888332558,0.018660102052037462,0.0038211266331833363,-0.08000953301992575,0.025972904583701804,0.002066533426622464,0.025263419970471122,0.02344622492674129
lucario-hariyama,Lucario Hariyama,Fezandipiti ex [ASC 142],0,0,670,0.9331476323119777,0.4018734278435771,0.11940298507462686,0.0,0.0,,0.0,0.0,,,
lucario-hariyama,Lucario Hariyama,Fezandipiti ex [ASC 142],1,0,48,0.06685236768802229,0.35605158730158726,0.020833333333333332,-0.054368269843164646,0.02274204932294966,0.01681859827775733,-0.08432225079729892,0.025713794000892343,0.001040791993197414,0.07655907782989425,0.014945122527319115
lucario-hariyama,Lucario Hariyama,Genesect [SFA 40],0,0,625,0.8704735376044568,0.388438741998742,0.1072,0.0,0.0,,0.0,0.0,,,
lucario-hariyama,Lucario Hariyama,Genesect [SFA 40],1,0,93,0.12952646239554316,0.46851031286515155,0.15053763440860216,0.0722795311060788,0.015880735517720443,5.32908989376737e-06,0.041540474458900016,0.04001575109027372,0.299222067642105,0.00018836283124508513,0.5952058012188193
lucario-hariyama,Lucario Hariyama,Gravity Mountain,1,2,229,0.318941504178273,0.38545839168109913,0.1091703056768559,-0.019932823418607,0.013550692918422865,0.14129602378004452,-0.0003952105735682415,0.024902319909092127,0.9873377589153929,0.3159392843159633,0.9946766220975263
lucario-hariyama,Lucario Hariyama,Gravity Mountain,2,2,419,0.5835654596100278,0.40797315033591885,0.11694510739856802,0.0,0.0,,0.0,0.0,,,
lucario-hariyama,Lucario Hariyama,Hero's Cape,0,0,662,0.9220055710306406,0.40146216936247153,0.11329305135951662,0.0,0.0,,0.0,0.0,,,
lucario-hariyama,Lucario Hariyama,Hero's Cape,1,0,56,0.07799442896935933,0.36745922728065583,0.10714285714285714,-0.02632634409911593,0.021514967681216485,0.22109211438848542,0.0006852753197680323,0.04358709053923674,0.9874561925003369,0.41047202651114767,0.9946766220975263
lucario-hariyama,Lucario Hariyama,Hilda,0,0,646,0.8997214484679665,0.40342554189303415,0.11919504643962849,0.0,0.0,,0.0,0.0,,,
lucario-hariyama,Lucario Hariyama,Hilda,1,0,40,0.055710306406685235,0.34548382173382175,0.05,-0.06085250799285106,0.027945725252897475,0.02944143829780575,-0.04941570322737947,0.03778829628415837,0.1909755486911081,0.11486562500571522,0.46926879477841804
lucario-hariyama,Lucario Hariyama,Judge,0,2,65,0.0905292479108635,0.3778998778998779,0.07692307692307693,-0.03095080771381049,0.019790007644582483,0.11782663775127669,-0.036657902764026494,0.03131052585241513,0.24168509623092116,0.2836155866220862,0.5404102273387265
lucario-hariyama,Lucario Hariyama,Judge,1,2,101,0.14066852367688024,0.3661497468428162,0.0594059405940594,-0.04418726112297838,0.017055953958090883,0.009577440181365512,-0.05040075533089177,0.02936689139862296,0.08611736710745792,0.049726935178954275,0.29752579087125497
lucario-hariyama,Lucario Hariyama,Judge,2,2,491,0.6838440111420613,0.4020514730799864,0.11608961303462322,0.0,0.0,,0.0,0.0,,,
lucario-hariyama,Lucario Hariyama,Judge,3,2,54,0.07520891364902507,0.43952331961591223,0.2037037037037037,0.04620013659569639,0.021262918802760655,0.0297951373997608,0.09736222666657053,0.05434015084100542,0.07317814887795984,0.11553473109865053,0.26793115067268963
lucario-hariyama,Lucario Hariyama,Maximum Belt,0,0,398,0.5543175487465181,0.40304864036019816,0.12562814070351758,0.0,0.0,,0.0,0.0,,,
lucario-hariyama,Lucario Hariyama,Maximum Belt,1,0,320,0.4456824512534819,0.39353848119473117,0.096875,-0.010433455229638455,0.01254931119334332,0.4057495934624594,-0.01636240350358677,0.024402315361812206,0.5025221044924559,0.5966142022272003,0.7509232748431983
lucario-hariyama,Lucario Hariyama,Mega Signal,0,0,631,0.8788300835654597,0.39865071830206533,0.11727416798732171,0.0,0.0,,0.0,0.0,,,
lucario-hariyama,Lucario Hariyama,Mega Signal,1,0,81,0.11281337047353761,0.4086057974946864,0.08641975308641975,-0.00765431207516723,0.019674665637797503,0.6972435431805669,-0.0516860593322298,0.03775484873083438,0.1710019953709535,0.8229771662232186,0.4414349262525457
lucario-hariyama,Lucario Hariyama,Meowth ex [POR 107],0,1,106,0.14763231197771587,0.37651002037794495,0.0660377358490566,-0.021117392621659927,0.016763294310459215,0.20776316529422423,-0.03802250603848869,0.02806981250366725,0.17555482283366153,0.39636546566632386,0.448152450511486
lucario-hariyama,Lucario Hariyama,Meowth ex [POR 107],1,1,611,0.850974930362117,0.40264966287879544,0.12111292962356793,0.0,0.0,,0.0,0.0,,,
lucario-hariyama,Lucario Hariyama,Night Stretcher,0,0,320,0.4456824512534819,0.42568751271876265,0.1375,0.0,0.0,,0.0,0.0,,,
lucario-hariyama,Lucario Hariyama,Night Stretcher,1,0,165,0.2298050139275766,0.3987521401157764,0.13333333333333333,-0.026932106701087033,0.014894484702718286,0.0705764288239647,0.0005237148483668041,0.031173272646156817,0.9865960709118474,0.2092249615781405,0.9946766220975263
lucario-hariyama,Lucario Hariyama,Night Stretcher,2,0,215,0.2994428969359331,0.36739336890499685,0.05581395348837209,-0.05882526100926973,0.013870277187759154,2.22424971987688e-05,-0.064131962137235,0.02445000552224776,0.0087163482454966,0.0005524555385315818,0.06209553517528197
lucario-hariyama,Lucario Hariyama,Poké Pad,2,3,48,0.06685236768802229,0.3380252849002849,0.041666666666666664,-0.05959479602170026,0.022754986715569074,0.008819378934161817,-0.055963868241571964,0.03047086393867695,0.06626373352839968,0.04631433851711263,0.25268203781161536
lucario-hariyama,Lucario Hariyama,Poké Pad,3,3,353,0.49164345403899723,0.3905223330860725,0.10764872521246459,0.0,0.0,,0.0,0.0,,,
lucario-hariyama,Lucario Hariyama,Poké Pad,4,3,311,0.4331476323119777,0.4198444731402931,0.13183279742765272,0.02434459984665894,0.012573560084682451,0.0528463964099432,0.010044720294938954,0.024575860722407066,0.6827429298462817,0.17040645017802739,0.859245302689743
lucario-hariyama,Lucario Hariyama,Riolu [ASC 112],3,3,433,0.6030640668523677,0.40796614855506314,0.11316397228637413,0.0,0.0,,0.0,0.0,,,
lucario-hariyama,Lucario Hariyama,Riolu [ASC 112],4,3,276,0.38440111420612816,0.38591234315872,0.11231884057971014,-0.02223591039140982,0.01222514458295101,0.06893174426029261,0.0031997935886415516,0.024291824768885244,0.8952033420424836,0.20772686291076548,0.9621545495957385
lucario-hariyama,Lucario Hariyama,Rocky Fighting Energy,0,2,239,0.3328690807799443,0.4293768295860346,0.14644351464435146,0.04144719566896682,0.013791158292625907,0.002652793186289604,0.05115256080815515,0.028195188972846414,0.06964230628608357,0.019196196363780678,0.2595860876404618
lucario-hariyama,Lucario Hariyama,Rocky Fighting Energy,1,2,62,0.08635097493036212,0.3766946315333412,0.11290322580645161,-0.01265275289650332,0.021801767393289193,0.5616756101906135,-0.004751973796088802,0.03559022593932671,0.893782885226973,0.7290676352615449,0.9621545495957385
lucario-hariyama,Lucario Hariyama,Rocky Fighting Energy,2,2,334,0.46518105849582175,0.38886914538112144,0.09281437125748503,0.0,0.0,,0.0,0.0,,,
lucario-hariyama,Lucario Hariyama,Rocky Fighting Energy,3,2,78,0.10863509749303621,0.3662895153279768,0.08974358974358974,-0.02314590071399441,0.019017103064676126,0.22356247841910337,0.003576305616050421,0.03729989594753189,0.9236160580949135,0.4125580676047309,0.9767585240382343
lucario-hariyama,Lucario Hariyama,Scoop Up Cyclone,0,0,651,0.9066852367688022,0.40248423136287953,0.11059907834101383,0.0,0.0,,0.0,0.0,,,
lucario-hariyama,Lucario Hariyama,Scoop Up Cyclone,1,0,67,0.09331476323119778,0.36311101833489895,0.13432835820895522,-0.032126527919254806,0.022389762603383895,0.1513225006166883,0.043909399914790655,0.04530792892289733,0.3324789355197433,0.33089058801937643,0.6254298540341068
lucario-hariyama,Lucario Hariyama,Secret Box,0,0,598,0.8328690807799443,0.39014854370205543,0.11036789297658862,0.0,0.0,,0.0,0.0,,,
lucario-hariyama,Lucario Hariyama,Secret Box,1,0,120,0.1671309192200557,0.44197369759869765,0.125,0.03146812658571166,0.017081591919407033,0.06544232282394222,-0.022398197982214266,0.03614406509616512,0.535460401528822,0.19914402210332086,0.7702373318458398
lucario-hariyama,Lucario Hariyama,Shaymin [DRI 10],0,0,643,0.8955431754874652,0.3956745719576202,0.1119751166407465,0.0,0.0,,0.0,0.0,,,
lucario-hariyama,Lucario Hariyama,Shaymin [DRI 10],1,0,75,0.10445682451253482,0.42569230769230765,0.12,0.02472837737844242,0.01925232063863076,0.19898937686840013,-0.02734861110571649,0.03793269642859249,0.47092351281679556,0.3866199520973778,0.737828473174875
lucario-hariyama,Lucario Hariyama,Solrock [ASC 106],2,3,322,0.44846796657381616,0.38744949839670334,0.09006211180124224,-0.024842586286420477,0.011666098964825079,0.03321554653047062,-0.03530813148334912,0.022804501777611445,0.12155091411297464,0.12408572057521342,0.3591809970090794
lucario-hariyama,Lucario Hariyama,Solrock [ASC 106],3,3,394,0.5487465181058496,0.4088500872130314,0.1319796954314721,0.0,0.0,,0.0,0.0,,,
lucario-hariyama,Lucario Hariyama,Special Red Card,0,0,584,0.8133704735376045,0.4018972687637071,0.11986301369863013,0.0,0.0,,0.0,0.0,,,
lucario-hariyama,Lucario Hariyama,Special Red Card,1,0,129,0.1796657381615599,0.3873874833177159,0.08527131782945736,-0.025196122180064784,0.017922346537063615,0.15976881533376264,-0.04818254300297893,0.03808193865278042,0.20578765130097532,0.337534577682133,0.49121779622232814
lucario-hariyama,Lucario Hariyama,Switch,0,1,74,0.10306406685236769,0.4096764346764347,0.12162162162162163,0.004400247894507776,0.019270058311287662,0.8193769773812998,0.01994496591875046,0.03711824142557086,0.59103556974445,0.8962421641934852,0.8021132376632292
lucario-hariyama,Lucario Hariyama,Switch,1,1,430,0.5988857938718662,0.4011192812355604,0.11395348837209303,0.0,0.0,,0.0,0.0,,,
lucario-hariyama,Lucario Hariyama,Switch,2,1,212,0.29526462395543174,0.3911477629638007,0.10849056603773585,-0.016508960518326666,0.013603659193636661,0.22491287225465795,-0.00781720070168095,0.02571220564633084,0.7611074409964911,0.4133898592040613,0.9005075586934044
lucario-hariyama,Lucario Hariyama,Tarragon,0,0,607,0.8454038997214485,0.4004783550088328,0.11532125205930807,0.0,0.0,,0.0,0.0,,,
lucario-hariyama,Lucario Hariyama,Tarragon,1,0,108,0.15041782729805014,0.38978683353683363,0.10185185185185185,-0.016627121934294567,0.01762916507922118,0.3455991104314492,-0.021236703421390273,0.03286914208148627,0.5182155662371641,0.5405778507288117,0.7575098101593009
lucario-hariyama,Lucario Hariyama,Team Rocket's Petrel,0,0,369,0.5139275766016713,0.39571466373634395,0.11382113821138211,0.0,0.0,,0.0,0.0,,,
lucario-hariyama,Lucario Hariyama,Team Rocket's Petrel,1,0,336,0.467966573816156,0.4008986962111962,0.11607142857142858,-0.00039227410289176777,0.012383841536402014,0.9747302066436985,-0.004149385872649802,0.024112746310972828,0.863372533390065,0.9885758094179317,0.9544292042625164
lucario-hariyama,Lucario Hariyama,Team Rocket's Watchtower,0,0,580,0.807799442896936,0.399066946782464,0.11724137931034483,0.0,0.0,,0.0,0.0,,,
lucario-hariyama,Lucario Hariyama,Team Rocket's Watchtower,1,0,114,0.15877437325905291,0.39215854807960077,0.07894736842105263,-0.00547063552638268,0.01635778110530559,0.7380503634216184,-0.02859534343174316,0.027722654999516785,0.3023161331365697,0.8563993484652365,0.5955221872467037
lucario-hariyama,Lucario Hariyama,Tool Scrapper,0,0,630,0.8774373259052924,0.400283264648344,0.11746031746031746,0.0,0.0,,0.0,0.0,,,
lucario-hariyama,Lucario Hariyama,Tool Scrapper,1,0,88,0.12256267409470752,0.3882638195138195,0.07954545454545454,-0.012855841352824481,0.017975574195903808,0.4744954128698896,-0.026249532184788326,0.030500288331656498,0.38944061054029677,0.6547466733144574,0.6714745236145079
lucario-hariyama,Lucario Hariyama,Ultra Ball,2,4,59,0.08217270194986072,0.34826350673808293,0.01694915254237288,-0.07901770538152844,0.01931060350645942,4.27791342233703e-05,-0.12285322940746037,0.025669320357418778,1.7014260502858187e-06,0.000854652703288637,0.00011500995456723133
lucario-hariyama,Lucario Hariyama,Ultra Ball,3,4,292,0.40668523676880225,0.39043038392353463,0.07876712328767123,-0.03331671880294512,0.012393538826722323,0.0071831277088770075,-0.081535737177651,0.025383862500369635,0.0013176430046757954,0.04025179490523152,0.017298770304243656
lucario-hariyama,Lucario Hariyama,Ultra Ball,4,4,358,0.4986072423398329,0.41617006260861006,0.15921787709497207,0.0,0.0,,0.0,0.0,,,
lucario-hariyama,Lucario Hariyama,Unfair Stamp,0,0,578,0.8050139275766016,0.3971224741553461,0.11245674740484429,0.0,0.0,,0.0,0.0,,,
lucario-hariyama,Lucario Hariyama,Unfair Stamp,1,0,140,0.19498607242339833,0.40577773417059126,0.11428571428571428,0.01791717550929643,0.014869146458386752,0.22820709178167387,-0.00025028187341298407,0.03157598306369461,0.9936757645449206,0.4152917175195214,0.9969301611536922
lucario-hariyama,Lucario Hariyama,Wally's Compassion,0,1,108,0.15041782729805014,0.4392933455433456,0.1574074074074074,0.031700002112550474,0.01835578447135524,0.08417194575255453,0.025755341397517773,0.037438041238997175,0.49148694423135997,0.22751181807822826,0.7412914553657087
lucario-hariyama,Lucario Hariyama,Wally's Compassion,1,1,434,0.6044568245125348,0.40015801317644645,0.12211981566820276,0.0,0.0,,0.0,0.0,,,
lucario-hariyama,Lucario Hariyama,Wally's Compassion,2,1,170,0.23676880222841226,0.37318674789263023,0.06470588235294118,-0.024439290285103395,0.014729327830533092,0.09707017021963953,-0.035168867312692864,0.024218644626040824,0.14646262775807561,0.24941790078055978,0.3958798673813867
mega-excadrill-ex,Mega Excadrill,Air Balloon,0,0,328,0.7961165048543689,0.41764142023288353,0.1676829268292683,0.0,0.0,,0.0,0.0,,,
mega-excadrill-ex,Mega Excadrill,Air Balloon,1,0,81,0.1966019417475728,0.396024208987172,0.07407407407407407,-0.03285265088104836,0.018562483247948205,0.0767535691442194,-0.1089180253722695,0.03838522728999985,0.004546855853623537,0.21439674785269794,0.04137188643049535
mega-excadrill-ex,Mega Excadrill,Beldum [CRI 59],0,0,236,0.5728155339805825,0.42310447321040545,0.17796610169491525,0.0,0.0,,0.0,0.0,,,
mega-excadrill-ex,Mega Excadrill,Beldum [CRI 59],4,0,119,0.28883495145631066,0.3902961184473791,0.09243697478991597,-0.028048345353033282,0.017987367014236654,0.11891692241121125,-0.05295295002097208,0.03813087879281889,0.16491921825911637,0.2836155866220862,0.43179704153882603
mega-excadrill-ex,Mega Excadrill,Beldum [TEF 113],0,4,125,0.30339805825242716,0.387504761904762,0.088,-0.03045042245702991,0.017776619926691203,0.08672213853708421,-0.05680339311299342,0.0376599505284374,0.1314717194645605,0.23235465106583203,0.37543675474363764
mega-excadrill-ex,Mega Excadrill,Beldum [TEF 113],4,4,228,0.5533980582524272,0.42364886575412897,0.17982456140350878,0.0,0.0,,0.0,0.0,,,
mega-excadrill-ex,Mega Excadrill,Boss's Orders,0,1,76,0.18446601941747573,0.42823725981620725,0.19736842105263158,-0.0097122635489555,0.021554961627503148,0.6522913160893841,-0.022954815338417665,0.05419156706594766,0.6718674143863848,0.7846279050865759,0.8519690211428308
mega-excadrill-ex,Mega Excadrill,Boss's Orders,1,1,137,0.3325242718446602,0.4318917497749614,0.19708029197080293,0.0,0.0,,0.0,0.0,,,
mega-excadrill-ex,Mega Excadrill,Boss's Orders,2,1,134,0.32524271844660196,0.39562854227033334,0.11194029850746269,-0.03915825816428098,0.018713540385157643,0.03639297653709269,-0.07629934430721194,0.04202070320180153,0.06940780828128688,0.1327188311015404,0.2595860876404618
mega-excadrill-ex,Mega Excadrill,Boss's Orders,3,1,63,0.1529126213592233,0.3879881582262535,0.06349206349206349,-0.03242407530779422,0.02466573446122125,0.1886648091104417,-0.1139629350695908,0.04661582989793616,0.014496219405946973,0.37286657972579773,0.08940956801386085
mega-excadrill-ex,Mega Excadrill,Brock's Scouting,0,0,142,0.3446601941747573,0.3908450704225352,0.08450704225352113,0.0,0.0,,0.0,0.0,,,
mega-excadrill-ex,Mega Excadrill,Brock's Scouting,2,0,73,0.17718446601941748,0.4132537173633064,0.2054794520547945,0.014318105943748369,0.0217355177549005,0.5100612358734702,0.09672406440613054,0.05083113563905176,0.05706002333881694,0.684376403912402,0.23243461987529013
mega-excadrill-ex,Mega Excadrill,Brock's Scouting,3,0,56,0.13592233009708737,0.4176543694400837,0.14285714285714285,0.013347724338930486,0.023667481229733407,0.5727752694463712,0.014109751667913784,0.0533690319302943,0.7914864424910399,0.7341443680204891,0.9195651588486292
mega-excadrill-ex,Mega Excadrill,Brock's Scouting,4,0,105,0.25485436893203883,0.4491438455724171,0.20952380952380953,0.04799470860889929,0.02054483755897481,0.01948624947703052,0.07212718405374985,0.044814593622841514,0.10751633978714294,0.08609549648745696,0.3383819050150149
mega-excadrill-ex,Mega Excadrill,Buddy-Buddy Poffin,1,4,67,0.16262135922330098,0.3866560056858564,0.08955223880597014,-0.015757406331589625,0.022332778795621,0.480453703239732,-0.061108341231429955,0.04534593239960437,0.1777859157519397,0.6599954458554764,0.45259073843776343
mega-excadrill-ex,Mega Excadrill,Buddy-Buddy Poffin,3,4,44,0.10679611650485436,0.42245670995670986,0.09090909090909091,-0.008583662123282904,0.02171134347764167,0.6925818006430258,-0.068262284130467,0.0457481153583789,0.13566421634143175,0.8191540216099623,0.38010797200541396
mega-excadrill-ex,Mega Excadrill,Buddy-Buddy Poffin,4,4,265,0.6432038834951457,0.42046593867348586,0.17735849056603772,0.0,0.0,,0.0,0.0,,,
mega-excadrill-ex,Mega Excadrill,Drilbur [PBL 46],3,3,234,0.5679611650485437,0.41875228285484695,0.15384615384615385,0.0,0.0,,0.0,0.0,,,
mega-excadrill-ex,Mega Excadrill,Drilbur [PBL 46],4,3,163,0.39563106796116504,0.40861892027536206,0.147239263803681,-0.015691680044770732,0.015459713176305536,0.31010363303781197,-0.007811117894546221,0.035513775630860084,0.8259131009172354,0.502619468715607,0.9347464775159351
mega-excadrill-ex,Mega Excadrill,Empoleon ex [PFL 114],0,0,319,0.7742718446601942,0.4093334826093447,0.14733542319749215,0.0,0.0,,0.0,0.0,,,
mega-excadrill-ex,Mega Excadrill,Empoleon ex [PFL 114],1,0,88,0.21359223300970873,0.42643016705516695,0.1590909090909091,0.004286817893609286,0.01876443342884235,0.8192929810367375,0.0139728234999838,0.042210349467575105,0.7406230506245278,0.8962421641934852,0.8947280753633073
mega-excadrill-ex,Mega Excadrill,Energy Recycler,0,1,69,0.16747572815533981,0.43412698412698414,0.14492753623188406,0.023663339468093864,0.023236393968024,0.30850025340848597,-0.0009743701788416798,0.04353242268626189,0.9821427348719911,0.502619468715607,0.9946766220975263
mega-excadrill-ex,Mega Excadrill,Energy Recycler,1,1,321,0.779126213592233,0.41064153914621204,0.1557632398753894,0.0,0.0,,0.0,0.0,,,
mega-excadrill-ex,Mega Excadrill,Fezandipiti ex [ASC 142],0,1,159,0.3859223300970874,0.4080417137020911,0.1320754716981132,-0.004625495752264928,0.015708661018257866,0.7684101487876311,0.0004591477454670232,0.03412501551162977,0.9892648885714245,0.8738885463136921,0.9946766220975263
mega-excadrill-ex,Mega Excadrill,Fezandipiti ex [ASC 142],1,1,253,0.6140776699029126,0.4153585544889893,0.15810276679841898,0.0,0.0,,0.0,0.0,,,
mega-excadrill-ex,Mega Excadrill,Gravity Mountain,0,0,245,0.5946601941747572,0.42029553213226684,0.17551020408163265,0.0,0.0,,0.0,0.0,,,
mega-excadrill-ex,Mega Excadrill,Gravity Mountain,1,0,164,0.39805825242718446,0.39934110604842316,0.10975609756097561,-0.015329352741600494,0.016054281291214043,0.33965600741813373,-0.05866268556954875,0.03412589157206454,0.08561288882961215,0.5356744634396612,0.29752579087125497
mega-excadrill-ex,Mega Excadrill,Hero's Cape,0,1,151,0.36650485436893204,0.4171633554083885,0.17218543046357615,0.013791882243464518,0.015889831162322336,0.38541125597363846,0.02391211611678485,0.037483588840334925,0.5235155959157494,0.5778888797237776,0.7612513174787559
mega-excadrill-ex,Mega Excadrill,Hero's Cape,1,1,261,0.633495145631068,0.4098570118685061,0.13409961685823754,0.0,0.0,,0.0,0.0,,,
mega-excadrill-ex,Mega Excadrill,Judge,0,0,332,0.8058252427184466,0.40925221030642717,0.1355421686746988,0.0,0.0,,0.0,0.0,,,
mega-excadrill-ex,Mega Excadrill,Judge,1,0,54,0.13106796116504854,0.4089715325826436,0.2037037037037037,0.008416310645217593,0.020220772372515745,0.6772482745724617,0.07102706755381225,0.05981068019533453,0.23501803400182208,0.8083002134183017,0.5332878351794432
mega-excadrill-ex,Mega Excadrill,Jumbo Ice Cream,1,2,52,0.1262135922330097,0.4638624729970884,0.19230769230769232,0.050827924654340946,0.02482978055824691,0.040652691702417774,0.002264207533438936,0.06150211046790037,0.9706324187710949,0.14314108687556296,0.9946766220975263
mega-excadrill-ex,Mega Excadrill,Jumbo Ice Cream,2,2,189,0.4587378640776699,0.4063453301548539,0.14814814814814814,0.0,0.0,,0.0,0.0,,,
mega-excadrill-ex,Mega Excadrill,Jumbo Ice Cream,3,2,88,0.21359223300970873,0.4139991952491952,0.10227272727272728,-0.0004166257858988359,0.01922691218747493,0.9827120825886885,-0.04646914435130943,0.04028312509902813,0.24867915383342465,0.989497125903489,0.547643052164719
mega-excadrill-ex,Mega Excadrill,Jumbo Ice Cream,4,2,65,0.15776699029126215,0.391013431013431,0.18461538461538463,-0.0020417618838149583,0.02350224520932173,0.9307707249935426,0.05363690111700944,0.0526945267486122,0.30873321739675663,0.9632638471498487,0.5983604421919445
mega-excadrill-ex,Mega Excadrill,Kieran,0,1,108,0.2621359223300971,0.40898001175778953,0.17592592592592593,0.012525458647543397,0.01804019786815829,0.487488903154529,0.040826471686691436,0.04076857488009354,0.31662373454667914,0.6667215449383429,0.6049422287908486
mega-excadrill-ex,Mega Excadrill,Kieran,1,1,254,0.616504854368932,0.41127851806985666,0.1377952755905512,0.0,0.0,,0.0,0.0,,,
mega-excadrill-ex,Mega Excadrill,Kieran,2,1,50,0.12135922330097088,0.4265952380952382,0.14,0.00984290008857526,0.02438758964543321,0.6865048075849807,-0.009473984830844193,0.05362863966261586,0.8597762039218579,0.8141512014449456,0.9544292042625164
mega-excadrill-ex,Mega Excadrill,Lillie's Determination,0,0,154,0.3737864077669903,0.42736073450359163,0.16883116883116883,0.0,0.0,,0.0,0.0,,,
mega-excadrill-ex,Mega Excadrill,Lillie's Determination,2,0,92,0.22330097087378642,0.42910063969846574,0.1956521739130435,0.012287617029149156,0.020463174284401267,0.5481899630417548,0.05730049251120149,0.05094568852740756,0.26070056748411286,0.7170452174997797,0.5584704464286706
mega-excadrill-ex,Mega Excadrill,Lillie's Determination,3,0,56,0.13592233009708737,0.36530612244897964,0.07142857142857142,-0.06072793833536252,0.02464125033452455,0.013721113775672113,-0.07009318317851336,0.044475801973777755,0.11502933059580354,0.06499847195795191,0.34976116372025495
mega-excadrill-ex,Mega Excadrill,Lillie's Determination,4,0,88,0.21359223300970873,0.4051198801198801,0.11363636363636363,-0.026950290533452444,0.020353662251905318,0.1854697320604224,-0.039882910943557934,0.042633827778416795,0.34954318789717176,0.369732502740842,0.6411072220510599
mega-excadrill-ex,Mega Excadrill,Mega Skarmory ex [POR 106],0,1,92,0.22330097087378642,0.40598821468386687,0.09782608695652174,-0.007378897985731626,0.01899060571056843,0.6976052366571135,-0.05074157104958622,0.03924694564239114,0.19605274230546388,0.8229771662232186,0.4779110614820194
mega-excadrill-ex,Mega Excadrill,Mega Skarmory ex [POR 106],1,1,319,0.7742718446601942,0.41446216618630416,0.16300940438871472,0.0,0.0,,0.0,0.0,,,
mega-excadrill-ex,Mega Excadrill,Metagross [CRI 61],1,1,261,0.633495145631068,0.42739381733634607,0.16091954022988506,0.0,0.0,,0.0,0.0,,,
mega-excadrill-ex,Mega Excadrill,Metagross [CRI 61],2,1,147,0.3567961165048544,0.3893280755525653,0.1292517006802721,-0.025020062616878478,0.01647572017600094,0.12886269204228554,-0.025651410862746776,0.03674563004401154,0.48512680003996245,0.29680404507985064,0.7412914553657087
mega-excadrill-ex,Mega Excadrill,Night Stretcher,0,0,303,0.7354368932038835,0.41261802004376263,0.1617161716171617,0.0,0.0,,0.0,0.0,,,
mega-excadrill-ex,Mega Excadrill,Night Stretcher,1,0,95,0.23058252427184467,0.43283015230383654,0.12631578947368421,0.0022259206359096983,0.016640896668774555,0.8935907284329445,-0.04649574505951797,0.04041772312976361,0.24998734577296655,0.93773356611157,0.547643052164719
mega-excadrill-ex,Mega Excadrill,Piplup [PFL 27],0,0,319,0.7742718446601942,0.4093334826093447,0.14733542319749215,0.0,0.0,,0.0,0.0,,,
mega-excadrill-ex,Mega Excadrill,Piplup [PFL 27],2,0,66,0.16019417475728157,0.4424311799311799,0.18181818181818182,0.016532884429261117,0.021626971826175293,0.4445951056028751,0.03378697122172067,0.04898001632224948,0.4903128296271785,0.6344455000761525,0.7412914553657087
mega-excadrill-ex,Mega Excadrill,Pokégear 3.0,0,2,152,0.36893203883495146,0.4107739300173511,0.17105263157894737,0.0024938090677839794,0.017556200098700278,0.8870427233915917,0.01871664048978966,0.04153087762923459,0.6522287981151037,0.9348535123817349,0.8417673402603757
mega-excadrill-ex,Mega Excadrill,Pokégear 3.0,2,2,157,0.38106796116504854,0.4089074761049284,0.1464968152866242,0.0,0.0,,0.0,0.0,,,
mega-excadrill-ex,Mega Excadrill,Precious Trolley,0,0,296,0.7184466019417476,0.4143085049335049,0.1554054054054054,0.0,0.0,,0.0,0.0,,,
mega-excadrill-ex,Mega Excadrill,Precious Trolley,1,0,116,0.2815533980582524,0.40800887331059743,0.12931034482758622,0.009297716811174389,0.017170064522185915,0.5881579059643616,-0.01194735058523987,0.037025793174663986,0.7469403077812259,0.7438647114992925,0.8947280753633073
mega-excadrill-ex,Mega Excadrill,Rare Candy,0,0,314,0.7621359223300971,0.4106232939035487,0.14968152866242038,0.0,0.0,,0.0,0.0,,,
mega-excadrill-ex,Mega Excadrill,Rare Candy,1,0,90,0.21844660194174756,0.4238983855650522,0.15555555555555556,0.0014163067337882446,0.01863712650811004,0.9394240022453721,0.009928264525580526,0.04162277791024962,0.8114703610423012,0.9647367092896247,0.9298519473788963
mega-excadrill-ex,Mega Excadrill,Shaymin [DRI 10],0,1,195,0.4733009708737864,0.4198656898656899,0.15897435897435896,0.0009757752103433416,0.015284756570762092,0.9490978179094587,-0.008177877845212941,0.03329304261656921,0.8059661575100079,0.9680587066135322,0.9281740585860868
mega-excadrill-ex,Mega Excadrill,Shaymin [DRI 10],1,1,217,0.5266990291262136,0.4059471762236739,0.1382488479262673,0.0,0.0,,0.0,0.0,,,
mega-excadrill-ex,Mega Excadrill,Special Red Card,0,1,187,0.4538834951456311,0.42210420298655593,0.1657754010695187,0.007262380464476479,0.015971863882911313,0.6493262541040776,0.027244497473697383,0.03460442405012552,0.4310989225532146,0.7820849639864317,0.7085531175877638
mega-excadrill-ex,Mega Excadrill,Special Red Card,1,1,216,0.5242718446601942,0.4060125830959165,0.12962962962962962,0.0,0.0,,0.0,0.0,,,
mega-excadrill-ex,Mega Excadrill,Switch,0,1,129,0.3131067961165049,0.4041528239202658,0.11627906976744186,-0.013818490871205593,0.0169635578280153,0.41530209814035224,-0.062103434826070725,0.03578812315328708,0.08268617443528362,0.6048536104452991,0.2900328026947544
mega-excadrill-ex,Mega Excadrill,Switch,1,1,275,0.6674757281553398,0.4158703518703519,0.16363636363636364,0.0,0.0,,0.0,0.0,,,
mega-excadrill-ex,Mega Excadrill,Team Rocket's Articuno [DRI 51],0,0,356,0.8640776699029126,0.40612361265451147,0.1404494382022472,0.0,0.0,,0.0,0.0,,,
mega-excadrill-ex,Mega Excadrill,Team Rocket's Articuno [DRI 51],1,0,56,0.13592233009708737,0.45329179748822607,0.19642857142857142,0.022328579491427074,0.01996389361623318,0.26337564790822376,0.038310854368880085,0.055395663756027204,0.48919748247368255,0.4584132962645031,0.7412914553657087
mega-excadrill-ex,Mega Excadrill,Team Rocket's Kangaskhan ex [ASC 162],0,0,356,0.8640776699029126,0.40612361265451147,0.1404494382022472,0.0,0.0,,0.0,0.0,,,
mega-excadrill-ex,Mega Excadrill,Team Rocket's Kangaskhan ex [ASC 162],1,0,56,0.13592233009708737,0.45329179748822607,0.19642857142857142,0.022328579491427074,0.01996389361623318,0.26337564790822376,0.038310854368880085,0.055395663756027204,0.48919748247368255,0.4584132962645031,0.7412914553657087
mega-excadrill-ex,Mega Excadrill,Team Rocket's Petrel,3,4,43,0.10436893203883495,0.359265411590993,0.09302325581395349,-0.05442171240996944,0.02609344587691822,0.03701062695381446,-0.03352794836934492,0.05136677294257681,0.5139389612879208,0.13365826784278442,0.7575098101593009
mega-excadrill-ex,Mega Excadrill,Team Rocket's Petrel,4,4,354,0.8592233009708737,0.4204721204721205,0.1553672316384181,0.0,0.0,,0.0,0.0,,,
mega-excadrill-ex,Mega Excadrill,Team Rocket's Transceiver,0,0,256,0.6213592233009708,0.41933081024877905,0.16015625,0.0,0.0,,0.0,0.0,,,
mega-excadrill-ex,Mega Excadrill,Team Rocket's Transceiver,2,0,55,0.13349514563106796,0.3905877455877456,0.14545454545454545,-0.03421595748205525,0.02039678428074733,0.09344137909340106,-0.01926585731766997,0.0490463076249774,0.6944601613051307,0.24605337360124807,0.8666621953032644
mega-excadrill-ex,Mega Excadrill,Team Rocket's Transceiver,4,0,62,0.15048543689320387,0.40093445980542747,0.11290322580645161,0.0031820576655636756,0.02302813065985354,0.8900971119790801,-0.025009680735611762,0.048031211540579745,0.6025782565426994,0.9369979907317006,0.8043333694136602
mega-excadrill-ex,Mega Excadrill,Tool Scrapper,0,0,348,0.8446601941747572,0.41171748908817873,0.14655172413793102,0.0,0.0,,0.0,0.0,,,
mega-excadrill-ex,Mega Excadrill,Tool Scrapper,1,0,64,0.1553398058252427,0.41697907127594624,0.15625,0.02447103732843272,0.020754832277954764,0.2383772626913775,0.0077788981783587195,0.04660435686698096,0.867438079324993,0.4278685633073748,0.9544292042625164
mega-excadrill-ex,Mega Excadrill,Ultra Ball,0,1,160,0.3883495145631068,0.4275944368131868,0.19375,0.02128875032876166,0.015897259134485194,0.18052316120457612,0.056471692576634834,0.036082792933092196,0.11756912298782125,0.36381751128729267,0.3519414463381359
mega-excadrill-ex,Mega Excadrill,Ultra Ball,1,1,226,0.5485436893203883,0.4024576701567852,0.11061946902654868,0.0,0.0,,0.0,0.0,,,
mega-excadrill-ex,Mega Excadrill,Xerosic's Machinations,0,0,351,0.8519417475728155,0.41277294247379714,0.14814814814814814,0.0,0.0,,0.0,0.0,,,
mega-excadrill-ex,Mega Excadrill,Xerosic's Machinations,1,0,55,0.13349514563106796,0.4034215784215785,0.12727272727272726,-0.010599380010367063,0.020277954222660214,0.6011798345936878,0.004357064162152939,0.04693500012409043,0.9260371261038053,0.7476106468086592,0.9781932401027553
mega-lucario-ex,Mega Lucario,Air Balloon,0,2,116,0.3558282208588957,0.4727583479738653,0.20689655172413793,0.025337170044596707,0.01991822997554919,0.20335204407105878,-0.0006275676164304508,0.04641254794042759,0.9892117266433601,0.39096344874749583,0.9946766220975263
mega-lucario-ex,Mega Lucario,Air Balloon,1,2,68,0.2085889570552147,0.38371399841988074,0.07352941176470588,-0.036442634977349946,0.025367457828173942,0.15083454087481102,-0.06478636546905225,0.04630804505459081,0.16180384977056628,0.33082802640561176,0.426068017017623
mega-lucario-ex,Mega Lucario,Air Balloon,2,2,134,0.4110429447852761,0.42360951651996426,0.12686567164179105,0.0,0.0,,0.0,0.0,,,
mega-lucario-ex,Mega Lucario,Boss's Orders,2,3,69,0.2116564417177914,0.4036280547150112,0.10144927536231885,0.011526758341116373,0.02146252163314523,0.5912230648778927,0.03095646883388163,0.04779490727323354,0.5171829647251758,0.7453141243110883,0.7575098101593009
mega-lucario-ex,Mega Lucario,Boss's Orders,3,3,177,0.5429447852760736,0.42032829066727373,0.11864406779661017,0.0,0.0,,0.0,0.0,,,
mega-lucario-ex,Mega Lucario,Boss's Orders,4,3,78,0.2392638036809816,0.4874676605445836,0.2564102564102564,0.051571979262839455,0.01865187465372685,0.005692704489988853,0.0691289530601735,0.05344682834648845,0.19586741246627037,0.03464632732648845,0.4779110614820194
mega-lucario-ex,Mega Lucario,Buddy-Buddy Poffin,0,2,87,0.2668711656441718,0.4090501452570418,0.09195402298850575,-0.034377796093848764,0.01934361053581779,0.07553252129589269,-0.04837873847302426,0.05215205869872466,0.3535903343026676,0.21292756770222512,0.6460228970659075
mega-lucario-ex,Mega Lucario,Buddy-Buddy Poffin,2,2,198,0.6073619631901841,0.43884608657335933,0.15656565656565657,0.0,0.0,,0.0,0.0,,,
mega-lucario-ex,Mega Lucario,Cornerstone Mask Ogerpon ex [PRE 160],0,0,284,0.8711656441717791,0.438228985412084,0.15492957746478872,0.0,0.0,,0.0,0.0,,,
mega-lucario-ex,Mega Lucario,Cornerstone Mask Ogerpon ex [PRE 160],1,0,41,0.12576687116564417,0.40094850948509486,0.0975609756097561,-0.03913478274098104,0.024485916841963867,0.10998584063269246,-0.0409096365836754,0.06288462274169733,0.5153365508005259,0.2709838808081618,0.7575098101593009
mega-lucario-ex,Mega Lucario,Dudunsparce [PRE 80],0,2,85,0.2607361963190184,0.391255117431588,0.07058823529411765,-0.06577417601712515,0.01942724337450165,0.0007100550067149704,-0.09016604272366317,0.04742084524659424,0.057249508247937224,0.00701656506635546,0.23243461987529013
mega-lucario-ex,Mega Lucario,Dudunsparce [PRE 80],2,2,233,0.7147239263803681,0.44712440635187417,0.17167381974248927,0.0,0.0,,0.0,0.0,,,
mega-lucario-ex,Mega Lucario,Dudunsparce ex [JTG 121],0,1,111,0.34049079754601225,0.3966928466928467,0.09009009009009009,-0.04831645983243005,0.01821136146838113,0.007975757834025796,-0.04871023966005916,0.04600658317927193,0.28970602873602547,0.04337654158308653,0.5894951758561326
mega-lucario-ex,Mega Lucario,Dudunsparce ex [JTG 121],1,1,213,0.6533742331288344,0.44949101498397276,0.17370892018779344,0.0,0.0,,0.0,0.0,,,
mega-lucario-ex,Mega Lucario,Dunsparce [JTG 120],0,3,96,0.294478527607362,0.389628166971917,0.07291666666666667,-0.08557877086436652,0.022248034737535224,0.0001197796718168858,-0.12013073997389591,0.06063136854930415,0.04755429568547884,0.0018346253066619674,0.19955432755687236
mega-lucario-ex,Mega Lucario,Dunsparce [JTG 120],2,3,94,0.2883435582822086,0.422241824369484,0.1276595744680851,-0.04378483514699767,0.0216157610473511,0.04280603082066372,-0.06101372902543947,0.05800529958976727,0.2928616139196736,0.14714203202180343,0.5902041790028102
mega-lucario-ex,Mega Lucario,Dunsparce [JTG 120],3,3,124,0.3803680981595092,0.4715487021938635,0.20967741935483872,0.0,0.0,,0.0,0.0,,,
mega-lucario-ex,Mega Lucario,Genesect [SFA 40],0,0,229,0.7024539877300614,0.4337042142718999,0.14847161572052403,0.0,0.0,,0.0,0.0,,,
mega-lucario-ex,Mega Lucario,Genesect [SFA 40],1,0,96,0.294478527607362,0.43101724664224667,0.14583333333333334,-0.013512667334954832,0.02018791917316803,0.5032759147035339,0.01569295308947555,0.045912584626157424,0.7325008905361664,0.6783028133811755,0.893079787927395
mega-lucario-ex,Mega Lucario,Gravity Mountain,1,2,63,0.19325153374233128,0.4222832722832723,0.1111111111111111,-0.019268542636693,0.02223842974908889,0.3862420743720635,-0.015054250343695879,0.05140089332391694,0.7696145203687532,0.5781049940519972,0.9079277846198771
mega-lucario-ex,Mega Lucario,Gravity Mountain,2,2,232,0.7116564417177914,0.44985636968395587,0.1724137931034483,0.0,0.0,,0.0,0.0,,,
mega-lucario-ex,Mega Lucario,Hariyama [MEG 73],0,0,279,0.8558282208588958,0.43911901519428403,0.15053763440860216,0.0,0.0,,0.0,0.0,,,
mega-lucario-ex,Mega Lucario,Hariyama [MEG 73],1,0,47,0.1441717791411043,0.3953556490790534,0.1276595744680851,-0.03575824864921263,0.021755855038965675,0.10025576333662013,0.026918970029196986,0.05320283899334744,0.6128786392429504,0.2533723621775483,0.8092463641728038
mega-lucario-ex,Mega Lucario,Hero's Cape,0,0,202,0.6196319018404908,0.4360421069579486,0.16336633663366337,0.0,0.0,,0.0,0.0,,,
mega-lucario-ex,Mega Lucario,Hero's Cape,1,0,124,0.3803680981595092,0.4275436704872189,0.12096774193548387,-0.008662356957996243,0.016885899999890947,0.6079558668326355,-0.030873692304958122,0.04082701999331794,0.44952489099498427,0.7519669469975666,0.7226691998821247
mega-lucario-ex,Mega Lucario,Hilda,0,2,102,0.3128834355828221,0.41928504502033914,0.14705882352941177,-0.021586220900054222,0.02155698260644161,0.31665457068051983,0.03600131214433669,0.050236802331744324,0.4736010464363548,0.5101112609446006,0.737828473174875
mega-lucario-ex,Mega Lucario,Hilda,2,2,138,0.4233128834355828,0.43980110067066586,0.13043478260869565,0.0,0.0,,0.0,0.0,,,
mega-lucario-ex,Mega Lucario,Hilda,3,2,48,0.147239263803681,0.47971611721611723,0.2708333333333333,0.028083304454531163,0.025299684390315963,0.266987874097786,0.09340835613404877,0.06179060814900947,0.13061228367406758,0.46156788740800275,0.3751021521764628
mega-lucario-ex,Mega Lucario,Judge,0,0,147,0.450920245398773,0.41952958228468434,0.14965986394557823,0.0,0.0,,0.0,0.0,,,
mega-lucario-ex,Mega Lucario,Judge,1,0,94,0.2883435582822086,0.43983581430389934,0.13829787234042554,0.022350190323430157,0.019743425153074708,0.257620954408853,0.01566978352065279,0.04885119567565271,0.7483880234997651,0.4526838567910821,0.8947280753633073
mega-lucario-ex,Mega Lucario,Judge,2,0,71,0.21779141104294478,0.4397590672238559,0.15492957746478872,0.01758292936447059,0.020828297664798438,0.3985662256784889,0.0277833629556654,0.0532641730577127,0.6019387921810849,0.5888783945314008,0.8043333694136602
mega-lucario-ex,Mega Lucario,Legacy Energy,0,0,267,0.8190184049079755,0.4270010887988416,0.14606741573033707,0.0,0.0,,0.0,0.0,,,
mega-lucario-ex,Mega Lucario,Legacy Energy,1,0,59,0.18098159509202455,0.4590954243496616,0.15254237288135594,0.01104319742709429,0.0204205843511678,0.5886540370672664,-0.0636555393417351,0.04973180589539407,0.20055342566357592,0.7438647114992925,0.48371887434521105
mega-lucario-ex,Mega Lucario,Makuhita [MEG 72],0,0,279,0.8558282208588958,0.43911901519428403,0.15053763440860216,0.0,0.0,,0.0,0.0,,,
mega-lucario-ex,Mega Lucario,Makuhita [MEG 72],1,0,43,0.13190184049079753,0.3991871823267172,0.13953488372093023,-0.03226394478888328,0.022540967090198157,0.15233080061278484,0.03646371332702421,0.05658253451659647,0.5192939939068113,0.3310789540844786,0.7575098101593009
mega-lucario-ex,Mega Lucario,Maximum Belt,0,0,256,0.7852760736196319,0.4346825591942779,0.140625,0.0,0.0,,0.0,0.0,,,
mega-lucario-ex,Mega Lucario,Maximum Belt,1,0,70,0.2147239263803681,0.42595979417407986,0.17142857142857143,-0.004786119954311248,0.019995556044745327,0.8108270775693434,0.04354435339930895,0.046165938584934146,0.34557152250831935,0.8913278520170174,0.6389944249198098
mega-lucario-ex,Mega Lucario,Meowth ex [POR 107],0,0,237,0.7269938650306749,0.44175579460389586,0.1729957805907173,0.0,0.0,,0.0,0.0,,,
mega-lucario-ex,Mega Lucario,Meowth ex [POR 107],1,0,85,0.2607361963190184,0.40769997975880334,0.07058823529411765,-0.026487990010140856,0.018584767550849635,0.15408416941557698,-0.081458957952811,0.04165520859826993,0.05051786296630205,0.33252904104810393,0.21007201839833295
mega-lucario-ex,Mega Lucario,Night Stretcher,0,0,192,0.588957055214724,0.4560068114755615,0.16666666666666666,0.0,0.0,,0.0,0.0,,,
mega-lucario-ex,Mega Lucario,Night Stretcher,1,0,74,0.22699386503067484,0.4215968715968716,0.13513513513513514,-0.021373102286438326,0.020153477489384976,0.28890953237494743,-0.007191957993250547,0.049414551064443556,0.8842819126408157,0.48012271293413505,0.9589315097887765
mega-lucario-ex,Mega Lucario,Night Stretcher,2,0,57,0.17484662576687116,0.3746101364522417,0.10526315789473684,-0.07517557579307906,0.02275605765840317,0.0009547191301279135,-0.03489840915528645,0.05624413933230387,0.5349412839590525,0.008601832162623063,0.7702373318458398
mega-lucario-ex,Mega Lucario,Poké Pad,3,4,57,0.17484662576687116,0.3751986804618383,0.07017543859649122,-0.07806471758965479,0.023749978124629992,0.0010128294865081574,-0.05545525146855752,0.045966727390535804,0.22765498288356434,0.008949906712509583,0.5230373231749891
mega-lucario-ex,Mega Lucario,Poké Pad,4,4,246,0.754601226993865,0.4533290106460839,0.16260162601626016,0.0,0.0,,0.0,0.0,,,
mega-lucario-ex,Mega Lucario,Riolu [ASC 112],0,1,56,0.17177914110429449,0.46209935897435894,0.17857142857142858,0.03526806265175239,0.021130737197695725,0.09510929301734966,0.05097080544938325,0.06216638013046651,0.4122677025027649,0.24941790078055978,0.6913141981473072
mega-lucario-ex,Mega Lucario,Riolu [ASC 112],1,1,150,0.4601226993865031,0.4440738705738706,0.17333333333333334,0.0,0.0,,0.0,0.0,,,
mega-lucario-ex,Mega Lucario,Riolu [ASC 112],3,1,45,0.13803680981595093,0.39283543616876954,0.08888888888888889,-0.04947166861765159,0.024682434110580513,0.04503504559014919,-0.031993856703612954,0.05395176071902217,0.5531754140410912,0.15215884888730555,0.7825115095237146
mega-lucario-ex,Mega Lucario,Riolu [ASC 112],4,1,53,0.16257668711656442,0.40430230147211277,0.09433962264150944,-0.03513776279796615,0.02503041453245718,0.16037761814261264,-0.021819796572764165,0.05583854021694514,0.6959702939432091,0.33804364925013997,0.8666621953032644
mega-lucario-ex,Mega Lucario,Riolu [PRE 50],0,3,97,0.29754601226993865,0.39392960990899134,0.09278350515463918,-0.05912367514445797,0.01989947369341839,0.0029671820340229573,-0.0456593905703688,0.04685925891890067,0.32986084328291077,0.020657880979296193,0.6224684085769918
mega-lucario-ex,Mega Lucario,Riolu [PRE 50],2,3,50,0.15337423312883436,0.4369544344544345,0.2,0.011421050307093162,0.024224284295776402,0.637304342735403,0.0650078596919092,0.056193470379314145,0.24733042476886058,0.7726684577491232,0.547643052164719
mega-lucario-ex,Mega Lucario,Riolu [PRE 50],3,3,157,0.4815950920245399,0.45280052573046203,0.17834394904458598,0.0,0.0,,0.0,0.0,,,
mega-lucario-ex,Mega Lucario,Rocky Fighting Energy,0,0,100,0.3067484662576687,0.4248461538461539,0.1,0.0,0.0,,0.0,0.0,,,
mega-lucario-ex,Mega Lucario,Rocky Fighting Energy,2,0,70,0.2147239263803681,0.4151370851370852,0.17142857142857143,0.01930029901706905,0.02616692342360715,0.46076739800223554,0.08815757469642826,0.0573094694783874,0.12398202712612916,0.6445133010107373,0.3633143321057554
mega-lucario-ex,Mega Lucario,Rocky Fighting Energy,3,0,76,0.2331288343558282,0.43297948396632613,0.07894736842105263,0.02173765055647906,0.026411161235461625,0.41048075975163956,-0.030315627254237254,0.05340179597726239,0.5702459700851142,0.6006876086174471,0.7904314426971644
mega-lucario-ex,Mega Lucario,Rocky Fighting Energy,4,0,45,0.13803680981595093,0.5021204721204721,0.3111111111111111,0.041365193399650585,0.02579145187271232,0.10875076784585938,0.08908790763839317,0.07801957926702495,0.25350970858550126,0.2693853252030856,0.547643052164719
mega-lucario-ex,Mega Lucario,Solrock [ASC 106],2,2,237,0.7269938650306749,0.4386346424321108,0.1729957805907173,0.0,0.0,,0.0,0.0,,,
mega-lucario-ex,Mega Lucario,Solrock [ASC 106],3,2,83,0.254601226993865,0.4197387953412049,0.08433734939759036,-0.033934984020088106,0.019307457807220103,0.07881386330390967,-0.13379548874635575,0.044850869387492394,0.002853268645853779,0.21816247101293068,0.02881487786307278
mega-lucario-ex,Mega Lucario,Special Red Card,0,0,203,0.6226993865030674,0.44286155825564694,0.1625615763546798,0.0,0.0,,0.0,0.0,,,
mega-lucario-ex,Mega Lucario,Special Red Card,1,0,113,0.34662576687116564,0.4097642279058208,0.10619469026548672,-0.015518665958482655,0.02544058222111014,0.5418641300904429,0.021549626701063883,0.048801830435934154,0.6587973946513346,0.7103753716877561,0.8447613451160049
mega-lucario-ex,Mega Lucario,Switch,0,0,198,0.6073619631901841,0.4440259375865437,0.16161616161616163,0.0,0.0,,0.0,0.0,,,
mega-lucario-ex,Mega Lucario,Switch,1,0,105,0.3220858895705521,0.4230033722890866,0.13333333333333333,-0.015899260850188324,0.017483407988318912,0.3631435602588391,0.007817039643547484,0.046549699528247175,0.8666392173307333,0.5580751369195203,0.9544292042625164
mega-lucario-ex,Mega Lucario,Team Rocket's Petrel,0,0,272,0.8343558282208589,0.4425625946765653,0.15441176470588236,0.0,0.0,,0.0,0.0,,,
mega-lucario-ex,Mega Lucario,Team Rocket's Petrel,1,0,46,0.1411042944785276,0.3930436109783935,0.13043478260869565,-0.04115573123105021,0.022068773046471393,0.06219747835049633,-0.0016964201039839939,0.052739188833197725,0.9743394984959208,0.19310636014900717,0.9946766220975263
mega-lucario-ex,Mega Lucario,Ultra Ball,2,2,187,0.5736196319018405,0.4408039672745555,0.1443850267379679,0.0,0.0,,0.0,0.0,,,
mega-lucario-ex,Mega Lucario,Ultra Ball,3,2,68,0.2085889570552147,0.4077979618420795,0.1323529411764706,-0.029002971777256418,0.02263699567988482,0.20011640045470924,0.013565236017566405,0.0496406591572149,0.7846467105538407,0.38798939244278013,0.9174177188282184
mega-lucario-ex,Mega Lucario,Wally's Compassion,0,2,109,0.3343558282208589,0.46390887400061714,0.22935779816513763,0.04105315925027467,0.019958017584160638,0.03968855345001867,0.0897072895571431,0.04799397895307695,0.061603850046915064,0.14082540780141758,0.24178497228429172
mega-lucario-ex,Mega Lucario,Wally's Compassion,1,2,89,0.27300613496932513,0.4198683650930842,0.10112359550561797,0.007668691633590654,0.021105649199219267,0.7163450752347329,0.010353374137298144,0.04380059462731588,0.8131415416758563,0.8418428697451656,0.9299975721301849
mega-lucario-ex,Mega Lucario,Wally's Compassion,2,2,125,0.3834355828220859,0.41519731379731384,0.112,0.0,0.0,,0.0,0.0,,,
n-zoroark,N's Zoroark,Air Balloon,0,0,1118,0.7715665976535542,0.4231843671468,0.17889087656529518,0.0,0.0,,0.0,0.0,,,
n-zoroark,N's Zoroark,Air Balloon,1,0,305,0.21048999309868874,0.46544083421132604,0.26885245901639343,0.029615890261276215,0.01063025427225416,0.00533628429271893,0.06248233455949809,0.027438048228278274,0.022773390779190068,0.032913055469857025,0.12607678389202212
n-zoroark,N's Zoroark,Binding Mochi,0,2,132,0.09109730848861283,0.45719408958045327,0.25757575757575757,0.013445959152463287,0.014743290746146354,0.36176593282652725,0.03146495205713585,0.04055719414403909,0.4378571705990034,0.5568892667798635,0.7158390413251011
n-zoroark,N's Zoroark,Binding Mochi,1,2,443,0.305728088336784,0.4284530493334105,0.17607223476297967,0.00104092445026759,0.008900178569054068,0.9068953514693129,-0.013507723169580228,0.022215535135557407,0.54316723839765,0.945285304733832,0.7788202611200831
n-zoroark,N's Zoroark,Binding Mochi,2,2,871,0.601104209799862,0.4310301744859725,0.20321469575200918,0.0,0.0,,0.0,0.0,,,
n-zoroark,N's Zoroark,Black Belt's Training,0,1,92,0.06349206349206349,0.38341806140719187,0.18478260869565216,-0.03468056020138529,0.0183150764684266,0.05828442352592465,0.00679344362805475,0.03832338589280614,0.8592992447029031,0.18534043328832095,0.9544292042625164
n-zoroark,N's Zoroark,Black Belt's Training,1,1,1108,0.7646652864044169,0.42940882823554305,0.18501805054151624,0.0,0.0,,0.0,0.0,,,
n-zoroark,N's Zoroark,Black Belt's Training,2,1,248,0.17115251897860592,0.4659805845289716,0.27419354838709675,0.0321969158252289,0.012106388406175738,0.00782571932651523,0.06340565965030043,0.03336872312320812,0.05741312155787907,0.04306488659321854,0.23243461987529013
n-zoroark,N's Zoroark,Boss's Orders,3,3,866,0.5976535541752933,0.4179275593536564,0.1628175519630485,0.0,0.0,,0.0,0.0,,,
n-zoroark,N's Zoroark,Boss's Orders,4,3,547,0.3775017253278123,0.4622844316628594,0.2687385740402194,0.03683421417453681,0.008133731678456501,5.938279541974787e-06,0.07995515589853125,0.02288915879718189,0.00047736681277980284,0.00019955422812730216,0.007976365471720705
n-zoroark,N's Zoroark,Brock's Scouting,0,0,1316,0.9082125603864735,0.43291100644824054,0.19908814589665655,0.0,0.0,,0.0,0.0,,,
n-zoroark,N's Zoroark,Brock's Scouting,1,0,117,0.08074534161490683,0.43959558959558964,0.23076923076923078,0.006502681632194267,0.0141097706370391,0.644896369661746,0.038781021719855376,0.039568014844825874,0.32703164024954556,0.7787907539016355,0.6196743863697575
n-zoroark,N's Zoroark,Buddy-Buddy Poffin,3,4,50,0.03450655624568668,0.340484126984127,0.02,-0.08715302804814803,0.022826922784861394,0.00013454182228540306,-0.13076043305302706,0.027369201406008747,1.773567714839624e-06,0.0019485491437232362,0.00011500995456723133
n-zoroark,N's Zoroark,Buddy-Buddy Poffin,4,4,1384,0.9551414768806074,0.4373454626886708,0.20881502890173412,0.0,0.0,,0.0,0.0,,,
n-zoroark,N's Zoroark,Budew [ASC 16],0,0,842,0.5810904071773637,0.4463513536257004,0.22209026128266032,0.0,0.0,,0.0,0.0,,,
n-zoroark,N's Zoroark,Budew [ASC 16],1,0,606,0.41821946169772256,0.41383445121068885,0.16996699669966997,-0.029203012005514423,0.008173842863703259,0.0003532660187745223,-0.05294318339878812,0.01994132964472083,0.007932075113637345,0.0040581433906723245,0.05785378594787873
n-zoroark,N's Zoroark,Buneary [PFL 83],0,0,1214,0.8378191856452726,0.4374212812021709,0.2116968698517298,0.0,0.0,,0.0,0.0,,,
n-zoroark,N's Zoroark,Buneary [PFL 83],1,0,231,0.15942028985507245,0.4093740915169487,0.14285714285714285,0.003289077057899388,0.012761492533574417,0.7966118085146391,-0.0062355500201019005,0.028988783538710202,0.8296876681344095,0.8873772751817616,0.9357112728175146
n-zoroark,N's Zoroark,Ciphermaniac's Codebreaking,0,0,1097,0.7570738440303658,0.4437695074431629,0.21330902461257975,0.0,0.0,,0.0,0.0,,,
n-zoroark,N's Zoroark,Ciphermaniac's Codebreaking,1,0,309,0.21325051759834368,0.4037172374551015,0.15857605177993528,-0.02018602693062221,0.011354676102213444,0.07544128453045973,-0.006358414921184118,0.027580075664649067,0.8176692473135901,0.21292756770222512,0.9299975721301849
n-zoroark,N's Zoroark,Ciphermaniac's Codebreaking,2,0,40,0.027605244996549344,0.353901862026862,0.175,-0.07015102640302638,0.02769600530961105,0.01131253807255241,-0.03044196362753474,0.056240901044543955,0.5883159673040925,0.05650120917758514,0.8021132376632292
n-zoroark,N's Zoroark,Cyrano,1,2,90,0.062111801242236024,0.4677339019005685,0.26666666666666666,0.034762749203385616,0.015898249855398495,0.02877340995202775,0.0769266336758542,0.04225017209117906,0.06864618950175554,0.1146625148629611,0.2595860876404618
n-zoroark,N's Zoroark,Cyrano,2,2,908,0.6266390614216701,0.4130556107703685,0.15969162995594713,0.0,0.0,,0.0,0.0,,,
n-zoroark,N's Zoroark,Cyrano,3,2,430,0.29675638371290547,0.4631646949088809,0.2651162790697674,0.037246035687929425,0.008747478123028023,2.0634053777279755e-05,0.07813259103867826,0.024125647779034917,0.0012013067900854832,0.0005267415394811137,0.01623530794247881
n-zoroark,N's Zoroark,Energy Switch,0,0,1291,0.8909592822636301,0.4354406745963678,0.20836560805577073,0.0,0.0,,0.0,0.0,,,
n-zoroark,N's Zoroark,Energy Switch,1,0,127,0.08764665286404417,0.4055129035443995,0.12598425196850394,-0.02615634628628487,0.012143185710648742,0.03124066102264172,-0.05546044190360193,0.030174546944236807,0.06606423846374042,0.11962569783253225,0.25268203781161536
n-zoroark,N's Zoroark,Fezandipiti ex [ASC 142],0,1,230,0.15873015873015872,0.43871292958249475,0.1826086956521739,-0.0033957304573322983,0.011042741048190457,0.7584567868799993,-0.035101415576221054,0.027454780464973186,0.20106704026101263,0.8691149702714653,0.48371887434521105
n-zoroark,N's Zoroark,Fezandipiti ex [ASC 142],1,1,1219,0.8412698412698413,0.4315894531440061,0.20344544708777687,0.0,0.0,,0.0,0.0,,,
n-zoroark,N's Zoroark,Gravity Mountain,0,0,1303,0.8992408557625949,0.43471982027239126,0.204911742133538,0.0,0.0,,0.0,0.0,,,
n-zoroark,N's Zoroark,Gravity Mountain,1,0,142,0.09799861973775018,0.41531245879837425,0.1619718309859155,-0.012102911576543855,0.013356024391232665,0.3648425922975913,-0.04458334652292624,0.030646800856284625,0.14573927129143982,0.5597501541260208,0.39508669709980293
n-zoroark,N's Zoroark,Hero's Cape,0,0,1325,0.9144237405106971,0.43708494719815477,0.2030188679245283,0.0,0.0,,0.0,0.0,,,
n-zoroark,N's Zoroark,Hero's Cape,1,0,124,0.08557625948930296,0.38608033991098506,0.1693548387096774,-0.020526676627140503,0.016346062061901083,0.20920420216302993,0.02078755051097536,0.03457094486812963,0.5476393928402354,0.39640961193365876,0.7802454494150738
n-zoroark,N's Zoroark,Janine's Secret Art,0,0,843,0.5817805383022774,0.4397395331262473,0.22301304863582444,0.0,0.0,,0.0,0.0,,,
n-zoroark,N's Zoroark,Janine's Secret Art,1,0,578,0.39889579020013805,0.4253520060613486,0.16782006920415224,0.0006784735059360489,0.008326620628201156,0.9350582758989048,-0.023002245684560683,0.0206397163872185,0.2650796650772299,0.9644428232896672,0.5639078986249405
n-zoroark,N's Zoroark,Judge,0,0,877,0.6052449965493444,0.42387709317583894,0.18700114025085518,0.0,0.0,,0.0,0.0,,,
n-zoroark,N's Zoroark,Judge,1,0,335,0.23119392684610077,0.42716354126801886,0.20298507462686566,0.007995188077522017,0.009895402479414356,0.4191078677509341,0.026294250658518065,0.025392220928719077,0.3004243289536406,0.6075080922131048,0.5955221872467037
n-zoroark,N's Zoroark,Judge,2,0,225,0.15527950310559005,0.47688224121557454,0.24444444444444444,0.035952037657039325,0.011701350529105368,0.0021229582809557997,0.03778265041279945,0.030940563737141907,0.22203435780382985,0.01599179229670803,0.5152767040952516
n-zoroark,N's Zoroark,Lillie's Determination,3,4,40,0.027605244996549344,0.3623733211233211,0.125,-0.053727391444226766,0.025870825932665917,0.037824090604839954,-0.031211678730090824,0.05625551684849186,0.5790178724684449,0.1352542383885133,0.7967788047176649
n-zoroark,N's Zoroark,Lillie's Determination,4,4,1399,0.9654934437543133,0.43516621638494407,0.20300214438884917,0.0,0.0,,0.0,0.0,,,
n-zoroark,N's Zoroark,Lumiose City,0,0,1389,0.9585921325051759,0.4301834734340134,0.1951043916486681,0.0,0.0,,0.0,0.0,,,
n-zoroark,N's Zoroark,Lumiose City,1,0,54,0.037267080745341616,0.493323154897229,0.3148148148148148,0.047791607310453135,0.019737036324591447,0.015460105199413763,0.09087443949878629,0.07010761276355748,0.19490191332800588,0.07175675090030934,0.47763962226249973
n-zoroark,N's Zoroark,Mega Lopunny ex [PFL 115],0,0,1176,0.8115942028985508,0.43883075383925724,0.21683673469387754,0.0,0.0,,0.0,0.0,,,
n-zoroark,N's Zoroark,Mega Lopunny ex [PFL 115],1,0,271,0.18702553485162182,0.4055530775087971,0.12915129151291513,-0.003285658950757074,0.012303779967372199,0.7894347622325106,-0.027581051309688458,0.027469879446947856,0.3153559377362912,0.8847445688922894,0.6049422287908486
n-zoroark,N's Zoroark,Meowth ex [POR 107],0,0,783,0.5403726708074534,0.4491113481854222,0.227330779054917,0.0,0.0,,0.0,0.0,,,
n-zoroark,N's Zoroark,Meowth ex [POR 107],1,0,665,0.45893719806763283,0.41346967151478425,0.16842105263157894,-0.02543810412418105,0.008239933436961874,0.0020206961999484773,-0.03815923905763704,0.020983046450943565,0.06897632857363209,0.015595787273959837,0.2595860876404618
n-zoroark,N's Zoroark,Munkidori [ASC 99],1,1,848,0.5852311939268461,0.430739858717453,0.19811320754716982,0.0,0.0,,0.0,0.0,,,
n-zoroark,N's Zoroark,Munkidori [ASC 99],2,1,566,0.39061421670117324,0.4404552798987428,0.20848056537102475,0.010241270305054699,0.00847796894041722,0.2270525333012159,0.007689692031431612,0.022420811276352356,0.7316201439414792,0.4145213754202363,0.893079787927395
n-zoroark,N's Zoroark,N's Castle,0,2,218,0.15044858523119392,0.49285019262083485,0.3165137614678899,0.05256230176780115,0.011668269287927812,6.646009195678132e-06,0.09863630120905142,0.03612301301208719,0.006322551227280047,0.00021060973968373115,0.049661748528806525
n-zoroark,N's Zoroark,N's Castle,1,2,238,0.1642512077294686,0.44895907469436885,0.2184873949579832,0.02126609316543212,0.011870503749992746,0.07321193713838518,0.013519514842602864,0.029739870595074713,0.6494026076059107,0.2104709052072248,0.8417673402603757
n-zoroark,N's Zoroark,N's Castle,2,2,942,0.650103519668737,0.41398885379777106,0.16772823779193205,0.0,0.0,,0.0,0.0,,,
n-zoroark,N's Zoroark,N's Castle,3,2,50,0.03450655624568668,0.4452844932844933,0.22,0.00876920256330372,0.019978853455429817,0.6607164503800798,0.015424650168796487,0.058060793523499965,0.7904981567245436,0.7926872296335422,0.9195651588486292
n-zoroark,N's Zoroark,N's Darmanitan [ASC 33],0,1,593,0.40924775707384403,0.4667642784421874,0.2748735244519393,0.03574174853090856,0.008858219866467459,5.463298520099882e-05,0.08028019841760275,0.02274557542553631,0.0004163671530671863,0.0010459940291607898,0.007219649314504608
n-zoroark,N's Zoroark,N's Darmanitan [ASC 33],1,1,782,0.5396825396825397,0.41349959834614564,0.1534526854219949,0.0,0.0,,0.0,0.0,,,
n-zoroark,N's Zoroark,N's Darmanitan [ASC 33],2,1,74,0.05106970324361629,0.363021813021813,0.0945945945945946,-0.04295081684164011,0.02163530542039519,0.0471201244076563,-0.03339180039602836,0.03644623205300313,0.3595654214587849,0.1563299434318994,0.6472384668982981
n-zoroark,N's Zoroark,N's Darumaka [ASC 32],0,1,593,0.40924775707384403,0.4667642784421874,0.2748735244519393,0.032655850178082105,0.008993978210154623,0.00028248149909808806,0.0828843940083692,0.022986184974344615,0.000311150609607446,0.0034157960219887225,0.006363920343363373
n-zoroark,N's Zoroark,N's Darumaka [ASC 32],1,1,665,0.45893719806763283,0.4196736360270195,0.1548872180451128,0.0,0.0,,0.0,0.0,,,
n-zoroark,N's Zoroark,N's Darumaka [ASC 32],2,1,191,0.1318150448585231,0.37244676498603196,0.1256544502617801,-0.037820725060726965,0.012892497368070877,0.0033511474777548297,0.0012600240497351034,0.025963469772629533,0.9612933384928303,0.022644886265122708,0.9919910313828656
n-zoroark,N's Zoroark,N's PP Up,2,3,51,0.035196687370600416,0.3802654861478391,0.13725490196078433,-0.027346461632796706,0.024771096330509668,0.2696076503186198,0.002674053301214084,0.04861285305512167,0.9561327871878069,0.4639876978329805,0.990626867447119
n-zoroark,N's Zoroark,N's PP Up,3,3,1216,0.8391994478951,0.42983550395145786,0.1924342105263158,0.0,0.0,,0.0,0.0,,,
n-zoroark,N's Zoroark,N's PP Up,4,3,172,0.11870255348516218,0.47307302409046587,0.28488372093023256,0.023101621778152746,0.012262397169723131,0.05957307799204142,0.04022417771952788,0.035094518214075124,0.25172607044262263,0.18822130128446204,0.547643052164719
n-zoroark,N's Zoroark,N's Purrloin [JTG 96],0,0,1339,0.9240855762594893,0.4266092618967899,0.1859596713965646,0.0,0.0,,0.0,0.0,,,
n-zoroark,N's Zoroark,N's Purrloin [JTG 96],1,0,110,0.0759144237405107,0.5071065046065045,0.37272727272727274,0.05679859104248436,0.013789880546273848,3.80750935986197e-05,0.15576595402139665,0.04925168088932461,0.001563388020280325,0.0007775780226029223,0.018659137540748293
n-zoroark,N's Zoroark,N's Reshiram [ASC 154],0,1,271,0.18702553485162182,0.4540546135564586,0.24354243542435425,0.014018804452323183,0.010221227413032807,0.17020722541331934,0.022256962812368518,0.026958167738494555,0.4090247303140462,0.34837514511100326,0.6897132608414834
n-zoroark,N's Zoroark,N's Reshiram [ASC 154],1,1,1158,0.7991718426501035,0.43015394859090883,0.192573402417962,0.0,0.0,,0.0,0.0,,,
n-zoroark,N's Zoroark,N's Zekrom [ASC 155],1,2,297,0.20496894409937888,0.45019870701688885,0.2222222222222222,0.005333582415404301,0.01005700310971507,0.5958795688451821,-0.008880496491610306,0.026681204630497984,0.7392572029962474,0.7460671985949896,0.8947280753633073
n-zoroark,N's Zoroark,N's Zekrom [ASC 155],2,2,1152,0.7950310559006211,0.4282139767382823,0.19444444444444445,0.0,0.0,,0.0,0.0,,,
n-zoroark,N's Zoroark,Night Stretcher,1,2,143,0.0986887508626639,0.40592228284535975,0.16083916083916083,-0.042799346833883964,0.015686568907383923,0.006364100275704999,-0.06286609396111692,0.03654530288271075,0.08539179741634938,0.0374910779062365,0.29752579087125497
n-zoroark,N's Zoroark,Night Stretcher,2,2,1230,0.8488612836438924,0.43793814436090855,0.208130081300813,0.0,0.0,,0.0,0.0,,,
n-zoroark,N's Zoroark,Night Stretcher,3,2,75,0.051759834368530024,0.4001206201206201,0.14666666666666667,-0.03962268931131125,0.017214922497619384,0.021355039500578096,-0.04521986064305042,0.04400063674647622,0.30408662335142234,0.09257208160863806,0.5971273650853784
n-zoroark,N's Zoroark,Pecharunt ex [PRE 163],0,1,55,0.03795721187025535,0.4501250769432587,0.2727272727272727,0.004136926957155517,0.020338022318194465,0.8388157434100895,0.03408056594670825,0.06278337795695724,0.5872483374805451,0.9069078449339673,0.8021132376632292
n-zoroark,N's Zoroark,Pecharunt ex [PRE 163],1,1,1283,0.8854382332643203,0.4291937422295957,0.19251753702260327,0.0,0.0,,0.0,0.0,,,
n-zoroark,N's Zoroark,Pecharunt ex [PRE 163],2,1,111,0.07660455486542443,0.46485645652312313,0.25225225225225223,0.009829751654728835,0.015009824320817928,0.51253996017532,0.01632074700859513,0.04191518280838028,0.696998362223545,0.6866242323631473,0.866767922711012
n-zoroark,N's Zoroark,Poké Pad,1,3,128,0.0883367839889579,0.4087854853479853,0.1484375,-0.0233447243580764,0.01524109024202942,0.12559735009705064,-0.03600890193005474,0.032930556939487085,0.2741831517942973,0.29444888964078964,0.5720869235598077
n-zoroark,N's Zoroark,Poké Pad,2,3,357,0.2463768115942029,0.4014025268226949,0.1484593837535014,-0.036180725642617845,0.010712588032905685,0.0007317378906738981,-0.03865433972556637,0.024637461322819142,0.11666531443638777,0.007153905548184175,0.3515259802198044
n-zoroark,N's Zoroark,Poké Pad,3,3,587,0.4051069703243616,0.43846628795521475,0.19761499148211242,0.0,0.0,,0.0,0.0,,,
n-zoroark,N's Zoroark,Poké Pad,4,3,367,0.2532781228433402,0.46364618326471185,0.2779291553133515,0.016979368542889475,0.009496280403420411,0.07377568194420686,0.058851932273141075,0.026418608556334825,0.025902552833821063,0.2104709052072248,0.13839794217605556
n-zoroark,N's Zoroark,Psyduck [ASC 226],0,0,1402,0.9675638371290545,0.4354803904554262,0.20470756062767476,0.0,0.0,,0.0,0.0,,,
n-zoroark,N's Zoroark,Psyduck [ASC 226],1,0,47,0.03243616287094548,0.35038318655339934,0.06382978723404255,-0.0898048851781065,0.02058111261012779,1.2802068756580027e-05,-0.13624002043313663,0.03619407709307969,0.00016711497940661627,0.00035651821779688014,0.004150774758775145
n-zoroark,N's Zoroark,Punk Helmet,0,0,1294,0.8930296756383713,0.42930929265936996,0.19706336939721794,0.0,0.0,,0.0,0.0,,,
n-zoroark,N's Zoroark,Punk Helmet,1,0,51,0.035196687370600416,0.4383861236802414,0.17647058823529413,-0.009190118638724529,0.01778912811755479,0.605425405029401,-0.00760698206362076,0.054749728029867356,0.889496770384082,0.7498462900566302,0.9617029788034959
n-zoroark,N's Zoroark,Punk Helmet,2,0,104,0.07177363699102829,0.47238077093846326,0.25,0.025498320891459134,0.015073888323989995,0.09073072954697531,0.027767301597071914,0.04376995145341661,0.525825110366581,0.2402926237857934,0.7634017005164107
n-zoroark,N's Zoroark,Ruffian,0,0,1318,0.9095928226363009,0.4298094363344742,0.19650986342943855,0.0,0.0,,0.0,0.0,,,
n-zoroark,N's Zoroark,Ruffian,1,0,131,0.0904071773636991,0.46200519158534437,0.2366412213740458,0.014562126366076447,0.014829416678621136,0.32611183498401386,0.0182552746613332,0.038786516681750184,0.6378833190691127,0.5203069033859526,0.8350637752485961
n-zoroark,N's Zoroark,Scoop Up Cyclone,0,0,1219,0.8412698412698413,0.43984698268947653,0.2132895816242822,0.0,0.0,,0.0,0.0,,,
n-zoroark,N's Zoroark,Scoop Up Cyclone,1,0,230,0.15873015873015872,0.3949480229915012,0.13043478260869565,-0.03275941438937012,0.012462241436505074,0.008571354904619603,-0.06719049204927602,0.02870131556485988,0.019230888708511803,0.04614592446082154,0.11115211775548645
n-zoroark,N's Zoroark,Secret Box,0,0,774,0.5341614906832298,0.4135347461897849,0.16279069767441862,0.0,0.0,,0.0,0.0,,,
n-zoroark,N's Zoroark,Secret Box,1,0,675,0.4658385093167702,0.45471944242314616,0.24296296296296296,0.025592460366911096,0.010297241161372012,0.012941663034861148,0.04689153863094876,0.028529402034764652,0.100254409588288,0.06259678067914418,0.3267156113887826
n-zoroark,N's Zoroark,Special Red Card,0,1,614,0.42374051069703245,0.4102084337426357,0.14332247557003258,-0.027785391107382373,0.01975152747424833,0.15950258743150736,-0.060064241903637385,0.04796394402554834,0.21046820269186428,0.337534577682133,0.4985058718397507
n-zoroark,N's Zoroark,Special Red Card,1,1,807,0.556935817805383,0.44876747466586375,0.24039653035935563,0.0,0.0,,0.0,0.0,,,
n-zoroark,N's Zoroark,Tatsugiri [SVP 118],0,0,924,0.6376811594202898,0.41648424126779104,0.1699134199134199,0.0,0.0,,0.0,0.0,,,
n-zoroark,N's Zoroark,Tatsugiri [SVP 118],1,0,525,0.36231884057971014,0.46129538715253,0.25333333333333335,0.02929125937278921,0.009424946215810477,0.0018845773187571796,0.05494332852545036,0.026392601367009442,0.03736347361090988,0.014802791076391864,0.1708141616461217
n-zoroark,N's Zoroark,Team Rocket's Petrel,0,0,1397,0.9641131815044859,0.43596179199257223,0.20257695060844666,0.0,0.0,,0.0,0.0,,,
n-zoroark,N's Zoroark,Team Rocket's Petrel,1,0,44,0.03036576949620428,0.33918373293373294,0.1590909090909091,-0.04962226415594748,0.0326501775920451,0.1285572124566682,0.025492482034825237,0.056346825267962496,0.6509657852034731,0.29680404507985064,0.8417673402603757
n-zoroark,N's Zoroark,Team Rocket's Watchtower,0,0,687,0.474120082815735,0.4187656768806696,0.16302765647743814,0.0,0.0,,0.0,0.0,,,
n-zoroark,N's Zoroark,Team Rocket's Watchtower,1,0,440,0.3036576949620428,0.4161374294897022,0.18863636363636363,0.004959830328212678,0.009523511902949828,0.6025071763448997,0.03355989550573349,0.022594712287763843,0.13746473112618338,0.7482487771094092,0.3811761330407162
n-zoroark,N's Zoroark,Team Rocket's Watchtower,2,0,158,0.1090407177363699,0.46907067967194555,0.25949367088607594,0.030477868128506135,0.016208443167874502,0.06005768729330398,0.037021203446392974,0.040337473506646244,0.35873045895972355,0.18832863631118837,0.6472384668982981
n-zoroark,N's Zoroark,Team Rocket's Watchtower,3,0,95,0.06556245686680469,0.5030743525480367,0.3368421052631579,0.05818890208394564,0.01523502371219368,0.00013376769063175827,0.14625832849662324,0.05300829173662777,0.005795025382169358,0.0019485491437232362,0.04671603794924246
n-zoroark,N's Zoroark,Team Rocket's Watchtower,4,0,69,0.047619047619047616,0.49730141034488856,0.3188405797101449,0.06216130072969739,0.017931241656890088,0.0005269917750184546,0.14261358333359048,0.05793648290749762,0.013833788876036599,0.005566729209677698,0.08830365632969923
n-zoroark,N's Zoroark,Tool Scrapper,0,0,1227,0.8467908902691511,0.4371150273554512,0.2078239608801956,0.0,0.0,,0.0,0.0,,,
n-zoroark,N's Zoroark,Tool Scrapper,1,0,222,0.15320910973084886,0.40842963342963345,0.15765765765765766,-0.017392265641418946,0.011721292794821573,0.13785720122453704,-0.01697350323034725,0.02553019645768658,0.506152649535833,0.3126686052530902,0.7526768364456805
n-zoroark,N's Zoroark,Transformation Tome,0,0,1232,0.8502415458937198,0.43614565749306006,0.20616883116883117,0.0,0.0,,0.0,0.0,,,
n-zoroark,N's Zoroark,Transformation Tome,4,0,191,0.1318150448585231,0.4100713422702951,0.15706806282722513,-0.045340211949302545,0.013636342113173121,0.0008843308485039026,-0.0878271211765049,0.03142200933911163,0.005188640709572069,0.008127000497750865,0.04334873465542483
n-zoroark,N's Zoroark,Ultra Ball,0,2,56,0.03864734299516908,0.4214749536178108,0.19642857142857142,0.0035418972673794402,0.022435867927274155,0.8745611067087931,0.024237448051878073,0.058204160118554234,0.6771017947916993,0.9296076507978138,0.8547480074362248
n-zoroark,N's Zoroark,Ultra Ball,1,2,171,0.11801242236024845,0.4346021749530521,0.23976608187134502,0.003002607520077234,0.013459005137980077,0.8234632600282481,0.0273683821556352,0.034058682538759495,0.4216479563341349,0.8973592797651253,0.6958759274503394
n-zoroark,N's Zoroark,Ultra Ball,2,2,599,0.41338854382332646,0.43369499788531507,0.19532554257095158,0.0,0.0,,0.0,0.0,,,
n-zoroark,N's Zoroark,Ultra Ball,3,2,410,0.2829537612146308,0.4327069745972185,0.1951219512195122,-0.0014096648159152708,0.009711454640432752,0.8845886067400611,-0.000436436664585739,0.024996729216486612,0.9860698421037397,0.9348535123817349,0.9946766220975263
n-zoroark,N's Zoroark,Ultra Ball,4,2,213,0.14699792960662525,0.4314496927172983,0.19248826291079812,0.014632501950096573,0.013549734347509172,0.28018198593735744,0.022534384999588337,0.03333368891310611,0.49902519249584065,0.47156196792342087,0.7469122995173901
n-zoroark,N's Zoroark,Unfair Stamp,0,0,1070,0.738440303657695,0.43210529691838095,0.20934579439252338,0.0,0.0,,0.0,0.0,,,
n-zoroark,N's Zoroark,Unfair Stamp,1,0,379,0.261559696342305,0.4344560672397085,0.1741424802110818,0.004769200057135631,0.009520125010025327,0.6163994050283446,-0.01713897113012603,0.023618655453620532,0.4680509256372569,0.7583280498273745,0.737528444708319
n-zoroark,N's Zoroark,Xerosic's Machinations,0,0,924,0.6376811594202898,0.435859455799932,0.21212121212121213,0.0,0.0,,0.0,0.0,,,
n-zoroark,N's Zoroark,Xerosic's Machinations,1,0,456,0.3146997929606625,0.4190406977687679,0.15570175438596492,0.002346606961140533,0.009673922037078628,0.8083382279803994,-0.012366953040098652,0.02219794557660584,0.5774444095586531,0.8903873974943411,0.7967788047176649
n-zoroark,N's Zoroark,Xerosic's Machinations,2,0,69,0.047619047619047616,0.4810843745626354,0.3333333333333333,0.034502180408073915,0.019250424160855203,0.07308787423397936,0.08255633491894208,0.05650709831481237,0.14401804321667774,0.2104709052072248,0.3939064932027585
n-zoroark,N's Zoroark,Yveltal [MEG 88],0,1,409,0.28226363008971705,0.44143550011520677,0.2371638141809291,0.008064508664603268,0.008790077286849012,0.3589037682160101,0.048078377027165754,0.023104961471745566,0.03744598171754479,0.5534103405881096,0.1708141616461217
n-zoroark,N's Zoroark,Yveltal [MEG 88],1,1,1014,0.6997929606625258,0.4298655714582736,0.1834319526627219,0.0,0.0,,0.0,0.0,,,
ogerpon-meganium-hydrapple,Ogerpon Meganium Hydrapple,Applin [DRI 16],0,0,808,0.9319492502883506,0.4417789720552534,0.18935643564356436,0.0,0.0,,0.0,0.0,,,
ogerpon-meganium-hydrapple,Ogerpon Meganium Hydrapple,Applin [DRI 16],1,0,51,0.058823529411764705,0.4341103309096388,0.13725490196078433,-0.0012700521669421535,0.024033745545955543,0.9578557752873311,-0.025348826511579325,0.04830923225793761,0.5997777631978904,0.9748277491573171,0.8043333694136602
ogerpon-meganium-hydrapple,Ogerpon Meganium Hydrapple,Applin [PRE 9],0,0,391,0.45098039215686275,0.45779572132061974,0.25831202046035806,0.0,0.0,,0.0,0.0,,,
ogerpon-meganium-hydrapple,Ogerpon Meganium Hydrapple,Applin [PRE 9],1,0,104,0.11995386389850057,0.4488198484522015,0.11538461538461539,-0.012777611579966118,0.016921247548199046,0.45017559647585204,-0.12981083318696182,0.03786129145814368,0.0006067260466614009,0.636592530517905,0.009782126962839078
ogerpon-meganium-hydrapple,Ogerpon Meganium Hydrapple,Applin [PRE 9],2,0,354,0.4083044982698962,0.42330207457326097,0.1327683615819209,-0.02871752843766711,0.010939422543004965,0.008661304976397319,-0.09889793356666157,0.027624325962007843,0.000343458734640859,0.04622065896728397,0.0064587922571701685
ogerpon-meganium-hydrapple,Ogerpon Meganium Hydrapple,Applin [TWM 17],0,0,417,0.4809688581314879,0.4248997335010878,0.12949640287769784,0.0,0.0,,0.0,0.0,,,
ogerpon-meganium-hydrapple,Ogerpon Meganium Hydrapple,Applin [TWM 17],1,0,79,0.09111880046136102,0.44781224401477554,0.11392405063291139,0.005151152890147485,0.01665322259161756,0.7570791199177747,-0.03039788625609769,0.04104333116539133,0.45891834647192997,0.8691149702714653,0.7271482075994891
ogerpon-meganium-hydrapple,Ogerpon Meganium Hydrapple,Applin [TWM 17],2,0,358,0.4129181084198385,0.4605089359649005,0.2681564245810056,0.029249254429295865,0.010763474984235718,0.006578618338803129,0.10783068127985823,0.027510945673833432,8.871239321974256e-05,0.038172536383925794,0.002470505738452831
ogerpon-meganium-hydrapple,Ogerpon Meganium Hydrapple,Bayleef [ASC 9],0,0,673,0.776239907727797,0.43850357195563033,0.1812778603268945,0.0,0.0,,0.0,0.0,,,
ogerpon-meganium-hydrapple,Ogerpon Meganium Hydrapple,Bayleef [ASC 9],1,0,132,0.1522491349480969,0.46499037454919806,0.20454545454545456,0.025837969278835315,0.01446034616551323,0.07396732880249703,0.020481659765802764,0.03828231297254707,0.5926386162930648,0.2104709052072248,0.8021132376632292
ogerpon-meganium-hydrapple,Ogerpon Meganium Hydrapple,Bayleef [ASC 9],2,0,62,0.07151095732410612,0.42603932805545713,0.1935483870967742,-0.004255045270921949,0.020490049806096318,0.8354913451621442,0.011810918231628484,0.05112094993757997,0.8172847306713096,0.9065130415631765,0.9299975721301849
ogerpon-meganium-hydrapple,Ogerpon Meganium Hydrapple,Bayleef [MEG 9],0,2,62,0.07151095732410612,0.42603932805545713,0.1935483870967742,-0.004255045270922358,0.020490049806096314,0.8354913451621285,0.011810918231628255,0.05112094993758,0.8172847306713131,0.9065130415631765,0.9299975721301849
ogerpon-meganium-hydrapple,Ogerpon Meganium Hydrapple,Bayleef [MEG 9],1,2,132,0.1522491349480969,0.46499037454919806,0.20454545454545456,0.025837969278834985,0.014460346165513246,0.07396732880250098,0.0204816597658024,0.03828231297254708,0.5926386162930714,0.2104709052072248,0.8021132376632292
ogerpon-meganium-hydrapple,Ogerpon Meganium Hydrapple,Bayleef [MEG 9],2,2,673,0.776239907727797,0.43850357195563033,0.1812778603268945,0.0,0.0,,0.0,0.0,,,
ogerpon-meganium-hydrapple,Ogerpon Meganium Hydrapple,Boss's Orders,2,2,819,0.9446366782006921,0.44306049058796304,0.19047619047619047,0.0,0.0,,0.0,0.0,,,
ogerpon-meganium-hydrapple,Ogerpon Meganium Hydrapple,Boss's Orders,3,2,42,0.04844290657439446,0.4157908890051747,0.07142857142857142,-0.023386343232104808,0.026170585553806417,0.3715296476528782,-0.09887369155976904,0.04640659787820332,0.033122475374534555,0.5643566052776777,0.15771790087666973
ogerpon-meganium-hydrapple,Ogerpon Meganium Hydrapple,Briar,0,1,194,0.223760092272203,0.4176422088793223,0.13402061855670103,-0.024758792399016613,0.0138116092656122,0.07303572901195977,-0.058498872530781246,0.028544262402191226,0.04042212332482396,0.2104709052072248,0.17859582372842892
ogerpon-meganium-hydrapple,Ogerpon Meganium Hydrapple,Briar,1,1,673,0.776239907727797,0.4485638680289498,0.20059435364041606,0.0,0.0,,0.0,0.0,,,
ogerpon-meganium-hydrapple,Ogerpon Meganium Hydrapple,Budew [ASC 16],0,0,809,0.9331026528258363,0.4455370409016886,0.19283065512978986,0.0,0.0,,0.0,0.0,,,
ogerpon-meganium-hydrapple,Ogerpon Meganium Hydrapple,Budew [ASC 16],1,0,56,0.06459054209919261,0.3915167669631955,0.08928571428571429,-0.05869263199104304,0.022562870281647617,0.009287314914084039,-0.0938878143008072,0.04233619064195335,0.02657715681485009,0.04849455912524563,0.14037015582096113
ogerpon-meganium-hydrapple,Ogerpon Meganium Hydrapple,Celebi [MEG 12],0,1,94,0.10841983852364476,0.39905664666302965,0.10638297872340426,-0.06527958878013537,0.017367818819654768,0.0001708311735288411,-0.09549002487256911,0.03902870559473249,0.014418625073132478,0.0023431917682538053,0.08940956801386085
ogerpon-meganium-hydrapple,Ogerpon Meganium Hydrapple,Celebi [MEG 12],1,1,653,0.7531718569780853,0.4466895576773065,0.18989280245022971,0.0,0.0,,0.0,0.0,,,
ogerpon-meganium-hydrapple,Ogerpon Meganium Hydrapple,Celebi [MEG 12],2,1,114,0.1314878892733564,0.45140463824674343,0.21929824561403508,-0.0010044244372058194,0.013747564876611698,0.9417567889710962,0.02519494992408776,0.03771059299123992,0.5040612524504067,0.9647367092896247,0.7520004724057203
ogerpon-meganium-hydrapple,Ogerpon Meganium Hydrapple,Chikorita [ASC 8],0,0,443,0.510957324106113,0.4332906872410259,0.17607223476297967,0.0,0.0,,0.0,0.0,,,
ogerpon-meganium-hydrapple,Ogerpon Meganium Hydrapple,Chikorita [ASC 8],1,0,98,0.11303344867358708,0.4356186613839675,0.17346938775510204,-0.008246753133914101,0.01759826819716531,0.6393472632499978,-0.017451060033126735,0.04280016130261756,0.6834693321721459,0.7741240249364268,0.859245302689743
ogerpon-meganium-hydrapple,Ogerpon Meganium Hydrapple,Chikorita [ASC 8],2,0,326,0.3760092272202999,0.45480879890389087,0.20245398773006135,0.011917201225994238,0.011223365527900403,0.2883171155332235,0.0011117195113981605,0.027841698233880125,0.9681489192841561,0.4800062122736094,0.9946766220975263
ogerpon-meganium-hydrapple,Ogerpon Meganium Hydrapple,Chikorita [MEG 8],0,2,330,0.3806228373702422,0.4554467586285768,0.20606060606060606,0.012188861055809684,0.011169219304168662,0.2751451500022747,0.006505607137471704,0.02789358080960782,0.8155831654279213,0.469825697069574,0.9299975721301849
ogerpon-meganium-hydrapple,Ogerpon Meganium Hydrapple,Chikorita [MEG 8],1,2,98,0.11303344867358708,0.4356186613839675,0.17346938775510204,-0.008325452339124247,0.017602987049897593,0.6362440036382069,-0.01550280028671222,0.042779353116023655,0.7170607769767257,0.7724019013784836,0.8827079927322614
ogerpon-meganium-hydrapple,Ogerpon Meganium Hydrapple,Chikorita [MEG 8],2,2,438,0.5051903114186851,0.4329504526422335,0.1735159817351598,0.0,0.0,,0.0,0.0,,,
ogerpon-meganium-hydrapple,Ogerpon Meganium Hydrapple,Ciphermaniac's Codebreaking,0,1,403,0.46482122260668973,0.44049064390255455,0.1935483870967742,-0.0012511043102180798,0.01073569060983556,0.907227028047051,0.014055488118724136,0.028116863601004235,0.61714879800814,0.945285304733832,0.8137155600709909
ogerpon-meganium-hydrapple,Ogerpon Meganium Hydrapple,Ciphermaniac's Codebreaking,1,1,462,0.532871972318339,0.44333696005773926,0.17965367965367965,0.0,0.0,,0.0,0.0,,,
ogerpon-meganium-hydrapple,Ogerpon Meganium Hydrapple,Dawn,0,1,63,0.0726643598615917,0.46150349028500304,0.25396825396825395,0.021982850029435858,0.021948736166456827,0.3165589255165059,0.06352415930223003,0.05828042459702088,0.27572450820779626,0.5101112609446006,0.5720869235598077
ogerpon-meganium-hydrapple,Ogerpon Meganium Hydrapple,Dawn,1,1,452,0.5213379469434832,0.4502978519831722,0.18805309734513273,0.0,0.0,,0.0,0.0,,,
ogerpon-meganium-hydrapple,Ogerpon Meganium Hydrapple,Dawn,2,1,341,0.3933102652825836,0.43004904023965607,0.17595307917888564,-0.01470285949053867,0.011243339370285892,0.19097675539702674,-0.009407623602226876,0.02861136554746769,0.7423014045317908,0.37610003876973463,0.8947280753633073
ogerpon-meganium-hydrapple,Ogerpon Meganium Hydrapple,Dipplin [PRE 10],1,2,48,0.05536332179930796,0.45943922975172974,0.1875,0.0071483134250591475,0.021150806999107742,0.7353866796415476,-0.026462345997797385,0.0599802024648381,0.6590793084310941,0.8543873054242507,0.8447613451160049
ogerpon-meganium-hydrapple,Ogerpon Meganium Hydrapple,Dipplin [PRE 10],2,2,786,0.9065743944636678,0.4426476583919332,0.1895674300254453,0.0,0.0,,0.0,0.0,,,
ogerpon-meganium-hydrapple,Ogerpon Meganium Hydrapple,Dipplin [SCR 13],0,0,814,0.9388696655132641,0.44138368797459704,0.18673218673218672,0.0,0.0,,0.0,0.0,,,
ogerpon-meganium-hydrapple,Ogerpon Meganium Hydrapple,Dipplin [SCR 13],1,0,48,0.05536332179930796,0.45683506308506305,0.1875,0.012062227140431814,0.021091313166290433,0.5673863466287266,-0.008361718344978508,0.058267050834201,0.8858899366819056,0.7322766053293538,0.9589315097887765
ogerpon-meganium-hydrapple,Ogerpon Meganium Hydrapple,Energy Retrieval,0,0,793,0.9146482122260668,0.44164991866757314,0.1828499369482976,0.0,0.0,,0.0,0.0,,,
ogerpon-meganium-hydrapple,Ogerpon Meganium Hydrapple,Energy Retrieval,1,0,68,0.0784313725490196,0.44744846656611365,0.23529411764705882,0.0021041790560186848,0.018659341116307838,0.9102143835294725,0.027991885153302982,0.04664823301373998,0.5484641570425872,0.947323916719802,0.7802454494150738
ogerpon-meganium-hydrapple,Ogerpon Meganium Hydrapple,Festival Grounds,0,0,797,0.9192618223760092,0.4459271071880858,0.19573400250941028,0.0,0.0,,0.0,0.0,,,
ogerpon-meganium-hydrapple,Ogerpon Meganium Hydrapple,Festival Grounds,1,0,62,0.07151095732410612,0.39993894993894985,0.08064516129032258,-0.036165895946560625,0.020988656640061353,0.08486749939181859,-0.11199304693659107,0.038098103447953245,0.0032864004387360164,0.2287191552524378,0.03179160003366736
ogerpon-meganium-hydrapple,Ogerpon Meganium Hydrapple,Forest of Vitality,3,4,220,0.2537485582468281,0.43261516261516253,0.17272727272727273,-0.011665273538475124,0.01299494593930654,0.36935738693771736,-0.030858206493009865,0.03009726969697084,0.30522987027822335,0.5638528880328276,0.5974656385647573
ogerpon-meganium-hydrapple,Ogerpon Meganium Hydrapple,Forest of Vitality,4,4,641,0.7393310265282583,0.44573920619162427,0.1918876755070203,0.0,0.0,,0.0,0.0,,,
ogerpon-meganium-hydrapple,Ogerpon Meganium Hydrapple,Hoothoot [SCR 114],0,0,813,0.9377162629757786,0.43919398559619965,0.1795817958179582,0.0,0.0,,0.0,0.0,,,
ogerpon-meganium-hydrapple,Ogerpon Meganium Hydrapple,Hoothoot [SCR 114],1,0,53,0.06113033448673587,0.47918711267767866,0.2830188679245283,0.039408757157169454,0.02311310919394458,0.08818711414126873,0.0889012375251739,0.06913234930650645,0.1984580235267025,0.2342310921844681,0.48028810590305093
ogerpon-meganium-hydrapple,Ogerpon Meganium Hydrapple,Judge,0,0,652,0.7520184544405998,0.4368013544957789,0.17638036809815952,0.0,0.0,,0.0,0.0,,,
ogerpon-meganium-hydrapple,Ogerpon Meganium Hydrapple,Judge,1,0,203,0.23414071510957324,0.4612366158584646,0.22660098522167488,0.026509115313153326,0.014949490792141562,0.07618805726971527,0.04817396889207112,0.03668754371554107,0.18915333837669035,0.2141187297580071,0.4674731232243843
ogerpon-meganium-hydrapple,Ogerpon Meganium Hydrapple,Max Rod,0,0,809,0.9331026528258363,0.44605328746243456,0.1915945611866502,0.0,0.0,,0.0,0.0,,,
ogerpon-meganium-hydrapple,Ogerpon Meganium Hydrapple,Max Rod,1,0,58,0.06689734717416378,0.38015451980969217,0.10344827586206896,-0.03660338828769523,0.02089969790473052,0.07987985492198058,-0.04457521519650418,0.0432421187127932,0.3026211767619267,0.21913309454716465,0.5955221872467037
ogerpon-meganium-hydrapple,Ogerpon Meganium Hydrapple,Meowth ex [POR 107],1,2,297,0.34256055363321797,0.42099863286731976,0.15151515151515152,-0.021413163019688156,0.011839448770086978,0.0705087567875811,-0.03489742914959851,0.02794905706783194,0.21180831594271954,0.2092249615781405,0.49910728808040833
ogerpon-meganium-hydrapple,Ogerpon Meganium Hydrapple,Meowth ex [POR 107],2,2,558,0.643598615916955,0.45402285388844527,0.2060931899641577,0.0,0.0,,0.0,0.0,,,
ogerpon-meganium-hydrapple,Ogerpon Meganium Hydrapple,Night Stretcher,1,1,577,0.6655132641291811,0.4415346637820896,0.18370883882149047,0.0,0.0,,0.0,0.0,,,
ogerpon-meganium-hydrapple,Ogerpon Meganium Hydrapple,Night Stretcher,2,1,250,0.28835063437139563,0.4396648469177881,0.192,-0.003974999119898053,0.012348777618025567,0.747532894654388,-0.014266605733964929,0.027567670751860698,0.6047986599148376,0.8630436308886715,0.8055216934228056
ogerpon-meganium-hydrapple,Ogerpon Meganium Hydrapple,Noctowl [PRE 78],0,0,797,0.9192618223760092,0.4396955198711786,0.18193224592220827,0.0,0.0,,0.0,0.0,,,
ogerpon-meganium-hydrapple,Ogerpon Meganium Hydrapple,Noctowl [PRE 78],1,0,68,0.0784313725490196,0.463592616533793,0.23529411764705882,0.02550133047588627,0.020186511334147107,0.20648653459659727,0.04954929189577713,0.059008446260166623,0.4010775684989579,0.3953356776964018,0.6791384705476604
ogerpon-meganium-hydrapple,Ogerpon Meganium Hydrapple,Poké Pad,0,1,237,0.27335640138408307,0.4351300715224766,0.18143459915611815,0.0024681676396772767,0.012897813600868425,0.8482410034683017,-0.03552909918458395,0.03340674469545193,0.2875413422544566,0.9130805867845946,0.5885311659952018
ogerpon-meganium-hydrapple,Ogerpon Meganium Hydrapple,Poké Pad,1,1,356,0.41061130334486734,0.4482302185953871,0.2247191011235955,0.0,0.0,,0.0,0.0,,,
ogerpon-meganium-hydrapple,Ogerpon Meganium Hydrapple,Poké Pad,2,1,227,0.2618223760092272,0.4365422267404646,0.14096916299559473,-0.012776034565662842,0.014540353229843012,0.379585362124368,-0.09293409424841989,0.03378534632496115,0.005946409020313121,0.5718671275283511,0.047109912841963426
ogerpon-meganium-hydrapple,Ogerpon Meganium Hydrapple,Regigigas [PRE 86],0,0,761,0.8777393310265282,0.4422122227312765,0.19053876478318002,0.0,0.0,,0.0,0.0,,,
ogerpon-meganium-hydrapple,Ogerpon Meganium Hydrapple,Regigigas [PRE 86],1,0,106,0.12226066897347174,0.43757141705254915,0.1509433962264151,-0.004942206859221128,0.016203345310313456,0.760357384220085,-0.033501374175457926,0.03650742077276602,0.3587972620024842,0.8691149702714653,0.6472384668982981
ogerpon-meganium-hydrapple,Ogerpon Meganium Hydrapple,Special Red Card,0,0,489,0.5640138408304498,0.4582658479897744,0.2167689161554192,0.0,0.0,,0.0,0.0,,,
ogerpon-meganium-hydrapple,Ogerpon Meganium Hydrapple,Special Red Card,1,0,369,0.42560553633217996,0.4209537376204043,0.14634146341463414,-0.013500170043199247,0.014253517451502285,0.34356410136629123,-0.05138212832248287,0.034346352522290846,0.1346537693696884,0.5387976265454294,0.37843062400839034
ogerpon-meganium-hydrapple,Ogerpon Meganium Hydrapple,Tapu Bulu [SFA 6],0,1,168,0.19377162629757785,0.46463021105878255,0.17261904761904762,0.01849827607441507,0.013361338774729444,0.16621680067921918,-0.014658064645665948,0.03248913593758749,0.6518683343647232,0.34548543477879945,0.8417673402603757
ogerpon-meganium-hydrapple,Ogerpon Meganium Hydrapple,Tapu Bulu [SFA 6],1,1,698,0.8050749711649365,0.43617220092864795,0.18911174785100288,0.0,0.0,,0.0,0.0,,,
ogerpon-meganium-hydrapple,Ogerpon Meganium Hydrapple,Teal Mask Ogerpon ex [PRE 12],3,4,44,0.05074971164936563,0.4108800921300921,0.09090909090909091,-0.030213948832152386,0.022614930744017332,0.1815434725232271,-0.09739883929467179,0.04733680501151964,0.039631328652536525,0.36497567764495936,0.17680189821204403
ogerpon-meganium-hydrapple,Ogerpon Meganium Hydrapple,Teal Mask Ogerpon ex [PRE 12],4,4,823,0.9492502883506344,0.44328960832606035,0.19076549210206561,0.0,0.0,,0.0,0.0,,,
ogerpon-meganium-hydrapple,Ogerpon Meganium Hydrapple,Team Rocket's Petrel,0,0,724,0.8350634371395617,0.4452389346381058,0.18922651933701656,0.0,0.0,,0.0,0.0,,,
ogerpon-meganium-hydrapple,Ogerpon Meganium Hydrapple,Team Rocket's Petrel,1,0,136,0.1568627450980392,0.4257667169431875,0.17647058823529413,-0.01412584090464327,0.015252509181234393,0.35437724710018126,-0.014211667785026586,0.03432197957716031,0.6788235745304911,0.5482705220287316,0.8557460425151185
ogerpon-meganium-hydrapple,Ogerpon Meganium Hydrapple,Ultra Ball,2,4,115,0.13264129181084197,0.4196825396825396,0.14782608695652175,-0.03302927227655211,0.02072977054137993,0.11108718615575355,-0.04923437033931662,0.04320333082424082,0.2544543887642383,0.272793810556171,0.547643052164719
ogerpon-meganium-hydrapple,Ogerpon Meganium Hydrapple,Ultra Ball,3,4,196,0.22606689734717417,0.43013144735083514,0.1377551020408163,-0.02631778690813326,0.011946465105693194,0.02759637538334186,-0.06786326258623522,0.03099375450630248,0.028554810121632922,0.11172277082507125,0.1462924777552363
ogerpon-meganium-hydrapple,Ogerpon Meganium Hydrapple,Ultra Ball,4,4,541,0.6239907727797002,0.45488643621730496,0.21626617375231053,0.0,0.0,,0.0,0.0,,,
ogerpon-meganium-hydrapple,Ogerpon Meganium Hydrapple,Unfair Stamp,0,1,138,0.15916955017301038,0.41752778220169523,0.13043478260869565,-0.01934321873188733,0.013951306859927796,0.16560014702379378,-0.037950134488000185,0.031588894362581076,0.22960544372477998,0.3453083074215705,0.5253998065063195
ogerpon-meganium-hydrapple,Ogerpon Meganium Hydrapple,Unfair Stamp,1,1,729,0.8408304498269896,0.44621020269168415,0.19615912208504802,0.0,0.0,,0.0,0.0,,,
ogerpon-meganium-hydrapple,Ogerpon Meganium Hydrapple,Xerosic's Machinations,0,0,810,0.9342560553633218,0.4425181985367171,0.18765432098765433,0.0,0.0,,0.0,0.0,,,
ogerpon-meganium-hydrapple,Ogerpon Meganium Hydrapple,Xerosic's Machinations,1,0,56,0.06459054209919261,0.4316904325832897,0.16071428571428573,-0.007679120807049443,0.023399825612982244,0.7427831282767846,-0.013407805451378145,0.05160207302529968,0.7949943285598791,0.8608041549638903,0.921311208003189
raging-bolt-ogerpon,Raging Bolt Ogerpon,Area Zero Underdepths,0,3,50,0.04940711462450593,0.39904761904761904,0.1,-0.006371031678919381,0.023652968434645164,0.7876569551365596,-0.046047858996556,0.04774776605959725,0.3348463311042805,0.8847445688922894,0.6267286726778692
raging-bolt-ogerpon,Raging Bolt Ogerpon,Area Zero Underdepths,2,3,55,0.05434782608695652,0.38334665334665324,0.05454545454545454,-0.0576890591075137,0.02270375588191452,0.01105524158832559,-0.1161805766626623,0.03281718457148276,0.000399769446472378,0.05582289571247922,0.007065156179002219
raging-bolt-ogerpon,Raging Bolt Ogerpon,Area Zero Underdepths,3,3,505,0.4990118577075099,0.4380858525412981,0.19207920792079208,0.0,0.0,,0.0,0.0,,,
raging-bolt-ogerpon,Raging Bolt Ogerpon,Area Zero Underdepths,4,3,396,0.391304347826087,0.45758773820642507,0.2222222222222222,0.015368671196051604,0.009742321439906387,0.11467676686927691,0.020715815618088378,0.0273668933938836,0.44907006172885244,0.2780684663663997,0.7226691998821247
raging-bolt-ogerpon,Raging Bolt Ogerpon,Boss's Orders,2,2,897,0.8863636363636364,0.4444124272440884,0.1995540691192865,0.0,0.0,,0.0,0.0,,,
raging-bolt-ogerpon,Raging Bolt Ogerpon,Boss's Orders,3,2,62,0.06126482213438735,0.4192342156051833,0.16129032258064516,-0.013861032082346405,0.01866693387178366,0.45775740312713764,-0.014064162115994129,0.04919374216408986,0.7749598325879324,0.64324014292636,0.9130328845989576
raging-bolt-ogerpon,Raging Bolt Ogerpon,Brock's Scouting,0,0,966,0.9545454545454546,0.4407251670191629,0.1997929606625259,0.0,0.0,,0.0,0.0,,,
raging-bolt-ogerpon,Raging Bolt Ogerpon,Brock's Scouting,1,0,45,0.044466403162055336,0.44102971102971106,0.044444444444444446,-0.016993458744710456,0.019728146753429154,0.3890280147042332,-0.13188810895208036,0.04039929042839246,0.0010961315320285382,0.5803843271318024,0.01510987443714506
raging-bolt-ogerpon,Raging Bolt Ogerpon,Bug Catching Set,0,0,905,0.8942687747035574,0.4448864047759076,0.20331491712707184,0.0,0.0,,0.0,0.0,,,
raging-bolt-ogerpon,Raging Bolt Ogerpon,Bug Catching Set,4,0,46,0.045454545454545456,0.39711007591442377,0.15217391304347827,-0.02017814068018299,0.02482297977486008,0.4162860104337468,-0.0060365777091022565,0.05544787453189778,0.913306065056254,0.6053272841591983,0.972385534210254
raging-bolt-ogerpon,Raging Bolt Ogerpon,Chien-Pao [SSP 56],0,1,152,0.15019762845849802,0.4087809668401774,0.10526315789473684,-0.0301846092454344,0.012991324289078045,0.020155334308836845,-0.07345765765081697,0.02633479953511062,0.005280971569961546,0.0886256087551247,0.04372263849364559
raging-bolt-ogerpon,Raging Bolt Ogerpon,Chien-Pao [SSP 56],1,1,859,0.8488142292490118,0.4462157899876177,0.20721769499417927,0.0,0.0,,0.0,0.0,,,
raging-bolt-ogerpon,Raging Bolt Ogerpon,Ciphermaniac's Codebreaking,0,1,242,0.2391304347826087,0.40133288428742975,0.08264462809917356,-0.04736678514932317,0.011227724060098752,2.4567752977265175e-05,-0.12072002252476552,0.02291603421186609,1.3797205870107327e-07,0.0005653879743235459,1.5849540243285793e-05
raging-bolt-ogerpon,Raging Bolt Ogerpon,Ciphermaniac's Codebreaking,1,1,758,0.7490118577075099,0.45313554690203767,0.22955145118733508,0.0,0.0,,0.0,0.0,,,
raging-bolt-ogerpon,Raging Bolt Ogerpon,Cyrano,0,2,99,0.09782608695652174,0.4097603014269681,0.12121212121212122,-0.031230727059973873,0.016700168701088664,0.061472081025538604,-0.056483506339397326,0.034245682423415906,0.09907361984778353,0.19150116088972874,0.32517377371468953
raging-bolt-ogerpon,Raging Bolt Ogerpon,Cyrano,1,2,231,0.22826086956521738,0.4473173731831741,0.18181818181818182,-0.013050722852387026,0.011010363222758869,0.2358938521859958,-0.0335816134912696,0.029832490256326265,0.2603041736116687,0.424239628491057,0.5584704464286706
raging-bolt-ogerpon,Raging Bolt Ogerpon,Cyrano,2,2,674,0.66600790513834,0.444397030598811,0.20919881305637983,0.0,0.0,,0.0,0.0,,,
raging-bolt-ogerpon,Raging Bolt Ogerpon,Energy Retrieval,0,0,749,0.7401185770750988,0.45063565223778845,0.22162883845126835,0.0,0.0,,0.0,0.0,,,
raging-bolt-ogerpon,Raging Bolt Ogerpon,Energy Retrieval,1,0,190,0.18774703557312253,0.4268949617633828,0.13157894736842105,-0.017079891430933143,0.011910981077962544,0.15158317470746188,-0.05814750343289517,0.027831403478616696,0.03668282054877286,0.33089058801937643,0.17026016204203162
raging-bolt-ogerpon,Raging Bolt Ogerpon,Energy Retrieval,2,0,63,0.06225296442687747,0.3748599724790201,0.047619047619047616,-0.0729100137298979,0.019629755817443115,0.00020379930733152013,-0.1414809466206768,0.03386331278327893,2.9408266997094996e-05,0.002675593763395243,0.0010394691296280885
raging-bolt-ogerpon,Raging Bolt Ogerpon,Energy Switch,0,4,49,0.04841897233201581,0.414352370985024,0.12244897959183673,-0.022969584955305024,0.024532301760035916,0.34911894083621164,-0.06363368868795057,0.04853536429197307,0.18983113182696543,0.5439362648879089,0.4677072658149631
raging-bolt-ogerpon,Raging Bolt Ogerpon,Energy Switch,2,4,87,0.08596837944664032,0.38519711450745936,0.10344827586206896,-0.07232510318631236,0.017145323033422786,2.460883457338611e-05,-0.08852698384796755,0.034309163545881954,0.009872244093895277,0.0005653879743235459,0.06770591285290865
raging-bolt-ogerpon,Raging Bolt Ogerpon,Energy Switch,3,4,83,0.08201581027667984,0.4235040283233055,0.12048192771084337,-0.028657140650555232,0.017363381441739878,0.09885390097690393,-0.07878631873266262,0.0391493824176233,0.04417213471229864,0.2516951115362918,0.18969248504954417
raging-bolt-ogerpon,Raging Bolt Ogerpon,Energy Switch,4,4,757,0.7480237154150198,0.4499812018306074,0.2192866578599736,0.0,0.0,,0.0,0.0,,,
raging-bolt-ogerpon,Raging Bolt Ogerpon,Fan Rotom [ASC 171],0,0,958,0.9466403162055336,0.44100866272056255,0.19624217118997914,0.0,0.0,,0.0,0.0,,,
raging-bolt-ogerpon,Raging Bolt Ogerpon,Fan Rotom [ASC 171],2,0,49,0.04841897233201581,0.438300814831427,0.14285714285714285,-0.031455267026515785,0.02078960763089571,0.1302724419559987,-0.05728890657340664,0.04335740157508904,0.18639542044683033,0.29855454902135364,0.46548204182238334
raging-bolt-ogerpon,Raging Bolt Ogerpon,Glass Trumpet,0,2,69,0.06818181818181818,0.39833351029003206,0.10144927536231885,-0.02845391499182249,0.0207250271763258,0.1697755578759259,-0.05949762004094381,0.03818405397358275,0.11919064161579372,0.34826727162494625,0.35563701183413776
raging-bolt-ogerpon,Raging Bolt Ogerpon,Glass Trumpet,1,2,85,0.08399209486166008,0.41039969834087486,0.16470588235294117,-0.032612586735377855,0.01691903139997343,0.053908858682016295,-0.02415546718511119,0.040367407488206976,0.5495795017115399,0.17322461933137404,0.780623743543903
raging-bolt-ogerpon,Raging Bolt Ogerpon,Glass Trumpet,2,2,848,0.8379446640316206,0.44883620266874985,0.20518867924528303,0.0,0.0,,0.0,0.0,,,
raging-bolt-ogerpon,Raging Bolt Ogerpon,Hero's Cape,0,0,963,0.9515810276679841,0.44176274765579027,0.19730010384215993,0.0,0.0,,0.0,0.0,,,
raging-bolt-ogerpon,Raging Bolt Ogerpon,Hero's Cape,1,0,49,0.04841897233201581,0.41757120430589817,0.10204081632653061,-0.024856380967775215,0.02207573417298692,0.26018269393761406,-0.12228912817579884,0.04814481070876917,0.011084385178475008,0.4554436109117473,0.07276107127870379
raging-bolt-ogerpon,Raging Bolt Ogerpon,Iron Crown ex [PRE 158],0,0,951,0.9397233201581028,0.44174409148121035,0.19242902208201892,0.0,0.0,,0.0,0.0,,,
raging-bolt-ogerpon,Raging Bolt Ogerpon,Iron Crown ex [PRE 158],1,0,60,0.05928853754940711,0.4213314000814001,0.2,0.030303011146203995,0.028043797491056593,0.2798927990946618,0.060030853475807486,0.06376558674046445,0.3464844080164864,0.47156196792342087,0.6393959256368493
raging-bolt-ogerpon,Raging Bolt Ogerpon,Iron Leaves ex [PRE 176],0,0,525,0.5187747035573123,0.44727666865762106,0.19238095238095237,0.0,0.0,,0.0,0.0,,,
raging-bolt-ogerpon,Raging Bolt Ogerpon,Iron Leaves ex [PRE 176],1,0,483,0.4772727272727273,0.43390501263172065,0.19254658385093168,-0.0016339254472723438,0.009647886160779402,0.8655167903275711,0.0177288710268253,0.024682383162079425,0.4725844383647867,0.9238210572718211,0.737828473174875
raging-bolt-ogerpon,Raging Bolt Ogerpon,Jamming Tower,0,0,935,0.9239130434782609,0.4408375660782078,0.19893048128342247,0.0,0.0,,0.0,0.0,,,
raging-bolt-ogerpon,Raging Bolt Ogerpon,Jamming Tower,1,0,77,0.07608695652173914,0.4376024768881911,0.11688311688311688,-0.006652567132582693,0.01759853106174815,0.7054169852171353,-0.0678039064593093,0.03616033145103727,0.06078022680385816,0.8311259095058299,0.23972973576285686
raging-bolt-ogerpon,Raging Bolt Ogerpon,Judge,0,0,833,0.8231225296442688,0.4483621820356514,0.21008403361344538,0.0,0.0,,0.0,0.0,,,
raging-bolt-ogerpon,Raging Bolt Ogerpon,Judge,1,0,162,0.1600790513833992,0.4056018512808636,0.1111111111111111,-0.04220750611372025,0.0137893735264999,0.0022069348398501124,-0.09853034249503922,0.029191759569510867,0.0007374080492409974,0.01610425546786295,0.011486067750041976
raging-bolt-ogerpon,Raging Bolt Ogerpon,Koraidon [SSP 116],0,0,967,0.9555335968379447,0.44023467818710843,0.1923474663908997,0.0,0.0,,0.0,0.0,,,
raging-bolt-ogerpon,Raging Bolt Ogerpon,Koraidon [SSP 116],1,0,43,0.042490118577075096,0.451110969134225,0.18604651162790697,-0.0002817387932461813,0.021376432051330038,0.9894842822797264,0.009071927610439692,0.057123166503831965,0.8738158453500312,0.9938098966284903,0.9578855000679917
raging-bolt-ogerpon,Raging Bolt Ogerpon,Koraidon ex [ASC 121],0,0,942,0.9308300395256917,0.43797503707270163,0.18577494692144372,0.0,0.0,,0.0,0.0,,,
raging-bolt-ogerpon,Raging Bolt Ogerpon,Koraidon ex [ASC 121],1,0,70,0.0691699604743083,0.47580042972900116,0.2857142857142857,0.03634067945823722,0.019094574304680766,0.057015234358451135,0.06625091778220099,0.05765080861255789,0.25048347123529646,0.18256794555894285,0.547643052164719
raging-bolt-ogerpon,Raging Bolt Ogerpon,Latias ex [SSP 220],1,2,110,0.10869565217391304,0.4233608058608059,0.13636363636363635,-0.01994420065352247,0.01548213866980851,0.19767388796900198,-0.03584619399872387,0.03344577757496937,0.2838231767423044,0.3856506471302698,0.5830243366933106
raging-bolt-ogerpon,Raging Bolt Ogerpon,Latias ex [SSP 220],2,2,891,0.8804347826086957,0.44360191082974476,0.20089786756453423,0.0,0.0,,0.0,0.0,,,
raging-bolt-ogerpon,Raging Bolt Ogerpon,Lillie's Clefairy ex [ASC 280],0,1,203,0.20059288537549408,0.42646738865950695,0.10837438423645321,-0.03581840316517878,0.012998652475717508,0.005859401209531905,-0.11094337315210151,0.02761317175302275,5.8751498962856743e-05,0.035389541537999156,0.0018071186694162207
raging-bolt-ogerpon,Raging Bolt Ogerpon,Lillie's Clefairy ex [ASC 280],1,1,719,0.7104743083003953,0.44681234646464135,0.2239221140472879,0.0,0.0,,0.0,0.0,,,
raging-bolt-ogerpon,Raging Bolt Ogerpon,Lillie's Clefairy ex [ASC 280],2,1,90,0.08893280632411067,0.42275064441731103,0.13333333333333333,0.001223703370035311,0.016872550735190853,0.9421830906526646,-0.042178582306887605,0.03832836956250103,0.2711346488713593,0.9647367092896247,0.5720869235598077
raging-bolt-ogerpon,Raging Bolt Ogerpon,Lillie's Determination,0,1,171,0.16897233201581027,0.43465829167583553,0.17543859649122806,0.007605894510677818,0.013762376548785333,0.5804972691754828,-0.008363410721556233,0.034439441747911484,0.8081262726140179,0.739427500849116,0.929496926823883
raging-bolt-ogerpon,Raging Bolt Ogerpon,Lillie's Determination,1,1,718,0.7094861660079052,0.4495910065896138,0.2116991643454039,0.0,0.0,,0.0,0.0,,,
raging-bolt-ogerpon,Raging Bolt Ogerpon,Lillie's Determination,2,1,63,0.06225296442687747,0.390108921061302,0.09523809523809523,-0.044586120791757944,0.01966784179142265,0.023392948414835454,-0.07335661138364362,0.04197358775636164,0.08051858073858263,0.09906967554485613,0.28460221422599014
raging-bolt-ogerpon,Raging Bolt Ogerpon,Mega Kangaskhan ex [MEG 104],0,3,81,0.0800395256916996,0.40367694719546576,0.1111111111111111,-0.03958568895485682,0.019120047380481887,0.03841713902040734,-0.10596443343495791,0.03774091556377714,0.004989970366465915,0.1368424448052494,0.04229226772560501
raging-bolt-ogerpon,Raging Bolt Ogerpon,Mega Kangaskhan ex [MEG 104],2,3,215,0.2124505928853755,0.4230784848226708,0.09302325581395349,-0.04590202949519075,0.011671467521091508,8.394766373336094e-05,-0.15139394210077842,0.02798650476321313,6.318904173029742e-08,0.0014286648698325687,1.1614145870028666e-05
raging-bolt-ogerpon,Raging Bolt Ogerpon,Mega Kangaskhan ex [MEG 104],3,3,563,0.5563241106719368,0.45136317041290397,0.25044404973357015,0.0,0.0,,0.0,0.0,,,
raging-bolt-ogerpon,Raging Bolt Ogerpon,Mega Kangaskhan ex [MEG 104],4,3,124,0.1225296442687747,0.4565065087242507,0.1935483870967742,0.012506514024683724,0.016493321718111287,0.4482849006838693,-0.05615902794613853,0.040305085956904865,0.16351445439541978,0.636592530517905,0.4293422388268308
raging-bolt-ogerpon,Raging Bolt Ogerpon,Meowth ex [POR 107],0,3,63,0.06225296442687747,0.42302314088028375,0.1111111111111111,-0.027976921592650052,0.02018327029962055,0.1657028983383162,-0.09106557558610569,0.03762970831800734,0.015518600015142851,0.3453083074215705,0.09444763850275682
raging-bolt-ogerpon,Raging Bolt Ogerpon,Meowth ex [POR 107],1,3,59,0.058300395256917,0.3868525071914902,0.11864406779661017,-0.043427058049386416,0.022088086400699338,0.04928877868989912,-0.05855094582774696,0.043552703422938155,0.1788287852830155,0.16177281291434747,0.4539879935776001
raging-bolt-ogerpon,Raging Bolt Ogerpon,Meowth ex [POR 107],2,3,111,0.10968379446640317,0.3886977636977637,0.06306306306306306,-0.06091840989086395,0.01551688583985707,8.639060076141694e-05,-0.12403598543568337,0.02936059705950087,2.3939425110244047e-05,0.001443508401813494,0.0008800132670525713
raging-bolt-ogerpon,Raging Bolt Ogerpon,Meowth ex [POR 107],3,3,761,0.7519762845849802,0.4526843235121816,0.2233902759526938,0.0,0.0,,0.0,0.0,,,
raging-bolt-ogerpon,Raging Bolt Ogerpon,Night Stretcher,0,2,42,0.041501976284584984,0.4098639455782313,0.09523809523809523,-0.018680905449969896,0.02564774144567326,0.4663904627653227,-0.07128493249519491,0.04794399371789144,0.13705770850322357,0.648430915705494,0.3811761330407162
raging-bolt-ogerpon,Raging Bolt Ogerpon,Night Stretcher,1,2,125,0.12351778656126482,0.4209482295482295,0.136,-0.023691889664841797,0.014365080272528712,0.0990924222686375,-0.05103974517148899,0.032878504965630245,0.12057269610802702,0.2516951115362918,0.3574397023331511
raging-bolt-ogerpon,Raging Bolt Ogerpon,Night Stretcher,2,2,834,0.8241106719367589,0.44663895811977344,0.20863309352517986,0.0,0.0,,0.0,0.0,,,
raging-bolt-ogerpon,Raging Bolt Ogerpon,Noctowl [PRE 78],0,0,955,0.9436758893280632,0.4418704700380093,0.1968586387434555,0.0,0.0,,0.0,0.0,,,
raging-bolt-ogerpon,Raging Bolt Ogerpon,Noctowl [PRE 78],3,0,42,0.041501976284584984,0.45269274376417235,0.14285714285714285,-0.021228958292285396,0.02076075930813703,0.30651966114356644,-0.059813885154415665,0.04392542409987695,0.17328801605997013,0.501230549094195,0.4448371138522697
raging-bolt-ogerpon,Raging Bolt Ogerpon,Passimian [SSP 111],0,1,356,0.35177865612648224,0.43000966729899315,0.15730337078651685,-0.009063839152034375,0.010787553771183116,0.4007891663791747,-0.044029928859914,0.0259288443369335,0.08948773758113922,0.5912122695063589,0.30124260379878
raging-bolt-ogerpon,Raging Bolt Ogerpon,Passimian [SSP 111],1,1,654,0.6462450592885376,0.4460478614148339,0.20948012232415902,0.0,0.0,,0.0,0.0,,,
raging-bolt-ogerpon,Raging Bolt Ogerpon,Pecharunt ex [PRE 163],0,0,947,0.9357707509881423,0.4398266425193564,0.19535374868004224,0.0,0.0,,0.0,0.0,,,
raging-bolt-ogerpon,Raging Bolt Ogerpon,Pecharunt ex [PRE 163],1,0,65,0.06422924901185771,0.45173360827206976,0.15384615384615385,-0.01902090410056577,0.017584373797067086,0.27938871044058744,-0.05350923509742246,0.05181790015338629,0.30177241364885443,0.47156196792342087,0.5955221872467037
raging-bolt-ogerpon,Raging Bolt Ogerpon,Prime Catcher,0,0,852,0.841897233201581,0.4502755547356486,0.20774647887323944,0.0,0.0,,0.0,0.0,,,
raging-bolt-ogerpon,Raging Bolt Ogerpon,Prime Catcher,1,0,160,0.15810276679841898,0.3890233898046398,0.1125,-0.03735808732395514,0.014024848439994013,0.0077284839863089845,-0.08226774828577854,0.029306871150090782,0.004998744219749936,0.04278600471938528,0.04229226772560501
raging-bolt-ogerpon,Raging Bolt Ogerpon,Raging Bolt [SCR 111],0,0,913,0.9021739130434783,0.4441692895964528,0.20262869660460023,0.0,0.0,,0.0,0.0,,,
raging-bolt-ogerpon,Raging Bolt Ogerpon,Raging Bolt [SCR 111],1,0,94,0.09288537549407115,0.41144428857194815,0.10638297872340426,-0.04614159013401679,0.01558854992841541,0.0030767220414589626,-0.09182323027860291,0.031157429217420228,0.0032079706629798044,0.02125945530902847,0.03136303233274936
raging-bolt-ogerpon,Raging Bolt Ogerpon,Raging Bolt ex [PRE 166],2,2,903,0.892292490118577,0.44678554700703094,0.2070874861572536,0.0,0.0,,0.0,0.0,,,
raging-bolt-ogerpon,Raging Bolt Ogerpon,Raging Bolt ex [PRE 166],3,2,74,0.07312252964426877,0.38675213675213677,0.05405405405405406,-0.059646165791495225,0.0172607114563511,0.0005490634253564844,-0.11637998277345088,0.032278943177615406,0.0003116174270417321,0.005669542560703474,0.006363920343363373
raging-bolt-ogerpon,Raging Bolt Ogerpon,Special Red Card,0,0,853,0.8428853754940712,0.44734833574223964,0.20398593200468934,0.0,0.0,,0.0,0.0,,,
raging-bolt-ogerpon,Raging Bolt Ogerpon,Special Red Card,1,0,152,0.15019762845849802,0.4042777215474584,0.125,0.004255876441630707,0.016466536621134606,0.7960549437501422,-0.041879519055696084,0.039866952619313625,0.293496528622725,0.8873772751817616,0.5902041790028102
raging-bolt-ogerpon,Raging Bolt Ogerpon,Switch,0,0,969,0.9575098814229249,0.4430829194503086,0.19711042311661506,0.0,0.0,,0.0,0.0,,,
raging-bolt-ogerpon,Raging Bolt Ogerpon,Switch,1,0,43,0.042490118577075096,0.38444572223641993,0.09302325581395349,-0.05366727885593382,0.0246545260305035,0.029497592493306628,-0.06836326338660251,0.04488981427524032,0.12778057516916377,0.11486562500571522,0.3704427400014559
raging-bolt-ogerpon,Raging Bolt Ogerpon,Teal Mask Ogerpon ex [PRE 12],3,3,780,0.7707509881422925,0.4442189564945976,0.21794871794871795,0.0,0.0,,0.0,0.0,,,
raging-bolt-ogerpon,Raging Bolt Ogerpon,Teal Mask Ogerpon ex [PRE 12],4,3,201,0.19861660079051383,0.4209391078794064,0.0945273631840796,-0.04693586840832589,0.013503213826929875,0.000509135421940301,-0.1262286912408373,0.028648586876759214,1.052458022653222e-05,0.005440644799571357,0.0004605756775325291
raging-bolt-ogerpon,Raging Bolt Ogerpon,Tera Orb,0,0,917,0.9061264822134387,0.441802320019332,0.1984732824427481,0.0,0.0,,0.0,0.0,,,
raging-bolt-ogerpon,Raging Bolt Ogerpon,Tera Orb,2,0,40,0.039525691699604744,0.4287271062271062,0.15,-0.0201151836662182,0.02233895395602081,0.36787909421034015,-0.031024065868750457,0.05593834485674456,0.5791602193159958,0.5625305949738812,0.7967788047176649
raging-bolt-ogerpon,Raging Bolt Ogerpon,Tool Scrapper,0,0,966,0.9545454545454546,0.4416188299469873,0.1956521739130435,0.0,0.0,,0.0,0.0,,,
raging-bolt-ogerpon,Raging Bolt Ogerpon,Tool Scrapper,1,0,46,0.045454545454545456,0.4190157668418537,0.13043478260869565,-0.03012764728512259,0.021209081645289087,0.15546015486023973,-0.06551488582848754,0.051335629956307305,0.20188238559187877,0.3338034633564493,0.48441230380923395
raging-bolt-ogerpon,Raging Bolt Ogerpon,Ultra Ball,3,4,70,0.0691699604743083,0.37528213849642417,0.07142857142857142,-0.04041477308555931,0.020732445061895925,0.051253748892587665,-0.08537179247948584,0.03296421779199862,0.009602272669621693,0.16585280011369036,0.06634953822091982
raging-bolt-ogerpon,Raging Bolt Ogerpon,Ultra Ball,4,4,930,0.9189723320158103,0.44753203984386786,0.20430107526881722,0.0,0.0,,0.0,0.0,,,
raging-bolt-ogerpon,Raging Bolt Ogerpon,Unfair Stamp,0,1,241,0.2381422924901186,0.3988785534428689,0.0995850622406639,-0.04115337977828797,0.011694902252045667,0.0004333137243092985,-0.11867064034727809,0.024475753137939007,1.243997797338517e-06,0.004797774851087293,9.526949797950809e-05
raging-bolt-ogerpon,Raging Bolt Ogerpon,Unfair Stamp,1,1,771,0.7618577075098815,0.4536300695509515,0.22178988326848248,0.0,0.0,,0.0,0.0,,,
raging-bolt-ogerpon,Raging Bolt Ogerpon,Wellspring Mask Ogerpon ex [PRE 152],0,1,164,0.16205533596837945,0.42272048750707286,0.11585365853658537,-0.018676990197743396,0.013465705311743533,0.1654404736567231,-0.06813926231206163,0.028437380229430265,0.016569844572963476,0.3453083074215705,0.09905133276028034
raging-bolt-ogerpon,Raging Bolt Ogerpon,Wellspring Mask Ogerpon ex [PRE 152],1,1,838,0.8280632411067194,0.4442152208261993,0.2100238663484487,0.0,0.0,,0.0,0.0,,,
raging-bolt-ogerpon,Raging Bolt Ogerpon,Xerosic's Machinations,0,0,906,0.8952569169960475,0.4431434970066317,0.20198675496688742,0.0,0.0,,0.0,0.0,,,
raging-bolt-ogerpon,Raging Bolt Ogerpon,Xerosic's Machinations,1,0,105,0.10375494071146245,0.4185339263910693,0.11428571428571428,-0.028364227636616952,0.01586834807324535,0.07386123603794971,-0.06857661796839583,0.03625483908355331,0.05855546128513531,0.2104709052072248,0.23396725617843195
rocket-mewtwo-ex,Rocket's Mewtwo,Brave Bangle,0,1,135,0.1816958277254374,0.40080088635644195,0.11851851851851852,-0.01108672479143859,0.017484111370999346,0.5260137051339213,-0.05058398052335526,0.03287061907876564,0.1238332808841381,0.6975564141674945,0.3633143321057554
rocket-mewtwo-ex,Rocket's Mewtwo,Brave Bangle,1,1,476,0.6406460296096904,0.41878774236967514,0.15546218487394958,0.0,0.0,,0.0,0.0,,,
rocket-mewtwo-ex,Rocket's Mewtwo,Brave Bangle,2,1,131,0.17631224764468373,0.43321472844373604,0.1297709923664122,0.014046483068907186,0.013856248752190726,0.31071201756254174,-0.01924729902937148,0.03369306216612443,0.5678274282507905,0.5027189157393941,0.7882679857439221
rocket-mewtwo-ex,Rocket's Mewtwo,Buddy-Buddy Poffin,0,0,593,0.7981157469717362,0.4138429211785029,0.1433389544688027,0.0,0.0,,0.0,0.0,,,
rocket-mewtwo-ex,Rocket's Mewtwo,Buddy-Buddy Poffin,1,0,131,0.17631224764468373,0.4339702917947193,0.16030534351145037,0.023164974302607284,0.015622636127521232,0.13813215857753497,0.025333721856549116,0.03535798722173265,0.47368748549855955,0.3126686052530902,0.737828473174875
rocket-mewtwo-ex,Rocket's Mewtwo,Bug Catching Set,0,2,186,0.2503364737550471,0.422527562043691,0.15053763440860216,0.006945982589169916,0.013797567592103665,0.6146684469771171,0.021713325650021282,0.033998562496368075,0.5230478960522826,0.7582285943247927,0.7612513174787559
rocket-mewtwo-ex,Rocket's Mewtwo,Bug Catching Set,1,2,157,0.21130551816958276,0.39237690830047517,0.12101910828025478,-0.013652455650551055,0.0163072818926452,0.40248018333374036,-0.009074551196034605,0.033650960620960006,0.7874165053620223,0.5927552700059413,0.919486363948791
rocket-mewtwo-ex,Rocket's Mewtwo,Bug Catching Set,2,2,323,0.4347240915208614,0.4240595833475091,0.14551083591331268,0.0,0.0,,0.0,0.0,,,
rocket-mewtwo-ex,Rocket's Mewtwo,Bug Catching Set,3,2,76,0.10228802153432032,0.4325131739605424,0.17105263157894737,0.01445449710303984,0.01845675164031903,0.4335361039087855,0.01547894854953532,0.04721433104579393,0.7430294024027697,0.6235049757311015,0.8947280753633073
rocket-mewtwo-ex,Rocket's Mewtwo,Counter Gain,0,0,686,0.9232839838492598,0.4134665666371206,0.14285714285714285,0.0,0.0,,0.0,0.0,,,
rocket-mewtwo-ex,Rocket's Mewtwo,Counter Gain,1,0,57,0.07671601615074024,0.4689616913301124,0.15789473684210525,0.055045242615382316,0.01939764658849805,0.004543589987682775,0.023968928481326673,0.04983365423268778,0.6305316050881458,0.029405346469580776,0.8282793975159247
rocket-mewtwo-ex,Rocket's Mewtwo,Energy Search,0,0,599,0.8061911170928667,0.4162188303256751,0.14691151919866444,0.0,0.0,,0.0,0.0,,,
rocket-mewtwo-ex,Rocket's Mewtwo,Energy Search,1,0,121,0.16285329744279947,0.4218058571364357,0.11570247933884298,0.009011863738109187,0.015493430083951092,0.5607976678848507,-0.01024455998914111,0.032305031044239096,0.751152818759743,0.728957647505202,0.8965057668054596
rocket-mewtwo-ex,Rocket's Mewtwo,Energy Switch,1,1,596,0.8021534320323015,0.4214534207403335,0.15771812080536912,0.0,0.0,,0.0,0.0,,,
rocket-mewtwo-ex,Rocket's Mewtwo,Energy Switch,2,1,127,0.17092866756393002,0.4015859468615374,0.07874015748031496,-0.02540480958252631,0.014569069947902896,0.08120276606851887,-0.0700644097864333,0.02753317213337106,0.010936316557716713,0.22209923219335964,0.07230557493914863
rocket-mewtwo-ex,Rocket's Mewtwo,Handheld Fan,0,0,584,0.7860026917900403,0.4249730054952658,0.1558219178082192,0.0,0.0,,0.0,0.0,,,
rocket-mewtwo-ex,Rocket's Mewtwo,Handheld Fan,1,0,90,0.12113055181695828,0.38788936372269706,0.12222222222222222,-0.020999472566653073,0.016695031318494338,0.2084540816363445,-0.013698634356186377,0.037997245569054865,0.7184609124741366,0.39640961193365876,0.8827079927322614
rocket-mewtwo-ex,Rocket's Mewtwo,Handheld Fan,2,0,69,0.09286675639300135,0.3952841039797561,0.07246376811594203,-0.01944133009381544,0.021901505874255777,0.37471778718720195,-0.07690245483614214,0.03562873234470154,0.030893695736353026,0.5658912542533386,0.1544101919428426
rocket-mewtwo-ex,Rocket's Mewtwo,Lillie's Determination,0,3,43,0.05787348586810229,0.40846608172189575,0.023255813953488372,-0.04941040875352772,0.017534287737037024,0.004833423185953095,-0.1537041477775778,0.031195265618043137,8.343229821020258e-07,0.030633902813040646,6.970389277743288e-05
rocket-mewtwo-ex,Rocket's Mewtwo,Lillie's Determination,2,3,67,0.0901749663526245,0.3584894375939152,0.04477611940298507,-0.0602038993953319,0.01881611006779515,0.0013762164341262176,-0.11312123525920396,0.03466566373553776,0.0011015904105426758,0.011497662754199944,0.01510987443714506
rocket-mewtwo-ex,Rocket's Mewtwo,Lillie's Determination,3,3,357,0.48048452220726784,0.42922873111948734,0.17366946778711484,0.0,0.0,,0.0,0.0,,,
rocket-mewtwo-ex,Rocket's Mewtwo,Lillie's Determination,4,3,269,0.3620457604306864,0.4206887701311493,0.1524163568773234,-0.0008353457547078807,0.012416887701740705,0.946362802327752,-0.020507764439017848,0.029809327442512693,0.4914750232117401,0.9663415725991157,0.7412914553657087
rocket-mewtwo-ex,Rocket's Mewtwo,Lucky Helmet,0,0,517,0.6958277254374159,0.4196435951755101,0.14119922630560927,0.0,0.0,,0.0,0.0,,,
rocket-mewtwo-ex,Rocket's Mewtwo,Lucky Helmet,1,0,114,0.15343203230148048,0.39976933397986036,0.13157894736842105,0.0025413555516501435,0.01924074221995607,0.8949194397558342,0.0017416940094115308,0.03871544065650657,0.964117619890404,0.9377776113290897,0.9933005523310328
rocket-mewtwo-ex,Rocket's Mewtwo,Lucky Helmet,2,0,110,0.1480484522207268,0.4253080253080252,0.16363636363636364,0.023789951410558487,0.01686163130559697,0.15827627436981484,0.022080670186091736,0.03919550561052324,0.5731986250466767,0.337264991850971,0.7933276150871926
rocket-mewtwo-ex,Rocket's Mewtwo,Maximum Belt,0,1,328,0.4414535666218035,0.4263685586094122,0.14939024390243902,0.028299307255316094,0.011359740540674214,0.012731490449750126,0.020346478845002396,0.026880016354439654,0.44908760916989676,0.061906030282118336,0.7226691998821247
rocket-mewtwo-ex,Rocket's Mewtwo,Maximum Belt,1,1,415,0.5585464333781965,0.41089155155420215,0.13975903614457832,0.0,0.0,,0.0,0.0,,,
rocket-mewtwo-ex,Rocket's Mewtwo,Night Stretcher,1,2,251,0.33781965006729475,0.4223233605703725,0.15139442231075698,0.016208665656505167,0.012285074534121128,0.18704253934465398,0.013164379932681335,0.029017374687223357,0.6500646865803781,0.3704570984002953,0.8417673402603757
rocket-mewtwo-ex,Rocket's Mewtwo,Night Stretcher,2,2,436,0.5868102288021534,0.41249824334686713,0.12844036697247707,0.0,0.0,,0.0,0.0,,,
rocket-mewtwo-ex,Rocket's Mewtwo,Night Stretcher,3,2,54,0.07267833109017496,0.43780525030525036,0.24074074074074073,0.05144543246485922,0.028792352938485366,0.07397399606303984,0.0907441190373576,0.05917427461443917,0.12515117173688506,0.2104709052072248,0.3639681228677132
rocket-mewtwo-ex,Rocket's Mewtwo,Poké Pad,0,0,487,0.6554508748317631,0.4245671964357796,0.15195071868583163,0.0,0.0,,0.0,0.0,,,
rocket-mewtwo-ex,Rocket's Mewtwo,Poké Pad,1,0,111,0.14939434724091522,0.4132222882222882,0.13513513513513514,0.0005923802511789494,0.01586221190830277,0.9702096267327913,-0.011809168252191799,0.03612991152171811,0.7437791067762825,0.9863082377958354,0.8947280753633073
rocket-mewtwo-ex,Rocket's Mewtwo,Poké Pad,2,0,129,0.17362045760430686,0.40548848223266826,0.13953488372093023,-0.02142915999172838,0.015117912321350487,0.15634608483863818,-0.00789564025912283,0.035015159544842606,0.8215965059312089,0.33414430689932206,0.9321570233960259
rocket-mewtwo-ex,Rocket's Mewtwo,Prism Tower,0,0,659,0.8869448183041723,0.41823560438886687,0.1411229135053111,0.0,0.0,,0.0,0.0,,,
rocket-mewtwo-ex,Rocket's Mewtwo,Prism Tower,1,0,49,0.06594885598923284,0.4332448730407914,0.1836734693877551,0.06676063801296542,0.026734782571953213,0.012519762748567052,0.10240771876055862,0.06667039065389942,0.12453102787085196,0.06120032960602725,0.3633143321057554
rocket-mewtwo-ex,Rocket's Mewtwo,Sacred Ash,0,0,471,0.6339165545087483,0.417622593259536,0.1464968152866242,0.0,0.0,,0.0,0.0,,,
rocket-mewtwo-ex,Rocket's Mewtwo,Sacred Ash,1,0,272,0.36608344549125166,0.4178994106383812,0.13970588235294118,0.006889996754879489,0.012217015063936512,0.5727764002945492,-0.003569806043533248,0.027686806704999723,0.8974088640030401,0.7341443680204891,0.9623322590651037
rocket-mewtwo-ex,Rocket's Mewtwo,Secret Box,0,0,448,0.6029609690444145,0.4116698963239142,0.14955357142857142,0.0,0.0,,0.0,0.0,,,
rocket-mewtwo-ex,Rocket's Mewtwo,Secret Box,1,0,295,0.39703903095558546,0.4269178561551443,0.13559322033898305,0.02326787980612521,0.011619257064298274,0.04522804694945569,-0.004528677830153344,0.026992723198593666,0.866761057472495,0.15225119101300286,0.9544292042625164
rocket-mewtwo-ex,Rocket's Mewtwo,Team Rocket's Archer,0,2,93,0.12516823687752354,0.3939750810718552,0.10752688172043011,-0.01018581739466546,0.0223313917942553,0.6483029493622283,-0.035847693890550404,0.03938359696826587,0.36270708427924214,0.781877179086467,0.6472384668982981
rocket-mewtwo-ex,Rocket's Mewtwo,Team Rocket's Archer,1,2,243,0.32705248990578734,0.4156638514663206,0.16049382716049382,0.013485171419529254,0.013475022849137512,0.3169461697490391,0.03970627961508725,0.03076132476908165,0.19677798095599885,0.5101112609446006,0.47840995899090727
rocket-mewtwo-ex,Rocket's Mewtwo,Team Rocket's Archer,2,2,378,0.5087483176312247,0.4249770658500817,0.14285714285714285,0.0,0.0,,0.0,0.0,,,
rocket-mewtwo-ex,Rocket's Mewtwo,Team Rocket's Ariana,2,3,144,0.19380888290713325,0.4045550128883462,0.125,-0.011496330622908855,0.014261343991746165,0.4201746307183444,-0.022936185028028695,0.03198131640921501,0.47326642331031743,0.6080952529608795,0.737828473174875
rocket-mewtwo-ex,Rocket's Mewtwo,Team Rocket's Ariana,3,3,471,0.6339165545087483,0.4222388486719697,0.15286624203821655,0.0,0.0,,0.0,0.0,,,
rocket-mewtwo-ex,Rocket's Mewtwo,Team Rocket's Ariana,4,3,126,0.1695827725437416,0.4146287574859004,0.12698412698412698,-0.0038422845824415647,0.01728873076389254,0.8241253885982217,-0.02946287863672825,0.036019276029955465,0.4133712830478725,0.8973592797651253,0.6913141981473072
rocket-mewtwo-ex,Rocket's Mewtwo,Team Rocket's Factory,1,3,46,0.06191117092866756,0.4408159473376866,0.2391304347826087,0.08002922357798879,0.035770391507378714,0.025266507957498303,0.12531414194585583,0.0752413401943624,0.09581386532485965,0.10459423789613037,0.3178806578828376
rocket-mewtwo-ex,Rocket's Mewtwo,Team Rocket's Factory,2,3,305,0.4104979811574697,0.4132641311329836,0.11475409836065574,0.0029965800937563777,0.012155364615750591,0.8052772021873511,-0.024759377648635686,0.02797996375509852,0.3762123469504607,0.8892249570931596,0.6585507558999493
rocket-mewtwo-ex,Rocket's Mewtwo,Team Rocket's Factory,3,3,376,0.506056527590848,0.4219313414127245,0.1622340425531915,0.0,0.0,,0.0,0.0,,,
rocket-mewtwo-ex,Rocket's Mewtwo,Team Rocket's Giovanni,3,3,649,0.873485868102288,0.4194987943061903,0.14637904468412943,0.0,0.0,,0.0,0.0,,,
rocket-mewtwo-ex,Rocket's Mewtwo,Team Rocket's Giovanni,4,3,74,0.09959623149394348,0.413465250965251,0.13513513513513514,0.0037497911903173822,0.02148797275290217,0.8614674128953177,-0.0016089407018804545,0.044301138381565866,0.9710285822530824,0.9213099750549836,0.9946766220975263
rocket-mewtwo-ex,Rocket's Mewtwo,Team Rocket's Kangaskhan ex [ASC 162],0,0,585,0.7873485868102288,0.4237549202933818,0.15726495726495726,0.0,0.0,,0.0,0.0,,,
rocket-mewtwo-ex,Rocket's Mewtwo,Team Rocket's Kangaskhan ex [ASC 162],1,0,158,0.2126514131897712,0.3953940047294478,0.0949367088607595,-0.020595685070518545,0.014126553026791808,0.14485672382488263,-0.04121689675210638,0.029014789925328948,0.15544825543013935,0.3217975506561841,0.4134277962746552
rocket-mewtwo-ex,Rocket's Mewtwo,Team Rocket's Mimikyu [ASC 238],1,2,133,0.17900403768506057,0.4045622297501997,0.12030075187969924,-0.01024876328261102,0.015315237549952784,0.5033759724983261,-0.020550520214192177,0.031858537265484786,0.5188913111084288,0.6783028133811755,0.7575098101593009
rocket-mewtwo-ex,Rocket's Mewtwo,Team Rocket's Mimikyu [ASC 238],2,2,609,0.819650067294751,0.42039480771007864,0.14942528735632185,0.0,0.0,,0.0,0.0,,,
rocket-mewtwo-ex,Rocket's Mewtwo,Team Rocket's Petrel,0,1,98,0.13189771197846567,0.4367982357778276,0.1836734693877551,0.028152970253129062,0.01768053703013509,0.11131412291465086,0.05048532895869008,0.042955516981746565,0.23987741595125556,0.272793810556171,0.5385279146537553
rocket-mewtwo-ex,Rocket's Mewtwo,Team Rocket's Petrel,1,1,591,0.7954239569313594,0.4183913144573043,0.14213197969543148,0.0,0.0,,0.0,0.0,,,
rocket-mewtwo-ex,Rocket's Mewtwo,Team Rocket's Petrel,2,1,53,0.07133243606998654,0.3726739717305754,0.09433962264150944,-0.03915936428144186,0.0215616036403669,0.06934553177482065,-0.03058539913981726,0.042140519307558584,0.4679641480602321,0.20772686291076548,0.737528444708319
rocket-mewtwo-ex,Rocket's Mewtwo,Team Rocket's Proton,2,3,245,0.3297442799461642,0.43180328741553237,0.1510204081632653,0.029672579508086883,0.012583236244990269,0.018368546898370315,0.011620930588867264,0.027595109445669914,0.6736653913457286,0.08234485170537716,0.8519690211428308
rocket-mewtwo-ex,Rocket's Mewtwo,Team Rocket's Proton,3,3,454,0.6110363391655451,0.41007500820276144,0.13876651982378854,0.0,0.0,,0.0,0.0,,,
rocket-mewtwo-ex,Rocket's Mewtwo,Team Rocket's Sneasel [DRI 128],0,0,598,0.8048452220726783,0.42000067936522784,0.15551839464882944,0.0,0.0,,0.0,0.0,,,
rocket-mewtwo-ex,Rocket's Mewtwo,Team Rocket's Sneasel [DRI 128],1,0,145,0.19515477792732167,0.4083343093687921,0.09655172413793103,-0.027813722932158797,0.01364190617016661,0.04146556726073068,-0.07158504533859433,0.029273255438896726,0.01446884632667269,0.14489298978179277,0.08940956801386085
rocket-mewtwo-ex,Rocket's Mewtwo,Team Rocket's Watchtower,0,0,649,0.873485868102288,0.41954446426711445,0.14946070878274267,0.0,0.0,,0.0,0.0,,,
rocket-mewtwo-ex,Rocket's Mewtwo,Team Rocket's Watchtower,1,0,87,0.11709286675639301,0.4081052727604451,0.10344827586206896,-0.011351101433909168,0.016826508384871045,0.49993224148244153,-0.027738163317726213,0.03424396885964509,0.4179309692917549,0.6762298327108512,0.6957944941650773
rocket-mewtwo-ex,Rocket's Mewtwo,Team Rocket's Wobbuffet [DRI 82],0,0,585,0.7873485868102288,0.4174612851535928,0.14188034188034188,0.0,0.0,,0.0,0.0,,,
rocket-mewtwo-ex,Rocket's Mewtwo,Team Rocket's Wobbuffet [DRI 82],1,0,157,0.21130551816958276,0.41924010172417814,0.15286624203821655,0.00883932709742094,0.014482832715509934,0.5416423221517461,0.015065272676938506,0.0336114482741284,0.6539955178954389,0.7103753716877561,0.8417673402603757
rocket-mewtwo-ex,Rocket's Mewtwo,Ultra Ball,3,4,134,0.180349932705249,0.3757467242541869,0.05970149253731343,-0.048415227762070315,0.012687829456152535,0.0001356987434148935,-0.09363635145346524,0.02508637225612154,0.00018954467301590262,0.0019485491437232362,0.0045752003110002375
rocket-mewtwo-ex,Rocket's Mewtwo,Ultra Ball,4,4,574,0.7725437415881561,0.4288453851607162,0.17073170731707318,0.0,0.0,,0.0,0.0,,,
rockets-honchkrow,Rocket's Honchkrow,Air Balloon,0,0,536,0.9131175468483816,0.4446135021694724,0.1791044776119403,0.0,0.0,,0.0,0.0,,,
rockets-honchkrow,Rocket's Honchkrow,Air Balloon,1,0,50,0.08517887563884156,0.38269780219780214,0.12,-0.0440715428855928,0.02389213681505622,0.06509509313637399,-0.044839751210380835,0.04869838935164831,0.3571733598590402,0.19874548369544084,0.6472384668982981
rockets-honchkrow,Rocket's Honchkrow,Brave Bangle,0,0,529,0.9011925042589438,0.43998862930810007,0.17391304347826086,0.0,0.0,,0.0,0.0,,,
rockets-honchkrow,Rocket's Honchkrow,Brave Bangle,1,0,48,0.0817717206132879,0.431218839031339,0.16666666666666666,-0.00015773800087012148,0.02390840341518565,0.9947359177310103,-0.027711338479455273,0.05247185904830777,0.5974173692327378,0.9969054617173375,0.8043333694136602
rockets-honchkrow,Rocket's Honchkrow,Lucky Helmet,0,0,486,0.82793867120954,0.4307320480159986,0.15637860082304528,0.0,0.0,,0.0,0.0,,,
rockets-honchkrow,Rocket's Honchkrow,Lucky Helmet,1,0,53,0.09028960817717206,0.4801022876494575,0.22641509433962265,0.04155812315560217,0.020874669598235772,0.046498501678916386,0.0707855233738897,0.06559934975941786,0.2805617353533316,0.15545494487407913,0.5796509405170334
rockets-honchkrow,Rocket's Honchkrow,Lucky Helmet,2,0,44,0.07495741056218058,0.4723481695072604,0.22727272727272727,0.034185485402564594,0.02214823648542919,0.12271298424518276,0.05217559184466901,0.075785715663746,0.4911618384046075,0.2884225895686009,0.7412914553657087
rockets-honchkrow,Rocket's Honchkrow,Night Stretcher,2,3,172,0.293015332197615,0.41499980962190264,0.10465116279069768,-0.033202704766780326,0.015880244571503742,0.036544361747389766,-0.08932240146697168,0.03632579417000544,0.013935374736469303,0.1327441440547478,0.08830365632969923
rockets-honchkrow,Rocket's Honchkrow,Night Stretcher,3,3,399,0.6797274275979557,0.45104755311522227,0.20551378446115287,0.0,0.0,,0.0,0.0,,,
rockets-honchkrow,Rocket's Honchkrow,Poké Pad,3,4,140,0.23850085178875638,0.44019569715998286,0.2,-0.006881736753665997,0.013723779427737962,0.6160571470071676,0.03033269702685048,0.03788970795204165,0.4233908106943821,0.7583280498273745,0.6973049373264106
rockets-honchkrow,Rocket's Honchkrow,Poké Pad,4,4,439,0.747870528109029,0.43845069129807174,0.16400911161731208,0.0,0.0,,0.0,0.0,,,
rockets-honchkrow,Rocket's Honchkrow,Pokégear 3.0,0,0,489,0.8330494037478705,0.43794577951019675,0.17586912065439672,0.0,0.0,,0.0,0.0,,,
rockets-honchkrow,Rocket's Honchkrow,Pokégear 3.0,1,0,56,0.09540034071550256,0.4591923949066806,0.14285714285714285,0.021542577366169602,0.020973927683814265,0.30436762650797167,-0.009058587476011702,0.05216820790543019,0.862146889676546,0.49948901564433207,0.9544292042625164
rockets-honchkrow,Rocket's Honchkrow,Roto-Stick,2,4,46,0.07836456558773425,0.4186454849498327,0.06521739130434782,-0.0276866607990046,0.024941812751514605,0.26697745441724496,-0.07308572563815194,0.048162673900080465,0.1291464232600082,0.46156788740800275,0.37322504080486646
rockets-honchkrow,Rocket's Honchkrow,Roto-Stick,3,4,120,0.20442930153321975,0.43420151607651614,0.175,-0.008438962348025542,0.015849884175632448,0.5944278397257432,-0.000179246103209324,0.04245377150525822,0.9966312233672825,0.7460671985949896,0.9977168782946979
rockets-honchkrow,Rocket's Honchkrow,Roto-Stick,4,4,385,0.65587734241908,0.44727643208162693,0.18441558441558442,0.0,0.0,,0.0,0.0,,,
rockets-honchkrow,Rocket's Honchkrow,Team Rocket's Articuno [DRI 51],1,2,87,0.14821124361158433,0.3980354575182162,0.16091954022988506,-0.0272719969020211,0.01871546399727815,0.1450637939426184,0.003304107568211357,0.04902719663875066,0.9462685542264999,0.3217975506561841,0.988205456061538
rockets-honchkrow,Rocket's Honchkrow,Team Rocket's Articuno [DRI 51],2,2,499,0.8500851788756388,0.4462297444261372,0.17635270541082165,0.0,0.0,,0.0,0.0,,,
rockets-honchkrow,Rocket's Honchkrow,Team Rocket's Factory,3,3,500,0.8517887563884157,0.44162690642690644,0.178,0.0,0.0,,0.0,0.0,,,
rockets-honchkrow,Rocket's Honchkrow,Team Rocket's Factory,4,3,75,0.12776831345826234,0.43005283605283606,0.16,0.007923259013265866,0.021970268784415128,0.7183719426386359,0.039619770184942435,0.05053398751475539,0.4330270594846243,0.8419669589095382,0.7093616179436181
rockets-honchkrow,Rocket's Honchkrow,Team Rocket's Honchkrow [ASC 127],3,3,511,0.8705281090289608,0.44096808822836225,0.1780821917808219,0.0,0.0,,0.0,0.0,,,
rockets-honchkrow,Rocket's Honchkrow,Team Rocket's Honchkrow [ASC 127],4,3,76,0.12947189097103917,0.4260486954565903,0.14473684210526316,-0.02094578796576196,0.01921003466206281,0.275556094363983,-0.033051435660508395,0.041018777905391116,0.4203792049744647,0.469825697069574,0.6958759274503394
rockets-honchkrow,Rocket's Honchkrow,Team Rocket's Mimikyu [ASC 238],0,0,489,0.8330494037478705,0.44731014838376804,0.1901840490797546,0.0,0.0,,0.0,0.0,,,
rockets-honchkrow,Rocket's Honchkrow,Team Rocket's Mimikyu [ASC 238],1,0,98,0.16695059625212946,0.3977523610176671,0.09183673469387756,-0.042134912872610245,0.01794720104463088,0.018888968856950544,-0.08774368251367284,0.04176422707946519,0.03564718523729638,0.08385972164027802,0.16799878581064295
rockets-honchkrow,Rocket's Honchkrow,Team Rocket's Porygon-Z [DRI 155],0,0,508,0.8654173764906303,0.4477531381566815,0.1889763779527559,0.0,0.0,,0.0,0.0,,,
rockets-honchkrow,Rocket's Honchkrow,Team Rocket's Porygon-Z [DRI 155],1,0,77,0.131175468483816,0.3810277024562738,0.07792207792207792,-0.05633783908947469,0.020768702091627227,0.0066751255937609975,-0.08384553941266784,0.044685678326188076,0.06060856555750389,0.03824574392400478,0.23972973576285686
rockets-honchkrow,Rocket's Honchkrow,Team Rocket's Porygon2 [DRI 154],1,1,460,0.7836456558773425,0.45228636098201314,0.1934782608695652,0.0,0.0,,0.0,0.0,,,
rockets-honchkrow,Rocket's Honchkrow,Team Rocket's Porygon2 [DRI 154],2,1,127,0.21635434412265758,0.391044629036755,0.10236220472440945,-0.053037279580957115,0.017708622722210736,0.002744471521362381,-0.054497077832642994,0.03861677602675943,0.15817737951619992,0.019623451894221777,0.41831219956070725
rockets-honchkrow,Rocket's Honchkrow,Ultra Ball,0,1,227,0.38671209540034074,0.4393849542527957,0.1762114537444934,-0.0003343459398026631,0.013381356166398456,0.9800661677822263,-0.0029919004551942074,0.03439135067401598,0.9306749108844385,0.989482828281447,0.9788190468625736
rockets-honchkrow,Rocket's Honchkrow,Ultra Ball,1,1,356,0.606473594548552,0.44045334347300635,0.17415730337078653,0.0,0.0,,0.0,0.0,,,
slowking-scr,Slowking,Annihilape [PBL 41],0,0,597,0.7065088757396449,0.4559820879372067,0.22278056951423786,0.0,0.0,,0.0,0.0,,,
slowking-scr,Slowking,Annihilape [PBL 41],1,0,248,0.293491124260355,0.47167812586159363,0.28225806451612906,0.02421275870237121,0.013820385897748592,0.07978074314253694,0.07318608690124156,0.038868162318020205,0.05970965263870737,0.21913309454716465,0.2375461938310479
slowking-scr,Slowking,Annihilape [SSP 100],0,1,394,0.4662721893491124,0.4771395776845164,0.2918781725888325,0.03129263753651823,0.01065988053411464,0.0033295440650132277,0.08935769926152043,0.03141902227675446,0.004454214857083012,0.022644886265122708,0.04093423453659288
slowking-scr,Slowking,Annihilape [SSP 100],1,1,451,0.5337278106508876,0.44612968537580516,0.1951219512195122,0.0,0.0,,0.0,0.0,,,
slowking-scr,Slowking,Boomerang Energy,0,2,171,0.20236686390532543,0.45635491863562033,0.2046783625730994,-0.02074315388970403,0.013310050058942754,0.11912471864649105,-0.04463072840790445,0.040046246070274474,0.26507344739789196,0.2836155866220862,0.5639078986249405
slowking-scr,Slowking,Boomerang Energy,1,2,142,0.1680473372781065,0.4480914690421733,0.2605633802816901,-0.013821430592390759,0.014506800584153925,0.34071408646965073,0.01941144012771156,0.042914615110340434,0.6510334107033866,0.5361579545643991,0.8417673402603757
slowking-scr,Slowking,Boomerang Energy,2,2,403,0.47692307692307695,0.4702238931457294,0.2555831265508685,0.0,0.0,,0.0,0.0,,,
slowking-scr,Slowking,Boomerang Energy,3,2,127,0.1502958579881657,0.4522389831618641,0.2204724409448819,0.0014176026728721486,0.014768419995579178,0.9235294807199965,-0.0036456590046748567,0.04337711450873898,0.9330201143107884,0.9597229338641159,0.9788190468625736
slowking-scr,Slowking,Boss's Orders,0,0,704,0.8331360946745562,0.47538736585569813,0.2684659090909091,0.0,0.0,,0.0,0.0,,,
slowking-scr,Slowking,Boss's Orders,1,0,120,0.14201183431952663,0.39530440238773573,0.10833333333333334,-0.07622473888357537,0.014523173707554286,1.53350567119874e-07,-0.15282405192421777,0.03256137392374878,2.6868120765952723e-06,1.0840705475628017e-05,0.0001452458999053562
slowking-scr,Slowking,Brave Bangle,0,0,517,0.6118343195266273,0.46613330701822,0.2688588007736944,0.0,0.0,,0.0,0.0,,,
slowking-scr,Slowking,Brave Bangle,1,0,312,0.36923076923076925,0.4519151492779886,0.19230769230769232,-0.013182729805953683,0.011733968481204548,0.2612390839249671,-0.06408281759479595,0.032601808005510866,0.04934233860550488,0.4564234184924805,0.20611640535663175
slowking-scr,Slowking,Budew [ASC 16],0,0,711,0.8414201183431953,0.4641859176524519,0.24050632911392406,0.0,0.0,,0.0,0.0,,,
slowking-scr,Slowking,Budew [ASC 16],1,0,132,0.15621301775147928,0.4418784918784918,0.24242424242424243,-0.01900012958200406,0.014874520182571868,0.20147488366454436,-0.016027457243821437,0.04246599591748019,0.7058625373586191,0.3889819707725132,0.8742421453269151
slowking-scr,Slowking,Ciphermaniac's Codebreaking,2,3,68,0.08047337278106509,0.4367077095018271,0.16176470588235295,-0.03972080094806594,0.01856672128349246,0.03240695926356277,-0.09068988087974955,0.052811727046814125,0.0859371601789129,0.1220573588656319,0.29752579087125497
slowking-scr,Slowking,Ciphermaniac's Codebreaking,3,3,440,0.5207100591715976,0.45913895132645133,0.23863636363636365,0.0,0.0,,0.0,0.0,,,
slowking-scr,Slowking,Ciphermaniac's Codebreaking,4,3,286,0.3384615384615385,0.47298427753744493,0.2692307692307692,0.018113051167090638,0.011850288217561138,0.12639083804196538,0.03147617874748246,0.03474211289995188,0.3649385267908548,0.29540151736958276,0.6499583451953402
slowking-scr,Slowking,Cofagrigus [SSP 83],0,0,765,0.9053254437869822,0.4564081615907837,0.23006535947712417,0.0,0.0,,0.0,0.0,,,
slowking-scr,Slowking,Cofagrigus [SSP 83],1,0,80,0.09467455621301775,0.5005654761904761,0.3375,0.031331547202256005,0.015274996888512837,0.04025082875974259,0.09562044480501428,0.05388756418432816,0.07598979904655627,0.14227119857770554,0.2738612757795499
slowking-scr,Slowking,Colress's Tenacity,0,0,752,0.8899408284023669,0.46430469098648075,0.24867021276595744,0.0,0.0,,0.0,0.0,,,
slowking-scr,Slowking,Colress's Tenacity,1,0,65,0.07692307692307693,0.43059500328731093,0.15384615384615385,-0.0561898659973946,0.020131973981730698,0.005253316310320195,-0.1228109900673018,0.05296628153184556,0.020413282586557877,0.0326202546566504,0.11580127590769561
slowking-scr,Slowking,Conkeldurr [TWM 105],0,0,760,0.8994082840236687,0.4605961552207683,0.24210526315789474,0.0,0.0,,0.0,0.0,,,
slowking-scr,Slowking,Conkeldurr [TWM 105],1,0,83,0.09822485207100591,0.45906912141851897,0.2289156626506024,-0.008625251836723647,0.02998898586557944,0.773642235848004,-0.05149594144036092,0.08796859126687141,0.5582854516045108,0.8766673424714126,0.7834680719073562
slowking-scr,Slowking,Crispin,0,0,747,0.8840236686390532,0.4602099280676334,0.23159303882195448,0.0,0.0,,0.0,0.0,,,
slowking-scr,Slowking,Crispin,1,0,94,0.11124260355029586,0.47110383706128384,0.3191489361702128,0.008486754257689081,0.016203311755070286,0.6004408545397584,0.07054857959861865,0.05132963143380027,0.16931068045394793,0.7476106468086592,0.4395381789185823
slowking-scr,Slowking,Dawn,0,0,712,0.842603550295858,0.4602199533059166,0.24157303370786518,0.0,0.0,,0.0,0.0,,,
slowking-scr,Slowking,Dawn,1,0,123,0.1455621301775148,0.46559949761169284,0.24390243902439024,0.0119597170604903,0.0159328328492163,0.45287329304468116,0.02867952558608701,0.045691968116279895,0.530219454205717,0.6383290740921196,0.7673569738819747
slowking-scr,Slowking,Drapion [POR 52],0,0,739,0.8745562130177514,0.4606411950318661,0.2395128552097429,0.0,0.0,,0.0,0.0,,,
slowking-scr,Slowking,Drapion [POR 52],1,0,105,0.1242603550295858,0.46460608174893897,0.24761904761904763,-0.00481768744509074,0.014775371000387791,0.7443774250034707,-0.002250282772447279,0.04694335883675049,0.9617671479457379,0.8613528147859986,0.9919910313828656
slowking-scr,Slowking,Haxorus [BLK 147],0,0,758,0.8970414201183432,0.4611059363891895,0.24142480211081793,0.0,0.0,,0.0,0.0,,,
slowking-scr,Slowking,Haxorus [BLK 147],1,0,87,0.10295857988165681,0.45608255091013705,0.22988505747126436,-0.02037064752394796,0.022926340161829453,0.3742579186330116,-0.02584066486774049,0.05997561019016296,0.6665753409937659,0.5658912542533386,0.8496293181321372
slowking-scr,Slowking,Hilda,0,0,695,0.8224852071005917,0.4684884546966646,0.25755395683453236,0.0,0.0,,0.0,0.0,,,
slowking-scr,Slowking,Hilda,1,0,81,0.09585798816568047,0.4066778214926363,0.1111111111111111,-0.06357446119559546,0.018772523503404793,0.0007077227013178687,-0.15780836925137612,0.040170430908348945,8.548768924883053e-05,0.00701656506635546,0.002455099575614852
slowking-scr,Slowking,Hilda,2,0,56,0.06627218934911243,0.4384444589801732,0.21428571428571427,-0.03303595255375856,0.02080600435499876,0.11232962720661978,-0.044044771003127245,0.06410590881708023,0.49204329463882734,0.27455033883745633,0.7412914553657087
slowking-scr,Slowking,Kieran,0,0,765,0.9053254437869822,0.4608452241651012,0.2457516339869281,0.0,0.0,,0.0,0.0,,,
slowking-scr,Slowking,Kieran,1,0,80,0.09467455621301775,0.4581360653235653,0.1875,-0.011555214218675239,0.015651352532121344,0.4603391286144275,-0.04710163357454586,0.05041937177641649,0.3502022039930708,0.6445133010107373,0.6411072220510599
slowking-scr,Slowking,Lana's Aid,0,0,480,0.5680473372781065,0.4608456686627643,0.24166666666666667,0.0,0.0,,0.0,0.0,,,
slowking-scr,Slowking,Lana's Aid,1,0,362,0.4284023668639053,0.4605736791855577,0.24033149171270718,-0.0062584103021832834,0.011336888230054189,0.5809212792307528,0.007478939014131665,0.032204291719134935,0.8163560897232481,0.739427500849116,0.9299975721301849
slowking-scr,Slowking,Latias ex [SSP 220],1,2,67,0.07928994082840236,0.4366915422885573,0.29850746268656714,-0.012554449024718207,0.02016812691867452,0.5336199878131932,0.06913762244982619,0.0572205324377771,0.22694497146524284,0.7035821647063479,0.5227128540765869
slowking-scr,Slowking,Latias ex [SSP 220],2,2,768,0.9088757396449704,0.4632968901389551,0.23697916666666666,0.0,0.0,,0.0,0.0,,,
slowking-scr,Slowking,Lillie's Determination,3,4,59,0.06982248520710059,0.36578402764843443,0.05084745762711865,-0.10225708281777388,0.0224043856536069,5.0151081115784176e-06,-0.18120703976091415,0.03530154058914021,2.8497826258410883e-07,0.00018836283124508513,2.9099447034977334e-05
slowking-scr,Slowking,Lillie's Determination,4,4,772,0.9136094674556213,0.4689877354575617,0.25647668393782386,0.0,0.0,,0.0,0.0,,,
slowking-scr,Slowking,Lucky Helmet,0,0,520,0.6153846153846154,0.44406793971697817,0.2,0.0,0.0,,0.0,0.0,,,
slowking-scr,Slowking,Lucky Helmet,1,0,271,0.3207100591715976,0.47997580193966133,0.2952029520295203,0.036778085207509394,0.011315606453354866,0.0011532024914608456,0.111103773851354,0.03457132907231343,0.0013101151169665533,0.009998048015589785,0.017298770304243656
slowking-scr,Slowking,Lucky Helmet,2,0,49,0.05798816568047337,0.5266354960232511,0.3673469387755102,0.057136233920776776,0.0182991563473726,0.0017941806517039098,0.15200447315004223,0.07510915207493807,0.0429926923919422,0.01429300100723309,0.18608869346332135
slowking-scr,Slowking,Mega Kangaskhan ex [MEG 104],0,2,86,0.10177514792899409,0.43158985717125253,0.1744186046511628,-0.04858852149971692,0.018488115356610366,0.008586456020457545,-0.05717320852189057,0.04515098827584549,0.20541749109301044,0.04614592446082154,0.49121779622232814
slowking-scr,Slowking,Mega Kangaskhan ex [MEG 104],2,2,381,0.450887573964497,0.46415708695892416,0.2047244094488189,0.0,0.0,,0.0,0.0,,,
slowking-scr,Slowking,Mega Kangaskhan ex [MEG 104],3,2,311,0.3680473372781065,0.4696528166052471,0.29260450160771706,0.019482741563654368,0.01279176031123783,0.12774128756661657,0.10205887184860694,0.037662502539504435,0.00673182804760044,0.2964501092770723,0.051128512196238055
slowking-scr,Slowking,Meowth ex [POR 107],0,1,55,0.0650887573964497,0.3844054094054094,0.12727272727272726,-0.08634219043010938,0.022358280399332277,0.00011257564979576514,-0.1450285886341488,0.04293101793543983,0.0007296802799212714,0.001753508850208613,0.011486067750041976
slowking-scr,Slowking,Meowth ex [POR 107],1,1,738,0.8733727810650888,0.4660308043976146,0.25338753387533874,0.0,0.0,,0.0,0.0,,,
slowking-scr,Slowking,Meowth ex [POR 107],2,1,52,0.06153846153846154,0.4639317413355875,0.17307692307692307,-0.03802284711293401,0.020562966941823108,0.06444432263511445,-0.12078116271259713,0.058221440268390476,0.03803164807273182,0.1981253025888713,0.17217283043763815
slowking-scr,Slowking,Metagross [CRI 61],0,2,119,0.1408284023668639,0.460629807478547,0.24369747899159663,-0.4880211195721231,0.016578506545846496,1.8481035335612142e-190,-0.17864432364549326,0.04666319792442202,0.00012899095551134905,1.6984071473427558e-187,0.0034438266407307854
slowking-scr,Slowking,Metagross [CRI 61],1,2,318,0.3763313609467456,0.46080512778625987,0.24528301886792453,-0.005877609229701451,0.010886415765848633,0.5892638846262077,0.0020533055646258756,0.032737505680389425,0.9499892470637521,0.7438647114992925,0.9888048692038648
slowking-scr,Slowking,Metagross [CRI 61],2,2,408,0.48284023668639053,0.4604080980054164,0.23529411764705882,0.0,0.0,,0.0,0.0,,,
slowking-scr,Slowking,Mew ex [30C 152],0,0,763,0.9029585798816568,0.45658612542912136,0.23197903014416776,0.0,0.0,,0.0,0.0,,,
slowking-scr,Slowking,Mew ex [30C 152],1,0,79,0.09349112426035502,0.5009147849337722,0.3291139240506329,0.045070028094137016,0.01899133643178201,0.017635243992159377,0.10079223884274216,0.0595791091614286,0.09069595285479305,0.07944504523918856,0.30419554990348474
slowking-scr,Slowking,Munkidori [ASC 99],0,0,738,0.8733727810650888,0.4567245443122217,0.22764227642276422,0.0,0.0,,0.0,0.0,,,
slowking-scr,Slowking,Munkidori [ASC 99],1,0,105,0.1242603550295858,0.48631751846037563,0.3238095238095238,0.018225595941918776,0.014510604012313437,0.20910904148538967,0.07378128481433707,0.04874354918460335,0.1301114486242376,0.39640961193365876,0.37483517644412023
slowking-scr,Slowking,Night Stretcher,2,2,471,0.557396449704142,0.46126129518317605,0.25690021231422505,0.0,0.0,,0.0,0.0,,,
slowking-scr,Slowking,Night Stretcher,3,2,310,0.3668639053254438,0.4607799801751415,0.2161290322580645,-0.005612922511408469,0.011319040868471731,0.6199768007942419,-0.05018211636718457,0.03229244346777297,0.12018693388063026,0.7590437651277937,0.3574397023331511
slowking-scr,Slowking,Night Stretcher,4,2,51,0.06035502958579882,0.44977974095621154,0.23529411764705882,-0.02341736110522098,0.02367148738546733,0.3225337693407221,-0.06454903820564642,0.06308493045826351,0.3062092663373239,0.5165454823571632,0.5974656385647573
slowking-scr,Slowking,Pawmot [PFL 34],0,0,787,0.9313609467455621,0.45717685360595894,0.22998729351969505,0.0,0.0,,0.0,0.0,,,
slowking-scr,Slowking,Pawmot [PFL 34],1,0,58,0.06863905325443787,0.5068844469706538,0.3793103448275862,0.03195200205230789,0.01944583619548265,0.10035640895824548,0.09799752631003406,0.06947902699456522,0.15840331387064865,0.2533723621775483,0.41831219956070725
slowking-scr,Slowking,Poké Pad,3,4,110,0.1301775147928994,0.48016983016983006,0.3090909090909091,0.007912570483596046,0.013932575334271861,0.5700901535271529,0.05597067156337202,0.04723437173441939,0.23603468200108202,0.7337715001280861,0.5336691809584899
slowking-scr,Slowking,Poké Pad,4,4,730,0.863905325443787,0.458037930523829,0.23150684931506849,0.0,0.0,,0.0,0.0,,,
slowking-scr,Slowking,Powerglass,0,0,717,0.8485207100591716,0.4593596257678627,0.24686192468619247,0.0,0.0,,0.0,0.0,,,
slowking-scr,Slowking,Powerglass,1,0,80,0.09467455621301775,0.4544795482295482,0.2125,-0.008796509329785204,0.01792728399337727,0.6236547821427618,-0.025519097377565775,0.049070806607459515,0.6030312203765091,0.7611404313269563,0.8043333694136602
slowking-scr,Slowking,Prime Catcher,0,0,653,0.7727810650887574,0.4665887336097227,0.2450229709035222,0.0,0.0,,0.0,0.0,,,
slowking-scr,Slowking,Prime Catcher,1,0,192,0.2272189349112426,0.44018249304707635,0.22395833333333334,-0.02077519866770107,0.012780133773642312,0.10403788655399196,-0.032703069884893646,0.036335596420511304,0.36810512002863693,0.2591079071629231,0.6531287163820846
slowking-scr,Slowking,Sacred Ash,0,0,792,0.9372781065088758,0.46069884979570075,0.24242424242424243,0.0,0.0,,0.0,0.0,,,
slowking-scr,Slowking,Sacred Ash,1,0,53,0.06272189349112427,0.45894325799986185,0.20754716981132076,-0.010468140217869515,0.01999359665573687,0.6005744223762584,-0.03554763968424202,0.061953744189091185,0.566118646931604,0.7476106468086592,0.7878805005142151
slowking-scr,Slowking,Secret Box,0,1,257,0.30414201183431955,0.4455987736143378,0.23346303501945526,-0.01637136464179781,0.011515827561519172,0.1551306969641058,-0.02030914138049552,0.03356619297949464,0.5451474314095395,0.3338034633564493,0.7791453957470712
slowking-scr,Slowking,Secret Box,1,1,588,0.6958579881656805,0.4671404709069776,0.24319727891156462,0.0,0.0,,0.0,0.0,,,
slowking-scr,Slowking,Shaymin [DRI 10],0,0,758,0.8970414201183432,0.46382109355685336,0.24406332453825857,0.0,0.0,,0.0,0.0,,,
slowking-scr,Slowking,Shaymin [DRI 10],1,0,87,0.10295857988165681,0.43242635397807794,0.20689655172413793,-0.026477621261191527,0.014711884070264962,0.07190111107140969,-0.02560187437484123,0.04676277453479831,0.5840462080692853,0.2104709052072248,0.8021132376632292
slowking-scr,Slowking,Slowpoke [SCR 57],3,4,48,0.05680473372781065,0.44765572005155335,0.125,-0.03422030702345988,0.02062130431960781,0.097022379171127,-0.15077031390076684,0.04851461248248596,0.0018853025805401328,0.24941790078055978,0.021657413393954775
slowking-scr,Slowking,Slowpoke [SCR 57],4,4,755,0.893491124260355,0.4652406356574647,0.25298013245033113,0.0,0.0,,0.0,0.0,,,
slowking-scr,Slowking,Smoochum [SSP 75],0,0,492,0.5822485207100592,0.45700239054345937,0.241869918699187,0.0,0.0,,0.0,0.0,,,
slowking-scr,Slowking,Smoochum [SSP 75],1,0,342,0.40473372781065087,0.4689214605515775,0.24269005847953215,0.008866952077837323,0.012261794997243619,0.4695959986154399,0.0019674418160625477,0.0347634401714274,0.954867704852649,0.6509181338274348,0.9904327548076575
slowking-scr,Slowking,Special Red Card,0,0,752,0.8899408284023669,0.4617788258941262,0.24601063829787234,0.0,0.0,,0.0,0.0,,,
slowking-scr,Slowking,Special Red Card,1,0,93,0.11005917159763313,0.45096564128822186,0.1935483870967742,-0.009850086344379443,0.016417058851878576,0.5485122828099511,-0.048339700713960876,0.04573298075841429,0.2905121856732108,0.7170452174997797,0.5894951758561326
slowking-scr,Slowking,Spectrier [ASC 98],0,0,649,0.7680473372781065,0.4646793007959509,0.25577812018489987,0.0,0.0,,0.0,0.0,,,
slowking-scr,Slowking,Spectrier [ASC 98],1,0,196,0.2319526627218935,0.44704395661028307,0.18877551020408162,-0.02985359167374426,0.01238350664084465,0.0159195696571871,-0.07388906257852546,0.03447492736190784,0.03209145918560037,0.07351801263796455,0.15641050704707798
slowking-scr,Slowking,Surfer,0,0,497,0.5881656804733728,0.4540211130798774,0.22334004024144868,0.0,0.0,,0.0,0.0,,,
slowking-scr,Slowking,Surfer,1,0,333,0.3940828402366864,0.47122750039416705,0.26426426426426425,0.012766671548286725,0.010273422577076115,0.21398237574409296,0.032359839869874465,0.03078330176622027,0.29316028350876255,0.40086553561497623,0.5902041790028102
slowking-scr,Slowking,Switch,0,1,146,0.1727810650887574,0.4448116571404243,0.21232876712328766,-0.026648648576247158,0.01224044522053013,0.02947325767519529,-0.04520452713034054,0.038313691460645304,0.23805865127411485,0.11486562500571522,0.5362154424532146
slowking-scr,Slowking,Switch,1,1,662,0.7834319526627219,0.4650945878131768,0.25226586102719034,0.0,0.0,,0.0,0.0,,,
slowking-scr,Slowking,Ultra Ball,2,4,40,0.047337278106508875,0.38774191086691084,0.125,-0.0782072221032895,0.025060669732569728,0.0018041219987367121,-0.1429097539832961,0.054902980046808186,0.009242522538074786,0.01429300100723309,0.06533752471146714
slowking-scr,Slowking,Ultra Ball,3,4,145,0.17159763313609466,0.4200745231779715,0.1310344827586207,-0.06064717628137083,0.013640144175749744,8.739163325944126e-06,-0.13921897570297478,0.03471624414512834,6.066812672452549e-05,0.0002677097032180884,0.0018071186694162207
slowking-scr,Slowking,Ultra Ball,4,4,652,0.7715976331360946,0.4768009534339379,0.2745398773006135,0.0,0.0,,0.0,0.0,,,
slowking-scr,Slowking,Unown [30C 72],0,0,782,0.9254437869822485,0.4618670350316206,0.24040920716112532,0.0,0.0,,0.0,0.0,,,
slowking-scr,Slowking,Unown [30C 72],1,0,63,0.07455621301775148,0.4447215923406399,0.23809523809523808,-0.030117917518878733,0.022709213771209494,0.18475948697218592,-0.047296402871054695,0.06194174175588082,0.44512789122068874,0.3691173228857367,0.7226691998821247
slowking-scr,Slowking,Zeraora [DRI 78],0,0,555,0.6568047337278107,0.4643332084998752,0.23603603603603604,0.0,0.0,,0.0,0.0,,,
slowking-scr,Slowking,Zeraora [DRI 78],1,0,290,0.3431952662721893,0.45342258963709264,0.2482758620689655,0.0016943812480312292,0.012663238694153759,0.8935582349113999,0.016913769918842005,0.03613228864245577,0.6397082185454427,0.93773356611157,0.8362615260928333
slowking-scr,Slowking,Zoroark [WHT 143],0,0,784,0.927810650887574,0.46004769928839556,0.23341836734693877,0.0,0.0,,0.0,0.0,,,
slowking-scr,Slowking,Zoroark [WHT 143],1,0,61,0.07218934911242604,0.46754238475549953,0.32786885245901637,0.001497051510086226,0.019767827885105973,0.9396325434160608,0.07533952035406606,0.0629139923325665,0.23111163755773345,0.9647367092896247,0.5270262901130448
starmie-froslass,Starmie Froslass,Air Balloon,0,1,113,0.3353115727002967,0.4255874901892601,0.1592920353982301,0.02292601389223252,0.016983179073887907,0.17704011939819275,0.06242010078552015,0.04323999579325916,0.14885905708086794,0.3610916206448513,0.40117734151706047
starmie-froslass,Starmie Froslass,Air Balloon,1,1,181,0.5370919881305638,0.40006326801906905,0.10497237569060773,0.0,0.0,,0.0,0.0,,,
starmie-froslass,Starmie Froslass,Air Balloon,2,1,43,0.12759643916913946,0.4573444643212085,0.09302325581395349,0.024792191722283394,0.02244025394569015,0.2692424139710947,-0.048808175511936745,0.04854556634203488,0.314699688150633,0.4639876978329805,0.6049422287908486
starmie-froslass,Starmie Froslass,Boss's Orders,2,2,210,0.6231454005934718,0.41051286896524986,0.10952380952380952,0.0,0.0,,0.0,0.0,,,
starmie-froslass,Starmie Froslass,Boss's Orders,3,2,118,0.35014836795252224,0.4210438102387255,0.15254237288135594,0.02376584635890527,0.01611177657394101,0.140196259573148,0.041682934177937565,0.03939260876562218,0.28999116769385336,0.31500353389516056,0.5894951758561326
starmie-froslass,Starmie Froslass,Buddy-Buddy Poffin,3,4,63,0.18694362017804153,0.40777225420082563,0.07936507936507936,-0.022446559788724615,0.019492980996464765,0.2495183233452377,-0.04165903966161165,0.03991576653354956,0.29663633643351195,0.4426782609155858,0.5926278112660816
starmie-froslass,Starmie Froslass,Buddy-Buddy Poffin,4,4,264,0.7833827893175074,0.42086651423772636,0.13636363636363635,0.0,0.0,,0.0,0.0,,,
starmie-froslass,Starmie Froslass,Budew [ASC 16],0,1,105,0.3115727002967359,0.41833798476655626,0.12380952380952381,0.0052471254331991546,0.016591558752483082,0.7518107016859366,0.006988340459244912,0.03897455534895624,0.8576980636611589,0.8658070612147565,0.9544292042625164
starmie-froslass,Starmie Froslass,Budew [ASC 16],1,1,216,0.6409495548961425,0.41352329083810563,0.12037037037037036,0.0,0.0,,0.0,0.0,,,
starmie-froslass,Starmie Froslass,Crispin,1,2,80,0.23738872403560832,0.414298618048618,0.1375,0.0029194286028793705,0.018022804837701918,0.8713174668326927,0.01360861358364535,0.042478134151729824,0.7486897605597207,0.9289335870292861,0.8947280753633073
starmie-froslass,Starmie Froslass,Crispin,2,2,222,0.658753709198813,0.4171293754627088,0.12612612612612611,0.0,0.0,,0.0,0.0,,,
starmie-froslass,Starmie Froslass,Dudunsparce [PRE 80],0,0,246,0.7299703264094956,0.423779739531772,0.12195121951219512,0.0,0.0,,0.0,0.0,,,
starmie-froslass,Starmie Froslass,Dudunsparce [PRE 80],2,0,73,0.2166172106824926,0.40286558950942514,0.1095890410958904,0.005816430639006221,0.023513631650143144,0.8046263790759673,0.01631942710067813,0.04390571102669046,0.7101217485779996,0.8892249570931596,0.8771530738483624
starmie-froslass,Starmie Froslass,Dunsparce [JTG 120],0,0,262,0.7774480712166172,0.42100983904419015,0.12213740458015267,0.0,0.0,,0.0,0.0,,,
starmie-froslass,Starmie Froslass,Dunsparce [JTG 120],1,0,47,0.1394658753709199,0.39959018522848305,0.1702127659574468,0.00471269133152847,0.02649359405429712,0.8588168972588752,0.048570115181540245,0.05786665935999537,0.4012755054487265,0.9198749750360214,0.6791384705476604
starmie-froslass,Starmie Froslass,Dunsparce [PRE 79],0,0,282,0.8367952522255193,0.41740099603574776,0.11702127659574468,0.0,0.0,,0.0,0.0,,,
starmie-froslass,Starmie Froslass,Dunsparce [PRE 79],1,0,40,0.11869436201780416,0.425795177045177,0.15,0.01987191314571107,0.025031419783324967,0.4272660008160005,0.04738285069493292,0.0575350149410712,0.4101963912219514,0.6154505560343331,0.6903596079690969
starmie-froslass,Starmie Froslass,Fezandipiti ex [ASC 142],0,0,295,0.8753709198813057,0.4198298844909015,0.12542372881355932,0.0,0.0,,0.0,0.0,,,
starmie-froslass,Starmie Froslass,Fezandipiti ex [ASC 142],1,0,42,0.12462908011869436,0.3885436653293796,0.09523809523809523,-0.018801590547904735,0.025730530902988127,0.4649554914771472,-0.01676409723282684,0.04966245979882207,0.7356942237325925,0.647415297981058,0.8943161264685879
starmie-froslass,Starmie Froslass,Hilda,2,3,92,0.27299703264094954,0.39550054414184843,0.11956521739130435,-0.01840654616173018,0.018667959438201345,0.3241347385345731,0.011894150615619326,0.042809208000942844,0.7811344619689234,0.5180518690665612,0.9156410338640825
starmie-froslass,Starmie Froslass,Hilda,3,3,150,0.44510385756676557,0.418846961680295,0.12,0.0,0.0,,0.0,0.0,,,
starmie-froslass,Starmie Froslass,Hilda,4,3,72,0.21364985163204747,0.4324230938814272,0.1111111111111111,0.015198625736868211,0.02253669470921609,0.5000604601933875,-0.0071591008348283955,0.048522704731955905,0.8827048178879136,0.6762298327108512,0.9589315097887765
starmie-froslass,Starmie Froslass,Ignition Energy,0,1,59,0.17507418397626112,0.458953146665011,0.15254237288135594,0.028533515310547618,0.02188707691112294,0.19234628202689175,-0.005012342600979819,0.055641602199982224,0.9282215418147528,0.3777056264587895,0.9787725523754445
starmie-froslass,Starmie Froslass,Ignition Energy,1,1,142,0.42136498516320475,0.41160910685558577,0.13380281690140844,0.0,0.0,,0.0,0.0,,,
starmie-froslass,Starmie Froslass,Ignition Energy,2,1,121,0.3590504451038576,0.4001857570039388,0.09917355371900827,-0.008870467881594048,0.0178945062543631,0.6200997331675877,-0.02086686210649366,0.04118019970841364,0.6123507618824706,0.7590437651277937,0.8092463641728038
starmie-froslass,Starmie Froslass,Judge,0,0,175,0.5192878338278932,0.4296802403945261,0.14285714285714285,0.0,0.0,,0.0,0.0,,,
starmie-froslass,Starmie Froslass,Judge,1,0,121,0.3590504451038576,0.395056917370967,0.0743801652892562,-0.0360296793361192,0.016756946943849927,0.03154462644940474,-0.06016751586391346,0.036571578736247036,0.09992882986910938,0.12028843031951435,0.3267156113887826
starmie-froslass,Starmie Froslass,Larry's Skill,0,0,250,0.7418397626112759,0.39912746882746886,0.1,0.0,0.0,,0.0,0.0,,,
starmie-froslass,Starmie Froslass,Larry's Skill,1,0,48,0.142433234421365,0.45353835978835977,0.125,0.020013642098646894,0.022520351154434657,0.37416896136215716,-0.002598693696352688,0.05314268165863624,0.9609987404802554,0.5658912542533386,0.9919910313828656
starmie-froslass,Starmie Froslass,Legacy Energy,0,1,76,0.22551928783382788,0.4460385739991003,0.10526315789473684,0.023478861341384688,0.016980136895273282,0.16674917523892996,-0.03694473357065743,0.045781631336434155,0.4196796077479348,0.34548543477879945,0.6958759274503394
starmie-froslass,Starmie Froslass,Legacy Energy,1,1,261,0.7744807121661721,0.4071636714357021,0.12643678160919541,0.0,0.0,,0.0,0.0,,,
starmie-froslass,Starmie Froslass,Mega Froslass ex [ASC 265],1,2,116,0.34421364985163205,0.41447521986315083,0.11206896551724138,-0.004087183846693766,0.01625408600304233,0.8014617477532837,-0.017164918926292166,0.038464060499656935,0.6554104363534838,0.8892249570931596,0.8424086587536387
starmie-froslass,Starmie Froslass,Mega Froslass ex [ASC 265],2,2,220,0.6528189910979229,0.4167705652932926,0.12727272727272726,0.0,0.0,,0.0,0.0,,,
starmie-froslass,Starmie Froslass,Munkidori [ASC 99],2,3,101,0.2997032640949555,0.3915460776846916,0.06930693069306931,-0.026377192142234294,0.01731007355539366,0.1275572063103956,-0.06062932904942346,0.039455113312897874,0.12437513426820017,0.2964501092770723,0.3633143321057554
starmie-froslass,Starmie Froslass,Munkidori [ASC 99],3,3,222,0.658753709198813,0.428867599700933,0.14864864864864866,0.0,0.0,,0.0,0.0,,,
starmie-froslass,Starmie Froslass,Night Stretcher,1,2,69,0.20474777448071216,0.42872803524977426,0.13043478260869565,0.034297969283011605,0.020702239777437532,0.09757458706318897,0.026891079126515064,0.04423286626448898,0.5432250134689589,0.24978007106147815,0.7788202611200831
starmie-froslass,Starmie Froslass,Night Stretcher,2,2,233,0.6913946587537092,0.4082116222674163,0.11158798283261803,0.0,0.0,,0.0,0.0,,,
starmie-froslass,Starmie Froslass,Poké Pad,3,4,83,0.24629080118694363,0.41634486664607145,0.07228915662650602,-0.02423711184435853,0.01761840673110371,0.16892385458253367,-0.06617788388587212,0.03560825014888344,0.06309823868289931,0.34807404116894275,0.24570881927790028
starmie-froslass,Starmie Froslass,Poké Pad,4,4,239,0.7091988130563798,0.41600251987281267,0.1297071129707113,0.0,0.0,,0.0,0.0,,,
starmie-froslass,Starmie Froslass,Pokégear 3.0,0,0,178,0.5281899109792285,0.41225273893813225,0.12359550561797752,0.0,0.0,,0.0,0.0,,,
starmie-froslass,Starmie Froslass,Pokégear 3.0,2,0,90,0.26706231454005935,0.42091094091094094,0.1111111111111111,0.005884483045618094,0.018506502858720634,0.7505089094228898,-0.0035105931111621587,0.04337971727336143,0.935499957414974,0.8653923309405718,0.9803015517267516
starmie-froslass,Starmie Froslass,Psyduck [ASC 226],0,0,294,0.8724035608308606,0.4151719752910229,0.12585034013605442,0.0,0.0,,0.0,0.0,,,
starmie-froslass,Starmie Froslass,Psyduck [ASC 226],1,0,42,0.12462908011869436,0.4199015931158789,0.07142857142857142,-0.011950026427724823,0.022390144242769788,0.5935365479464021,-0.035488699868728976,0.047798809712043984,0.4578087339939211,0.7460671985949896,0.7271482075994891
starmie-froslass,Starmie Froslass,Risky Ruins,2,3,102,0.3026706231454006,0.39480330852879875,0.12745098039215685,-0.02998258302876936,0.01941901029951254,0.12259293446499979,0.008393270785754255,0.04482100870764612,0.8514552320798958,0.2884225895686009,0.9530905703793231
starmie-froslass,Starmie Froslass,Risky Ruins,3,3,157,0.4658753709198813,0.43691386462087106,0.12738853503184713,0.0,0.0,,0.0,0.0,,,
starmie-froslass,Starmie Froslass,Salvatore,0,0,208,0.6172106824925816,0.4299921588383127,0.13942307692307693,0.0,0.0,,0.0,0.0,,,
starmie-froslass,Starmie Froslass,Salvatore,1,0,92,0.27299703264094954,0.39291022986675156,0.09782608695652174,-0.023206914719028054,0.018682524438662952,0.21417299019254987,-0.01824153548515107,0.04211666643332451,0.6649281988364006,0.40086553561497623,0.8490602693173457
starmie-froslass,Starmie Froslass,Shaymin [DRI 10],0,0,284,0.8427299703264095,0.42492798346671584,0.13380281690140844,0.0,0.0,,0.0,0.0,,,
starmie-froslass,Starmie Froslass,Shaymin [DRI 10],1,0,53,0.1572700296735905,0.3677189163038219,0.05660377358490566,-0.05793752522874244,0.02129795039747882,0.0065216130756689285,-0.08294214104766227,0.04537823356565724,0.06758021596720969,0.038172536383925794,0.25663726642093265
starmie-froslass,Starmie Froslass,Snorunt [ASC 227],3,3,281,0.8338278931750742,0.4165340458934765,0.11387900355871886,0.0,0.0,,0.0,0.0,,,
starmie-froslass,Starmie Froslass,Snorunt [ASC 227],4,3,47,0.1394658753709199,0.42085886926312455,0.1702127659574468,0.0003744984523953547,0.02116415711160671,0.9858822187386518,0.06653038832291651,0.06052967967475281,0.2717084732276944,0.9912754475063686,0.5720869235598077
starmie-froslass,Starmie Froslass,Special Red Card,0,0,289,0.857566765578635,0.42156946923382915,0.12110726643598616,0.0,0.0,,0.0,0.0,,,
starmie-froslass,Starmie Froslass,Special Red Card,1,0,48,0.142433234421365,0.38198069291819287,0.125,-0.0009037559554340543,0.03140756771628596,0.9770439586139361,0.061273119848178396,0.05268027136424405,0.2447835706935937,0.9885758094179317,0.5460099550179918
starmie-froslass,Starmie Froslass,Staryu [POR 20],2,3,70,0.20771513353115728,0.42523809523809525,0.14285714285714285,0.045214914014873875,0.021522681351839296,0.035658261114033675,0.03736850174622529,0.05023113719644175,0.45691820029975994,0.1305575377043703,0.7271482075994891
starmie-froslass,Starmie Froslass,Staryu [POR 20],3,3,247,0.7329376854599406,0.41319422442904225,0.11740890688259109,0.0,0.0,,0.0,0.0,,,
starmie-froslass,Starmie Froslass,Surfing Beach,0,0,271,0.8041543026706232,0.42330734046601204,0.12546125461254612,0.0,0.0,,0.0,0.0,,,
starmie-froslass,Starmie Froslass,Surfing Beach,1,0,43,0.12759643916913946,0.3711207182137415,0.11627906976744186,-0.038865419271846044,0.023100426508961023,0.09248071783210556,0.009074932150795051,0.053989945631987564,0.8665159414217423,0.24422350484972705,0.9544292042625164
starmie-froslass,Starmie Froslass,Switch,0,0,257,0.7626112759643917,0.4176577169767831,0.12840466926070038,0.0,0.0,,0.0,0.0,,,
starmie-froslass,Starmie Froslass,Switch,1,0,76,0.22551928783382788,0.4029247798984641,0.10526315789473684,-0.01637987492920372,0.017597411568398894,0.35195102490572183,-0.014788656305533443,0.03977729483916493,0.7100519079414609,0.5463564052168215,0.8771530738483624
starmie-froslass,Starmie Froslass,Ultra Ball,3,3,164,0.486646884272997,0.4019831963429525,0.0975609756097561,0.0,0.0,,0.0,0.0,,,
starmie-froslass,Starmie Froslass,Ultra Ball,4,3,131,0.3887240356083086,0.4467037556732213,0.17557251908396945,0.037143004385325425,0.017348879434337473,0.032278437830441896,0.06703460391971071,0.04145696622429142,0.10588510439950427,0.1220573588656319,0.3367073043015378
starmie-froslass,Starmie Froslass,Wally's Compassion,1,1,193,0.5727002967359051,0.42235301639446726,0.16062176165803108,0.0,0.0,,0.0,0.0,,,
starmie-froslass,Starmie Froslass,Wally's Compassion,2,1,96,0.28486646884273,0.4085629070004069,0.0625,-0.01300986555036279,0.017132211878711924,0.44762504728226116,-0.07885502473470934,0.03691678555691583,0.03267771202724589,0.636592530517905,0.15641050704707798
starmie-froslass,Starmie Froslass,Yveltal [MEG 88],0,0,285,0.8456973293768546,0.4227296842209123,0.12280701754385964,0.0,0.0,,0.0,0.0,,,
starmie-froslass,Starmie Froslass,Yveltal [MEG 88],1,0,51,0.1513353115727003,0.37628803658215415,0.11764705882352941,-0.018530454678225033,0.024032297968286043,0.4406686307177551,-0.006614476394085404,0.04831550440658963,0.8911084671991458,0.6317854471600888,0.9621545495957385
