card_key,lists,copies,lists_day2,lists_topcut,inclusion,avg_copies,inclusion_day2,inclusion_topcut,day2_lift,name,cat,set,number,marks,legal_post,subtypes,jp_prints,inclusion_CRI,inclusion_CUR,inclusion_POR,inclusion_WORLDS
Boss's Orders,22592,61463,4115,139,0.9087325529946503,2.720564801699717,0.9073869900771775,0.9144736842105263,0.9985192971099818,Boss's Orders,trainer,MEG,114,G/I,1,Supporter,MA;MBD;MBG;MC;MEE;MEM;MEZ;MF;MP;S12a;S2;S4a;S8b;S9;SEF;SEK;SF;SGG;SGI;SH;SI;SJ;SK;SLD;SLL;SN;SO;SPD;SPZ;SV1a;SV4a;SVB;SVD;SVEL;SVEM;SVF;SVG;SVHK;SVHM;SVI;SVJL;SVJP;SVK;SVLN;SVLS;SVM;SVN;SVOD;SVOM;SVP,0.9068398268398269,0.9103846153846153,0.9071408141862904,0.9272271016311167
Night Stretcher,22228,43700,4063,133,0.8940911467760749,1.9659888429008459,0.8959206174200661,0.875,1.0020461791290385,Night Stretcher,trainer,ASC,196,H,0,Item,M1L;M2a;MA;MBD;MBG;MC;MP;SV6a;SV8;SV8a;SVN;SVP,0.9104761904761904,0.8592307692307692,0.9107636571646487,0.8971141781681304
Lillie's Determination,21496,79256,3926,130,0.864647439765094,3.6870115370301453,0.8657111356119074,0.8552631578947368,1.0012302075943258,Lillie's Determination,trainer,MEG,119,I,1,Supporter,M1L;M2a;MA;MBD;MBG;MC;MEE;MEM;MEZ;MF;MP;MP1,0.8663203463203463,0.8228205128205128,0.8988464105253122,0.8117942283563363
Ultra Ball,21072,70009,3913,138,0.8475926149390611,3.3223709187547454,0.8628445424476295,0.9078947368421053,1.017994408209497,Ultra Ball,trainer,MEG,131,F/G/I,1,Item,20th;BKB;BKR;BKW;BKZ;CP4;GBR;KK;M2a;M6a;MA;MBD;MBG;MC;MDB;MEE;MEM;MEZ;MF;MMBp;MMBs;MP1;S12a;S9;SI;SK;SLD;SLL;SM10;SM1p;SM3p;SM5M;SM6;SM7;SM7a;SM8;SM9;SM9b;SMA;SMB;SMC;SME;SMF;SMG;SMH;SMI;SMJ;SMK;SMM;SMN;SMP;SN;SO;SPD;SPZ;SV1V;SV4a;SVAL;SVAM;SVAW;SVB;SVC;SVD;SVEL;SVEM;SVF;SVG;SVHK;SVHM;SVJL;SVJP;SVK;SVLN;SVLS;SVM;SVN;SVOD;SVOM;SVP;SZD;WCS23;XYA;XYB;XYC;XYD;XYG;XYH,0.872034632034632,0.8480769230769231,0.8307750977214224,0.8870765370138017
Poké Pad,20621,73666,3741,123,0.8294517517396726,3.5723776732457204,0.8249173098125689,0.8092105263157895,0.9945332059187371,Poké Pad,trainer,POR,81,J,1,Item,M3;M6a;MC;MEE;MEM;MEZ;MF;MP;MP1,0.8235497835497836,0.8125641025641026,0.8485079607207551,0.7867001254705144
Buddy-Buddy Poffin,17138,62772,3199,110,0.6893528015767668,3.662737775703116,0.7054024255788313,0.7236842105263158,1.0232821625811253,Buddy-Buddy Poffin,trainer,ASC,184,H,0,Item,M1S;M2a;MA;MBD;MBG;MC;SV5K;SV6;SV8a;SVK;SVN;SVOD;SVOM;SVP,0.6895238095238095,0.7025641025641025,0.6765182572218514,0.7277289836888331
Fezandipiti ex [ASC 142],16548,16660,3287,118,0.6656208519367685,1.0067681895093064,0.7248070562293275,0.7763157894736842,1.0889187953177006,Fezandipiti ex,pokemon,ASC,142,H,0,"Basic,ex",M2a;MA;MC;SV6a;SV8a;SVN,0.7206926406926407,0.6917948717948718,0.6010105825150157,0.8607277289836889
Meowth ex [POR 107],15354,20830,2994,114,0.617593821648365,1.3566497329686076,0.6601984564498347,0.75,1.0689848785853417,Meowth ex,pokemon,POR,62,J,1,"Basic,ex",M3,0.6855411255411256,0.5769230769230769,0.6012965964343598,0.7377666248431619
Psychic Energy,13666,38536,2810,107,0.5496963114918949,2.8198448704814867,0.619625137816979,0.7039473684210527,1.1272135629495037,Psychic Energy,energy,MEE,5,basic,1,,20th;BTV;BWP;CP4;HS;HSP;HSZ;M6a;MC;MDB;MF;MGm;MMBp;MMBs;MP;PBG;PPD;S10b;S8a;SI;SM1p;SMA;SMB;SMD;SMP;SP;SP4;SPD;SV2a;SVI;SVP;SZD;WAK;XYE;XYP,0.5605194805194805,0.5685897435897436,0.5173991800934312,0.7114178168130489
Crispin,10871,27382,2284,90,0.43727122802783475,2.518811516879772,0.5036383682469681,0.5921052631578947,1.1517756851244478,Crispin,trainer,SCR,133,H,0,Supporter,MC;SV7;SV8a;SVK;SVLN;SVLS;SVP,0.45246753246753246,0.39282051282051283,0.45132996472494996,0.5771643663739021
Unfair Stamp,10867,10867,2347,92,0.43711033345400424,1.0,0.5175303197353914,0.6052631578947368,1.183980977173237,Unfair Stamp,trainer,TWM,165,H,0,"Item,ACE SPEC",MA;MC;SV5a,0.4618181818181818,0.3729487179487179,0.4641052531223186,0.5307402760351317
Munkidori [ASC 99],10680,19835,2209,81,0.4295885121274285,1.8572097378277153,0.4871003307607497,0.5328947368421053,1.1338765283748127,Munkidori,pokemon,ASC,99,H,0,Basic,M2a;MC;MP;SV6;SV8a,0.4277056277056277,0.39525641025641023,0.4458003622842978,0.5658720200752823
Darkness Energy,10649,35466,2188,81,0.4283415791802421,3.3304535637149026,0.4824696802646086,0.5328947368421053,1.126366674904539,Darkness Energy,energy,MEE,7,basic,1,,BGS;BWP;CP4;HXY;KLD;M6a;MC;MDB;MF;MMBp;MMBs;MP;PBG;S10b;S8a;SGG;SH;SI;SM2p;SMA;SMB;SMP;SP;SVI;SVP;SZD;WAK;XYA;XYC;XYP;Y30,0.4289177489177489,0.3973076923076923,0.441414815521022,0.5558343789209536
Budew [ASC 16],10598,13910,2113,87,0.4262901733639033,1.3125117946782412,0.4659316427783903,0.5723684210526315,1.0929917504353237,Budew,pokemon,ASC,16,H,0,Basic,M2a;SV8a,0.4465800865800866,0.40294871794871795,0.4258747259033273,0.5131744040150564
Fire Energy,8815,28012,1842,75,0.354571417078959,3.177765173000567,0.4061742006615215,0.4934210526315789,1.1455356554334755,Fire Energy,energy,MEE,2,basic,1,,20th;BGS;BKR;BKW;BTV;BWP;CP4;HS;HSP;HSZ;HXY;M6a;MC;MDB;MF;MMBp;MMBs;MP;S10b;S8a;SAr;SH;SI;SM1p;SMA;SMB;SMP;SO;SP;SP2;SP4;SV3;SVI;SVP;WAK;XYA;XYD;XYE;XYP,0.38095238095238093,0.33397435897435895,0.3469348841643627,0.465495608531995
Judge,8527,10738,1666,64,0.3429870077631632,1.2592940072710215,0.3673649393605292,0.42105263157894735,1.0710753790831613,Judge,trainer,POR,76,G/J,1,Supporter,20th;MC;MEE;MEZ;MF;MP1;S11a;S8b;SH;SI;SM11a;SM6;SM7a;SM9;SMH;SMI;SML;SMN;SMP;SN;SNPo;SO;SV4a;SV9a;SVAL;SVAM;SVAW;SVC;SVD;SVI;SVM;WCS23,0.23012987012987013,0.3921794871794872,0.3825912861092573,0.15809284818067754
Special Red Card,8456,8845,1470,37,0.34013112907767185,1.0460028382213813,0.3241455347298787,0.24342105263157895,0.9530016720576532,Special Red Card,trainer,CRI,82,J,1,Item,M4;MP,0.6323809523809524,0.561025641025641,0.0,0.5370138017565872
Dreepy [ASC 158],8004,31591,1749,71,0.32195004223482565,3.9469015492253874,0.3856670341786108,0.46710526315789475,1.1979095623081513,Dreepy,pokemon,ASC,158,H,0,Basic,M2a;MC;SV6;SV8a,0.3593073593073593,0.3006410256410256,0.30870435694537135,0.4341279799247177
Drakloak [ASC 159],8004,31534,1749,71,0.32195004223482565,3.9397801099450276,0.3856670341786108,0.46710526315789475,1.1979095623081513,Drakloak,pokemon,ASC,159,H,0,Stage 1,M2a;MC;SV6;SV8a,0.3593073593073593,0.3006410256410256,0.30870435694537135,0.4341279799247177
Dragapult ex [ASC 160],7859,21526,1733,71,0.3161176139334701,2.739025321287696,0.3821389195148842,0.46710526315789475,1.208850448919651,Dragapult ex,pokemon,ASC,160,H,0,"Stage 2,Tera,ex",M2a;MC;SV6;SV8a,0.3483982683982684,0.29435897435897435,0.3056535418057012,0.4328732747804266
Rare Candy,6679,16146,997,31,0.2686537146534733,2.417427758646504,0.21984564498346196,0.20394736842105263,0.818323488536285,Rare Candy,trainer,MEG,125,F/G/I,1,Item,20th;BKB;BKW;BW4;BWP;CP4;GBR;KK;M1S;MA;MBG;MC;MDB;MEE;MEM;MMBp;MMBs;S10b;S1H;SAr;SB;SC2;SCd;SCr;SD;SF;SI;SK;SM10;SM1p;SM4p;SM5M;SM6;SM6b;SM7;SM8;SM9;SMA;SMB;SMC;SME;SMF;SMG;SMH;SMJ;SML;SMN;SMP;SP;SV1V;SV3a;SV4a;SVAL;SVB;SVD;SVEL;SVF;SVG;SVHK;SVHM;SVI;SVJL;SVJP;SVK;SVM;SVN;SVOD;SVOM;SVP;SZD;XY5g;XYP,0.2739393939393939,0.2387179487179487,0.2887787205644008,0.2584692597239649
Lillie's Clefairy ex [ASC 280],6617,8369,1199,39,0.2661598487591006,1.2647725555387639,0.26438809261300994,0.2565789473684211,0.993343262876234,Lillie's Clefairy ex,pokemon,ASC,76,I,1,"Basic,ex",M2a;MC;SV9,0.2342857142857143,0.2469230769230769,0.29526170273619984,0.30238393977415307
Dawn,6168,12037,1089,36,0.24809943284662725,1.9515239948119325,0.24013230429988974,0.23684210526315788,0.9678873568741179,Dawn,trainer,PFL,87,I,1,Supporter,M2;MEE;MEM;MP,0.283982683982684,0.21564102564102564,0.2504528553722948,0.27478042659974905
Grass Energy,6079,43861,1140,38,0.24451952857889866,7.215166968251357,0.2513781697905182,0.25,1.0280494619447398,Grass Energy,energy,MEE,1,basic,1,,20th;BKZ;BWP;CP4;HS;HSP;HSZ;HXY;M6a;MC;MF;MGg;MMBp;MMBs;MP;S10b;S8a;SAg;SH;SI;SM1p;SMA;SMB;SMP;SP;SP2;SV2D;SVI;SVP;SZD;WAK;XYP,0.2419047619047619,0.2037179487179487,0.27819620554867003,0.21957340025094102
Shaymin [DRI 10],5982,5984,911,15,0.2406178351635091,1.0003343363423605,0.20088202866593163,0.09868421052631579,0.8348592635679918,Shaymin,pokemon,DRI,10,I,1,Basic,M2a;MA;MP;SV9a,0.2645887445887446,0.27474358974358976,0.20364191057298123,0.21957340025094102
Hilda,5744,15267,835,28,0.2310446080205945,2.6579038997214486,0.18412348401323042,0.18421052631578946,0.7969174679757871,Hilda,trainer,WHT,84,I,1,Supporter,M2a;MC;MP;SV11W,0.23757575757575758,0.2205128205128205,0.24282581752311946,0.13174404015056462
Air Balloon,5603,8882,824,16,0.22537307429306946,1.5852222023915759,0.18169790518191842,0.10526315789473684,0.8062094629176645,Air Balloon,trainer,ASC,181,I,1,Pokémon Tool,M1L;M2a;MA;MBD;MBG;MC;MEE;MEM;MEZ;MP;S1W;S4a;S8b;SD;SF;SK;SV11B,0.18735930735930736,0.2541025641025641,0.23014586709886548,0.15683814303638646
Risky Ruins,5536,9389,1127,54,0.22267809018140863,1.6959898843930636,0.24851157662624035,0.35526315789473684,1.116012699874451,Risky Ruins,trainer,MEG,127,I,1,Stadium,M1L,0.16034632034632035,0.2128205128205128,0.26284679187720467,0.24215809284818068
Team Rocket's Watchtower,5428,8146,1111,25,0.2183339366879852,1.5007369196757554,0.24498346196251378,0.16447368421052633,1.1220585570836505,Team Rocket's Watchtower,trainer,ASC,210,I,1,Stadium,M2a;SV10,0.3366233766233766,0.20794871794871794,0.15959576699399372,0.23588456712672523
Dudunsparce [PRE 80],5399,10909,1004,42,0.2171674510277141,2.0205593628449714,0.22138919514884234,0.27631578947368424,1.0194400408585607,Dudunsparce,pokemon,TEF,129,H,0,Stage 1,MP;SV5K;SV8a,0.1877056277056277,0.24243589743589744,0.21613118505100581,0.19698870765370138
Team Rocket's Petrel,5358,12727,746,20,0.2155182816459515,2.3753266144083613,0.16449834619625137,0.13157894736842105,0.7632686421771193,Team Rocket's Petrel,trainer,ASC,207,I,1,Supporter,M2a;MC;SV10,0.1929004329004329,0.21846153846153846,0.2332920202116503,0.11668757841907151
Dunsparce [JTG 120],4997,10228,950,38,0.20099754635774908,2.046828096858115,0.20948180815876516,0.25,1.0422107729908066,Dunsparce,pokemon,JTG,120,I,1,Basic,MC;SV9,0.17264069264069265,0.2164102564102564,0.2062160358470779,0.18695106649937265
Latias ex [SSP 220],4982,8017,972,36,0.2003941917058847,1.609193095142513,0.2143329658213892,0.23684210526315788,1.0695567770545076,Latias ex,pokemon,SSP,76,H,0,"Basic,ex",M2a;MC;MP;SV7a,0.17939393939393938,0.18256410256410258,0.22232815330346076,0.2383939774153074
Switch,4802,5618,757,27,0.19315393588351232,1.1699291961682632,0.1669239250275634,0.17763157894736842,0.8642015202228767,Switch,trainer,MEG,130,F/G/I,1,Item,20th;BGS;BKB;BKR;BKW;BKZ;BKc;BKt;BKv;BTV;CP6;HS;HSP;HSZ;HXY;KK;KLD;M2;M6a;MA;MBD;MBG;MC;MF;MGg;MGm;MMBp;MMBs;MP1;S11a;S3a;S7R;SAf;SAg;SAl;SAr;SAw;SB;SC2;SCd;SCr;SD;SEF;SEK;SF;SGG;SGI;SH;SI;SJ;SK;SLD;SLL;SM11a;SM1M;SM3p;SM6;SM6b;SM7;SM7a;SM8;SMA;SMC;SMD;SME;SMH;SMI;SMJ;SMK;SML;SMM;SMN;SMP;SN;SO;SP;SPD;SPZ;SV2a;SV3a;SV5a;SV9a;SVAL;SVAM;SVAW;SVB;SVC;SVD;SVEL;SVEM;SVF;SVG;SVHK;SVHM;SVI;SVJL;SVJP;SVK;SVLN;SVLS;SVM;SVN;SVOD;SVOM;SVP;WAK;WCS23;X30;XYA;XYB;XYC;XYD;XYE;XYF;XYG;XYP;Y30,0.15619047619047619,0.25653846153846155,0.1677948326818572,0.17440401505646172
Fighting Energy,4190,20081,717,21,0.1685370660874462,4.7926014319809065,0.15810363836824698,0.13815789473684212,0.9380941655066798,Fighting Energy,energy,MEE,6,basic,1,,20th;BGS;BWP;CP4;GBR;HS;HSP;HSZ;M6a;MC;MMBp;MMBs;MP;S10b;S8a;SAf;SH;SI;SM2p;SMA;SMB;SMD;SMP;SP;SV1S;SVI;SVP;WAK;WCS23;XYG;XYP,0.1605194805194805,0.12884615384615383,0.2061206978739632,0.12045169385194479
Ciphermaniac's Codebreaking,3886,6198,824,27,0.15630907847632838,1.5949562532166752,0.18169790518191842,0.17763157894736842,1.1624270768727931,Ciphermaniac's Codebreaking,trainer,TEF,145,H,0,"Supporter,Future",MC;SV5M;SV8a;SVN,0.1807792207792208,0.15782051282051282,0.13642863952712364,0.2258469259723965
Energy Switch,3882,10035,697,24,0.15614818390249788,2.5850077279752703,0.15369349503858876,0.15789473684210525,0.9842797475925696,Energy Switch,trainer,MEG,115,F/G/I,1,Item,20th;HS;HSP;M5;MA;MC;MGg;S11a;SAw;SB;SD;SI;SM11a;SM6b;SM7a;SMA;SMH;SMJ;SO;SVAM;SVC;SVD;SVHK;SVHM;SVM;XYP,0.12588744588744588,0.11397435897435898,0.20345123462675183,0.1656210790464241
Lana's Aid,3827,3945,677,20,0.15393588351232854,1.0308335510844002,0.14928335170893053,0.13157894736842105,0.9697761711094126,Lana's Aid,trainer,TWM,155,H,0,Supporter,MC;SV5a;SV8a;SVK,0.19151515151515153,0.13551282051282051,0.14977595576318048,0.11668757841907151
Crushing Hammer,3812,14266,954,39,0.15333252886046417,3.742392444910808,0.2103638368246968,0.2565789473684211,1.3719452642441732,Crushing Hammer,trainer,POR,71,F/G/J,1,Item,20th;BTV;BW1b;HXY;M5;MC;MDB;MEZ;MF;MGm;SAr;SAw;SD;SEK;SH;SI;SM1S;SM5M;SMA;SMD;SMH;SML;SMN;SVAW;SVD;SVI;SVM;SVP;Y30,0.21731601731601732,0.1982051282051282,0.07712842024978549,0.2534504391468005
Mega Kangaskhan ex [MEG 104],3812,11023,860,34,0.15333252886046417,2.8916579223504724,0.18963616317530319,0.2236842105263158,1.2367640746855229,Mega Kangaskhan ex,pokemon,MEG,104,I,1,"Basic,MEGA,ex",M1S;MP,0.15792207792207794,0.18884615384615386,0.11755172085041472,0.24341279799247176
Moltres [PFL 14],3792,3815,795,36,0.1525280559913117,1.0060654008438819,0.175303197353914,0.23684210526315788,1.1493177187277575,Moltres,pokemon,PFL,14,I,1,Basic,M2,0.19411255411255413,0.1432051282051282,0.12603680045762228,0.29109159347553326
Water Energy,3732,10170,614,21,0.15011463738385422,2.72508038585209,0.13539140022050716,0.13815789473684212,0.9019200431087966,Water Energy,energy,MEE,3,basic,1,,20th;BGS;BKB;BKR;BKW;BWP;CP4;GBR;HS;HSP;HSZ;HXY;KK;KLD;M6a;MC;MDB;MMBp;MMBs;MP;S10b;S8a;SAw;SGI;SH;SI;SM2p;SMA;SMB;SMD;SMP;SP;SP2;SP4;SV2P;SVI;SVP;WAK;XYF;XYP,0.16883116883116883,0.10538461538461538,0.17456382877300028,0.13048933500627352
Rosa's Encouragement,3729,3743,753,28,0.14999396645348137,1.0037543577366586,0.16604189636163175,0.18421052631578946,1.1069905029355125,Rosa's Encouragement,trainer,POR,84,J,1,Supporter,M3,0.13246753246753246,0.2285897435897436,0.09142911621698922,0.27854454203262236
Area Zero Underdepths,3651,9218,773,29,0.14685652226378665,2.5247877293892085,0.17045203969128997,0.19078947368421054,1.1606705447179293,Area Zero Underdepths,trainer,SCR,131,H,0,Stadium,M2a;SV7;SV8a,0.11757575757575757,0.09474358974358975,0.19534750691200306,0.23086574654956085
Cyrano,3614,7018,738,23,0.14536824745585455,1.9418926397343663,0.1627342888643881,0.1513157894736842,1.1194624115820566,Cyrano,trainer,SSP,170,H,0,Supporter,SV8,0.1341991341991342,0.14653846153846153,0.14758318238154255,0.18569636135508155
Pokégear 3.0,3577,8686,554,16,0.14387997264792246,2.428291864691082,0.12216097023153252,0.10526315789473684,0.8490477721347861,Pokégear 3.0,trainer,SVI,186,G/I,1,Item,MC;SAf;SAg;SAl;SAr;SAw;SB;SC2;SCd;SCr;SD;SEF;SEK;SGG;SGI;SJ;SLD;SM11;SM12a;SM9a;SMM;SV11B;SVAL;SVAM;SVAW;SVB;SVC;SVD;SVEL;SVEM;SVLN;SVLS;SVP,0.1083982683982684,0.14871794871794872,0.16274192010677854,0.1053952321204517
Teal Mask Ogerpon ex [PRE 12],3554,11526,701,24,0.14295482884839708,3.2431063590320766,0.1545755237045204,0.15789473684210525,1.0812892782268098,Teal Mask Ogerpon ex,pokemon,TWM,25,H,0,"Basic,Tera,ex",M2a;MC;SV6;SV8a,0.15064935064935064,0.1117948717948718,0.16007245685956717,0.1668757841907152
Telepathic Psychic Energy,3376,12510,622,21,0.13579502031293994,3.705568720379147,0.13715545755237046,0.13815789473684212,1.0100183146355102,Telepathic Psychic Energy,energy,POR,88,J,1,Special,M3,0.1328138528138528,0.2058974358974359,0.08218133282486415,0.17691342534504392
Psyduck [ASC 226],3159,3166,465,11,0.12706648968263545,1.00221589110478,0.10253583241455347,0.07236842105263158,0.8069462898569845,Psyduck,pokemon,ASC,39,I,1,Basic,M2a;SVP,0.13714285714285715,0.1041025641025641,0.1437696634569549,0.05897114178168131
Secret Box,3150,3150,614,16,0.12670447689151684,1.0,0.13539140022050716,0.10526315789473684,1.0685605082165168,Secret Box,trainer,TWM,163,H,0,"Item,ACE SPEC",SV6,0.12311688311688311,0.18269230769230768,0.08466012012584613,0.15809284818067754
Bug Catching Set,3144,10441,533,14,0.12646313503077108,3.3209287531806617,0.1175303197353914,0.09210526315789473,0.9293642744725081,Bug Catching Set,trainer,TWM,143,H,0,Item,M2a;MA;MC;SV6;SV8a;SVK;SVN,0.1399134199134199,0.08076923076923077,0.15654495185432357,0.08030112923462986
Duskull [PRE 35],2759,6343,474,19,0.11097703229958569,2.299021384559623,0.10452039691289967,0.125,0.9418200752633559,Duskull,pokemon,PRE,35,H,0,Basic,M2a;MC;SV6a;SV8a,0.12692640692640692,0.1058974358974359,0.10525312231861951,0.12045169385194479
Dusknoir [PRE 37],2749,3762,472,19,0.11057479586500946,1.3684976355038196,0.10407938257993385,0.125,0.9412577411130357,Dusknoir,pokemon,PRE,37,H,0,Stage 2,M2a;MC;SV6a;SV8a,0.12623376623376623,0.10564102564102563,0.10506244637239012,0.11794228356336262
Battle Cage,2730,6814,333,6,0.10981054663931458,2.495970695970696,0.07342888643880927,0.039473684210526314,0.6686870130971565,Battle Cage,trainer,PFL,85,I,1,Stadium,M2,0.07705627705627706,0.11012820512820513,0.132615120602536,0.043914680050188205
Dusclops [PRE 36],2719,4897,464,19,0.10936808656128072,1.8010297903641044,0.10231532524807056,0.125,0.9355135347525864,Dusclops,pokemon,PRE,36,H,0,Stage 1,M2a;MC;SV6a;SV8a,0.12536796536796538,0.10448717948717949,0.10353703880255506,0.11794228356336262
Sacred Ash,2533,2577,408,11,0.10188648887816258,1.0173707066719304,0.08996692392502756,0.07236842105263158,0.8830113287406672,Sacred Ash,trainer,DRI,168,I,1,Item,M2a;M3;SV9a;XY2,0.10597402597402597,0.12256410256410256,0.08456478215273143,0.09786700125470514
Wally's Compassion,2517,5241,277,8,0.1012429105828406,2.0822407628128725,0.06108048511576626,0.05263157894736842,0.6033062933901728,Wally's Compassion,trainer,MEG,132,I,1,Supporter,M1S;MA;MP,0.08588744588744589,0.07115384615384615,0.1390027648012203,0.010037641154328732
Chien-Pao [SSP 56],2482,2488,542,21,0.09983508306182375,1.0024174053182917,0.1195148842337376,0.13815789473684212,1.197123101101914,Chien-Pao,pokemon,SSP,56,H,0,Basic,M2a;SV8,0.09662337662337663,0.07666666666666666,0.11459624368385928,0.15558343789209536
Jamming Tower,2470,2677,404,12,0.09935239934033224,1.0838056680161943,0.08908489525909592,0.07894736842105263,0.8966557008244469,Jamming Tower,trainer,TWM,153,H,0,Stadium,M2a;SV10;SV6;SV8a;SVN,0.06372294372294372,0.11717948717948717,0.09867480217370579,0.191969887076537
Xerosic's Machinations,2357,2612,362,12,0.0948071276296207,1.1081883750530335,0.07982359426681367,0.07894736842105263,0.8419577331638755,Xerosic's Machinations,trainer,SFA,64,H,0,Supporter,MC;SV6a,0.06787878787878789,0.12782051282051282,0.08446944417961674,0.1028858218318695
Black Belt's Training,2324,2745,443,9,0.09347974739551909,1.1811531841652323,0.09768467475192943,0.05921052631578947,1.044982228488691,Black Belt's Training,trainer,JTG,143,H,0,Supporter,M2a;MC;SVM;SVP,0.08017316017316017,0.08615384615384615,0.10715988178091333,0.08155583437892096
Brave Bangle,2257,3459,404,9,0.09078476328385825,1.5325653522374834,0.08908489525909592,0.05921052631578947,0.9812758444999485,Brave Bangle,trainer,WHT,80,I,1,Pokémon Tool,M2a;M5;MC;MP;SV11W,0.0954112554112554,0.08371794871794871,0.09581466298026504,0.060225846925972396
Hero's Cape,2177,2177,369,13,0.0875668718072483,1.0,0.08136714443219405,0.08552631578947369,0.9292000816393092,Hero's Cape,trainer,TEF,152,H,0,"Pokémon Tool,ACE SPEC",MA;MBD;MC;SV5M,0.07012987012987013,0.11551282051282051,0.07579368862617981,0.09535759096612297
Wellspring Mask Ogerpon ex [PRE 152],2143,2398,467,18,0.08619926792968907,1.1189920671955202,0.1029768467475193,0.11842105263157894,1.1946371381194947,Wellspring Mask Ogerpon ex,pokemon,TWM,64,H,0,"Basic,Tera,ex",MC;SV6;SV8a,0.0851948051948052,0.07641025641025641,0.08961769472781009,0.14429109159347553
Fighting Gong,2072,7671,255,3,0.08334338924419774,3.702220077220077,0.05622932745314223,0.019736842105263157,0.6746705163188075,Fighting Gong,trainer,MEG,116,I,1,Item,M1L;M2a;MC,0.06493506493506493,0.06,0.11574029936123557,0.018820577164366373
Yveltal [MEG 88],2066,2148,395,11,0.08310204738345199,1.0396902226524685,0.08710033076074973,0.07236842105263158,1.0481129346771534,Yveltal,pokemon,MEG,88,I,1,Basic,M1L;MC,0.07203463203463203,0.0741025641025641,0.0940985794642006,0.10664993726474278
Team Rocket's Factory,2045,4601,351,12,0.08225735087084188,2.249877750611247,0.07739801543550165,0.07894736842105263,0.9409252135657734,Team Rocket's Factory,trainer,ASC,203,I,1,Stadium,M2a;SV10,0.0864069264069264,0.06935897435897435,0.09390790351797121,0.025094102885821833
Pecharunt ex [PRE 163],2043,2365,393,9,0.08217690358392664,1.1576113558492414,0.0866593164277839,0.05921052631578947,1.0545458960896406,Pecharunt ex,pokemon,SFA,39,H,0,"Basic,ex",MC;SV6a;SV8a,0.05887445887445888,0.09564102564102564,0.0838020783678139,0.09786700125470514
Dudunsparce ex [JTG 121],1998,2002,393,13,0.08036683962833353,1.002002002002002,0.0866593164277839,0.08552631578947369,1.0782969297853533,Dudunsparce ex,pokemon,JTG,121,I,1,"Stage 1,ex",MC;SV9,0.06095238095238095,0.06307692307692307,0.10782724759271618,0.028858218318695106
Enriching Energy,1990,1990,341,12,0.08004505048067254,1.0,0.07519294377067255,0.07894736842105263,0.9393828015490906,Enriching Energy,energy,SSP,191,H,0,"Special,ACE SPEC",MC;SV7a,0.07393939393939394,0.08923076923076922,0.07684240633044141,0.07653701380175659
Forest of Vitality,1988,6517,324,11,0.0799646031937573,3.278169014084507,0.07144432194046306,0.07236842105263158,0.8934493399204487,Forest of Vitality,trainer,MEG,117,I,1,Stadium,M1S;M2a;M3,0.1058008658008658,0.06025641025641026,0.08170464295929068,0.06273525721455459
Lightning Energy,1947,4717,370,12,0.07831543381199468,2.4227015921931176,0.08158765159867695,0.07894736842105263,1.041782540521165,Lightning Energy,energy,MEE,4,basic,1,,20th;BGS;BKB;BKZ;BTV;BWP;CP4;GBR;HS;HSP;HSZ;M6a;MC;MDB;MF;MMBp;MMBs;MP;S10b;S8a;SAl;SH;SI;SM2p;SMA;SMB;SMD;SMP;SN;SO;SP;SP2;SP4;SPZ;SV1V;SVI;SVP;WAK;WCS23;XYD;XYE;XYP,0.07324675324675324,0.07012820512820513,0.08666221756125465,0.08531994981179424
Mist Energy,1891,6765,344,12,0.07606290977836773,3.577472236911687,0.07585446527012128,0.07894736842105263,0.9972595775147991,Mist Energy,energy,TEF,161,H,0,Special,SV5M;SV8a;SVN,0.06683982683982684,0.08435897435897435,0.0770330822766708,0.04893350062735257
Team Rocket's Transceiver,1861,6905,260,6,0.07485620047463899,3.7103707684040836,0.05733186328555678,0.039473684210526314,0.7658933117368227,Team Rocket's Transceiver,trainer,ASC,209,I,1,Item,M2a;MC;SV10,0.07168831168831169,0.06102564102564102,0.09076175040518639,0.02383939774153074
Gravity Mountain,1761,2620,224,2,0.07083383612887656,1.4877910278250994,0.049393605292171995,0.013157894736842105,0.6973165367227074,Gravity Mountain,trainer,SSP,177,H,0,Stadium,M2a;SV8,0.06822510822510823,0.07705128205128205,0.06969205834683954,0.043914680050188205
Ignition Energy,1728,4655,202,6,0.06950645589477494,2.693865740740741,0.04454244762954796,0.039473684210526314,0.6408389991424722,Ignition Energy,energy,WHT,86,I,1,Special,M2;M2a;MA;MC;SV11W,0.09489177489177489,0.040769230769230766,0.081609304986176,0.0075282308657465494
Dipplin [PRE 10],1710,4530,354,9,0.06878243031253771,2.6491228070175437,0.07805953693495038,0.05921052631578947,1.1348761097893576,Dipplin,pokemon,TWM,18,H,0,Stage 1,SV6;SV8a,0.0825974025974026,0.06294871794871795,0.06711793307274287,0.04767879548306148
Kieran,1709,1982,295,6,0.06874220666908008,1.1597425394967817,0.06504961411245866,0.039473684210526314,0.9462834736394586,Kieran,trainer,TWM,154,H,0,Supporter,MA;MC;SV6;SV8a;SVK;SVN;SVP,0.05367965367965368,0.09051282051282052,0.06044427495471446,0.0740276035131744
Tool Scrapper,1706,1712,276,5,0.06862153573870722,1.003516998827667,0.06085997794928335,0.03289473684210526,0.8868932660006642,Tool Scrapper,trainer,ASC,212,I,1,Item,BW5n;BWP;M2a;M4;MA;S2;S4a;S8b;SD;SF;SK;SV11W,0.04813852813852814,0.07128205128205128,0.07731909619601487,0.07653701380175659
Premium Power Pro,1703,5477,216,3,0.06850086480833434,3.2160892542571933,0.04762954796030871,0.019736842105263157,0.6953130897482295,Premium Power Pro,trainer,MEG,124,I,1,Item,M1L;M2a;MC;MP,0.05281385281385281,0.050256410256410255,0.09476594527600343,0.015056461731493099
Glass Trumpet,1646,2724,339,12,0.06620811713124974,1.654921020656136,0.07475192943770673,0.07894736842105263,1.1290447859968573,Glass Trumpet,trainer,ASC,189,H,0,Item,M2a;SV7;SV8a,0.06233766233766234,0.058333333333333334,0.07331490132519783,0.07779171894604768
Team Rocket's Articuno [DRI 51],1641,2930,253,6,0.06600699891396163,1.7854966483851311,0.0557883131201764,0.039473684210526314,0.845187844290497,Team Rocket's Articuno,pokemon,DRI,51,I,1,Basic,M2a;SV10,0.07324675324675324,0.04064102564102564,0.08551816188387835,0.005018820577164366
Wondrous Patch,1617,4033,299,9,0.06504163147097865,2.494124922696351,0.0659316427783903,0.05921052631578947,1.0136837174480897,Wondrous Patch,trainer,PFL,94,I,1,Item,M3;MBD,0.07047619047619047,0.08961538461538461,0.04261607398226714,0.08030112923462986
Genesect [SFA 40],1608,1697,277,6,0.06467961867986002,1.0553482587064678,0.06108048511576626,0.039473684210526314,0.9443544405864832,Genesect,pokemon,SFA,40,H,0,Basic,SV6a,0.07272727272727272,0.06461538461538462,0.05949089522356755,0.07528230865746549
Raging Bolt ex [PRE 166],1606,2792,341,12,0.06459917139294477,1.738480697384807,0.07519294377067255,0.07894736842105263,1.1639923879717873,Raging Bolt ex,pokemon,TEF,123,H,0,"Basic,ex,Ancient",MC;SV5K;SV8a,0.06147186147186147,0.057435897435897436,0.07055010010487177,0.07904642409033877
Rocky Fighting Energy,1542,4289,212,4,0.06202485821165681,2.7814526588845654,0.046747519294377066,0.02631578947368421,0.7536900630204334,Rocky Fighting Energy,energy,POR,87,J,1,Special,M3,0.0445021645021645,0.04205128205128205,0.09018972256649824,0.013801756587202008
Dunsparce [PRE 79],1525,2324,197,9,0.0613410562728772,1.5239344262295083,0.043439911797133406,0.05921052631578947,0.7081702604514974,Dunsparce,pokemon,TEF,128,H,0,Basic,SV5K;SV8a,0.05523809523809524,0.05705128205128205,0.07083611402421584,0.02258469259723965
Handheld Fan,1521,2520,276,11,0.0611801616990467,1.6568047337278107,0.06085997794928335,0.07236842105263158,0.9947665429303967,Handheld Fan,trainer,TWM,150,H,0,Pokémon Tool,SV6,0.06303030303030303,0.07192307692307692,0.05081513967013061,0.07904642409033877
N's Zorua [ASC 136],1510,5954,291,6,0.06073770162101283,3.943046357615894,0.06416758544652701,0.039473684210526314,1.0564704250239125,N's Zorua,pokemon,ASC,136,I,1,Basic,M2a;MC;SV9;SVP,0.050562770562770566,0.07487179487179488,0.054723996567832965,0.07528230865746549
N's Zoroark ex [ASC 137],1510,5941,291,6,0.06073770162101283,3.934437086092715,0.06416758544652701,0.039473684210526314,1.0564704250239125,N's Zoroark ex,pokemon,ASC,137,I,1,"Stage 1,ex",M2a;MC;SV9,0.050562770562770566,0.07487179487179488,0.054723996567832965,0.07528230865746549
Alakazam [MEG 56],1506,4556,259,10,0.06057680704718233,3.0252324037184595,0.05711135611907387,0.06578947368421052,0.9427924465314048,Alakazam,pokemon,MEG,56,I,1,Stage 2,M1S,0.05904761904761905,0.07692307692307693,0.048336352369148634,0.07277289836888332
Kadabra [MEG 55],1506,5719,259,10,0.06057680704718233,3.7974767596281542,0.05711135611907387,0.06578947368421052,0.9427924465314048,Kadabra,pokemon,MEG,55,I,1,Stage 1,M1S,0.05904761904761905,0.07692307692307693,0.048336352369148634,0.07277289836888332
Binding Mochi,1490,2626,279,4,0.05993322875186034,1.7624161073825504,0.06152149944873209,0.02631578947368421,1.0265006696610257,Binding Mochi,trainer,PRE,95,H,0,Pokémon Tool,MC;SV6a;SV8a,0.042943722943722944,0.0841025641025641,0.050433787777671844,0.07151819322459223
Abra [MEG 54],1485,5633,254,9,0.059732110534572225,3.7932659932659933,0.056008820286659315,0.05921052631578947,0.9376668559910014,Abra,pokemon,MEG,54,I,1,Basic,M1S,0.058528138528138526,0.075,0.04805033844980456,0.07277289836888332
Fan Rotom [ASC 171],1481,1888,217,5,0.059571215960741726,1.274814314652262,0.04785005512679162,0.03289473684210526,0.8032412022330631,Fan Rotom,pokemon,ASC,171,H,0,Basic,M2a;SV7;SV8a,0.05800865800865801,0.03397435897435897,0.08237200877109353,0.02132998745294856
N's Zekrom [ASC 155],1469,2635,290,6,0.05908853223925023,1.7937372362151123,0.0639470782800441,0.039473684210526314,1.0822248557659473,N's Zekrom,pokemon,ASC,155,I,1,Basic,M2a,0.049523809523809526,0.07230769230769231,0.05329392697111259,0.07528230865746549
N's PP Up,1458,4490,290,6,0.05864607216121636,3.0795610425240056,0.0639470782800441,0.039473684210526314,1.0903897895200114,N's PP Up,trainer,ASC,195,I,1,Item,M2a;MC;SV9,0.04865800865800866,0.07205128205128206,0.05291257507865383,0.07528230865746549
Team Rocket's Energy,1435,5708,211,6,0.057720928361691,3.9777003484320557,0.04652701212789415,0.039473684210526314,0.8060683264889035,Team Rocket's Energy,energy,ASC,217,I,1,Special,M2a;MC;SV10,0.05506493506493507,0.031153846153846153,0.08284869863666698,0.006273525721455458
Brock's Scouting,1418,2305,250,9,0.05703712642291139,1.6255289139633287,0.05512679162072767,0.05921052631578947,0.9665071695930258,Brock's Scouting,trainer,JTG,146,I,1,Supporter,MF;SV9,0.03913419913419913,0.05038461538461538,0.07169415578224807,0.05897114178168131
Team Rocket's Proton,1413,4627,211,6,0.05683600820562327,3.2745930644019814,0.04652701212789415,0.039473684210526314,0.8186185764413139,Team Rocket's Proton,trainer,ASC,208,I,1,Supporter,M2a;MC;SV10,0.05350649350649351,0.031025641025641027,0.08179998093240538,0.005018820577164366
Team Rocket's Giovanni,1413,4909,211,6,0.05683600820562327,3.4741684359518756,0.04652701212789415,0.039473684210526314,0.8186185764413139,Team Rocket's Giovanni,trainer,ASC,204,I,1,Supporter,M2a;MC;SV10;SVP,0.05350649350649351,0.031025641025641027,0.08179998093240538,0.005018820577164366
Team Rocket's Ariana,1412,4844,211,6,0.05679578456216564,3.4305949008498584,0.04652701212789415,0.039473684210526314,0.8191983346399268,Team Rocket's Ariana,trainer,ASC,202,I,1,Supporter,M2a;MC;SV10,0.05350649350649351,0.030897435897435897,0.08179998093240538,0.005018820577164366
Enhanced Hammer,1411,2630,212,7,0.056755560918708016,1.8639262934089298,0.046747519294377066,0.046052631578947366,0.8236641227338826,Enhanced Hammer,trainer,TWM,148,H,0,Item,BW4;BWP;CP4;M2a;SM1p;SM4p;SM5p;SM9a;SV5a;SV6;SV8a;SVP;XYP,0.0632034632034632,0.05871794871794872,0.0543426446753742,0.02258469259723965
Mega Lopunny ex [PFL 115],1398,2568,211,7,0.0562326535537589,1.8369098712446352,0.04652701212789415,0.046052631578947366,0.8274020375619289,Mega Lopunny ex,pokemon,PFL,84,I,1,"Stage 1,MEGA,ex",M2,0.02857142857142857,0.039871794871794874,0.08704356945371342,0.011292346298619825
Lunatone [ASC 105],1395,2802,162,2,0.05611198262338603,2.0086021505376346,0.03572216097023153,0.013157894736842105,0.63662268378561,Lunatone,pokemon,MEG,74,I,1,Basic,M1L;M2a;MC,0.046753246753246755,0.04512820512820513,0.07274287348650968,0.012547051442910916
Solrock [ASC 106],1395,3434,162,2,0.05611198262338603,2.4616487455197134,0.03572216097023153,0.013157894736842105,0.63662268378561,Solrock,pokemon,MEG,75,I,1,Basic,M1L;M2a;MC,0.046753246753246755,0.04512820512820513,0.07274287348650968,0.012547051442910916
Meganium [MEG 10],1381,2764,230,8,0.055548851614979286,2.001448225923244,0.050716648291069456,0.05263157894736842,0.9130098429864429,Meganium,pokemon,MEG,10,I,1,Stage 2,M1S,0.07047619047619047,0.03935897435897436,0.06149299265897607,0.027603513174404015
Blaziken ex [JTG 24],1363,2715,228,7,0.054824826032742045,1.991929567131328,0.05027563395810364,0.046052631578947366,0.9170231370744054,Blaziken ex,pokemon,JTG,24,H,0,"Stage 2,ex",SVM,0.049523809523809526,0.04756410256410257,0.05977690914291162,0.09912170639899624
Torchic [DRI 40],1355,2734,229,7,0.05450303688508105,2.0177121771217714,0.05049614112458655,0.046052631578947366,0.9264830734305138,Torchic,pokemon,DRI,40,I,1,Basic,SV10,0.04935064935064935,0.04717948717948718,0.059395557250452855,0.09912170639899624
Snorunt [ASC 227],1340,3239,175,5,0.053899682233216686,2.4171641791044776,0.03858875413450937,0.03289473684210526,0.7159365795059981,Snorunt,pokemon,ASC,46,I,1,Basic,M2a,0.044848484848484846,0.030384615384615385,0.07922585565830871,0.01631116687578419
Team Rocket's Archer,1311,3604,201,4,0.052733196572945576,2.7490465293668955,0.04432194046306505,0.02631578947368421,0.8404940975227004,Team Rocket's Archer,trainer,ASC,201,I,1,Supporter,M2a;MC;SV10,0.05108225108225108,0.02705128205128205,0.07655639241109734,0.002509410288582183
Combusken [DRI 41],1290,1332,220,6,0.05188850006033546,1.0325581395348837,0.04851157662624035,0.039473684210526314,0.9349196174457065,Combusken,pokemon,DRI,41,I,1,Stage 1,SV10,0.04588744588744589,0.046153846153846156,0.05672609400324149,0.08782936010037641
Bayleef [MEG 9],1289,2463,216,8,0.05184827641687784,1.9107835531419706,0.04762954796030871,0.05263157894736842,0.9186331977046042,Bayleef,pokemon,MEG,9,I,1,Stage 1,M1S,0.06718614718614718,0.036153846153846154,0.056916769949470876,0.027603513174404015
Iron Leaves ex [PRE 176],1270,1278,274,9,0.051084027191182976,1.0062992125984251,0.06041896361631753,0.05921052631578947,1.1827368932797402,Iron Leaves ex,pokemon,TEF,25,H,0,"Basic,ex,Future",MC;SV5M;SV8a,0.03619047619047619,0.06256410256410257,0.046143578987510724,0.11166875784190715
Buneary [PFL 83],1263,2398,196,7,0.050802461686979605,1.8986539984164688,0.04321940463065049,0.046052631578947366,0.8507344564707854,Buneary,pokemon,PFL,83,I,1,Basic,M2,0.02666666666666667,0.035897435897435895,0.07827247592716179,0.010037641154328732
Lucky Helmet,1254,1679,252,10,0.05044044889586099,1.338915470494418,0.0555678059536935,0.06578947368421052,1.101651693632196,Lucky Helmet,trainer,TWM,158,H,0,Pokémon Tool,SV5a;XY7,0.06995670995670995,0.05961538461538462,0.03422633234817428,0.03262233375156838
N's Castle,1247,2303,221,6,0.05015888339165762,1.846832397754611,0.048732083792723264,0.039473684210526314,0.9715543986935791,N's Castle,trainer,JTG,152,I,1,Stadium,M2a;SV9,0.04796536796536797,0.047692307692307694,0.05186385737439222,0.06775407779171895
Metagross [CRI 61],1233,1871,245,7,0.049595752383250875,1.5174371451743716,0.05402425578831312,0.046052631578947366,1.0892919895809023,Metagross,pokemon,CRI,61,J,1,Stage 2,M4,0.052987012987012985,0.10833333333333334,0.0,0.1028858218318695
Jumbo Ice Cream,1230,3990,232,10,0.049475081452878,3.2439024390243905,0.05115766262403528,0.06578947368421052,1.0340086589399522,Jumbo Ice Cream,trainer,PFL,91,I,1,Item,M2;M4,0.035844155844155845,0.09256410256410257,0.022690437601296597,0.07904642409033877
N's Reshiram [ASC 154],1197,1217,224,2,0.048147701218776394,1.0167084377610693,0.049393605292171995,0.013157894736842105,1.0258767094141086,N's Reshiram,pokemon,ASC,154,I,1,Basic,M2a;MC;SV9,0.03567099567099567,0.06,0.04671560682619887,0.04140526976160602
Briar,1194,1197,214,8,0.04802703028840352,1.0025125628140703,0.04718853362734289,0.05263157894736842,0.9825411511803783,Briar,trainer,SCR,132,H,0,Supporter,MC;SV7;SV8a,0.06337662337662338,0.03128205128205128,0.053389264944227285,0.030112923462986198
Bloodmoon Ursaluna ex [PRE 168],1165,1165,196,12,0.04686054462813242,1.0,0.04321940463065049,0.07894736842105263,0.9222983849979415,Bloodmoon Ursaluna ex,pokemon,TWM,141,H,0,"Basic,ex",MC;SV5a;SV8a;SVP,0.022337662337662337,0.032435897435897434,0.07178949375536275,0.037641154328732745
Legacy Energy,1131,1131,128,2,0.04549294075057319,1.0,0.02822491730981257,0.013157894736842105,0.6204241107332009,Legacy Energy,energy,TWM,167,H,0,"Special,ACE SPEC",MC;SV6;SV8a;SVN,0.03463203463203463,0.03679487179487179,0.06025359900848508,0.015056461731493099
Festival Grounds,1125,3677,246,8,0.04525159888982744,3.2684444444444445,0.05424476295479603,0.05263157894736842,1.198736934950386,Festival Grounds,trainer,TWM,149,H,0,Stadium,SV6;SV8a,0.030476190476190476,0.060384615384615384,0.04156735627800553,0.05269761606022585
Eri,1112,1618,223,8,0.04472869152487832,1.4550359712230216,0.04917309812568908,0.05263157894736842,1.0993636623226226,Eri,trainer,TEF,146,H,0,Supporter,SV5K;SV8a,0.04277056277056277,0.09051282051282052,0.009247783392125083,0.07779171894604768
Mega Lucario ex [ASC 113],1076,3206,129,2,0.04328064036040385,2.979553903345725,0.02844542447629548,0.013157894736842105,0.657232061250169,Mega Lucario ex,pokemon,MEG,77,I,1,"Stage 1,MEGA,ex",M1L;M2a,0.03619047619047619,0.038205128205128204,0.053389264944227285,0.011292346298619825
Applin [TWM 17],1060,2527,248,5,0.04263706206508185,2.3839622641509433,0.054685777287761854,0.03289473684210526,1.2825878388217429,Applin,pokemon,TWM,17,H,0,Basic,SV6,0.04935064935064935,0.03935897435897436,0.04242539803603775,0.028858218318695106
Passimian [SSP 111],1057,1060,247,9,0.04251639113470898,1.0028382213812677,0.05446527012127894,0.05921052631578947,1.281041703391784,Passimian,pokemon,SSP,111,H,0,Basic,MC;SV7a,0.05073593073593074,0.01564102564102564,0.05834683954619125,0.037641154328732745
Mega Froslass ex [ASC 265],1055,1736,141,3,0.042435943847793735,1.6454976303317534,0.03109151047409041,0.019736842105263157,0.7326692340249873,Mega Froslass ex,pokemon,ASC,47,I,1,"Stage 1,MEGA,ex",M2a,0.03792207792207792,0.016923076923076923,0.06654590523405472,0.0075282308657465494
Prime Catcher,1052,1052,206,11,0.04231527291742086,1.0,0.045424476295479604,0.07236842105263158,1.0734770961805309,Prime Catcher,trainer,TEF,157,H,0,"Item,ACE SPEC",MA;MBG;MC;SV5M;SV8a;SVN,0.02909090909090909,0.075,0.02288111354752598,0.0740276035131744
Maximum Belt,1050,1050,121,2,0.04223482563050561,1.0,0.026681367144432193,0.013157894736842105,0.6317385415025988,Maximum Belt,trainer,TEF,154,H,0,"Pokémon Tool,ACE SPEC",MA;MC;SV5K;SV8a;SVN,0.03064935064935065,0.01769230769230769,0.06950138240061016,0.0075282308657465494
Rabsca [TEF 24],1041,1100,239,5,0.04187281283938699,1.0566762728146013,0.052701212789415655,0.03289473684210526,1.2586021624953532,Rabsca,pokemon,TEF,24,H,0,Stage 1,SV5M;SV8a,0.03670995670995671,0.041666666666666664,0.043092763847840596,0.06524466750313676
Team Rocket's Mimikyu [ASC 238],1031,1693,133,4,0.04147057640481075,1.6420950533462657,0.029327453142227122,0.02631578947368421,0.7071870151007842,Team Rocket's Mimikyu,pokemon,ASC,97,I,1,Basic,M2a;MC;SV10,0.034112554112554115,0.01423076923076923,0.06835732672323386,0.0075282308657465494
Riolu [ASC 112],1010,3028,118,2,0.040625879892200636,2.998019801980198,0.026019845644983462,0.013157894736842105,0.6404746362177562,Riolu,pokemon,MEG,76,I,1,Basic,M1L;M2a;MP,0.03463203463203463,0.03371794871794872,0.05138716750881876,0.010037641154328732
Growing Grass Energy,995,3003,228,10,0.04002252524033627,3.0180904522613066,0.05027563395810364,0.06578947368421052,1.2561834530979041,Growing Grass Energy,energy,POR,86,J,1,Special,M3;M6,0.03324675324675325,0.06525641025641025,0.02402516922490228,0.05269761606022585
Applin [PRE 9],974,2090,170,4,0.039177828727726155,2.1457905544147846,0.037486218302094816,0.02631578947368421,0.9568222517539828,Applin,pokemon,SCR,12,H,0,Basic,MC;SV7;SV8a,0.045714285714285714,0.030256410256410255,0.044236819525216894,0.012547051442910916
Rellor [TEF 23],968,1153,234,5,0.03893648686698041,1.1911157024793388,0.0515986769570011,0.03289473684210526,1.3252011444504177,Rellor,pokemon,TEF,23,H,0,Basic,SV5M;SV8a,0.03515151515151515,0.03884615384615384,0.03908856897702355,0.06524466750313676
Chikorita [MEG 8],900,1697,144,5,0.03620127911186195,1.8855555555555557,0.03175303197353914,0.03289473684210526,0.8771245865490628,Chikorita,pokemon,MEG,8,I,1,Basic,M1S;MP,0.04623376623376623,0.02141025641025641,0.04337877776718467,0.013801756587202008
Celebi [MEG 12],889,1047,156,6,0.03575881903382808,1.1777277840269966,0.03439911797133407,0.039473684210526314,0.9619757838980161,Celebi,pokemon,MEG,12,I,1,Basic,M1L,0.06199134199134199,0.03076923076923077,0.026599294498998952,0.015056461731493099
Hydrapple ex [PRE 11],886,1782,161,5,0.03563814810345521,2.0112866817155757,0.035501653803748624,0.03289473684210526,0.9961699945993167,Hydrapple ex,pokemon,SCR,14,H,0,"Stage 2,ex",MC;SV7;SV8a,0.060086580086580084,0.029102564102564104,0.02850605396129278,0.01631116687578419
N's Darumaka [ASC 32],869,1066,127,3,0.0349543461646756,1.2266973532796317,0.028004410143329658,0.019736842105263157,0.8011710478404127,N's Darumaka,pokemon,ASC,32,I,1,Basic,M2a;MC;SV9,0.031341991341991345,0.028589743589743588,0.04051863857374392,0.050188205771643665
N's Darmanitan [ASC 33],869,945,127,3,0.0349543461646756,1.087456846950518,0.028004410143329658,0.019736842105263157,0.8011710478404127,N's Darmanitan,pokemon,ASC,33,I,1,Stage 1,M2a;MC;SV9,0.031341991341991345,0.028589743589743588,0.04051863857374392,0.050188205771643665
Academy at Night,869,3429,203,6,0.0349543461646756,3.945914844649022,0.044762954796030874,0.039473684210526314,1.280611989855148,Academy at Night,trainer,SFA,54,H,0,Stadium,SV6a,0.04346320346320346,0.05730769230769231,0.011821908666221756,0.05897114178168131
Thwackey [SVP 115],868,3112,200,4,0.03491412252121797,3.585253456221198,0.044101433296582136,0.02631578947368421,1.2631402456063692,Thwackey,pokemon,TWM,15,H,0,Stage 1,SV6;SV8a,0.022857142857142857,0.038205128205128204,0.03918390695013824,0.033877038895859475
Tatsugiri [SVP 118],867,970,176,4,0.03487389887776035,1.118800461361015,0.038809261300992284,0.02631578947368421,1.1128454961983496,Tatsugiri,pokemon,TWM,131,H,0,Basic,M2a;MA;MBD;MBG;MC;SV6;SV8a;SVN;SVP,0.011601731601731603,0.06628205128205128,0.023357803413099437,0.04767879548306148
Slowking [SCR 58],860,2576,203,6,0.03459233337355698,2.9953488372093022,0.044762954796030874,0.039473684210526314,1.2940137432373529,Slowking,pokemon,SCR,58,H,0,Stage 1,SV7,0.04329004329004329,0.05653846153846154,0.011631232719992373,0.05897114178168131
Kyurem [SFA 47],860,1690,203,6,0.03459233337355698,1.9651162790697674,0.044762954796030874,0.039473684210526314,1.2940137432373529,Kyurem,pokemon,SFA,47,H,0,Basic,SV6a,0.04329004329004329,0.05653846153846154,0.011631232719992373,0.05897114178168131
Energy Recycler,841,1055,83,1,0.03382808414786211,1.2544589774078478,0.018302094818081587,0.006578947368421052,0.5410325556151324,Energy Recycler,trainer,DRI,164,I,1,Item,M2a;M3;MC;S5R;SI;SM1p;SM8b;SMC;SMN;SVOD;SVOM;XYP,0.02354978354978355,0.05794871794871795,0.021451043950805607,0.03513174404015056
Slowpoke [SCR 57],839,3255,201,6,0.03374763686094687,3.8796185935637664,0.04432194046306505,0.039473684210526314,1.3133346386796902,Slowpoke,pokemon,SCR,57,H,0,Basic,SV7,0.043116883116883116,0.05423076923076923,0.011535894746877681,0.05771643663739021
Goldeen [PRE 20],838,1333,196,4,0.03370741321748924,1.590692124105012,0.04321940463065049,0.02631578947368421,1.282192862198809,Goldeen,pokemon,TWM,44,H,0,Basic,SV6;SV8a,0.022337662337662337,0.03794871794871795,0.03680045762227095,0.033877038895859475
Metal Energy,832,9861,98,2,0.033466071356743496,11.852163461538462,0.021609702315325247,0.013157894736842105,0.6457197226698328,Metal Energy,energy,MEE,8,basic,1,,BGS;BWP;CP4;HXY;KLD;M6a;MC;MMBp;MMBs;MP;PPD;S10b;S8a;SI;SM1p;SMA;SMB;SMP;SP;SVI;SVP;WAK;XYB;XYP,0.024935064935064935,0.060384615384615384,0.017256173133759177,0.0451693851944793
Grookey [TWM 14],831,3134,190,4,0.03342584771328587,3.7713598074608905,0.04189636163175303,0.02631578947368421,1.2534120896835284,Grookey,pokemon,TWM,14,H,0,Basic,SV6;SV8a,0.022857142857142857,0.03346153846153846,0.03918390695013824,0.033877038895859475
Neo Upper Energy,804,804,91,1,0.03233980933993001,1.0,0.020066152149944873,0.006578947368421052,0.6204783689051984,Neo Upper Energy,energy,TEF,162,H,0,"Special,ACE SPEC",SV5K,0.04813852813852814,0.023205128205128205,0.03251024883210983,0.005018820577164366
Mega Starmie ex [POR 102],802,1623,74,3,0.03225936205301476,2.0236907730673317,0.01631753031973539,0.019736842105263157,0.5058230938640169,Mega Starmie ex,pokemon,POR,21,J,1,"Stage 1,MEGA,ex",M3,0.030303030303030304,0.014743589743589743,0.04862236628849271,0.002509410288582183
Seaking [PRE 21],801,950,183,4,0.03221913840955714,1.1860174781523096,0.04035281146637266,0.02631578947368421,1.2524484967109746,Seaking,pokemon,PRE,21,H,0,Stage 1,SV8a,0.020432900432900435,0.037564102564102565,0.03460768424063304,0.033877038895859475
Team Rocket's Tarountula [ASC 18],800,3190,109,3,0.03217891476609951,3.9875,0.024035281146637267,0.019736842105263157,0.7469264057331864,Team Rocket's Tarountula,pokemon,ASC,18,I,1,Basic,M2a;SV10,0.02354978354978355,0.011538461538461539,0.05443798264848889,0.0037641154328732747
Team Rocket's Spidops [ASC 19],800,3174,109,3,0.03217891476609951,3.9675,0.024035281146637267,0.019736842105263157,0.7469264057331864,Team Rocket's Spidops,pokemon,ASC,19,I,1,Stage 1,M2a;SV10,0.02354978354978355,0.011538461538461539,0.05443798264848889,0.0037641154328732747
Staryu [POR 20],800,2169,74,3,0.03217891476609951,2.71125,0.01631753031973539,0.019736842105263157,0.507087651598677,Staryu,pokemon,POR,20,J,1,Basic,M3,0.03012987012987013,0.014743589743589743,0.048527028315378015,0.002509410288582183
Team Rocket's Mewtwo ex [ASC 281],800,1579,109,3,0.03217891476609951,1.97375,0.024035281146637267,0.019736842105263157,0.7469264057331864,Team Rocket's Mewtwo ex,pokemon,ASC,79,I,1,"Basic,ex",M2a;MC;MP;SV10,0.023203463203463205,0.011666666666666667,0.05443798264848889,0.005018820577164366
Energy Retrieval,790,994,104,2,0.03177667833152327,1.2582278481012659,0.02293274531422271,0.013157894736842105,0.7216847864011277,Energy Retrieval,trainer,SVI,171,F/G/I,1,Item,20th;BW1b;CP6;HS;HSP;KK;M4;MC;SAl;SB;SGI;SI;SM11a;SM1M;SM3p;SMA;SMD;SV11W;SVAW;SVD;SVI;SVM;WCS23;XYE;XYP,0.043116883116883116,0.015128205128205128,0.03908856897702355,0.01631116687578419
Hariyama [MEG 73],784,1522,87,2,0.031535336470777525,1.941326530612245,0.01918412348401323,0.013157894736842105,0.6083373647143532,Hariyama,pokemon,MEG,73,I,1,Stage 1,M1L,0.023203463203463205,0.028205128205128206,0.04061397654685862,0.005018820577164366
Makuhita [MEG 72],784,1530,87,2,0.031535336470777525,1.9515306122448979,0.01918412348401323,0.013157894736842105,0.6083373647143532,Makuhita,pokemon,MEG,72,I,1,Basic,M1L;MP,0.023203463203463205,0.028205128205128206,0.04061397654685862,0.005018820577164366
Tapu Bulu [SFA 6],772,774,137,4,0.03105265274928603,1.0025906735751295,0.030209481808158765,0.02631578947368421,0.9728470560008227,Tapu Bulu,pokemon,SFA,6,H,0,Basic,MC;SV6a,0.05246753246753247,0.027307692307692307,0.02402516922490228,0.005018820577164366
Froslass [SVP 117],753,1594,86,4,0.030288403523591165,2.1168658698539176,0.01896361631753032,0.02631578947368421,0.6261015475034811,Froslass,pokemon,TWM,53,H,0,Stage 1,SV6;SV8a,0.0212987012987013,0.020256410256410257,0.04395080560587282,0.013801756587202008
Nighttime Mine,744,1802,116,3,0.02992639073247255,2.422043010752688,0.02557883131201764,0.019736842105263157,0.8547248995269765,Nighttime Mine,trainer,ASC,197,I,1,Stadium,M2a,0.050216450216450215,0.03371794871794872,0.016112117456382878,0.027603513174404015
Prism Energy,733,2127,122,5,0.02948393065443868,2.901773533424284,0.026901874310915105,0.03289473684210526,0.9124249621332339,Prism Energy,energy,ASC,216,I,1,Special,BW3p;BWP;M2a;MA;MC;SV11B,0.024415584415584415,0.02205128205128205,0.035847077891124034,0.05520702634880803
Boomerang Energy,691,1373,168,6,0.027794537629218456,1.9869753979739508,0.037045203969129,0.039473684210526314,1.332823177824191,Boomerang Energy,energy,TWM,166,H,0,Special,MC;SV5a,0.033766233766233764,0.05,0.006387644198684336,0.04893350062735257
Surfer,689,777,133,4,0.027714090342303207,1.1277213352685052,0.029327453142227122,0.02631578947368421,1.058214532030346,Surfer,trainer,ASC,200,H,0,Supporter,M2a;MC;SV7a,0.0329004329004329,0.031025641025641027,0.02230908570883783,0.028858218318695106
Colress's Tenacity,688,1120,80,4,0.02767386669884558,1.627906976744186,0.017640573318632856,0.02631578947368421,0.6374451937129818,Colress's Tenacity,trainer,SFA,57,H,0,Supporter,SV6a;SV8a,0.03393939393939394,0.015256410256410256,0.03537038802555058,0.002509410288582183
Spiky Energy,687,2431,165,9,0.027633643055387958,3.5385735080058223,0.03638368246968027,0.05921052631578947,1.3166444394158967,Spiky Energy,energy,JTG,159,I,1,Special,MC;SV9,0.02857142857142857,0.03807692307692308,0.019544284488511775,0.025094102885821833
Dedenne [SSP 87],672,673,138,4,0.027030288403523593,1.0014880952380953,0.030429988974641674,0.02631578947368421,1.1257737438966766,Dedenne,pokemon,SSP,87,H,0,Basic,SV8,0.04658008658008658,0.031153846153846153,0.014110020020974353,0.015056461731493099
Janine's Secret Art,668,770,107,0,0.026869393829693094,1.152694610778443,0.023594266813671445,0.0,0.8781093821177931,Janine's Secret Art,trainer,PRE,112,H,0,Supporter,MC;SV6a;SV8a,0.01627705627705628,0.034487179487179484,0.027648012203260557,0.018820577164366373
Cynthia's Gabite [ASC 110],659,2622,93,1,0.026507381038574473,3.9787556904400607,0.020507166482910694,0.006578947368421052,0.7736398572559071,Cynthia's Gabite,pokemon,ASC,110,I,1,Stage 1,M2a;MC;SV9a,0.017835497835497836,0.01358974358974359,0.042520736009152446,0.005018820577164366
Cynthia's Garchomp ex [ASC 111],659,1975,93,1,0.026507381038574473,2.9969650986342944,0.020507166482910694,0.006578947368421052,0.7736398572559071,Cynthia's Garchomp ex,pokemon,ASC,111,I,1,"Stage 2,ex",M2a;MC;SV9a;SVP,0.017835497835497836,0.01358974358974359,0.042520736009152446,0.005018820577164366
Cynthia's Gible [ASC 109],659,2632,93,1,0.026507381038574473,3.9939301972685888,0.020507166482910694,0.006578947368421052,0.7736398572559071,Cynthia's Gible,pokemon,ASC,109,I,1,Basic,M2a;MC;SV9a,0.017835497835497836,0.01358974358974359,0.042520736009152446,0.005018820577164366
Cynthia's Power Weight,658,2235,93,1,0.02646715739511685,3.396656534954407,0.020507166482910694,0.006578947368421052,0.7748156017198218,Cynthia's Power Weight,trainer,DRI,162,I,1,Pokémon Tool,M2a;MC;SV9a,0.017662337662337664,0.01358974358974359,0.042520736009152446,0.005018820577164366
Cynthia's Roserade [DRI 184],655,2108,93,1,0.026346486464743978,3.218320610687023,0.020507166482910694,0.006578947368421052,0.7783643754681568,Cynthia's Roserade,pokemon,DRI,8,I,1,Stage 1,M2a;MC;SV9a,0.01748917748917749,0.01358974358974359,0.042330060062923065,0.005018820577164366
Cynthia's Roselia [DRI 7],655,2407,93,1,0.026346486464743978,3.6748091603053434,0.020507166482910694,0.006578947368421052,0.7783643754681568,Cynthia's Roselia,pokemon,DRI,7,I,1,Basic,M2a;MC;SV9a,0.01748917748917749,0.01358974358974359,0.042330060062923065,0.005018820577164366
Genesect ex [BLK 161],635,1235,78,2,0.025542013595591488,1.9448818897637796,0.017199558985667034,0.013157894736842105,0.6733830487286112,Genesect ex,pokemon,BLK,67,I,1,"Basic,ex",M2a;MC;SV11B,0.015238095238095238,0.05525641025641025,0.007722375822290018,0.043914680050188205
Cynthia's Spiritomb [ASC 133],635,645,89,1,0.025542013595591488,1.015748031496063,0.01962513781697905,0.006578947368421052,0.7683473248313641,Cynthia's Spiritomb,pokemon,ASC,133,I,1,Basic,M2a;SV9a,0.016623376623376623,0.01282051282051282,0.04156735627800553,0.0037641154328732747
Crustle [DRI 12],633,1855,150,8,0.02546156630867624,2.9304897314375986,0.03307607497243661,0.05263157894736842,1.2990589255762188,Crustle,pokemon,DRI,12,I,1,Stage 1,M2a;MC;SV9a,0.027705627705627706,0.037564102564102565,0.015158737725235962,0.026348808030112924
Noctowl [PRE 78],631,1323,117,4,0.02538111902176099,2.096671949286846,0.02579933847850055,0.02631578947368421,1.0164775814801936,Noctowl,pokemon,SCR,115,H,0,Stage 1,M2a;MA;MC;SV7;SV8a;SVLS;SVN;SVP,0.015584415584415584,0.012435897435897436,0.04137668033177615,0.012547051442910916
Dwebble [DRI 11],631,1947,150,8,0.02538111902176099,3.085578446909667,0.03307607497243661,0.05263157894736842,1.303176386513069,Dwebble,pokemon,DRI,11,I,1,Basic,M2a;MC;SV9a,0.027705627705627706,0.037564102564102565,0.014968061779006578,0.026348808030112924
Chikorita [ASC 8],624,1139,106,4,0.025099553517557622,1.8253205128205128,0.023373759647188533,0.02631578947368421,0.9312420490204393,Chikorita,pokemon,ASC,8,J,1,Basic,MC,0.03186147186147186,0.021923076923076924,0.02412050719801697,0.020075282308657464
Chi-Yu [TWM 39],623,624,103,4,0.025059329874099995,1.0016051364365972,0.022712238147739802,0.02631578947368421,0.9063386076901432,Chi-Yu,pokemon,TWM,39,H,0,Basic,SV5a,0.024935064935064935,0.03397435897435897,0.01754218705310325,0.037641154328732745
Team Rocket's Murkrow [ASC 126],623,2452,105,3,0.025059329874099995,3.9357945425361156,0.023153252480705624,0.019736842105263157,0.9239374156064567,Team Rocket's Murkrow,pokemon,ASC,126,I,1,Basic,M2a;MC;SV10,0.03064935064935065,0.019615384615384614,0.02774335017637525,0.002509410288582183
Prism Tower,619,1163,101,2,0.024898435300269497,1.878836833602585,0.02227122381477398,0.013157894736842105,0.8944828679468433,Prism Tower,trainer,CRI,80,J,1,Stadium,M4,0.016796536796536796,0.06525641025641025,0.0,0.01631116687578419
Team Rocket's Honchkrow [ASC 127],611,1912,102,3,0.024576646152608503,3.1292962356792144,0.02249173098125689,0.019736842105263157,0.9151668149345786,Team Rocket's Honchkrow,pokemon,ASC,127,I,1,Stage 1,M2a,0.03012987012987013,0.019230769230769232,0.027266660310801792,0.0012547051442910915
Team Rocket's Porygon [DRI 153],609,1229,102,3,0.024496198865693253,2.0180623973727423,0.02249173098125689,0.019736842105263157,0.9181722888752505,Team Rocket's Porygon,pokemon,DRI,153,I,1,Basic,SV10,0.029956709956709956,0.019230769230769232,0.0271713223376871,0.0012547051442910915
Team Rocket's Porygon2 [DRI 154],607,741,102,3,0.024415751578778004,1.2207578253706755,0.02249173098125689,0.019736842105263157,0.9211975682455149,Team Rocket's Porygon2,pokemon,DRI,154,I,1,Stage 1,SV10,0.029956709956709956,0.019230769230769232,0.026980646391457717,0.0012547051442910915
Roto-Stick,604,2096,98,3,0.024295080648405132,3.4701986754966887,0.021609702315325247,0.019736842105263157,0.8894682272538096,Roto-Stick,trainer,PRE,127,H,0,Item,SVP,0.029956709956709956,0.018974358974358976,0.026885308418343027,0.0012547051442910915
Miracle Headset,603,603,99,3,0.02425485700494751,1.0,0.02183020948180816,0.019736842105263157,0.9000345570932548,Miracle Headset,trainer,SSP,183,H,0,"Item,ACE SPEC",SV8,0.030303030303030304,0.019230769230769232,0.026408618552769568,0.0012547051442910915
Energy Search,602,725,75,2,0.024214633361489882,1.2043189368770764,0.016538037486218304,0.013157894736842105,0.682976993263909,Energy Search,trainer,POR,72,F/G/J,1,Item,BGS;BKc;BKt;BKv;KLD;MC;SAf;SAg;SAl;SAr;SAw;SD;SI;SN;SO;SVAL;SVAM;SVAW;SVD;SVM;SVP;WCS23,0.021991341991341992,0.015128205128205128,0.03289160072456859,0.015056461731493099
Cornerstone Mask Ogerpon ex [PRE 160],598,642,92,4,0.024053738787659387,1.0735785953177257,0.020286659316427785,0.02631578947368421,0.843389025527945,Cornerstone Mask Ogerpon ex,pokemon,TWM,112,H,0,"Basic,Tera,ex",MC;SV6;SV8a,0.024935064935064935,0.010897435897435897,0.034321670321288966,0.011292346298619825
Patrat [CRI 70],583,584,96,2,0.02345038413579502,1.0017152658662092,0.021168687982359425,0.013157894736842105,0.9027011182323117,Patrat,pokemon,CRI,70,J,1,Basic,M4;MP,0.00935064935064935,0.057692307692307696,0.0,0.09912170639899624
Hoothoot [SCR 114],531,1081,106,4,0.021358754675998553,2.0357815442561207,0.023373759647188533,0.02631578947368421,1.0943409389618721,Hoothoot,pokemon,SCR,114,H,0,Basic,M2a;MA;MC;SV7;SVLS;SVN,0.012640692640692642,0.010512820512820513,0.034893698159977116,0.012547051442910916
Gwynn,527,1512,82,3,0.021197860102168054,2.869070208728653,0.018081587651598677,0.019736842105263157,0.8529911776212423,Gwynn,trainer,PBL,78,J,1,Supporter,M5,0.0,0.06448717948717948,0.0,0.030112923462986198
Abra [TWM 80],522,635,85,6,0.020996741884879933,1.2164750957854407,0.018743109151047408,0.039473684210526314,0.8926675030731601,Abra,pokemon,TWM,80,H,0,Basic,SV6;SV8a,0.014025974025974027,0.021538461538461538,0.025455238821622653,0.0075282308657465494
Lillie's Pearl,508,851,93,4,0.02043361087647319,1.6751968503937007,0.020507166482910694,0.02631578947368421,1.003599736085911,Lillie's Pearl,trainer,JTG,151,I,1,Pokémon Tool,MC;SV9,0.026493506493506493,0.01769230769230769,0.017160835160644483,0.04642409033877039
Metang [SVP 90],504,1996,71,2,0.020272716302642692,3.9603174603174605,0.01565600882028666,0.013157894736842105,0.7722699112721164,Metang,pokemon,TEF,114,H,0,Stage 1,MC;SV5M;SV8a,0.009870129870129871,0.05217948717948718,0.0004766898655734579,0.043914680050188205
Scoop Up Cyclone,499,499,64,0,0.02007159808535457,1.0,0.014112458654906285,0.0,0.7031058810012528,Scoop Up Cyclone,trainer,TWM,162,H,0,"Item,ACE SPEC",BW9;MC;SV6;SV8a,0.01575757575757576,0.005,0.034893698159977116,0.0037641154328732747
Iron Crown ex [PRE 158],495,503,116,3,0.019910703511524075,1.0161616161616163,0.02557883131201764,0.019736842105263157,1.2846774247435768,Iron Crown ex,pokemon,TEF,81,H,0,"Basic,ex,Future",MC;SV5M;SV8a,0.0024242424242424242,0.04833333333333333,0.007150347983601869,0.03638644918444166
Pokémon Center Lady,490,506,111,7,0.019709585294235953,1.0326530612244897,0.02447629547960309,0.046052631578947366,1.2418473100375762,Pokémon Center Lady,trainer,MEG,123,I,1,Supporter,20th;SAf;SAg;SD;SMK;SML;SP;SVP;XY2,0.019740259740259742,0.03461538461538462,0.008294403660978167,0.02383939774153074
Precious Trolley,473,473,49,0,0.01902578335545634,1.0,0.010804851157662623,0.0,0.5679057180352018,Precious Trolley,trainer,SSP,185,H,0,"Item,ACE SPEC",MC;SVLN,0.02181818181818182,0.02487179487179487,0.013347316236056821,0.01631116687578419
Annihilape [SSP 100],462,462,88,3,0.01858332327742247,1.0,0.019404630650496142,0.019736842105263157,1.044195936367932,Annihilape,pokemon,SSP,100,H,0,Stage 2,SV8,0.020432900432900435,0.027435897435897437,0.010296501096386692,0.027603513174404015
Greninja ex [TWM 106],442,801,43,0,0.017778850408269983,1.8122171945701357,0.00948180815876516,0.0,0.5333195308485534,Greninja ex,pokemon,TWM,106,H,0,"Stage 2,Tera,ex",SV5a,0.04173160173160173,0.011282051282051283,0.010487177042616074,0.0037641154328732747
Mega Skarmory ex [POR 106],437,440,59,2,0.017577732190981857,1.0068649885583525,0.013009922822491731,0.013157894736842105,0.7401365933408854,Mega Skarmory ex,pokemon,POR,55,J,1,"Basic,MEGA,ex",M3,0.006060606060606061,0.03974358974358974,0.00600629230622557,0.03638644918444166
Lumiose City,436,517,100,5,0.017537508547524235,1.1857798165137614,0.022050716648291068,0.03289473684210526,1.2573460242962482,Lumiose City,trainer,POR,77,J,1,Stadium,M3,0.009523809523809525,0.040769230769230766,0.00362284297835828,0.03136762860727729
Drilbur [PBL 46],427,1413,63,2,0.017175495756405614,3.309133489461358,0.013891951488423374,0.013157894736842105,0.8088239015308982,Drilbur,pokemon,PBL,46,J,1,Basic,M5,0.0,0.050256410256410255,0.0,0.043914680050188205
Mega Excadrill ex [PBL 103],426,845,63,2,0.01713527211294799,1.983568075117371,0.013891951488423374,0.013157894736842105,0.810722549187074,Mega Excadrill ex,pokemon,PBL,65,J,1,"Stage 1,MEGA,ex",M5,0.0,0.050256410256410255,0.0,0.04265997490589712
Carmine,408,984,34,1,0.01641124653071075,2.411764705882353,0.007497243660418963,0.006578947368421052,0.45683572216097024,Carmine,trainer,TWM,145,H,0,Supporter,MC;SV6;SV8a;SVN;SVP,0.01367965367965368,0.008333333333333333,0.024978548956049194,0.002509410288582183
Tera Orb,398,742,57,1,0.016009010096134507,1.864321608040201,0.01256890848952591,0.006578947368421052,0.7851146581861901,Tera Orb,trainer,SSP,189,H,0,Item,M2a;SV8a;SVLN;SVLS;SVN,0.010562770562770564,0.007948717948717949,0.025455238821622653,0.010037641154328732
Smoochum [SSP 75],394,424,88,3,0.015848115522304012,1.0761421319796953,0.019404630650496142,0.019736842105263157,1.2244124939136662,Smoochum,pokemon,SSP,75,H,0,Basic,SV7a,0.03567099567099567,0.011025641025641025,0.008199065687863476,0.020075282308657464
Surfing Beach,378,696,23,0,0.01520453722698202,1.8412698412698412,0.005071664829106946,0.0,0.3335625907842005,Surfing Beach,trainer,MEG,129,I,1,Stadium,M1S;M4,0.03515151515151515,0.011794871794871795,0.00781771379540471,0.0012547051442910915
Salvatore,377,525,33,3,0.015164313583524396,1.3925729442970822,0.007276736493936053,0.019736842105263157,0.47985927314521015,Salvatore,trainer,TEF,160,H,0,Supporter,MC;SV5M,0.012467532467532468,0.014358974358974359,0.018018876918676707,0.005018820577164366
Larry's Skill,368,625,55,1,0.014802300792405776,1.6983695652173914,0.012127894156560088,0.006578947368421052,0.8193249364843488,Larry's Skill,trainer,PRE,115,H,0,Supporter,MC;SV8a,0.008311688311688312,0.004487179487179487,0.027075984364572408,0.0012547051442910915
Mew ex [30C 152],365,535,75,4,0.014681629862032903,1.4657534246575343,0.016538037486218304,0.02631578947368421,1.1264442464243103,Mew ex,pokemon,30C,66,J,1,"Basic,ex",M6a,0.0,0.046794871794871795,0.0,0.0
Koraidon ex [ASC 121],363,364,100,3,0.014601182575117654,1.002754820936639,0.022050716648291068,0.019736842105263157,1.5102007344164305,Koraidon ex,pokemon,ASC,121,J,1,"Basic,Tera,ex",MC,0.017662337662337664,0.013461538461538462,0.013824006101630279,0.013801756587202008
Froakie [CRI 20],350,1238,26,0,0.014078275210168537,3.537142857142857,0.005733186328555678,0.0,0.40723641518349346,Froakie,pokemon,CRI,20,J,1,Basic,M4,0.04346320346320346,0.012307692307692308,0.0,0.0037641154328732747
Beldum [TEF 113],348,1267,58,1,0.013997827923253289,3.6408045977011496,0.01278941565600882,0.006578947368421052,0.9136714443219405,Beldum,pokemon,TEF,113,H,0,Basic,MC;SV5M;SV8a,0.007792207792207792,0.03397435897435897,0.0004766898655734579,0.04140526976160602
Frogadier [CRI 21],347,747,25,0,0.013957604279795664,2.152737752161383,0.005512679162072767,0.0,0.39495883760314426,Frogadier,pokemon,CRI,21,J,1,Stage 1,M4,0.04329004329004329,0.012051282051282051,0.0,0.0037641154328732747
Morty's Conviction,345,531,55,2,0.013877156992880415,1.5391304347826087,0.012127894156560088,0.013157894736842105,0.8739465989166387,Morty's Conviction,trainer,TEF,155,H,0,Supporter,MC;SV5K;SV8a;SVM,0.009177489177489178,0.004487179487179487,0.023739155305558205,0.010037641154328732
Tarragon,343,542,35,1,0.013796709705965166,1.5801749271137027,0.007717750826901874,0.006578947368421052,0.5593906801971065,Tarragon,trainer,POR,85,J,1,Supporter,M3,0.009870129870129871,0.006923076923076923,0.022118409762608447,0.0
Team Rocket's Kangaskhan ex [ASC 162],337,337,53,1,0.01355536784521942,1.0,0.011686879823594266,0.006578947368421052,0.8621588109625432,Team Rocket's Kangaskhan ex,pokemon,ASC,162,I,1,"Basic,ex",SVP,0.021471861471861472,0.01,0.012870626370483364,0.0
Dolliv [DRI 22],329,648,58,3,0.013233578697558425,1.9696048632218845,0.01278941565600882,0.019736842105263157,0.9664366645107455,Dolliv,pokemon,DRI,22,I,1,Stage 1,MC;SV10,0.008831168831168832,0.004743589743589744,0.022404423681952522,0.0075282308657465494
Arboliva ex [DRI 207],329,645,58,3,0.013233578697558425,1.9604863221884499,0.01278941565600882,0.019736842105263157,0.9664366645107455,Arboliva ex,pokemon,DRI,23,I,1,"Stage 2,ex",MC;SV10,0.008831168831168832,0.004743589743589744,0.022404423681952522,0.0075282308657465494
Smoliv [DRI 21],329,652,58,3,0.013233578697558425,1.9817629179331306,0.01278941565600882,0.019736842105263157,0.9664366645107455,Smoliv,pokemon,DRI,21,I,1,Basic,MC;SV10,0.008831168831168832,0.004743589743589744,0.022404423681952522,0.0075282308657465494
Gladion's Final Battle,315,695,71,2,0.012670447689151683,2.2063492063492065,0.01565600882028666,0.013157894736842105,1.2356318580353862,Gladion's Final Battle,trainer,PBL,77,J,1,Supporter,M5,0.0,0.036923076923076927,0.0,0.033877038895859475
Zeraora [DRI 78],313,314,73,3,0.012590000402236434,1.0031948881789137,0.016097023153252482,0.019736842105263157,1.2785562064313418,Zeraora,pokemon,DRI,78,I,1,Basic,M2a;SV9a,0.0029437229437229437,0.03205128205128205,0.0017160835160644485,0.03513174404015056
Powerglass,308,483,40,1,0.012388882184948312,1.5681818181818181,0.008820286659316428,0.006578947368421052,0.7119517747963173,Powerglass,trainer,SFA,63,H,0,Pokémon Tool,MC;SV6a,0.016623376623376623,0.010769230769230769,0.01144055677376299,0.010037641154328732
Enamorus [TWM 180],298,299,64,3,0.011986645750372069,1.0033557046979866,0.014112458654906285,0.019736842105263157,1.1773484383208896,Enamorus,pokemon,TWM,93,H,0,Basic,MC;SV5a,0.0008658008658008658,0.035512820512820516,0.001334731623605682,0.002509410288582183
Regigigas [PRE 86],296,299,36,1,0.01190619846345682,1.010135135135135,0.007938257993384785,0.006578947368421052,0.6667332161268215,Regigigas,pokemon,PRE,86,H,0,Basic,SV8a,0.0187012987012987,0.0041025641025641026,0.014777385832777195,0.0012547051442910915
Bianca's Devotion,286,291,68,2,0.011503962028880576,1.0174825174825175,0.014994487320837926,0.013157894736842105,1.3034194030886423,Bianca's Devotion,trainer,TEF,142,H,0,Supporter,MC;SV5M;SV8a,0.017835497835497836,0.020256410256410257,0.0019067594622938315,0.006273525721455458
Elgyem [BLK 120],283,308,51,2,0.011383291098507702,1.088339222614841,0.011245865490628445,0.013157894736842105,0.9879274274293773,Elgyem,pokemon,BLK,40,I,1,Basic,SV11B,0.021991341991341992,0.015897435897435898,0.0014300695967203738,0.02132998745294856
Marnie's Impidimp [DRI 134],282,936,30,1,0.01134306745505008,3.3191489361702127,0.006615214994487321,0.006578947368421052,0.5831945389288982,Marnie's Impidimp,pokemon,DRI,134,I,1,Basic,SVOM,0.005714285714285714,0.013076923076923076,0.013347316236056821,0.00878293601003764
Spikemuth Gym,282,1004,30,1,0.01134306745505008,3.5602836879432624,0.006615214994487321,0.006578947368421052,0.5831945389288982,Spikemuth Gym,trainer,DRI,169,I,1,Stadium,SVOM,0.005714285714285714,0.013076923076923076,0.013347316236056821,0.00878293601003764
Marnie's Grimmsnarl ex [ASC 287],282,693,30,1,0.01134306745505008,2.4574468085106385,0.006615214994487321,0.006578947368421052,0.5831945389288982,Marnie's Grimmsnarl ex,pokemon,DRI,136,I,1,"Stage 2,ex",M2a;SVOM,0.005714285714285714,0.013076923076923076,0.013347316236056821,0.00878293601003764
Marnie's Morgrem [DRI 135],282,608,30,1,0.01134306745505008,2.1560283687943262,0.006615214994487321,0.006578947368421052,0.5831945389288982,Marnie's Morgrem,pokemon,DRI,135,I,1,Stage 1,SVOM,0.005714285714285714,0.013076923076923076,0.013347316236056821,0.00878293601003764
Sparkling Crystal,280,280,43,0,0.01126262016813483,1.0,0.00948180815876516,0.0,0.8418829736966451,Sparkling Crystal,trainer,SCR,142,H,0,"Pokémon Tool,ACE SPEC",MC;SV7;SV8a,0.01800865800865801,0.005384615384615384,0.012489274478024597,0.0037641154328732747
Mega Greninja ex [CRI 100],269,575,17,0,0.010820160090100962,2.137546468401487,0.0037486218302094816,0.0,0.34644790825590305,Mega Greninja ex,pokemon,CRI,22,J,1,"Stage 2,MEGA,ex",M4,0.034112554112554115,0.008974358974358974,0.0,0.002509410288582183
Banette [PBL 34],266,943,40,0,0.010699489159728088,3.545112781954887,0.008820286659316428,0.0,0.8243652129220516,Banette,pokemon,PBL,34,J,1,Stage 1,M5,0.0,0.03307692307692308,0.0,0.010037641154328732
Shuppet [PBL 33],265,1001,40,0,0.010659265516270463,3.7773584905660376,0.008820286659316428,0.0,0.8274760250462858,Shuppet,pokemon,PBL,33,J,1,Basic,M5,0.0,0.03294871794871795,0.0,0.010037641154328732
Bayleef [ASC 9],263,361,45,2,0.010578818229355216,1.3726235741444868,0.009922822491730982,0.013157894736842105,0.937989695691726,Bayleef,pokemon,ASC,9,J,1,Stage 1,MC,0.012987012987012988,0.009615384615384616,0.010296501096386692,0.006273525721455458
Dhelmise [MEP 84],261,980,39,0,0.010498370942439966,3.7547892720306515,0.008599779492833517,0.0,0.8191537087024294,Dhelmise,pokemon,PBL,39,J,1,Basic,M5,0.0,0.032435897435897434,0.0,0.010037641154328732
Mega Signal,257,357,20,1,0.01033747636860947,1.3891050583657587,0.004410143329658214,0.006578947368421052,0.42661701680401887,Mega Signal,trainer,MEG,121,I,1,Item,M1S;M2a;MA;MBD;MBG;MP,0.006406926406926407,0.011410256410256411,0.012298598531795215,0.002509410288582183
Flutter Mane [PRE 43],257,257,39,1,0.01033747636860947,1.0,0.008599779492833517,0.006578947368421052,0.8319031827678368,Flutter Mane,pokemon,TEF,78,H,0,"Basic,Ancient",MC;SV5K;SV8a;SVP,0.0027705627705627706,0.016666666666666666,0.007341023929831251,0.04265997490589712
Max Rod,255,255,14,0,0.01025702908169422,1.0,0.0030871003307607497,0.0,0.3009741228354627,Max Rod,trainer,PRE,116,H,0,"Item,ACE SPEC",SV8a,0.01852813852813853,0.008846153846153846,0.007341023929831251,0.002509410288582183
Poltchageist [PBL 5],254,867,37,0,0.010216805438236595,3.4133858267716537,0.008158765159867696,0.0,0.7985632308640582,Poltchageist,pokemon,PBL,5,J,1,Basic,M5,0.0,0.031538461538461536,0.0,0.010037641154328732
Annihilape [PBL 41],251,251,70,2,0.010096134507863723,1.0,0.015435501653803748,0.013157894736842105,1.5288526159968723,Annihilape,pokemon,PBL,41,J,1,Stage 2,M5,0.0,0.029615384615384616,0.0,0.025094102885821833
Sinistcha [PBL 6],251,759,37,0,0.010096134507863723,3.0239043824701195,0.008158765159867696,0.0,0.8081078113126325,Sinistcha,pokemon,PBL,6,J,1,Stage 1,M5,0.0,0.03141025641025641,0.0,0.0075282308657465494
Riolu [PRE 50],244,668,40,0,0.009814569003660352,2.737704918032787,0.008820286659316428,0.0,0.8986932239232202,Riolu,pokemon,PRE,50,H,0,Basic,SVM,0.011428571428571429,0.009102564102564102,0.009819811230813233,0.005018820577164366
Redeemable Ticket,242,248,17,0,0.009734121716745103,1.024793388429752,0.0037486218302094816,0.0,0.38510118727618975,Redeemable Ticket,trainer,JTG,156,I,1,Item,SV9,0.018354978354978357,0.009102564102564102,0.00600629230622557,0.002509410288582183
Explorer's Guidance,238,615,34,0,0.009573227142914606,2.5840336134453783,0.007497243660418963,0.0,0.7831469522759489,Explorer's Guidance,trainer,TEF,147,H,0,"Supporter,Ancient",MC;SV5K;SV8a,0.006233766233766234,0.01769230769230769,0.005720278386881495,0.005018820577164366
Maractus [JTG 160],238,249,33,1,0.009573227142914606,1.046218487394958,0.007276736493936053,0.006578947368421052,0.7601132183854798,Maractus,pokemon,JTG,8,I,1,Basic,SV9,0.004675324675324675,0.004615384615384616,0.016588807321956334,0.0012547051442910915
Transformation Tome,237,890,38,2,0.009533003499456981,3.7552742616033754,0.008379272326350606,0.013157894736842105,0.8789750603603478,Transformation Tome,trainer,CRI,83,J,1,Item,M4,0.007965367965367965,0.01987179487179487,0.0,0.0451693851944793
Ruffian,237,239,47,2,0.009533003499456981,1.0084388185654007,0.010363836824696803,0.013157894736842105,1.0871533641299038,Ruffian,trainer,JTG,157,I,1,Supporter,SV9,0.0048484848484848485,0.021025641025641025,0.003813518924587663,0.006273525721455458
N's Plan,235,314,50,2,0.009452556212541732,1.3361702127659574,0.011025358324145534,0.013157894736842105,1.1663890778577963,N's Plan,trainer,BLK,83,I,1,Supporter,MC;SV11B,0.005714285714285714,0.008205128205128205,0.010868528935074841,0.030112923462986198
Hassel,231,406,26,1,0.009291661638711235,1.7575757575757576,0.005733186328555678,0.006578947368421052,0.6170248714901416,Hassel,trainer,TWM,151,H,0,Supporter,MC;SV6,0.01593073593073593,0.007692307692307693,0.007341023929831251,0.002509410288582183
Grand Tree,230,230,29,0,0.00925143799525361,1.0,0.00639470782800441,0.0,0.6912123100522506,Grand Tree,trainer,SCR,136,H,0,"Stadium,ACE SPEC",SV7,0.012640692640692642,0.0056410256410256415,0.010677852988845457,0.0012547051442910915
Relicanth [TEF 173],226,228,26,0,0.009090543421423113,1.008849557522124,0.005733186328555678,0.0,0.6306758642222243,Relicanth,pokemon,TEF,84,H,0,Basic,MP;SV5K;SV8a,0.008311688311688312,0.002692307692307692,0.014872723805891887,0.0012547051442910915
Bronzong [TEF 69],226,407,42,3,0.009090543421423113,1.8008849557522124,0.00926130099228225,0.019736842105263157,1.0187840883589778,Bronzong,pokemon,TEF,69,H,0,Stage 1,SV5K,0.004675324675324675,0.017435897435897435,0.004957574601963962,0.013801756587202008
Applin [TWM 126],226,346,53,2,0.009090543421423113,1.5309734513274336,0.011686879823594266,0.013157894736842105,1.2856084924529958,Applin,pokemon,TWM,126,H,0,Basic,SV5a,0.0038095238095238095,0.017948717948717947,0.004290208790161121,0.02383939774153074
Rillaboom [TWM 16],223,223,43,0,0.008969872491050239,1.0,0.00948180815876516,0.0,1.057072792085474,Rillaboom,pokemon,TWM,16,H,0,Stage 2,SV6,0.007272727272727273,0.0015384615384615385,0.016112117456382878,0.0
Pecharunt [SVP 129],223,272,52,2,0.008969872491050239,1.2197309417040358,0.011466372657111356,0.013157894736842105,1.2783205857777822,Pecharunt,pokemon,SVP,129,H,0,Basic,MC;SV8,0.005714285714285714,0.01282051282051282,0.003813518924587663,0.06273525721455459
Beldum [CRI 59],220,736,22,2,0.008849201560677367,3.3454545454545452,0.0048511576626240355,0.013157894736842105,0.5482028665931643,Beldum,pokemon,CRI,59,J,1,Basic,M4,0.00329004329004329,0.025512820512820514,0.0,0.002509410288582183
Bloodmoon Ursaluna [PRE 54],215,261,26,0,0.008648083343389245,1.213953488372093,0.005733186328555678,0.0,0.6629430014615009,Bloodmoon Ursaluna,pokemon,PRE,54,H,0,Basic,MC;SV6a;SV8a,0.005541125541125541,0.002564102564102564,0.015444751644580037,0.0012547051442910915
Team Rocket's Sneasel [DRI 128],208,209,17,0,0.008366517839185874,1.0048076923076923,0.0037486218302094816,0.0,0.4480504198117208,Team Rocket's Sneasel,pokemon,DRI,128,I,1,Basic,M2a;MC;SV10,0.005541125541125541,0.0057692307692307696,0.012298598531795215,0.002509410288582183
Buneary [MEG 107],208,292,26,0,0.008366517839185874,1.4038461538461537,0.005733186328555678,0.0,0.6852535832414552,Buneary,pokemon,MEG,107,I,1,Basic,M1S;MC,0.0029437229437229437,0.0071794871794871795,0.012775288397368672,0.0012547051442910915
Punk Helmet,208,333,42,2,0.008366517839185874,1.6009615384615385,0.00926130099228225,0.013157894736842105,1.1069480960054279,Punk Helmet,trainer,PFL,92,I,1,Pokémon Tool,M2;MBG,0.009177489177489178,0.008846153846153846,0.007531699876060635,0.00878293601003764
Empoleon ex [PFL 114],205,243,23,1,0.008245846908813,1.1853658536585365,0.005071664829106946,0.006578947368421052,0.6150568747142819,Empoleon ex,pokemon,PFL,70,I,1,"Stage 2,ex",M2,0.0058874458874458874,0.013846153846153847,0.00600629230622557,0.0
Piplup [PFL 27],205,317,23,1,0.008245846908813,1.5463414634146342,0.005071664829106946,0.006578947368421052,0.6150568747142819,Piplup,pokemon,PFL,27,I,1,Basic,M2,0.0058874458874458874,0.013846153846153847,0.00600629230622557,0.0
Acerola's Mischief,204,214,27,2,0.008205623265355375,1.0490196078431373,0.005953693495038589,0.013157894736842105,0.7255626175497762,Acerola's Mischief,trainer,MEG,113,I,1,Supporter,M1S;M2a;MC,0.004155844155844156,0.0016666666666666668,0.015444751644580037,0.006273525721455458
Toxtricity [MEP 17],204,511,28,0,0.008205623265355375,2.5049019607843137,0.006174200661521499,0.0,0.7524353070886569,Toxtricity,pokemon,PFL,68,I,1,Stage 1,M2,0.002077922077922078,0.019358974358974358,0.0035275050052435883,0.005018820577164366
Toxel [MEP 78],204,524,28,0,0.008205623265355375,2.5686274509803924,0.006174200661521499,0.0,0.7524353070886569,Toxel,pokemon,PFL,67,I,1,Basic,M2;MP,0.002077922077922078,0.019358974358974358,0.0035275050052435883,0.005018820577164366
Spectrier [ASC 98],200,200,37,0,0.008044728691524878,1.0,0.008158765159867696,0.0,1.014175303197354,Spectrier,pokemon,ASC,98,I,1,Basic,M2a,0.019567099567099566,0.004358974358974359,0.004862236628849271,0.002509410288582183
Paldean Tauros [SSP 18],199,200,48,3,0.008004505048067254,1.0050251256281406,0.010584343991179712,0.019736842105263157,1.3222983716820043,Paldean Tauros,pokemon,SSP,18,H,0,Basic,MC;SV8,0.0017316017316017316,0.011666666666666667,0.007722375822290018,0.02132998745294856
Okidogi [PRE 57],185,515,25,0,0.0074413740396605125,2.7837837837837838,0.005512679162072767,0.0,0.740814684585357,Okidogi,pokemon,TWM,111,H,0,Basic,MC;SV6;SV8a,0.004502164502164502,0.0021794871794871794,0.013537992182286204,0.0
Beedrill ex [CRI 3],180,720,17,0,0.007240255822372391,4.0,0.0037486218302094816,0.0,0.5177471517824329,Beedrill ex,pokemon,CRI,3,J,1,"Stage 2,ex",M4,0.024761904761904763,0.004743589743589744,0.0,0.0
Kakuna [CRI 2],180,719,17,0,0.007240255822372391,3.9944444444444445,0.0037486218302094816,0.0,0.5177471517824329,Kakuna,pokemon,CRI,2,J,1,Stage 1,M4,0.024761904761904763,0.004743589743589744,0.0,0.0
Weedle [CRI 1],180,720,17,0,0.007240255822372391,4.0,0.0037486218302094816,0.0,0.5177471517824329,Weedle,pokemon,CRI,1,J,1,Basic,M4,0.024761904761904763,0.004743589743589744,0.0,0.0
Lucian,176,257,28,1,0.007079361248541893,1.4602272727272727,0.006174200661521499,0.006578947368421052,0.8721409241254886,Lucian,trainer,TWM,157,H,0,Supporter,MC;SV5a;SVM,0.003116883116883117,0.0021794871794871794,0.013347316236056821,0.0012547051442910915
Pokémon Catcher,174,418,31,1,0.0069989139616266445,2.4022988505747125,0.006835722160970232,0.006578947368421052,0.9766832680682812,Pokémon Catcher,trainer,POR,82,F/G/J,1,Item,20th;BGS;BKB;BKR;BKW;BKZ;BKc;BKt;BKv;BTV;BW1w;HXY;KK;M6;MC;MDB;MF;MGg;MGm;MMBp;MMBs;MP1;S3a;SAf;SAg;SAl;SAr;SAw;SB;SC2;SCd;SCr;SD;SH;SI;SM3p;SM5S;SM6;SM7;SM7a;SM8;SMA;SMC;SMD;SME;SMH;SMK;SML;SMP;SN;SV5a;SV9a;SVAM;SVAW;SVC;SVD;SVI;SVM;SVP;WAK;WCS23;X30;XYB;XYC;XYE;XYF;XYG;XYH;XYP;Y30,0.005021645021645022,0.008846153846153846,0.006673658118028411,0.0075282308657465494
Alakazam [TWM 82],173,173,36,1,0.00695869031816902,1.0,0.007938257993384785,0.006578947368421052,1.1407689709453128,Alakazam,pokemon,TWM,82,H,0,Stage 2,SV6;SV8a,0.003116883116883117,0.011282051282051283,0.006387644198684336,0.0
Postwick,171,665,20,1,0.006878243031253771,3.888888888888889,0.004410143329658214,0.006578947368421052,0.6411729433838178,Postwick,trainer,JTG,154,I,1,Stadium,M2a;SV9,0.011428571428571429,0.005897435897435898,0.005529602440652112,0.0012547051442910915
Hop's Cramorant [ASC 177],170,203,20,1,0.006838019387796147,1.1941176470588235,0.004410143329658214,0.006578947368421052,0.6449445489331345,Hop's Cramorant,pokemon,ASC,177,I,1,Basic,M2a;MC;SV9,0.011255411255411256,0.005384615384615384,0.00600629230622557,0.0
Ethan's Adventure,170,678,13,0,0.006838019387796147,3.988235294117647,0.002866593164277839,0.0,0.4192139568065374,Ethan's Adventure,trainer,DRI,165,I,1,Supporter,M2a;SV9a,0.010735930735930736,0.006282051282051282,0.0054342644675374205,0.002509410288582183
Mega Mawile ex [MEG 162],169,169,14,0,0.006797795744338522,1.0,0.0030871003307607497,0.0,0.45413255220735504,Mega Mawile ex,pokemon,MEG,94,I,1,"Basic,MEGA,ex",M1L,0.009177489177489178,0.0019230769230769232,0.00962913528458385,0.0
Hop's Snorlax [JTG 117],169,322,20,1,0.006797795744338522,1.9053254437869822,0.004410143329658214,0.006578947368421052,0.6487607888676501,Hop's Snorlax,pokemon,JTG,117,I,1,Basic,M2a;MC;SV9,0.011428571428571429,0.0057692307692307696,0.005529602440652112,0.0
Mega Absol ex [MEG 161],169,241,21,0,0.006797795744338522,1.4260355029585798,0.004630650496141125,0.0,0.6811988283110326,Mega Absol ex,pokemon,MEG,86,I,1,"Basic,MEGA,ex",M1L,0.006060606060606061,0.006153846153846154,0.007627037849175326,0.0075282308657465494
Hop's Choice Band,169,673,20,1,0.006797795744338522,3.9822485207100593,0.004410143329658214,0.006578947368421052,0.6487607888676501,Hop's Choice Band,trainer,JTG,148,I,1,Pokémon Tool,M2a;MC;SV9,0.011428571428571429,0.0057692307692307696,0.005529602440652112,0.0
Ethan's Cyndaquil [DRI 32],168,667,13,0,0.006757572100880898,3.9702380952380953,0.002866593164277839,0.0,0.42420459914947234,Ethan's Cyndaquil,pokemon,DRI,32,I,1,Basic,SV9a,0.010735930735930736,0.006153846153846154,0.005338926494422728,0.002509410288582183
Hop's Bag,168,361,20,1,0.006757572100880898,2.1488095238095237,0.004410143329658214,0.006578947368421052,0.6526224602299574,Hop's Bag,trainer,JTG,147,I,1,Item,M2a;MC;SV9,0.011428571428571429,0.0057692307692307696,0.0054342644675374205,0.0
Ethan's Quilava [DRI 33],168,659,13,0,0.006757572100880898,3.9226190476190474,0.002866593164277839,0.0,0.42420459914947234,Ethan's Quilava,pokemon,DRI,33,I,1,Stage 1,SV9a,0.010735930735930736,0.006153846153846154,0.005338926494422728,0.002509410288582183
Team Rocket's Wobbuffet [DRI 82],168,169,24,1,0.006757572100880898,1.005952380952381,0.005292171995589856,0.006578947368421052,0.7831469522759489,Team Rocket's Wobbuffet,pokemon,DRI,82,I,1,Basic,SV10,0.0048484848484848485,0.0021794871794871794,0.011726570693107065,0.0
Binacle [MEP 87],168,342,21,0,0.006757572100880898,2.0357142857142856,0.004630650496141125,0.0,0.6852535832414554,Binacle,pokemon,POR,42,J,1,Basic,M3;MP,0.003982683982683983,0.0020512820512820513,0.012298598531795215,0.0
Ethan's Typhlosion [DRI 190],168,522,13,0,0.006757572100880898,3.107142857142857,0.002866593164277839,0.0,0.42420459914947234,Ethan's Typhlosion,pokemon,DRI,34,I,1,Stage 2,SV9a,0.010735930735930736,0.006153846153846154,0.005338926494422728,0.002509410288582183
Barbaracle [MEP 65],167,338,21,0,0.0067173484574232735,2.0239520958083834,0.004630650496141125,0.0,0.6893568981111646,Barbaracle,pokemon,POR,43,J,1,Stage 1,M3,0.003982683982683983,0.0020512820512820513,0.012203260558680522,0.0
Bronzor [TEF 170],166,306,32,3,0.006677124813965649,1.8433734939759037,0.0070562293274531425,0.019736842105263157,1.0567766103000757,Bronzor,pokemon,TEF,68,H,0,Basic,SV5K,0.0027705627705627706,0.01564102564102564,0.002002097435408523,0.00878293601003764
Victini [SSP 21],163,271,13,0,0.006556453883592776,1.6625766871165644,0.002866593164277839,0.0,0.43721701016632736,Victini,pokemon,SSP,21,H,0,Basic,SV8,0.010562770562770564,0.006025641025641026,0.005052912575078654,0.002509410288582183
Counter Gain,161,175,19,2,0.006476006596677527,1.0869565217391304,0.004189636163175303,0.013157894736842105,0.6469474823149144,Counter Gain,trainer,ASC,186,H,0,Pokémon Tool,M2a;MA;MC;MP;SM12a;SM7a;SMN;SV7a;SVN,0.006233766233766234,0.002307692307692308,0.009915149203927925,0.0037641154328732747
Frillish [WHT 126],160,249,17,1,0.0064357829532199025,1.55625,0.0037486218302094816,0.006578947368421052,0.582465545755237,Frillish,pokemon,WHT,44,I,1,Basic,SV11W,0.006233766233766234,0.007307692307692308,0.0061969682524549525,0.002509410288582183
Hop's Phantump [ASC 95],159,624,20,1,0.006395559309762279,3.9245283018867925,0.004410143329658214,0.006578947368421052,0.6895633542052381,Hop's Phantump,pokemon,ASC,95,I,1,Basic,M2a,0.011255411255411256,0.005384615384615384,0.004957574601963962,0.0
Hop's Trevenant [ASC 237],159,477,20,1,0.006395559309762279,3.0,0.004410143329658214,0.006578947368421052,0.6895633542052381,Hop's Trevenant,pokemon,ASC,96,I,1,Stage 1,M2a,0.011255411255411256,0.005384615384615384,0.004957574601963962,0.0
Blaziken [DRI 192],156,157,21,1,0.0062748883793894055,1.0064102564102564,0.004630650496141125,0.006578947368421052,0.7379653973369519,Blaziken,pokemon,DRI,42,I,1,Stage 2,SV10,0.004502164502164502,0.0028205128205128207,0.010105825150157307,0.002509410288582183
Bulbasaur [MEG 1],151,321,6,0,0.006073770162101283,2.1258278145695364,0.001323042998897464,0.0,0.21782895361317786,Bulbasaur,pokemon,MEG,1,I,1,Basic,M1L,0.0036363636363636364,0.006025641025641026,0.007627037849175326,0.0037641154328732747
Mega Venusaur ex [MEG 155],149,303,6,0,0.0059933228751860345,2.033557046979866,0.001323042998897464,0.0,0.2207528321851668,Mega Venusaur ex,pokemon,MEG,3,I,1,"Stage 2,MEGA,ex",M1L,0.003463203463203463,0.005897435897435898,0.007627037849175326,0.0037641154328732747
Ivysaur [MEG 134],149,305,6,0,0.0059933228751860345,2.046979865771812,0.001323042998897464,0.0,0.2207528321851668,Ivysaur,pokemon,MEG,2,I,1,Stage 1,M1L,0.003463203463203463,0.005897435897435898,0.007627037849175326,0.0037641154328732747
Brilliant Blender,147,147,10,0,0.005912875588270786,1.0,0.002205071664829107,0.0,0.3729271201314043,Brilliant Blender,trainer,SSP,164,H,0,"Item,ACE SPEC",SVLS,0.004155844155844156,0.011025641025641025,0.0033368290590142053,0.002509410288582183
Terapagos ex [ASC 179],147,162,23,0,0.005912875588270786,1.1020408163265305,0.005071664829106946,0.0,0.8577323763022299,Terapagos ex,pokemon,ASC,179,H,0,"Basic,Tera,ex",M2a;MC;SV7;SV8a,0.003116883116883117,0.0028205128205128207,0.009915149203927925,0.0037641154328732747
AZ's Tranquility,145,155,20,0,0.005832428301355537,1.0689655172413792,0.004410143329658214,0.0,0.7561418849560887,AZ's Tranquility,trainer,CRI,76,J,1,Supporter,M4,0.009004329004329004,0.01,0.0,0.018820577164366373
Spiritomb [PBL 35],145,151,19,0,0.005832428301355537,1.0413793103448277,0.004189636163175303,0.0,0.7183347907082842,Spiritomb,pokemon,PBL,35,J,1,Basic,M5,0.0,0.017948717948717947,0.0,0.006273525721455458
Mega Sharpedo ex [PFL 113],143,461,23,0,0.005751981014440288,3.2237762237762237,0.005071664829106946,0.0,0.8817248903246698,Mega Sharpedo ex,pokemon,PFL,61,I,1,"Stage 1,MEGA,ex",M2,0.001038961038961039,0.015256410256410256,0.0016207455429497568,0.0012547051442910915
Carvanha [PFL 60],143,514,23,0,0.005751981014440288,3.5944055944055946,0.005071664829106946,0.0,0.8817248903246698,Carvanha,pokemon,PFL,60,I,1,Basic,M2,0.001038961038961039,0.015256410256410256,0.0016207455429497568,0.0012547051442910915
Harlequin,138,177,32,0,0.005550862797152166,1.2826086956521738,0.0070562293274531425,0.0,1.2711950529696565,Harlequin,trainer,WHT,83,I,1,Supporter,SV11W,0.0024242424242424242,0.0017948717948717949,0.010487177042616074,0.0
Pikipek [PBL 66],135,289,10,0,0.0054301918667792924,2.140740740740741,0.002205071664829107,0.0,0.40607619747641804,Pikipek,pokemon,PBL,66,J,1,Basic,M5,0.0,0.01653846153846154,0.0,0.0075282308657465494
Toucannon [PBL 68],135,277,10,0,0.0054301918667792924,2.051851851851852,0.002205071664829107,0.0,0.40607619747641804,Toucannon,pokemon,PBL,68,J,1,Stage 2,M5,0.0,0.01653846153846154,0.0,0.0075282308657465494
Super Potion,131,151,30,3,0.0052692972929487955,1.1526717557251909,0.006615214994487321,0.019736842105263157,1.2554264120454144,Super Potion,trainer,JTG,158,I,1,Item,CP6;MC;SV9;XY1y,0.007619047619047619,0.0015384615384615385,0.006578320144913719,0.0075282308657465494
Mystery Garden,131,360,7,0,0.0052692972929487955,2.7480916030534353,0.0015435501653803748,0.0,0.29293282947726335,Mystery Garden,trainer,MEG,122,I,1,Stadium,M1S;M2a;MBD,0.0070995670995670996,0.002435897435897436,0.006768996091143102,0.0
Frogadier [TWM 57],130,221,19,0,0.005229073649491171,1.7,0.004189636163175303,0.0,0.8012195742515478,Frogadier,pokemon,TWM,57,H,0,Stage 1,SV5a,0.0027705627705627706,0.0014102564102564104,0.009819811230813233,0.0
Dusk Ball,127,397,29,2,0.005108402719118298,3.125984251968504,0.00639470782800441,0.013157894736842105,1.2518018213544697,Dusk Ball,trainer,SSP,175,H,0,Item,SV7a,0.008484848484848486,0.006153846153846154,0.0015254075698350653,0.01756587202007528
Stunfisk [ASC 62],120,125,12,0,0.004826837214914927,1.0416666666666667,0.002646085997794928,0.0,0.5482028665931643,Stunfisk,pokemon,ASC,62,I,1,Basic,M2a,0.003463203463203463,0.008205128205128205,0.002669463247211364,0.010037641154328732
Froakie [TWM 56],119,323,17,0,0.004786613571457303,2.7142857142857144,0.0037486218302094816,0.0,0.7831469522759489,Froakie,pokemon,TWM,56,H,0,Basic,SV5a,0.001038961038961039,0.001153846153846154,0.009915149203927925,0.0
Mega Diancie ex [ASC 267],116,268,7,0,0.00466594264108443,2.310344827586207,0.0015435501653803748,0.0,0.33081207466828877,Mega Diancie ex,pokemon,PFL,41,I,1,"Basic,MEGA,ex",M2a;MBD,0.006406926406926407,0.0020512820512820513,0.005910954333110878,0.0012547051442910915
Mega Meganium ex [ASC 10],115,132,6,0,0.004625718997626805,1.1478260869565218,0.001323042998897464,0.0,0.2860188869181726,Mega Meganium ex,pokemon,ASC,10,J,1,"Stage 2,MEGA,ex",MC,0.0019047619047619048,0.0035897435897435897,0.006959672037372485,0.0037641154328732747
Steven's Metagross ex [ASC 289],115,318,7,0,0.004625718997626805,2.765217391304348,0.0015435501653803748,0.0,0.33368870140453477,Steven's Metagross ex,pokemon,DRI,145,I,1,"Stage 2,ex",M2a;SVOD,0.005021645021645022,0.002435897435897436,0.006387644198684336,0.0
Steven's Beldum [DRI 143],115,339,7,0,0.004625718997626805,2.9478260869565216,0.0015435501653803748,0.0,0.33368870140453477,Steven's Beldum,pokemon,DRI,143,I,1,Basic,SVOD,0.005021645021645022,0.002435897435897436,0.006387644198684336,0.0
Steven's Metang [DRI 144],115,219,7,0,0.004625718997626805,1.9043478260869566,0.0015435501653803748,0.0,0.33368870140453477,Steven's Metang,pokemon,DRI,144,I,1,Stage 1,SVOD,0.005021645021645022,0.002435897435897436,0.006387644198684336,0.0
Ceruledge ex [PRE 147],112,339,6,0,0.004505048067253932,3.0267857142857144,0.001323042998897464,0.0,0.29368010710348086,Ceruledge ex,pokemon,SSP,36,H,0,"Stage 1,Tera,ex",M2a;SV8a;SVLS,0.005714285714285714,0.0038461538461538464,0.004671560682619888,0.0
N's Purrloin [JTG 96],111,111,41,1,0.004464824423796307,1.0,0.009040793825799339,0.006578947368421052,2.0248934711999764,N's Purrloin,pokemon,JTG,96,I,1,Basic,MC;SV9,0.0,0.013974358974358975,0.00019067594622938316,0.0
Drapion [POR 52],110,111,29,0,0.004424600780338683,1.009090909090909,0.00639470782800441,0.0,1.445262102836524,Drapion,pokemon,POR,52,J,1,Stage 1,M3,0.0015584415584415584,0.011666666666666667,9.533797311469158e-05,0.011292346298619825
Bubbly Water Energy,108,181,12,0,0.004344153493423434,1.6759259259259258,0.002646085997794928,0.0,0.609114296214627,Bubbly Water Energy,energy,CRI,84,J,1,Special,M4;M6,0.006233766233766234,0.008974358974358974,0.0,0.002509410288582183
Eevee [PRE 74],107,156,5,0,0.00430392984996581,1.4579439252336448,0.0011025358324145535,0.0,0.2561695638285814,Eevee,pokemon,SSP,143,H,0,Basic,MC;SV8a;SVLN,0.0025974025974025974,0.0020512820512820513,0.007150347983601869,0.0012547051442910915
Strange Timepiece,107,265,27,3,0.00430392984996581,2.4766355140186915,0.005953693495038589,0.019736842105263157,1.3833156446743398,Strange Timepiece,trainer,MEG,128,I,1,Item,M1S;MC,0.00017316017316017316,0.012692307692307692,0.0002860139193440747,0.005018820577164366
Raging Bolt [SCR 111],107,113,12,0,0.00430392984996581,1.0560747663551402,0.002646085997794928,0.0,0.6148069531885954,Raging Bolt,pokemon,SCR,111,H,0,"Basic,Ancient",SV7,0.0029437229437229437,0.0014102564102564104,0.0074363619029459435,0.0012547051442910915
Drilbur [TEF 85],104,136,6,0,0.004183258919592937,1.3076923076923077,0.001323042998897464,0.0,0.31627088457297936,Drilbur,pokemon,TEF,85,H,0,Basic,SV5M;SV8a,0.005194805194805195,0.0034615384615384616,0.004480884736390504,0.0
Hoothoot [TEF 126],99,194,11,0,0.0039821407023048145,1.9595959595959596,0.0024255788313120178,0.0,0.6091142962146271,Hoothoot,pokemon,TEF,126,H,0,Basic,SV5K,0.00329004329004329,0.0014102564102564104,0.006578320144913719,0.0
Bouffalant [SCR 119],97,218,17,0,0.003901693415389566,2.247422680412371,0.0037486218302094816,0.0,0.9607679105241023,Bouffalant,pokemon,SCR,119,H,0,Basic,M2a;SV7;SV8a,0.0036363636363636364,0.004615384615384616,0.0030508151396701306,0.010037641154328732
Flareon ex [PRE 14],96,183,5,0,0.0038614697719319417,1.90625,0.0011025358324145535,0.0,0.28552232635060637,Flareon ex,pokemon,PRE,14,H,0,"Stage 1,Tera,ex",MC;SV8a,0.002251082251082251,0.0015384615384615385,0.006768996091143102,0.0
Lilligant [JTG 7],96,101,12,0,0.0038614697719319417,1.0520833333333333,0.002646085997794928,0.0,0.6852535832414552,Lilligant,pokemon,JTG,7,H,0,Stage 1,SVM,0.0025974025974025974,0.0005128205128205128,0.007341023929831251,0.0
Unown [30C 72],92,93,23,0,0.003700575198101444,1.0108695652173914,0.005071664829106946,0.0,1.370507166482911,Unown,pokemon,30C,72,J,1,Basic,M6a,0.0,0.011794871794871795,0.0,0.0
Dialga [MEG 95],92,95,6,0,0.003700575198101444,1.0326086956521738,0.001323042998897464,0.0,0.3575236086477158,Dialga,pokemon,MEG,95,I,1,Basic,M1L;MC,0.004502164502164502,0.001153846153846154,0.0054342644675374205,0.0
Eevee ex [PRE 167],91,146,3,0,0.0036603515546438196,1.6043956043956045,0.000661521499448732,0.0,0.1807262197559882,Eevee ex,pokemon,PRE,75,H,0,"Basic,Tera,ex",MC;SV8a,0.0024242424242424242,0.001153846153846154,0.006482982171799027,0.0
Charcadet [SSP 32],91,298,6,0,0.0036603515546438196,3.2747252747252746,0.001323042998897464,0.0,0.3614524395119764,Charcadet,pokemon,SSP,32,H,0,Basic,M2a;SVLS,0.004675324675324675,0.002948717948717949,0.003908856897702355,0.0
Haxorus [BLK 147],91,91,20,1,0.0036603515546438196,1.0,0.004410143329658214,0.006578947368421052,1.2048414650399215,Haxorus,pokemon,BLK,70,I,1,Stage 2,SV11B,0.0025974025974025974,0.0007692307692307692,0.006673658118028411,0.0
Hop's Dubwool [JTG 136],90,93,12,1,0.0036201279111861954,1.0333333333333334,0.002646085997794928,0.006578947368421052,0.7309371554575523,Hop's Dubwool,pokemon,JTG,136,I,1,Stage 1,M2a;SV9,0.007792207792207792,0.0035897435897435897,0.0016207455429497568,0.0
Hop's Wooloo [JTG 135],90,94,12,1,0.0036201279111861954,1.0444444444444445,0.002646085997794928,0.006578947368421052,0.7309371554575523,Hop's Wooloo,pokemon,JTG,135,I,1,Basic,M2a;SV9,0.007792207792207792,0.0035897435897435897,0.0016207455429497568,0.0
Glalie [TWM 52],90,92,15,0,0.0036201279111861954,1.0222222222222221,0.0033076074972436605,0.0,0.9136714443219405,Glalie,pokemon,TWM,52,H,0,Stage 1,MC;SV6;SVM,0.004329004329004329,0.0015384615384615385,0.004862236628849271,0.002509410288582183
Pikachu ex [ASC 277],90,112,12,0,0.0036201279111861954,1.2444444444444445,0.002646085997794928,0.0,0.7309371554575523,Pikachu ex,pokemon,ASC,57,H,0,"Basic,Tera,ex",M2a;SV8;SV8a,0.003982683982683983,0.0021794871794871794,0.004766898655734579,0.0
Conkeldurr [TWM 105],89,94,19,1,0.0035799042677285707,1.0561797752808988,0.004189636163175303,0.006578947368421052,1.1703207264348452,Conkeldurr,pokemon,TWM,105,H,0,Stage 2,SV6,0.00017316017316017316,0.0001282051282051282,0.008294403660978167,0.0
Leafeon ex [PRE 144],89,95,5,0,0.0035799042677285707,1.0674157303370786,0.0011025358324145535,0.0,0.3079791385354856,Leafeon ex,pokemon,PRE,6,H,0,"Stage 1,Tera,ex",MC;SV8a,0.002077922077922078,0.001282051282051282,0.006387644198684336,0.0
Trumbeak [PBL 67],89,122,5,0,0.0035799042677285707,1.3707865168539326,0.0011025358324145535,0.0,0.3079791385354856,Trumbeak,pokemon,PBL,67,J,1,Stage 1,M5,0.0,0.010769230769230769,0.0,0.006273525721455458
Dark Bell,87,126,11,0,0.0034994569808133222,1.4482758620689655,0.0024255788313120178,0.0,0.693130061209748,Dark Bell,trainer,PBL,75,J,1,Item,M5,0.0,0.008076923076923077,0.0,0.030112923462986198
Archaludon ex [SSP 130],86,266,9,0,0.0034592333373556976,3.0930232558139537,0.001984564498346196,0.0,0.5737006743416836,Archaludon ex,pokemon,SSP,130,H,0,"Stage 1,ex",M2a;MC;SV7a,0.0048484848484848485,0.0014102564102564104,0.004480884736390504,0.0
Hand Trimmer,85,89,17,1,0.0034190096938980733,1.0470588235294118,0.0037486218302094816,0.006578947368421052,1.0964057331863284,Hand Trimmer,trainer,TEF,150,H,0,Item,MC;SV5M,0.0024242424242424242,0.007948717948717949,0.00038135189245876633,0.006273525721455458
Duraludon [PRE 69],85,319,9,0,0.0034190096938980733,3.7529411764705882,0.001984564498346196,0.0,0.580450094039821,Duraludon,pokemon,SCR,106,H,0,Basic,M2a;MC;SV7;SV8a;SVM;SVP,0.0048484848484848485,0.0014102564102564104,0.004385546763275813,0.0
Team Rocket's Porygon-Z [DRI 155],84,90,6,0,0.003378786050440449,1.0714285714285714,0.001323042998897464,0.0,0.39157347613797444,Team Rocket's Porygon-Z,pokemon,DRI,155,I,1,Stage 2,SV10,0.0019047619047619048,0.0015384615384615385,0.0058156163599961865,0.0
Hop's Zacian ex [JTG 111],84,116,12,0,0.003378786050440449,1.380952380952381,0.002646085997794928,0.0,0.7831469522759489,Hop's Zacian ex,pokemon,JTG,111,I,1,"Basic,ex",M2a;MC;SV9,0.0027705627705627706,0.0020512820512820513,0.004957574601963962,0.0
Philippe,83,93,9,0,0.0033385624069828244,1.1204819277108433,0.001984564498346196,0.0,0.5944368432937926,Philippe,trainer,CRI,79,J,1,Supporter,M4,0.00813852813852814,0.004487179487179487,0.0,0.0012547051442910915
Rellor [DRI 24],80,88,6,0,0.0032178914766099512,1.1,0.001323042998897464,0.0,0.4111521499448732,Rellor,pokemon,DRI,24,H,0,Basic,SV8,0.002077922077922078,0.0033333333333333335,0.004004194870817046,0.0
Cofagrigus [SSP 83],80,80,27,0,0.0032178914766099512,1.0,0.005953693495038589,0.0,1.8501846747519295,Cofagrigus,pokemon,SSP,83,H,0,Stage 1,MC;SV8,0.0029437229437229437,0.006282051282051282,0.0009533797311469158,0.005018820577164366
Petilil [BLK 6],80,85,11,0,0.0032178914766099512,1.0625,0.0024255788313120178,0.0,0.753778941565601,Petilil,pokemon,BLK,6,I,1,Basic,SV11B,0.0019047619047619048,0.000641025641025641,0.006101630279340261,0.0
Community Center,78,82,25,2,0.0031374441896947027,1.0512820512820513,0.005512679162072767,0.013157894736842105,1.7570604698498853,Community Center,trainer,TWM,146,H,0,Stadium,SV5a,0.0024242424242424242,0.0038461538461538464,0.002669463247211364,0.0075282308657465494
Togekiss [ASC 235],75,77,4,0,0.0030167732593218296,1.0266666666666666,0.0008820286659316428,0.0,0.29237486218302094,Togekiss,pokemon,ASC,82,H,0,Stage 2,M2a;MC;SV8,0.0019047619047619048,0.002307692307692308,0.004290208790161121,0.0012547051442910915
Togepi [ASC 80],74,79,4,0,0.002976549615864205,1.0675675675675675,0.0008820286659316428,0.0,0.2963258738341429,Togepi,pokemon,ASC,80,H,0,Basic,M2a;MC;SV8,0.0019047619047619048,0.002307692307692308,0.0041948708170464295,0.0012547051442910915
Bronzor [PRE 66],72,120,9,0,0.0028961023289489564,1.6666666666666667,0.001984564498346196,0.0,0.6852535832414552,Bronzor,pokemon,PRE,66,H,0,Basic,SVM,0.002251082251082251,0.0021794871794871794,0.0035275050052435883,0.006273525721455458
Applin [DRI 16],72,84,9,1,0.0028961023289489564,1.1666666666666667,0.001984564498346196,0.006578947368421052,0.6852535832414552,Applin,pokemon,DRI,16,I,1,Basic,SV9a,0.005194805194805195,0.0020512820512820513,0.0023834493278672895,0.0012547051442910915
Blowtorch,70,76,2,0,0.0028156550420337075,1.0857142857142856,0.0004410143329658214,0.0,0.1566293904551898,Blowtorch,trainer,PFL,86,I,1,Item,M2,0.003116883116883117,0.0017948717948717949,0.0035275050052435883,0.0012547051442910915
Joltik [SCR 150],69,137,8,0,0.002775431398576083,1.9855072463768115,0.0017640573318632856,0.0,0.6355975264848283,Joltik,pokemon,SCR,50,H,0,Basic,MC;SV7,0.003982683982683983,0.0021794871794871794,0.002764801220326056,0.0
Sylveon ex [PRE 156],68,73,3,0,0.0027352077551184586,1.0735294117647058,0.000661521499448732,0.0,0.2418542058499254,Sylveon ex,pokemon,SSP,86,H,0,"Stage 1,Tera,ex",MC;SV8a;SVLN,0.002077922077922078,0.0007692307692307692,0.004766898655734579,0.0
Zoroark [WHT 143],67,68,20,0,0.0026949841116608343,1.0149253731343284,0.004410143329658214,0.0,1.6364264674422815,Zoroark,pokemon,WHT,62,I,1,Stage 1,MC;SV11W,0.003463203463203463,0.0028205128205128207,0.002002097435408523,0.005018820577164366
Bouffalant [SSP 151],66,66,14,0,0.0026547604682032096,1.0,0.0030871003307607497,0.0,1.1628545655006515,Bouffalant,pokemon,SSP,151,H,0,Basic,SV8,0.003116883116883117,0.0028205128205128207,0.0017160835160644485,0.010037641154328732
Grookey [MEP 52],64,178,18,0,0.002574313181287961,2.78125,0.003969128996692392,0.0,1.5418205622932744,Grookey,pokemon,MEP,52,J,1,,,0.0,0.008205128205128205,0.0,0.0
Lively Stadium,64,92,4,0,0.002574313181287961,1.4375,0.0008820286659316428,0.0,0.3426267916207277,Lively Stadium,trainer,SSP,180,H,0,Stadium,SV8;SVP,0.002077922077922078,0.002307692307692308,0.0032414910858995136,0.0
Jellicent ex [WHT 160],64,93,9,0,0.002574313181287961,1.453125,0.001984564498346196,0.0,0.7709102811466372,Jellicent ex,pokemon,WHT,45,I,1,"Stage 1,ex",SV11W,0.00329004329004329,0.002307692307692308,0.002574125274096673,0.0
Chandelure [TWM 38],63,223,8,0,0.0025340895378303365,3.5396825396825395,0.0017640573318632856,0.0,0.696130624245288,Chandelure,pokemon,TWM,38,H,0,Stage 2,SV6,0.00017316017316017316,0.006282051282051282,0.0010487177042616074,0.002509410288582183
Full Metal Lab,61,101,2,0,0.002453642250915088,1.6557377049180328,0.0004410143329658214,0.0,0.17973864478464402,Full Metal Lab,trainer,TEF,148,H,0,Stadium,SV5M,0.0019047619047619048,0.002692307692307692,0.002764801220326056,0.0
Yanmega ex [DRI 206],59,163,2,0,0.002373194963999839,2.76271186440678,0.0004410143329658214,0.0,0.18583148020107265,Yanmega ex,pokemon,DRI,3,I,1,"Stage 1,ex",M2a;MC;SV9a,0.0008658008658008658,0.001282051282051282,0.0041948708170464295,0.0
Yanma [DRI 183],59,184,2,0,0.002373194963999839,3.1186440677966103,0.0004410143329658214,0.0,0.18583148020107265,Yanma,pokemon,DRI,2,I,1,Basic,M2a;MC;SV9a,0.0008658008658008658,0.001282051282051282,0.0041948708170464295,0.0
Pawmot [PFL 34],59,61,22,0,0.002373194963999839,1.0338983050847457,0.0048511576626240355,0.0,2.0441462822117993,Pawmot,pokemon,PFL,34,I,1,Stage 2,M2,0.0003463203463203463,0.00641025641025641,0.00019067594622938316,0.006273525721455458
Galvantula [SFA 2],58,59,8,0,0.002332971320542215,1.0172413793103448,0.0017640573318632856,0.0,0.7561418849560887,Galvantula,pokemon,SFA,2,H,0,Stage 1,MC;SV6a,0.003463203463203463,0.0019230769230769232,0.0021927733816379065,0.0
Naveen,58,101,3,0,0.002332971320542215,1.7413793103448276,0.000661521499448732,0.0,0.2835532068585332,Naveen,trainer,POR,79,J,1,Supporter,M3,0.0019047619047619048,0.0021794871794871794,0.0028601391934407476,0.0
Heatran [TWM 123],57,61,8,0,0.00229274767708459,1.0701754385964912,0.0017640573318632856,0.0,0.7694075320605815,Heatran,pokemon,TWM,123,H,0,Basic,SV6,0.007792207792207792,0.001153846153846154,0.00019067594622938316,0.0012547051442910915
Brute Bonnet [TWM 118],56,65,5,0,0.002252524033626966,1.1607142857142858,0.0011025358324145535,0.0,0.48946684517246813,Brute Bonnet,pokemon,TWM,118,H,0,"Basic,Ancient",MC;SV6,0.001038961038961039,0.0035897435897435897,0.00181142148917914,0.0037641154328732747
Clefairy [POR 30],56,104,6,0,0.002252524033626966,1.8571428571428572,0.001323042998897464,0.0,0.5873602142069617,Clefairy,pokemon,POR,30,J,1,Basic,M3,0.0008658008658008658,0.0038461538461538464,0.0019067594622938315,0.0012547051442910915
Milotic ex [SSP 217],56,71,13,1,0.002252524033626966,1.2678571428571428,0.002866593164277839,0.006578947368421052,1.272613797448417,Milotic ex,pokemon,SSP,42,H,0,"Stage 1,ex",MC;SV8,0.0027705627705627706,0.0002564102564102564,0.0035275050052435883,0.0012547051442910915
Rust Syndicate Grunt,56,74,10,0,0.002252524033626966,1.3214285714285714,0.002205071664829107,0.0,0.9789336903449363,Rust Syndicate Grunt,trainer,PBL,81,J,1,Supporter,M5,0.0,0.006025641025641026,0.0,0.011292346298619825
Lisia's Appeal,55,71,12,1,0.0022123003901693417,1.290909090909091,0.002646085997794928,0.006578947368421052,1.1960789816578128,Lisia's Appeal,trainer,SSP,179,H,0,Supporter,MC;SV7a,0.005021645021645022,0.002564102564102564,0.00019067594622938316,0.005018820577164366
Dipplin [SCR 13],55,60,9,0,0.0022123003901693417,1.0909090909090908,0.001984564498346196,0.0,0.8970592362433597,Dipplin,pokemon,SCR,13,H,0,Stage 1,MC;SV7,0.004329004329004329,0.001282051282051282,0.0019067594622938315,0.0
Feebas [SSP 198],54,97,13,1,0.002172076746711717,1.7962962962962963,0.002866593164277839,0.006578947368421052,1.3197476417983585,Feebas,pokemon,SSP,41,H,0,Basic,MC;SV8,0.0027705627705627706,0.0002564102564102564,0.0033368290590142053,0.0012547051442910915
Chi-Yu [PBL 59],53,56,6,0,0.0021318531032540927,1.0566037735849056,0.001323042998897464,0.0,0.6206070187847142,Chi-Yu,pokemon,PBL,59,J,1,Basic,M5,0.0,0.00641025641025641,0.0,0.0037641154328732747
Hoothoot [PRE 77],52,66,5,0,0.0020916294597964685,1.2692307692307692,0.0011025358324145535,0.0,0.5271181409549657,Hoothoot,pokemon,PRE,77,H,0,Basic,SV8a,0.0012121212121212121,0.0010256410256410256,0.0035275050052435883,0.0
Litwick [PBL 36],52,201,8,0,0.0020916294597964685,3.8653846153846154,0.0017640573318632856,0.0,0.843389025527945,Litwick,pokemon,PBL,36,J,1,Basic,M5,0.0,0.00641025641025641,0.0,0.002509410288582183
Lampent [PBL 37],51,201,8,0,0.002051405816338844,3.9411764705882355,0.0017640573318632856,0.0,0.8599260652441794,Lampent,pokemon,PBL,37,J,1,Stage 1,M5,0.0,0.006282051282051282,0.0,0.002509410288582183
Kofu,51,95,3,0,0.002051405816338844,1.8627450980392157,0.000661521499448732,0.0,0.32247227446656723,Kofu,trainer,SCR,138,H,0,Supporter,MC;SV7,0.0012121212121212121,0.0008974358974358974,0.0035275050052435883,0.0
Team Rocket's Venture Bomb,50,153,6,0,0.0020111821728812196,3.06,0.001323042998897464,0.0,0.6578434399117971,Team Rocket's Venture Bomb,trainer,DRI,179,I,1,Item,MC;SV10,0.0013852813852813853,0.0001282051282051282,0.0035275050052435883,0.005018820577164366
Totodile [TEF 39],50,75,2,0,0.0020111821728812196,1.5,0.0004410143329658214,0.0,0.21928114663726572,Totodile,pokemon,TEF,39,H,0,Basic,MC;SV5K;SV8a,0.0038095238095238095,0.0015384615384615385,0.0015254075698350653,0.0
Eelektrik [ASC 60],49,145,1,0,0.0019709585294235953,2.9591836734693877,0.0002205071664829107,0.0,0.11187813603942127,Eelektrik,pokemon,ASC,60,I,1,Stage 1,BW2;M2a;MC;MDB;SV11B,0.0017316017316017316,0.002564102564102564,0.00181142148917914,0.0
Mega Chandelure ex [PBL 115],49,160,8,0,0.0019709585294235953,3.2653061224489797,0.0017640573318632856,0.0,0.8950250883153702,Mega Chandelure ex,pokemon,PBL,38,J,1,"Stage 2,MEGA,ex",M5,0.0,0.006025641025641026,0.0,0.002509410288582183
Tynamo [ASC 59],49,150,1,0,0.0019709585294235953,3.061224489795918,0.0002205071664829107,0.0,0.11187813603942127,Tynamo,pokemon,ASC,59,I,1,Basic,M2a;MC;MP;SV11B,0.0017316017316017316,0.002564102564102564,0.00181142148917914,0.0
Koraidon [SSP 116],48,50,9,0,0.0019307348859659709,1.0416666666666667,0.001984564498346196,0.0,1.027880374862183,Koraidon,pokemon,SSP,116,H,0,"Basic,Ancient",SV8,0.0017316017316017316,0.0010256410256410256,0.002764801220326056,0.0012547051442910915
Comfey [SCR 63],47,71,7,0,0.0018905112425083464,1.5106382978723405,0.0015435501653803748,0.0,0.8164723545004574,Comfey,pokemon,SCR,63,H,0,Basic,SV7,0.0003463203463203463,0.005,0.0002860139193440747,0.0037641154328732747
Sacred Charm,46,52,13,1,0.001850287599050722,1.1304347826086956,0.002866593164277839,0.006578947368421052,1.5492689708067686,Sacred Charm,trainer,PFL,93,I,1,Pokémon Tool,M2,0.0025974025974025974,0.0015384615384615385,0.0016207455429497568,0.002509410288582183
Tapu Koko ex [JTG 51],44,44,6,0,0.0017698403121354732,1.0,0.001323042998897464,0.0,0.747549363536133,Tapu Koko ex,pokemon,JTG,51,H,0,"Basic,ex",SVM,0.005194805194805195,0.0,0.001334731623605682,0.0
Mega Zygarde ex [MEP 71],44,67,0,0,0.0017698403121354732,1.5227272727272727,0.0,0.0,0.0,Mega Zygarde ex,pokemon,POR,47,J,1,"Basic,MEGA,ex",M3,0.0015584415584415584,0.001153846153846154,0.002478787300981981,0.0
Jacinthe,43,73,2,0,0.0017296166686778488,1.697674418604651,0.0004410143329658214,0.0,0.2549780774851927,Jacinthe,trainer,POR,75,J,1,Supporter,M3,0.0025974025974025974,0.001153846153846154,0.00181142148917914,0.0
Cinderace [MEG 28],42,136,1,0,0.0016893930252202245,3.238095238095238,0.0002205071664829107,0.0,0.13052449204599148,Cinderace,pokemon,MEG,28,I,1,Stage 2,M1L,0.0013852813852813853,0.0019230769230769232,0.0017160835160644485,0.0012547051442910915
Canari,42,106,1,0,0.0016893930252202245,2.5238095238095237,0.0002205071664829107,0.0,0.13052449204599148,Canari,trainer,ASC,185,I,1,Supporter,M2a,0.001038961038961039,0.0028205128205128207,0.001334731623605682,0.0
Genesect [PFL 8],41,41,3,0,0.0016491693817626,1.0,0.000661521499448732,0.0,0.40112404872670554,Genesect,pokemon,PFL,8,I,1,Basic,M2,0.0008658008658008658,0.0016666666666666668,0.002002097435408523,0.002509410288582183
Vivillon [POR 9],41,82,1,0,0.0016491693817626,2.0,0.0002205071664829107,0.0,0.1337080162422352,Vivillon,pokemon,POR,9,J,1,Stage 2,M3,0.0013852813852813853,0.0010256410256410256,0.0023834493278672895,0.0
Great Haul Net,41,53,1,0,0.0016491693817626,1.2926829268292683,0.0002205071664829107,0.0,0.1337080162422352,Great Haul Net,trainer,CRI,78,J,1,Item,M4,0.0024242424242424242,0.0033333333333333335,0.0,0.0012547051442910915
Repel,40,45,3,0,0.0016089457383049756,1.125,0.000661521499448732,0.0,0.4111521499448732,Repel,trainer,MEG,126,I,1,Item,M1L;MC;SM1S;SMA,0.0013852813852813853,0.000641025641025641,0.002574125274096673,0.0
Mega Dragonite ex [ASC 152],39,73,0,0,0.0015687220948473514,1.8717948717948718,0.0,0.0,0.0,Mega Dragonite ex,pokemon,ASC,152,I,1,"Stage 2,MEGA,ex",M2a,0.0015584415584415584,0.0008974358974358974,0.0020974354085232147,0.0012547051442910915
Marill [ASC 232],39,86,4,0,0.0015687220948473514,2.2051282051282053,0.0008820286659316428,0.0,0.5622593503519634,Marill,pokemon,ASC,83,J,1,Basic,MC,0.001038961038961039,0.000641025641025641,0.002669463247211364,0.0
Light Ball,39,43,4,0,0.0015687220948473514,1.1025641025641026,0.0008820286659316428,0.0,0.5622593503519634,Light Ball,trainer,ASC,191,I,1,Pokémon Tool,M2a,0.0019047619047619048,0.001282051282051282,0.0017160835160644485,0.0
Charcadet [MEP 22],38,96,1,0,0.001528498451389727,2.526315789473684,0.0002205071664829107,0.0,0.144263912261359,Charcadet,pokemon,PFL,19,I,1,Basic,M2,0.0015584415584415584,0.0016666666666666668,0.0015254075698350653,0.0
Mega Manectric ex [MEG 158],38,82,1,0,0.001528498451389727,2.1578947368421053,0.0002205071664829107,0.0,0.144263912261359,Mega Manectric ex,pokemon,MEG,50,I,1,"Stage 1,MEGA,ex",M1S,0.0008658008658008658,0.0028205128205128207,0.0009533797311469158,0.0012547051442910915
Ting-Lu [TWM 110],37,43,3,0,0.0014882748079321024,1.162162162162162,0.000661521499448732,0.0,0.44448881075121427,Ting-Lu,pokemon,TWM,110,H,0,Basic,SV5a,0.0008658008658008658,0.0002564102564102564,0.002764801220326056,0.0012547051442910915
Dragonair [ASC 151],37,78,0,0,0.0014882748079321024,2.108108108108108,0.0,0.0,0.0,Dragonair,pokemon,ASC,151,I,1,Stage 1,M2a,0.0015584415584415584,0.0007692307692307692,0.002002097435408523,0.0012547051442910915
Lacey,37,42,5,1,0.0014882748079321024,1.135135135135135,0.0011025358324145535,0.006578947368421052,0.7408146845853572,Lacey,trainer,SCR,139,H,0,Supporter,MC;SV7;SV8a,0.0024242424242424242,0.0007692307692307692,0.0016207455429497568,0.0
Dratini [ASC 150],37,93,0,0,0.0014882748079321024,2.5135135135135136,0.0,0.0,0.0,Dratini,pokemon,ASC,150,I,1,Basic,M2a,0.0015584415584415584,0.0007692307692307692,0.002002097435408523,0.0012547051442910915
Archaludon [PFL 75],36,37,2,0,0.0014480511644744782,1.0277777777777777,0.0004410143329658214,0.0,0.3045571481073135,Archaludon,pokemon,PFL,75,I,1,Stage 1,M2,0.00329004329004329,0.0003846153846153846,0.001334731623605682,0.0
Spewpa [POR 8],36,70,1,0,0.0014480511644744782,1.9444444444444444,0.0002205071664829107,0.0,0.15227857405365675,Spewpa,pokemon,POR,8,J,1,Stage 1,M3,0.001038961038961039,0.0007692307692307692,0.0022881113547525977,0.0
Chi-Yu [MEG 31],35,35,4,0,0.0014078275210168537,1.0,0.0008820286659316428,0.0,0.6265175618207592,Chi-Yu,pokemon,MEG,31,I,1,Basic,M1S,0.0008658008658008658,0.0015384615384615385,0.0017160835160644485,0.0
Goldeen [PBL 13],34,34,7,0,0.0013676038775592293,1.0,0.0015435501653803748,0.0,1.1286529606329854,Goldeen,pokemon,PBL,13,J,1,Basic,M5,0.0,0.0041025641025641026,0.0,0.002509410288582183
Dartrix [POR 11],34,97,1,0,0.0013676038775592293,2.8529411764705883,0.0002205071664829107,0.0,0.16123613723328362,Dartrix,pokemon,POR,11,J,1,Stage 1,M3,0.0012121212121212121,0.0005128205128205128,0.0021927733816379065,0.0
Mega Eelektross ex [ASC 266],34,36,0,0,0.0013676038775592293,1.0588235294117647,0.0,0.0,0.0,Mega Eelektross ex,pokemon,ASC,61,I,1,"Stage 2,MEGA,ex",M2a,0.0012121212121212121,0.0019230769230769232,0.0011440556773762989,0.0
Decidueye ex [POR 100],34,93,1,0,0.0013676038775592293,2.735294117647059,0.0002205071664829107,0.0,0.16123613723328362,Decidueye ex,pokemon,POR,12,J,1,"Stage 2,ex",M3,0.0012121212121212121,0.0005128205128205128,0.0021927733816379065,0.0
Voltaic Lightning Energy,33,94,1,0,0.0013273802341016048,2.8484848484848486,0.0002205071664829107,0.0,0.16612208078580737,Voltaic Lightning Energy,energy,PBL,84,J,1,Special,M5,0.0,0.0041025641025641026,0.0,0.0012547051442910915
Azumarill [SSP 74],33,73,3,0,0.0013273802341016048,2.212121212121212,0.000661521499448732,0.0,0.49836624235742205,Azumarill,pokemon,SSP,74,H,0,Stage 1,SVLN,0.0003463203463203463,0.000641025641025641,0.002478787300981981,0.0
Yveltal [30C 100],33,33,4,0,0.0013273802341016048,1.0,0.0008820286659316428,0.0,0.6644883231432295,Yveltal,pokemon,30C,100,J,1,Basic,M6a,0.0,0.004230769230769231,0.0,0.0
Gravity Gemstone,31,41,5,0,0.0012469329471863561,1.3225806451612903,0.0011025358324145535,0.0,0.8841981719244586,Gravity Gemstone,trainer,SCR,137,H,0,Pokémon Tool,SV7,0.0015584415584415584,0.0021794871794871794,0.0004766898655734579,0.0
Ethan's Sudowoodo [DRI 93],31,34,0,0,0.0012469329471863561,1.096774193548387,0.0,0.0,0.0,Ethan's Sudowoodo,pokemon,DRI,93,I,1,Basic,SV9a,0.001038961038961039,0.0007692307692307692,0.0017160835160644485,0.0012547051442910915
Doublade [MEP 67],30,120,0,0,0.0012067093037287317,4.0,0.0,0.0,0.0,Doublade,pokemon,POR,57,J,1,Stage 1,M3,0.0012121212121212121,0.0016666666666666668,0.0009533797311469158,0.0
Honedge [POR 56],30,120,0,0,0.0012067093037287317,4.0,0.0,0.0,0.0,Honedge,pokemon,POR,56,J,1,Basic,M3,0.0012121212121212121,0.0016666666666666668,0.0009533797311469158,0.0
Iris's Fighting Spirit,30,44,3,0,0.0012067093037287317,1.4666666666666666,0.000661521499448732,0.0,0.5482028665931643,Iris's Fighting Spirit,trainer,ASC,190,I,1,Supporter,M2a;MBD;MBG;MC;MEZ;MF;MP1;SV9;SVP,0.0013852813852813853,0.0010256410256410256,0.001334731623605682,0.0
Aegislash [POR 58],30,119,0,0,0.0012067093037287317,3.966666666666667,0.0,0.0,0.0,Aegislash,pokemon,POR,58,J,1,Stage 2,M3,0.0012121212121212121,0.0016666666666666668,0.0009533797311469158,0.0
Electrike [MEG 49],30,75,1,0,0.0012067093037287317,2.5,0.0002205071664829107,0.0,0.1827342888643881,Electrike,pokemon,MEG,49,I,1,Basic,M1S,0.0006926406926406926,0.0020512820512820513,0.0009533797311469158,0.0
Drayton,30,51,5,0,0.0012067093037287317,1.7,0.0011025358324145535,0.0,0.9136714443219406,Drayton,trainer,SSP,174,H,0,Supporter,MC;SV7a;SV8a;SVP,0.0012121212121212121,0.0005128205128205128,0.00181142148917914,0.0
Mega Audino ex [ASC 172],30,54,4,0,0.0012067093037287317,1.8,0.0008820286659316428,0.0,0.7309371554575524,Mega Audino ex,pokemon,ASC,172,J,1,"Basic,MEGA,ex",MC;MP,0.0019047619047619048,0.001153846153846154,0.0009533797311469158,0.0
Levincia,29,55,1,0,0.0011664856602711074,1.896551724137931,0.0002205071664829107,0.0,0.18903547123902217,Levincia,trainer,JTG,150,I,1,Stadium,M2a;SV9;SV9a,0.0006926406926406926,0.001282051282051282,0.0014300695967203738,0.0
Lumiose Galette,29,29,11,0,0.0011664856602711074,1.0,0.0024255788313120178,0.0,2.079390183629244,Lumiose Galette,trainer,POR,78,J,1,Item,M3,0.004155844155844156,0.0005128205128205128,0.0,0.0012547051442910915
Clefable [ASC 75],29,42,0,0,0.0011664856602711074,1.4482758620689655,0.0,0.0,0.0,Clefable,pokemon,ASC,75,H,0,Stage 1,MC;SV6,0.0006926406926406926,0.000641025641025641,0.0019067594622938315,0.0
Iron Defender,29,40,2,0,0.0011664856602711074,1.3793103448275863,0.0004410143329658214,0.0,0.37807094247804435,Iron Defender,trainer,MEG,118,I,1,Item,M1L;M5;MC,0.00017316017316017316,0.002564102564102564,0.000667365811802841,0.0012547051442910915
Mega Slowbro ex [PBL 31],28,28,2,0,0.001126262016813483,1.0,0.0004410143329658214,0.0,0.3915734761379745,Mega Slowbro ex,pokemon,PBL,31,J,1,"Stage 1,MEGA,ex",MP,0.0,0.002307692307692308,0.0,0.012547051442910916
Survival Brace,27,27,8,0,0.0010860383733558585,1.0,0.0017640573318632856,0.0,1.6243047899056722,Survival Brace,trainer,TWM,164,H,0,"Pokémon Tool,ACE SPEC",SV5a,0.0024242424242424242,0.0007692307692307692,0.0005720278386881494,0.0012547051442910915
Core Memory,27,37,0,0,0.0010860383733558585,1.3703703703703705,0.0,0.0,0.0,Core Memory,trainer,POR,70,J,1,Pokémon Tool,M3,0.0005194805194805195,0.0010256410256410256,0.0015254075698350653,0.0
Riolu [SCR 81],27,32,6,0,0.0010860383733558585,1.1851851851851851,0.001323042998897464,0.0,1.218228592429254,Riolu,pokemon,SCR,81,H,0,Basic,MC;SVI,0.0019047619047619048,0.0005128205128205128,0.0011440556773762989,0.0
Iono's Wattrel [ASC 231],26,61,0,0,0.0010458147298982342,2.3461538461538463,0.0,0.0,0.0,Iono's Wattrel,pokemon,ASC,71,I,1,Basic,M2a;MC;SV9;SVP,0.0006926406926406926,0.0017948717948717949,0.0007627037849175327,0.0
Slowpoke [PBL 29],26,66,4,0,0.0010458147298982342,2.5384615384615383,0.0008820286659316428,0.0,0.843389025527945,Slowpoke,pokemon,PBL,29,J,1,Basic,M5,0.0,0.003076923076923077,0.0,0.002509410288582183
Iono's Kilowattrel [ASC 72],26,58,0,0,0.0010458147298982342,2.230769230769231,0.0,0.0,0.0,Iono's Kilowattrel,pokemon,ASC,72,I,1,Stage 1,M2a;MC;SV9,0.0006926406926406926,0.0017948717948717949,0.0007627037849175327,0.0
Magnetic Metal Energy,25,40,1,0,0.0010055910864406098,1.6,0.0002205071664829107,0.0,0.21928114663726572,Magnetic Metal Energy,energy,CRI,85,J,1,Special,M4,0.001038961038961039,0.002435897435897436,0.0,0.0
Neutralization Zone,25,25,0,0,0.0010055910864406098,1.0,0.0,0.0,0.0,Neutralization Zone,trainer,SFA,60,H,0,"Stadium,ACE SPEC",SV6a;SV8a,0.0003463203463203463,0.001282051282051282,0.0012393936504909906,0.0
Combusken [JTG 23],25,26,1,0,0.0010055910864406098,1.04,0.0002205071664829107,0.0,0.21928114663726572,Combusken,pokemon,JTG,23,H,0,Stage 1,SVM,0.0012121212121212121,0.0003846153846153846,0.0014300695967203738,0.0
Team Rocket's Golbat [DRI 121],24,63,0,0,0.0009653674429829854,2.625,0.0,0.0,0.0,Team Rocket's Golbat,pokemon,DRI,121,I,1,Stage 1,M2a;MC;SV10,0.0019047619047619048,0.0001282051282051282,0.0011440556773762989,0.0
Team Rocket's Zubat [DRI 120],24,64,0,0,0.0009653674429829854,2.6666666666666665,0.0,0.0,0.0,Team Rocket's Zubat,pokemon,DRI,120,I,1,Basic,M2a;MC;SV10,0.0019047619047619048,0.0001282051282051282,0.0011440556773762989,0.0
Mega Gardevoir ex [ASC 89],24,55,2,0,0.0009653674429829854,2.2916666666666665,0.0004410143329658214,0.0,0.45683572216097024,Mega Gardevoir ex,pokemon,MEG,60,I,1,"Stage 2,MEGA,ex",M1S;M2a,0.0012121212121212121,0.0003846153846153846,0.0012393936504909906,0.0012547051442910915
Ralts [ASC 87],24,73,2,0,0.0009653674429829854,3.0416666666666665,0.0004410143329658214,0.0,0.45683572216097024,Ralts,pokemon,MEG,58,I,1,Basic,M1S;M2a;MP,0.0012121212121212121,0.0003846153846153846,0.0011440556773762989,0.002509410288582183
Cofagrigus [WHT 123],23,24,4,0,0.000925143799525361,1.0434782608695652,0.0008820286659316428,0.0,0.9533962897272423,Cofagrigus,pokemon,WHT,40,I,1,Stage 1,MC;SV11W,0.0003463203463203463,0.001282051282051282,0.0008580417580322243,0.002509410288582183
Haban Berry,23,30,2,0,0.000925143799525361,1.3043478260869565,0.0004410143329658214,0.0,0.47669814486362116,Haban Berry,trainer,PRE,111,H,0,Pokémon Tool,MC;SV8a,0.0005194805194805195,0.0008974358974358974,0.0011440556773762989,0.0012547051442910915
Team Rocket's Crobat ex [DRI 122],23,43,0,0,0.000925143799525361,1.8695652173913044,0.0,0.0,0.0,Team Rocket's Crobat ex,pokemon,DRI,122,I,1,"Stage 2,ex",M2a;MC;SV10,0.0019047619047619048,0.0001282051282051282,0.0010487177042616074,0.0
Kirlia [ASC 88],23,47,2,0,0.000925143799525361,2.0434782608695654,0.0004410143329658214,0.0,0.47669814486362116,Kirlia,pokemon,MEG,59,I,1,Stage 1,M1S;M2a;MP,0.0012121212121212121,0.0003846153846153846,0.0011440556773762989,0.0012547051442910915
Scramble Switch,23,23,1,0,0.000925143799525361,1.0,0.0002205071664829107,0.0,0.23834907243181058,Scramble Switch,trainer,SSP,186,H,0,"Item,ACE SPEC",BW7;MC,0.0012121212121212121,0.0008974358974358974,0.0008580417580322243,0.0
Greninja ex [30C 148],23,28,0,0,0.000925143799525361,1.2173913043478262,0.0,0.0,0.0,Greninja ex,pokemon,30C,21,J,1,"Stage 2,ex",M6a;MP,0.0,0.002948717948717949,0.0,0.0
Scatterbug [SSP 5],22,45,0,0,0.0008849201560677366,2.0454545454545454,0.0,0.0,0.0,Scatterbug,pokemon,SSP,5,H,0,Basic,SV8,0.001038961038961039,0.0005128205128205128,0.0011440556773762989,0.0
Snover [MEG 140],22,81,0,0,0.0008849201560677366,3.6818181818181817,0.0,0.0,0.0,Snover,pokemon,MEG,35,I,1,Basic,M1S,0.0006926406926406926,0.0007692307692307692,0.0011440556773762989,0.0
Mega Abomasnow ex [MEG 157],22,76,0,0,0.0008849201560677366,3.4545454545454546,0.0,0.0,0.0,Mega Abomasnow ex,pokemon,MEG,36,I,1,"Stage 1,MEGA,ex",M1S,0.0006926406926406926,0.0007692307692307692,0.0011440556773762989,0.0
Hydreigon ex [SSP 119],22,54,0,0,0.0008849201560677366,2.4545454545454546,0.0,0.0,0.0,Hydreigon ex,pokemon,SSP,119,H,0,"Stage 2,Tera,ex",SV8,0.0006926406926406926,0.0008974358974358974,0.0010487177042616074,0.0
Cinccino ex [CRI 105],22,56,1,0,0.0008849201560677366,2.5454545454545454,0.0002205071664829107,0.0,0.24918312117871105,Cinccino ex,pokemon,CRI,73,J,1,"Stage 1,ex",M4,0.0012121212121212121,0.0019230769230769232,0.0,0.0
Diancie [SCR 86],22,22,0,0,0.0008849201560677366,1.0,0.0,0.0,0.0,Diancie,pokemon,SCR,86,H,0,Basic,SV7,0.0006926406926406926,0.0002564102564102564,0.0015254075698350653,0.0
Minccino [CRI 72],22,58,1,0,0.0008849201560677366,2.6363636363636362,0.0002205071664829107,0.0,0.24918312117871105,Minccino,pokemon,CRI,72,J,1,Basic,M4,0.0012121212121212121,0.0019230769230769232,0.0,0.0
Fennel,21,22,1,0,0.0008446965126101123,1.0476190476190477,0.0002205071664829107,0.0,0.26104898409198296,Fennel,trainer,BLK,82,I,1,Supporter,MC;SV11B,0.001038961038961039,0.0005128205128205128,0.0010487177042616074,0.0
Scatterbug [POR 7],21,41,1,0,0.0008446965126101123,1.9523809523809523,0.0002205071664829107,0.0,0.26104898409198296,Scatterbug,pokemon,POR,7,J,1,Basic,M3,0.0003463203463203463,0.0005128205128205128,0.0014300695967203738,0.0
Deino [SSP 117],21,60,0,0,0.0008446965126101123,2.857142857142857,0.0,0.0,0.0,Deino,pokemon,SSP,117,H,0,Basic,SV8,0.0006926406926406926,0.0007692307692307692,0.0010487177042616074,0.0
Jolteon ex [PRE 153],20,20,1,0,0.0008044728691524878,1.0,0.0002205071664829107,0.0,0.27410143329658215,Jolteon ex,pokemon,PRE,30,H,0,"Stage 1,Tera,ex",MC;SV8a,0.0003463203463203463,0.0002564102564102564,0.0015254075698350653,0.0
Manectric [PBL 24],20,28,1,0,0.0008044728691524878,1.4,0.0002205071664829107,0.0,0.27410143329658215,Manectric,pokemon,PBL,24,J,1,Stage 1,M5,0.0,0.002435897435897436,0.0,0.0012547051442910915
Spritzee [POR 35],20,43,0,0,0.0008044728691524878,2.15,0.0,0.0,0.0,Spritzee,pokemon,POR,35,J,1,Basic,M3;MP,0.0006926406926406926,0.0003846153846153846,0.0012393936504909906,0.0
Aromatisse [POR 36],20,39,0,0,0.0008044728691524878,1.95,0.0,0.0,0.0,Aromatisse,pokemon,POR,36,J,1,Stage 1,M3,0.0006926406926406926,0.0003846153846153846,0.0012393936504909906,0.0
Rowlet [POR 10],20,51,1,0,0.0008044728691524878,2.55,0.0002205071664829107,0.0,0.27410143329658215,Rowlet,pokemon,POR,10,J,1,Basic,M3,0.0006926406926406926,0.0001282051282051282,0.0014300695967203738,0.0
Charcadet [SSP 33],20,41,0,0,0.0008044728691524878,2.05,0.0,0.0,0.0,Charcadet,pokemon,SSP,33,H,0,Basic,SV8,0.0012121212121212121,0.0001282051282051282,0.0011440556773762989,0.0
Black Kyurem ex [SSP 218],19,19,2,0,0.0007642492256948635,1.0,0.0004410143329658214,0.0,0.577055649045436,Black Kyurem ex,pokemon,SSP,48,H,0,"Basic,ex",MC;SV7a,0.00017316017316017316,0.000641025641025641,0.0009533797311469158,0.0037641154328732747
Kyogre [MEG 34],19,38,0,0,0.0007642492256948635,2.0,0.0,0.0,0.0,Kyogre,pokemon,MEG,34,I,1,Basic,M1S,0.0005194805194805195,0.0008974358974358974,0.0008580417580322243,0.0
Rowlet [SFA 3],19,52,0,0,0.0007642492256948635,2.736842105263158,0.0,0.0,0.0,Rowlet,pokemon,SFA,3,H,0,Basic,SV6a,0.0008658008658008658,0.0002564102564102564,0.0011440556773762989,0.0
Zweilous [SSP 118],18,27,0,0,0.0007240255822372391,1.5,0.0,0.0,0.0,Zweilous,pokemon,SSP,118,H,0,Stage 1,SV8,0.0006926406926406926,0.000641025641025641,0.0008580417580322243,0.0
Rescue Board,18,19,5,0,0.0007240255822372391,1.0555555555555556,0.0011025358324145535,0.0,1.5227857405365675,Rescue Board,trainer,TEF,159,H,0,Pokémon Tool,SV5K;SV5a;SV8a;SVK;SVN,0.0015584415584415584,0.0002564102564102564,0.000667365811802841,0.0
Mega Clefable ex [MEP 72],17,35,0,0,0.0006838019387796146,2.0588235294117645,0.0,0.0,0.0,Mega Clefable ex,pokemon,POR,31,J,1,"Stage 1,MEGA,ex",M3,0.0005194805194805195,0.0002564102564102564,0.0011440556773762989,0.0
Backtrack Badge,17,27,1,0,0.0006838019387796146,1.588235294117647,0.0002205071664829107,0.0,0.32247227446656723,Backtrack Badge,trainer,PBL,74,J,1,Pokémon Tool,M5,0.0,0.0021794871794871794,0.0,0.0
Petilil [JTG 6],17,17,1,0,0.0006838019387796146,1.0,0.0002205071664829107,0.0,0.32247227446656723,Petilil,pokemon,JTG,6,H,0,Basic,SVM,0.0006926406926406926,0.0,0.0012393936504909906,0.0
Slowpoke [MEP 86],17,44,2,0,0.0006838019387796146,2.588235294117647,0.0004410143329658214,0.0,0.6449445489331345,Slowpoke,pokemon,MEP,86,J,1,,MP,0.0,0.0020512820512820513,0.0,0.0012547051442910915
Fossil Quarry,17,44,0,0,0.0006838019387796146,2.588235294117647,0.0,0.0,0.0,Fossil Quarry,trainer,PBL,76,J,1,Stadium,M5,0.0,0.0021794871794871794,0.0,0.0
Electrike [PBL 23],17,35,0,0,0.0006838019387796146,2.0588235294117645,0.0,0.0,0.0,Electrike,pokemon,PBL,23,J,1,Basic,M5,0.0,0.0020512820512820513,0.0,0.0012547051442910915
Lucario [30C 83],17,17,2,0,0.0006838019387796146,1.0,0.0004410143329658214,0.0,0.6449445489331345,Lucario,pokemon,30C,83,J,1,Stage 1,M6a;MP,0.0,0.0021794871794871794,0.0,0.0
Mega Charizard X ex [MEP 23],16,36,0,0,0.0006435782953219903,2.25,0.0,0.0,0.0,Mega Charizard X ex,pokemon,PFL,13,I,1,"Stage 2,MEGA,ex",M2;M2a,0.0006926406926406926,0.0002564102564102564,0.0009533797311469158,0.0
Marnie's Morpeko [DRI 137],16,19,2,0,0.0006435782953219903,1.1875,0.0004410143329658214,0.0,0.6852535832414554,Marnie's Morpeko,pokemon,DRI,137,I,1,Basic,SVOM,0.0,0.0008974358974358974,0.0008580417580322243,0.0
Volcanion ex [JTG 171],16,17,3,0,0.0006435782953219903,1.0625,0.000661521499448732,0.0,1.027880374862183,Volcanion ex,pokemon,JTG,31,I,1,"Basic,ex",MC;SV9,0.00017316017316017316,0.0010256410256410256,0.000667365811802841,0.0
Frogadier [SCR 40],15,21,0,0,0.0006033546518643658,1.4,0.0,0.0,0.0,Frogadier,pokemon,SCR,40,H,0,Stage 1,MC;SVI,0.0,0.0,0.0014300695967203738,0.0
Oricorio ex [MEP 24],15,32,0,0,0.0006033546518643658,2.1333333333333333,0.0,0.0,0.0,Oricorio ex,pokemon,PFL,18,I,1,"Basic,ex",M2,0.0006926406926406926,0.0002564102564102564,0.0008580417580322243,0.0
Zarude [SSP 11],15,15,0,0,0.0006033546518643658,1.0,0.0,0.0,0.0,Zarude,pokemon,SSP,11,H,0,Basic,SV7a,0.0006926406926406926,0.0001282051282051282,0.0009533797311469158,0.0
Farigiraf ex [TEF 108],15,17,1,0,0.0006033546518643658,1.1333333333333333,0.0002205071664829107,0.0,0.3654685777287762,Farigiraf ex,pokemon,TEF,108,H,0,"Stage 1,Tera,ex",MC;SV5M,0.0008658008658008658,0.0001282051282051282,0.0008580417580322243,0.0
Ho-Oh [SSP 19],15,15,3,0,0.0006033546518643658,1.0,0.000661521499448732,0.0,1.0964057331863286,Ho-Oh,pokemon,SSP,19,H,0,Basic,SVLS,0.001038961038961039,0.0001282051282051282,0.0007627037849175327,0.0
Espeon ex [PRE 155],15,19,2,0,0.0006033546518643658,1.2666666666666666,0.0004410143329658214,0.0,0.7309371554575524,Espeon ex,pokemon,PRE,34,H,0,"Stage 1,Tera,ex",MC;SV8a,0.0006926406926406926,0.000641025641025641,0.0005720278386881494,0.0
Charmander [PFL 11],15,52,0,0,0.0006033546518643658,3.466666666666667,0.0,0.0,0.0,Charmander,pokemon,PFL,11,I,1,Basic,M2,0.0006926406926406926,0.0002564102564102564,0.0008580417580322243,0.0
Firebreather,14,29,0,0,0.0005631310084067415,2.0714285714285716,0.0,0.0,0.0,Firebreather,trainer,PFL,89,I,1,Supporter,M2,0.0003463203463203463,0.0002564102564102564,0.0009533797311469158,0.0
Sylveon [PRE 40],14,26,2,0,0.0005631310084067415,1.8571428571428572,0.0004410143329658214,0.0,0.783146952275949,Sylveon,pokemon,PRE,40,H,0,Stage 1,SVM,0.0005194805194805195,0.0008974358974358974,0.0002860139193440747,0.0012547051442910915
Torchic [JTG 22],14,21,0,0,0.0005631310084067415,1.5,0.0,0.0,0.0,Torchic,pokemon,JTG,22,H,0,Basic,SVM,0.0005194805194805195,0.000641025641025641,0.0005720278386881494,0.0
Mega Gengar ex [ASC 125],14,25,1,0,0.0005631310084067415,1.7857142857142858,0.0002205071664829107,0.0,0.3915734761379745,Mega Gengar ex,pokemon,PFL,56,I,1,"Stage 2,MEGA,ex",M2a;MBG,0.0003463203463203463,0.000641025641025641,0.000667365811802841,0.0
Deluxe Bomb,14,14,0,0,0.0005631310084067415,1.0,0.0,0.0,0.0,Deluxe Bomb,trainer,SCR,134,H,0,"Pokémon Tool,ACE SPEC",MC;SV7,0.0006926406926406926,0.0005128205128205128,0.0005720278386881494,0.0
Mega Heracross ex [PFL 108],13,16,0,0,0.0005229073649491171,1.2307692307692308,0.0,0.0,0.0,Mega Heracross ex,pokemon,PFL,4,I,1,"Basic,MEGA,ex",M2,0.0003463203463203463,0.0003846153846153846,0.0007627037849175327,0.0
Feraligatr [SVP 89],13,21,0,0,0.0005229073649491171,1.6153846153846154,0.0,0.0,0.0,Feraligatr,pokemon,TEF,41,H,0,Stage 2,MC;SV5K;SV8a,0.0006926406926406926,0.0005128205128205128,0.0004766898655734579,0.0
Jirachi ex [30C 102],13,13,4,0,0.0005229073649491171,1.0,0.0008820286659316428,0.0,1.68677805105589,Jirachi ex,pokemon,30C,102,J,1,"Basic,ex",M6a,0.0,0.0016666666666666668,0.0,0.0
Energy Swatter,13,25,1,0,0.0005229073649491171,1.9230769230769231,0.0002205071664829107,0.0,0.4216945127639725,Energy Swatter,trainer,POR,73,J,1,Item,M3,0.0003463203463203463,0.000641025641025641,0.0005720278386881494,0.0
Accompanying Flute,13,25,1,0,0.0005229073649491171,1.9230769230769231,0.0002205071664829107,0.0,0.4216945127639725,Accompanying Flute,trainer,TWM,142,H,0,Item,SV6,0.0006926406926406926,0.0007692307692307692,0.0002860139193440747,0.0
Misty's Vitality,13,38,0,0,0.0005229073649491171,2.923076923076923,0.0,0.0,0.0,Misty's Vitality,trainer,PBL,80,J,1,Supporter,M5,0.0,0.001282051282051282,0.0,0.0037641154328732747
Cook,13,14,4,1,0.0005229073649491171,1.0769230769230769,0.0008820286659316428,0.006578947368421052,1.68677805105589,Cook,trainer,TWM,147,H,0,Supporter,MC;S8b;SH;SI;SVI;SVM,0.001038961038961039,0.0001282051282051282,0.0005720278386881494,0.0
Charmeleon [MEP 79],13,21,0,0,0.0005229073649491171,1.6153846153846154,0.0,0.0,0.0,Charmeleon,pokemon,PFL,12,I,1,Stage 1,M2;MP,0.0006926406926406926,0.0002564102564102564,0.000667365811802841,0.0
Mega Darkrai ex [MEP 90],12,27,1,0,0.0004826837214914927,2.25,0.0002205071664829107,0.0,0.45683572216097024,Mega Darkrai ex,pokemon,PBL,48,J,1,"Basic,MEGA,ex",M5,0.0,0.0015384615384615385,0.0,0.0
Heavy Baton,12,16,0,0,0.0004826837214914927,1.3333333333333333,0.0,0.0,0.0,Heavy Baton,trainer,TEF,151,H,0,Pokémon Tool,SV5M,0.0003463203463203463,0.0010256410256410256,0.00019067594622938316,0.0
Zekrom ex [BLK 158],12,12,0,0,0.0004826837214914927,1.0,0.0,0.0,0.0,Zekrom ex,pokemon,BLK,34,I,1,"Basic,ex",M2a;MC;SV11B,0.0005194805194805195,0.0005128205128205128,0.0004766898655734579,0.0
Eevee [SFA 50],12,12,0,0,0.0004826837214914927,1.0,0.0,0.0,0.0,Eevee,pokemon,SFA,50,H,0,Basic,SV6a;SVP,0.00017316017316017316,0.0002564102564102564,0.0008580417580322243,0.0
Antique Armor Fossil,12,31,0,0,0.0004826837214914927,2.5833333333333335,0.0,0.0,0.0,Antique Armor Fossil,trainer,PBL,72,J,1,Item,M5,0.0,0.0015384615384615385,0.0,0.0
Bastiodon [MEP 85],12,24,0,0,0.0004826837214914927,2.0,0.0,0.0,0.0,Bastiodon,pokemon,PBL,62,J,1,Stage 2,M5,0.0,0.0015384615384615385,0.0,0.0
Mr. Mime [TEF 63],12,12,3,0,0.0004826837214914927,1.0,0.000661521499448732,0.0,1.3705071664829105,Mr. Mime,pokemon,TEF,63,H,0,Basic,SV5M,0.0,0.0014102564102564104,9.533797311469158e-05,0.0
Galvantula ex [SCR 159],12,13,1,0,0.0004826837214914927,1.0833333333333333,0.0002205071664829107,0.0,0.45683572216097024,Galvantula ex,pokemon,SCR,51,H,0,"Stage 1,Tera,ex",MC;SV7,0.0003463203463203463,0.0003846153846153846,0.000667365811802841,0.0
Eevee [TWM 135],12,26,2,0,0.0004826837214914927,2.1666666666666665,0.0004410143329658214,0.0,0.9136714443219405,Eevee,pokemon,TWM,135,H,0,Basic,SV5a,0.0006926406926406926,0.0003846153846153846,0.0004766898655734579,0.0
Perilous Jungle,11,20,0,0,0.0004424600780338683,1.8181818181818181,0.0,0.0,0.0,Perilous Jungle,trainer,TEF,156,H,0,Stadium,SV5K,0.001038961038961039,0.0002564102564102564,0.0002860139193440747,0.0
Galarian Obstagoon [ASC 132],11,16,1,0,0.0004424600780338683,1.4545454545454546,0.0002205071664829107,0.0,0.4983662423574221,Galarian Obstagoon,pokemon,ASC,132,I,1,Stage 2,M2a,0.0003463203463203463,0.0001282051282051282,0.0007627037849175327,0.0
Mega Charizard Y ex [ASC 22],11,15,0,0,0.0004424600780338683,1.3636363636363635,0.0,0.0,0.0,Mega Charizard Y ex,pokemon,ASC,22,J,1,"Stage 2,MEGA,ex",MC,0.0005194805194805195,0.0002564102564102564,0.0005720278386881494,0.0
Fezandipiti [PRE 45],11,15,2,0,0.0004424600780338683,1.3636363636363635,0.0004410143329658214,0.0,0.9967324847148442,Fezandipiti,pokemon,TWM,96,H,0,Basic,MC;SV6;SV8a,0.0005194805194805195,0.0003846153846153846,0.0002860139193440747,0.002509410288582183
Deoxys [CRI 32],11,11,1,0,0.0004424600780338683,1.0,0.0002205071664829107,0.0,0.4983662423574221,Deoxys,pokemon,CRI,32,J,1,Basic,M4,0.0013852813852813853,0.0003846153846153846,0.0,0.0
Ethan's Pichu [DRI 71],11,22,0,0,0.0004424600780338683,2.0,0.0,0.0,0.0,Ethan's Pichu,pokemon,DRI,71,I,1,Basic,MC;SV9a,0.00017316017316017316,0.0008974358974358974,0.0002860139193440747,0.0
Iono's Bellibolt ex [ASC 279],11,30,0,0,0.0004424600780338683,2.727272727272727,0.0,0.0,0.0,Iono's Bellibolt ex,pokemon,ASC,70,I,1,"Stage 1,ex",M2a;MC;SV9,0.0003463203463203463,0.0005128205128205128,0.0004766898655734579,0.0
Snorunt [TWM 51],11,17,1,0,0.0004424600780338683,1.5454545454545454,0.0002205071664829107,0.0,0.4983662423574221,Snorunt,pokemon,TWM,51,H,0,Basic,MC;SV6;SV8a;SVM,0.0,0.0003846153846153846,0.0007627037849175327,0.0
Iono's Tadbulb [ASC 69],11,32,0,0,0.0004424600780338683,2.909090909090909,0.0,0.0,0.0,Iono's Tadbulb,pokemon,ASC,69,I,1,Basic,M2a;MC;SV9;SVP,0.0003463203463203463,0.0005128205128205128,0.0004766898655734579,0.0
Shadowy Darkness Energy,11,19,1,0,0.0004424600780338683,1.7272727272727273,0.0002205071664829107,0.0,0.4983662423574221,Shadowy Darkness Energy,energy,PBL,83,J,1,Special,M5,0.0,0.0014102564102564104,0.0,0.0
Iono's Voltorb [JTG 47],10,25,0,0,0.0004022364345762439,2.5,0.0,0.0,0.0,Iono's Voltorb,pokemon,JTG,47,I,1,Basic,MC;SV9,0.0003463203463203463,0.0003846153846153846,0.0004766898655734579,0.0
Girafarig [TWM 83],10,15,1,0,0.0004022364345762439,1.5,0.0002205071664829107,0.0,0.5482028665931643,Girafarig,pokemon,TWM,83,H,0,Basic,MC;SV5a,0.0003463203463203463,0.0001282051282051282,0.000667365811802841,0.0
Palafin [TWM 60],10,22,0,0,0.0004022364345762439,2.2,0.0,0.0,0.0,Palafin,pokemon,TWM,60,H,0,Stage 1,MC;SV6;SV8a,0.0005194805194805195,0.0005128205128205128,0.0002860139193440747,0.0
Finizen [TWM 59],10,34,0,0,0.0004022364345762439,3.4,0.0,0.0,0.0,Finizen,pokemon,TWM,59,H,0,Basic,MC;SV6;SV8a,0.0005194805194805195,0.0005128205128205128,0.0002860139193440747,0.0
Espeon [30C 69],10,10,1,0,0.0004022364345762439,1.0,0.0002205071664829107,0.0,0.5482028665931643,Espeon,pokemon,30C,69,J,1,Stage 1,M6a,0.0,0.001282051282051282,0.0,0.0
Shuckle [MEG 11],10,19,0,0,0.0004022364345762439,1.9,0.0,0.0,0.0,Shuckle,pokemon,MEG,11,I,1,Basic,M1S;MC,0.0,0.0003846153846153846,0.0005720278386881494,0.0012547051442910915
Shieldon [PBL 61],10,15,0,0,0.0004022364345762439,1.5,0.0,0.0,0.0,Shieldon,pokemon,PBL,61,J,1,Stage 1,M5,0.0,0.001282051282051282,0.0,0.0
Ceruledge [SSP 197],10,10,0,0,0.0004022364345762439,1.0,0.0,0.0,0.0,Ceruledge,pokemon,SSP,35,H,0,Stage 1,SV8,0.00017316017316017316,0.0003846153846153846,0.0005720278386881494,0.0
Purrloin [WHT 136],10,10,4,0,0.0004022364345762439,1.0,0.0008820286659316428,0.0,2.1928114663726572,Purrloin,pokemon,WHT,55,I,1,Basic,SV11W,0.0006926406926406926,0.0003846153846153846,0.0,0.0037641154328732747
Palafin ex [PRE 151],10,27,0,0,0.0004022364345762439,2.7,0.0,0.0,0.0,Palafin ex,pokemon,TWM,61,H,0,"Stage 1,ex",MC;SV6;SV8a,0.0005194805194805195,0.0005128205128205128,0.0002860139193440747,0.0
Litwick [TWM 36],10,24,0,0,0.0004022364345762439,2.4,0.0,0.0,0.0,Litwick,pokemon,TWM,36,H,0,Basic,SV6,0.00017316017316017316,0.0,0.0008580417580322243,0.0
Froakie [SCR 39],10,22,1,0,0.0004022364345762439,2.2,0.0002205071664829107,0.0,0.5482028665931643,Froakie,pokemon,SCR,39,H,0,Basic,MC;SVI,0.0,0.0,0.0009533797311469158,0.0
Armarouge [SSP 34],9,9,2,0,0.00036201279111861955,1.0,0.0004410143329658214,0.0,1.218228592429254,Armarouge,pokemon,SSP,34,H,0,Stage 1,SV8,0.001038961038961039,0.0,0.0002860139193440747,0.0
Iron Boulder [PRE 46],9,11,1,0,0.00036201279111861955,1.2222222222222223,0.0002205071664829107,0.0,0.609114296214627,Iron Boulder,pokemon,SCR,71,H,0,"Basic,Future",MC;SV7;SV8a,0.0005194805194805195,0.0003846153846153846,0.0002860139193440747,0.0
Crabominable [SCR 149],9,13,1,0,0.00036201279111861955,1.4444444444444444,0.0002205071664829107,0.0,0.609114296214627,Crabominable,pokemon,SCR,42,H,0,Stage 1,MC;SV7,0.0,0.0,0.0008580417580322243,0.0
Hyper Aroma,9,9,1,0,0.00036201279111861955,1.0,0.0002205071664829107,0.0,0.609114296214627,Hyper Aroma,trainer,TWM,152,H,0,"Item,ACE SPEC",MC;SV5a,0.0008658008658008658,0.0003846153846153846,9.533797311469158e-05,0.0
Croconaw [TEF 40],9,18,0,0,0.00036201279111861955,2.0,0.0,0.0,0.0,Croconaw,pokemon,TEF,40,H,0,Stage 1,MC;SV5K;SV8a,0.00017316017316017316,0.0002564102564102564,0.0005720278386881494,0.0
Haunter [ASC 124],9,14,0,0,0.00036201279111861955,1.5555555555555556,0.0,0.0,0.0,Haunter,pokemon,PFL,55,I,1,Stage 1,MBG;MC,0.00017316017316017316,0.0002564102564102564,0.0005720278386881494,0.0
Grimsley's Move,9,16,1,0,0.00036201279111861955,1.7777777777777777,0.0002205071664829107,0.0,0.609114296214627,Grimsley's Move,trainer,PFL,90,I,1,Supporter,M2,0.0003463203463203463,0.000641025641025641,0.00019067594622938316,0.0
Yveltal ex [POR 105],8,8,0,0,0.00032178914766099514,1.0,0.0,0.0,0.0,Yveltal ex,pokemon,POR,53,J,1,"Basic,ex",M3,0.0,0.0005128205128205128,0.00038135189245876633,0.0
Mega Dragalge ex [CRI 104],8,17,0,0,0.00032178914766099514,2.125,0.0,0.0,0.0,Mega Dragalge ex,pokemon,CRI,65,J,1,"Stage 1,MEGA,ex",M4,0.0008658008658008658,0.0003846153846153846,0.0,0.0
Azumarill ex [ASC 84],8,13,1,0,0.00032178914766099514,1.625,0.0002205071664829107,0.0,0.6852535832414554,Azumarill ex,pokemon,ASC,84,J,1,"Stage 1,ex",MC,0.0006926406926406926,0.0001282051282051282,0.0002860139193440747,0.0
Mega Feraligatr ex [ASC 274],8,13,0,0,0.00032178914766099514,1.625,0.0,0.0,0.0,Mega Feraligatr ex,pokemon,ASC,43,J,1,"Stage 2,MEGA,ex",MC,0.0,0.0002564102564102564,0.0005720278386881494,0.0
Decidueye [SFA 5],8,8,0,0,0.00032178914766099514,1.0,0.0,0.0,0.0,Decidueye,pokemon,SFA,5,H,0,Stage 2,SV6a,0.0003463203463203463,0.0,0.0005720278386881494,0.0
Skrelp [CRI 58],8,20,0,0,0.00032178914766099514,2.5,0.0,0.0,0.0,Skrelp,pokemon,CRI,58,J,1,Basic,M4,0.0008658008658008658,0.0003846153846153846,0.0,0.0
Chikorita [MEP 46],8,16,3,0,0.00032178914766099514,2.0,0.000661521499448732,0.0,2.055760749724366,Chikorita,pokemon,MEP,46,J,1,,,0.0,0.0010256410256410256,0.0,0.0
Rockruff [JTG 84],8,23,0,0,0.00032178914766099514,2.875,0.0,0.0,0.0,Rockruff,pokemon,JTG,84,I,1,Basic,SV9,0.00017316017316017316,0.0005128205128205128,0.0002860139193440747,0.0
N's Vanilluxe [ASC 51],8,8,0,0,0.00032178914766099514,1.0,0.0,0.0,0.0,N's Vanilluxe,pokemon,ASC,51,I,1,Stage 2,M2a,0.00017316017316017316,0.0003846153846153846,0.00038135189245876633,0.0
Lycanroc [JTG 166],8,23,0,0,0.00032178914766099514,2.875,0.0,0.0,0.0,Lycanroc,pokemon,JTG,85,I,1,Stage 1,SV9,0.00017316017316017316,0.0005128205128205128,0.0002860139193440747,0.0
Dipplin [DRI 17],8,14,0,0,0.00032178914766099514,1.75,0.0,0.0,0.0,Dipplin,pokemon,DRI,17,I,1,Stage 1,SV9a,0.00017316017316017316,0.0003846153846153846,0.00038135189245876633,0.0
Carbink [ASC 117],8,8,0,0,0.00032178914766099514,1.0,0.0,0.0,0.0,Carbink,pokemon,ASC,117,J,1,Basic,MC,0.00017316017316017316,0.0,0.000667365811802841,0.0
Hawlucha [POR 46],8,11,0,0,0.00032178914766099514,1.375,0.0,0.0,0.0,Hawlucha,pokemon,POR,46,J,1,Basic,M3,0.00017316017316017316,0.0001282051282051282,0.0005720278386881494,0.0
Thick Scale,7,8,1,0,0.00028156550420337074,1.1428571428571428,0.0002205071664829107,0.0,0.783146952275949,Thick Scale,trainer,ASC,211,I,1,Pokémon Tool,M2a,0.0005194805194805195,0.0001282051282051282,0.0002860139193440747,0.0
Call Bell,7,22,1,0,0.00028156550420337074,3.142857142857143,0.0002205071664829107,0.0,0.783146952275949,Call Bell,trainer,SSP,165,H,0,Item,SV7a,0.0006926406926406926,0.0001282051282051282,0.00019067594622938316,0.0
Slowpoke [PRE 18],7,14,1,0,0.00028156550420337074,2.0,0.0002205071664829107,0.0,0.783146952275949,Slowpoke,pokemon,PRE,18,H,0,Basic,SVM,0.0003463203463203463,0.0,0.0004766898655734579,0.0
Seviper [PFL 62],7,7,0,0,0.00028156550420337074,1.0,0.0,0.0,0.0,Seviper,pokemon,PFL,62,I,1,Basic,M2,0.0003463203463203463,0.000641025641025641,0.0,0.0
Scream Tail ex [TWM 197],7,7,2,0,0.00028156550420337074,1.0,0.0004410143329658214,0.0,1.566293904551898,Scream Tail ex,pokemon,TWM,94,H,0,"Basic,ex,Ancient",MC;SV5a,0.0,0.0007692307692307692,9.533797311469158e-05,0.0
Seismitoad [30C 84],7,7,1,0,0.00028156550420337074,1.0,0.0002205071664829107,0.0,0.783146952275949,Seismitoad,pokemon,30C,84,J,1,Stage 2,M6a,0.0,0.0008974358974358974,0.0,0.0
Blissey ex [TWM 134],7,15,0,0,0.00028156550420337074,2.142857142857143,0.0,0.0,0.0,Blissey ex,pokemon,TWM,134,H,0,"Stage 1,ex",MC;SV6,0.0003463203463203463,0.0001282051282051282,0.00038135189245876633,0.0
Payapa Berry,7,7,2,0,0.00028156550420337074,1.0,0.0004410143329658214,0.0,1.566293904551898,Payapa Berry,trainer,SCR,141,H,0,Pokémon Tool,MC;SV7,0.0,0.0007692307692307692,9.533797311469158e-05,0.0
Boxed Order,7,14,1,0,0.00028156550420337074,2.0,0.0002205071664829107,0.0,0.783146952275949,Boxed Order,trainer,TEF,143,H,0,Item,SV5K,0.00017316017316017316,0.0003846153846153846,0.0002860139193440747,0.0
Girafarig [TEF 66],6,9,0,0,0.00024134186074574636,1.5,0.0,0.0,0.0,Girafarig,pokemon,TEF,66,H,0,Basic,MC;SV5M,0.0006926406926406926,0.0,0.00019067594622938316,0.0
Gastly [POR 48],6,10,0,0,0.00024134186074574636,1.6666666666666667,0.0,0.0,0.0,Gastly,pokemon,POR,48,J,1,Basic,M3,0.0,0.0002564102564102564,0.00038135189245876633,0.0
Megaton Blower,6,6,0,0,0.00024134186074574636,1.0,0.0,0.0,0.0,Megaton Blower,trainer,SSP,182,H,0,"Item,ACE SPEC",SV7a,0.0,0.0005128205128205128,0.00019067594622938316,0.0
Gastly [ASC 123],6,15,0,0,0.00024134186074574636,2.5,0.0,0.0,0.0,Gastly,pokemon,PFL,54,I,1,Basic,MBG;MC,0.00017316017316017316,0.0002564102564102564,0.0002860139193440747,0.0
Mega Zeraora ex [MEP 89],6,15,0,0,0.00024134186074574636,2.5,0.0,0.0,0.0,Mega Zeraora ex,pokemon,PBL,27,J,1,"Basic,MEGA,ex",M5;MP,0.0,0.0007692307692307692,0.0,0.0
Archaludon [PRE 70],6,8,1,0,0.00024134186074574636,1.3333333333333333,0.0002205071664829107,0.0,0.9136714443219405,Archaludon,pokemon,SCR,107,H,0,Stage 1,MC;SV7;SV8a,0.0,0.0002564102564102564,0.00038135189245876633,0.0
Spewpa [SSP 6],6,11,0,0,0.00024134186074574636,1.8333333333333333,0.0,0.0,0.0,Spewpa,pokemon,SSP,6,H,0,Stage 1,SV8,0.0005194805194805195,0.0001282051282051282,0.00019067594622938316,0.0
N's Sigilyph [JTG 64],6,6,1,0,0.00024134186074574636,1.0,0.0002205071664829107,0.0,0.9136714443219405,N's Sigilyph,pokemon,JTG,64,I,1,Basic,SV9,0.00017316017316017316,0.0002564102564102564,0.0002860139193440747,0.0
Misty's Psyduck [DRI 193],6,18,0,0,0.00024134186074574636,3.0,0.0,0.0,0.0,Misty's Psyduck,pokemon,DRI,45,I,1,Basic,SV9a,0.00017316017316017316,0.0002564102564102564,0.0002860139193440747,0.0
Duraludon [PFL 74],6,10,0,0,0.00024134186074574636,1.6666666666666667,0.0,0.0,0.0,Duraludon,pokemon,PFL,74,I,1,Basic,M2,0.0003463203463203463,0.0002564102564102564,0.00019067594622938316,0.0
Poké Ball,6,17,0,0,0.00024134186074574636,2.8333333333333335,0.0,0.0,0.0,Poké Ball,trainer,POR,80,F/G/J,1,Item,20th;HS;HSP;HSZ;HXY;MC;SI;SMA;SMD;SN;SP;SVI;SVM;SVP;WAK,0.00017316017316017316,0.0003846153846153846,0.00019067594622938316,0.0
Walking Wake ex [PRE 178],6,6,1,0,0.00024134186074574636,1.0,0.0002205071664829107,0.0,0.9136714443219405,Walking Wake ex,pokemon,TEF,50,H,0,"Basic,ex,Ancient",MC;SV5K;SV8a,0.00017316017316017316,0.0001282051282051282,0.00038135189245876633,0.0
Walrein [SSP 45],6,7,1,0,0.00024134186074574636,1.1666666666666667,0.0002205071664829107,0.0,0.9136714443219405,Walrein,pokemon,SSP,45,H,0,Stage 2,MC;SV8,0.00017316017316017316,0.0005128205128205128,9.533797311469158e-05,0.0
Xerneas [CRI 42],6,7,0,0,0.00024134186074574636,1.1666666666666667,0.0,0.0,0.0,Xerneas,pokemon,CRI,42,J,1,Basic,M4,0.0008658008658008658,0.0001282051282051282,0.0,0.0
Uxie [SSP 78],6,15,0,0,0.00024134186074574636,2.5,0.0,0.0,0.0,Uxie,pokemon,SSP,78,H,0,Basic,MC;SV8,0.0003463203463203463,0.0002564102564102564,0.00019067594622938316,0.0
Poké Vital A,6,6,0,0,0.00024134186074574636,1.0,0.0,0.0,0.0,Poké Vital A,trainer,SFA,62,H,0,"Item,ACE SPEC",MC;SV6a,0.0,0.0001282051282051282,0.00019067594622938316,0.0037641154328732747
Babiri Berry,6,6,0,0,0.00024134186074574636,1.0,0.0,0.0,0.0,Babiri Berry,trainer,SSP,163,H,0,Pokémon Tool,MC;SV8,0.0,0.0002564102564102564,0.0,0.005018820577164366
Perrin,6,7,0,0,0.00024134186074574636,1.1666666666666667,0.0,0.0,0.0,Perrin,trainer,TWM,160,H,0,Supporter,MC;SV5a,0.0,0.0003846153846153846,0.0002860139193440747,0.0
Banette [ASC 234],6,8,0,0,0.00024134186074574636,1.3333333333333333,0.0,0.0,0.0,Banette,pokemon,ASC,91,I,1,Stage 1,MC;SV9,0.0006926406926406926,0.0001282051282051282,9.533797311469158e-05,0.0
Lampent [WHT 102],6,12,0,0,0.00024134186074574636,2.0,0.0,0.0,0.0,Lampent,pokemon,WHT,17,I,1,Stage 1,SV11B,0.0,0.0,0.0005720278386881494,0.0
Chansey [TWM 133],6,16,0,0,0.00024134186074574636,2.6666666666666665,0.0,0.0,0.0,Chansey,pokemon,TWM,133,H,0,Basic,MC;SV6,0.0003463203463203463,0.0001282051282051282,0.0002860139193440747,0.0
Antique Jaw Fossil,5,20,0,0,0.00020111821728812195,4.0,0.0,0.0,0.0,Antique Jaw Fossil,trainer,POR,68,J,1,Item,M3,0.00017316017316017316,0.0002564102564102564,0.00019067594622938316,0.0
Palafin [TEF 49],5,6,0,0,0.00020111821728812195,1.2,0.0,0.0,0.0,Palafin,pokemon,TEF,49,H,0,Stage 1,SV5K,0.0,0.0003846153846153846,0.00019067594622938316,0.0
Shuppet [ASC 90],5,7,0,0,0.00020111821728812195,1.4,0.0,0.0,0.0,Shuppet,pokemon,ASC,90,I,1,Basic,MC;SV9,0.0006926406926406926,0.0,9.533797311469158e-05,0.0
Claydol [CRI 47],5,6,0,0,0.00020111821728812195,1.2,0.0,0.0,0.0,Claydol,pokemon,CRI,47,J,1,Stage 1,M4,0.0006926406926406926,0.0001282051282051282,0.0,0.0
Okidogi [ASC 122],5,5,0,0,0.00020111821728812195,1.0,0.0,0.0,0.0,Okidogi,pokemon,ASC,122,I,1,Basic,M2a,0.0,0.0003846153846153846,0.00019067594622938316,0.0
Mega Camerupt ex [MEG 156],5,13,0,0,0.00020111821728812195,2.6,0.0,0.0,0.0,Mega Camerupt ex,pokemon,MEG,22,I,1,"Stage 1,MEGA,ex",M1L,0.00017316017316017316,0.0002564102564102564,0.00019067594622938316,0.0
Bergmite [CRI 23],5,17,0,0,0.00020111821728812195,3.4,0.0,0.0,0.0,Bergmite,pokemon,CRI,23,J,1,Basic,M4,0.0003463203463203463,0.0003846153846153846,0.0,0.0
Togetic [ASC 81],5,5,0,0,0.00020111821728812195,1.0,0.0,0.0,0.0,Togetic,pokemon,ASC,81,H,0,Stage 1,M2a;MC;SV8,0.00017316017316017316,0.0002564102564102564,9.533797311469158e-05,0.0012547051442910915
Furfrou [POR 67],5,5,1,0,0.00020111821728812195,1.0,0.0002205071664829107,0.0,1.0964057331863286,Furfrou,pokemon,POR,67,J,1,Basic,M3,0.00017316017316017316,0.0005128205128205128,0.0,0.0
Tapu Koko [SSP 65],5,5,0,0,0.00020111821728812195,1.0,0.0,0.0,0.0,Tapu Koko,pokemon,SSP,65,H,0,Basic,MC;SV8,0.0005194805194805195,0.0001282051282051282,9.533797311469158e-05,0.0
Misty's Staryu [DRI 46],5,15,0,0,0.00020111821728812195,3.0,0.0,0.0,0.0,Misty's Staryu,pokemon,DRI,46,I,1,Basic,MC;SV9a,0.00017316017316017316,0.0003846153846153846,9.533797311469158e-05,0.0
Armarouge [PBL 12],5,5,1,0,0.00020111821728812195,1.0,0.0002205071664829107,0.0,1.0964057331863286,Armarouge,pokemon,PBL,12,J,1,Stage 1,M5,0.0,0.000641025641025641,0.0,0.0
Zacian [MEP 15],5,5,1,0,0.00020111821728812195,1.0,0.0002205071664829107,0.0,1.0964057331863286,Zacian,pokemon,PFL,45,I,1,Basic,M2,0.00017316017316017316,0.0001282051282051282,0.0002860139193440747,0.0
Aurorus [POR 24],5,9,0,0,0.00020111821728812195,1.8,0.0,0.0,0.0,Aurorus,pokemon,POR,24,J,1,Stage 2,M3,0.00017316017316017316,0.0003846153846153846,9.533797311469158e-05,0.0
Baltoy [CRI 46],5,6,0,0,0.00020111821728812195,1.2,0.0,0.0,0.0,Baltoy,pokemon,CRI,46,J,1,Basic,M4,0.0006926406926406926,0.0001282051282051282,0.0,0.0
Beheeyem [TEF 74],5,5,0,0,0.00020111821728812195,1.0,0.0,0.0,0.0,Beheeyem,pokemon,TEF,74,H,0,Stage 1,MC;SVHM,0.00017316017316017316,0.0001282051282051282,0.00019067594622938316,0.0012547051442910915
Waitress,5,6,0,0,0.00020111821728812195,1.2,0.0,0.0,0.0,Waitress,trainer,ASC,215,J,1,Supporter,MC;MF;MP1,0.0,0.0002564102564102564,0.0002860139193440747,0.0
Gouging Fire [SSP 38],5,5,0,0,0.00020111821728812195,1.0,0.0,0.0,0.0,Gouging Fire,pokemon,SSP,38,H,0,"Basic,Ancient",MC;SV7a,0.0003463203463203463,0.0,0.0002860139193440747,0.0
Avalugg [CRI 24],5,16,0,0,0.00020111821728812195,3.2,0.0,0.0,0.0,Avalugg,pokemon,CRI,24,J,1,Stage 1,M4,0.0003463203463203463,0.0003846153846153846,0.0,0.0
Tyrantrum [MEP 66],5,14,0,0,0.00020111821728812195,2.8,0.0,0.0,0.0,Tyrantrum,pokemon,POR,45,J,1,Stage 2,M3,0.00017316017316017316,0.0002564102564102564,0.00019067594622938316,0.0
Iron Thorns ex [PRE 32],5,6,0,0,0.00020111821728812195,1.2,0.0,0.0,0.0,Iron Thorns ex,pokemon,TWM,77,H,0,"Basic,ex,Future",MC;SV5a;SV8a,0.0,0.0003846153846153846,0.00019067594622938316,0.0
Tyrunt [MEP 70],5,15,0,0,0.00020111821728812195,3.0,0.0,0.0,0.0,Tyrunt,pokemon,POR,44,J,1,Stage 1,M3,0.00017316017316017316,0.0002564102564102564,0.00019067594622938316,0.0
Orthworm ex [SCR 110],4,4,0,0,0.00016089457383049757,1.0,0.0,0.0,0.0,Orthworm ex,pokemon,SCR,110,H,0,"Basic,ex",MC;SV7,0.0,0.0001282051282051282,0.00019067594622938316,0.0012547051442910915
Okidogi ex [SFA 36],4,6,0,0,0.00016089457383049757,1.5,0.0,0.0,0.0,Okidogi ex,pokemon,SFA,36,H,0,"Basic,ex",MC;SV6a;SV8a,0.00017316017316017316,0.0002564102564102564,9.533797311469158e-05,0.0
Ogre's Mask,4,6,0,0,0.00016089457383049757,1.5,0.0,0.0,0.0,Ogre's Mask,trainer,TWM,159,H,0,Item,MC;SV6;SV8a;SVP,0.0003463203463203463,0.0001282051282051282,9.533797311469158e-05,0.0
Magneton [SSP 59],4,7,0,0,0.00016089457383049757,1.75,0.0,0.0,0.0,Magneton,pokemon,SSP,59,H,0,Stage 1,M2a;MC;SV8,0.00017316017316017316,0.0003846153846153846,0.0,0.0
Magnemite [MEG 45],4,7,0,0,0.00016089457383049757,1.75,0.0,0.0,0.0,Magnemite,pokemon,MEG,45,I,1,Basic,M1S,0.00017316017316017316,0.0003846153846153846,0.0,0.0
Cubchoo [BLK 109],4,4,0,0,0.00016089457383049757,1.0,0.0,0.0,0.0,Cubchoo,pokemon,BLK,25,I,1,Basic,SV11B,0.00017316017316017316,0.0002564102564102564,9.533797311469158e-05,0.0
Vulpix [CRI 8],4,6,0,0,0.00016089457383049757,1.5,0.0,0.0,0.0,Vulpix,pokemon,CRI,8,J,1,Basic,M4,0.0003463203463203463,0.0002564102564102564,0.0,0.0
Clemont's Quick Wit,4,4,0,0,0.00016089457383049757,1.0,0.0,0.0,0.0,Clemont's Quick Wit,trainer,SSP,167,H,0,Supporter,MC;SV8,0.0,0.0003846153846153846,9.533797311469158e-05,0.0
Skorupi [POR 51],4,4,3,0,0.00016089457383049757,1.0,0.000661521499448732,0.0,4.111521499448732,Skorupi,pokemon,POR,51,J,1,Basic,M3,0.0006926406926406926,0.0,0.0,0.0
Lampent [TWM 37],4,6,0,0,0.00016089457383049757,1.5,0.0,0.0,0.0,Lampent,pokemon,TWM,37,H,0,Stage 1,SV6,0.00017316017316017316,0.0,0.0002860139193440747,0.0
Litwick [WHT 101],4,8,0,0,0.00016089457383049757,2.0,0.0,0.0,0.0,Litwick,pokemon,WHT,16,I,1,Basic,SV11B,0.0,0.0,0.00038135189245876633,0.0
Paldean Tauros [PFL 48],4,16,0,0,0.00016089457383049757,4.0,0.0,0.0,0.0,Paldean Tauros,pokemon,PFL,48,I,1,Basic,M2,0.00017316017316017316,0.0002564102564102564,9.533797311469158e-05,0.0
Numel [MEG 21],4,11,0,0,0.00016089457383049757,2.75,0.0,0.0,0.0,Numel,pokemon,MEG,21,I,1,Basic,M1L,0.00017316017316017316,0.0001282051282051282,0.00019067594622938316,0.0
Wailord ex [PBL 16],4,12,0,0,0.00016089457383049757,3.0,0.0,0.0,0.0,Wailord ex,pokemon,PBL,16,J,1,"Stage 1,ex",M5,0.0,0.0005128205128205128,0.0,0.0
Volcarona [BLK 100],4,8,0,0,0.00016089457383049757,2.0,0.0,0.0,0.0,Volcarona,pokemon,BLK,16,I,1,Stage 1,MC;SV11B,0.00017316017316017316,0.0002564102564102564,9.533797311469158e-05,0.0
Antique Sail Fossil,4,8,0,0,0.00016089457383049757,2.0,0.0,0.0,0.0,Antique Sail Fossil,trainer,POR,69,J,1,Item,M3,0.00017316017316017316,0.0003846153846153846,0.0,0.0
Wailmer [PBL 15],4,15,0,0,0.00016089457383049757,3.75,0.0,0.0,0.0,Wailmer,pokemon,PBL,15,J,1,Basic,M5,0.0,0.0005128205128205128,0.0,0.0
Zapdos [TWM 65],4,5,0,0,0.00016089457383049757,1.25,0.0,0.0,0.0,Zapdos,pokemon,TWM,65,H,0,Basic,MC;SV5a;SVM,0.0,0.0,0.00038135189245876633,0.0
Igglybuff [30C 120],4,16,0,0,0.00016089457383049757,4.0,0.0,0.0,0.0,Igglybuff,pokemon,30C,120,J,1,Basic,M6a,0.0,0.0005128205128205128,0.0,0.0
Fennekin [CRI 11],4,12,0,0,0.00016089457383049757,3.0,0.0,0.0,0.0,Fennekin,pokemon,CRI,11,J,1,Basic,M4,0.0006926406926406926,0.0,0.0,0.0
Eevee [SCR 113],4,4,1,0,0.00016089457383049757,1.0,0.0002205071664829107,0.0,1.3705071664829107,Eevee,pokemon,SCR,113,H,0,Basic,SMP,0.0,0.0,0.00038135189245876633,0.0
Jynx [PBL 32],4,7,0,0,0.00016089457383049757,1.75,0.0,0.0,0.0,Jynx,pokemon,PBL,32,J,1,Basic,M5,0.0,0.0005128205128205128,0.0,0.0
Salandit [POR 15],4,13,0,0,0.00016089457383049757,3.25,0.0,0.0,0.0,Salandit,pokemon,POR,15,J,1,Basic,M3,0.0,0.0001282051282051282,0.0002860139193440747,0.0
Reshiram [30C 14],4,4,1,0,0.00016089457383049757,1.0,0.0002205071664829107,0.0,1.3705071664829107,Reshiram,pokemon,30C,14,J,1,Basic,M6a,0.0,0.0005128205128205128,0.0,0.0
Roxie's Performance,4,7,0,0,0.00016089457383049757,1.75,0.0,0.0,0.0,Roxie's Performance,trainer,CRI,81,J,1,Supporter,M4,0.0006926406926406926,0.0,0.0,0.0
Salazzle ex [POR 101],4,12,0,0,0.00016089457383049757,3.0,0.0,0.0,0.0,Salazzle ex,pokemon,POR,16,J,1,"Stage 1,ex",M3,0.0,0.0001282051282051282,0.0002860139193440747,0.0
Feebas [TWM 49],4,6,0,0,0.00016089457383049757,1.5,0.0,0.0,0.0,Feebas,pokemon,TWM,49,H,0,Basic,SV6;SV8a,0.00017316017316017316,0.0,0.0002860139193440747,0.0
Delphox [CRI 13],4,10,0,0,0.00016089457383049757,2.5,0.0,0.0,0.0,Delphox,pokemon,CRI,13,J,1,Stage 2,M4,0.0006926406926406926,0.0,0.0,0.0
Dewgong [POR 19],4,8,0,0,0.00016089457383049757,2.0,0.0,0.0,0.0,Dewgong,pokemon,POR,19,J,1,Stage 1,M3,0.00017316017316017316,0.0001282051282051282,0.00019067594622938316,0.0
Mega Emboar ex [ASC 273],4,5,0,0,0.00016089457383049757,1.25,0.0,0.0,0.0,Mega Emboar ex,pokemon,ASC,31,J,1,"Stage 2,MEGA,ex",MC,0.00017316017316017316,0.0001282051282051282,0.00019067594622938316,0.0
Mow Rotom [SCR 8],4,4,0,0,0.00016089457383049757,1.0,0.0,0.0,0.0,Mow Rotom,pokemon,SCR,8,H,0,Basic,SV7,0.00017316017316017316,0.0,0.0002860139193440747,0.0
Misty's Magikarp [DRI 48],4,16,0,0,0.00016089457383049757,4.0,0.0,0.0,0.0,Misty's Magikarp,pokemon,DRI,48,I,1,Basic,MC;SV9a,0.00017316017316017316,0.0002564102564102564,9.533797311469158e-05,0.0
Team Rocket's Chingling [DRI 85],4,5,0,0,0.00016089457383049757,1.25,0.0,0.0,0.0,Team Rocket's Chingling,pokemon,DRI,85,I,1,Basic,SV10,0.0,0.0002564102564102564,0.00019067594622938316,0.0
Lt. Surge's Bargain,4,4,0,0,0.00016089457383049757,1.0,0.0,0.0,0.0,Lt. Surge's Bargain,trainer,MEG,120,I,1,Supporter,M1L;MC,0.0,0.0,0.00038135189245876633,0.0
Misty's Gyarados [DRI 49],4,15,0,0,0.00016089457383049757,3.75,0.0,0.0,0.0,Misty's Gyarados,pokemon,DRI,49,I,1,Stage 1,MC;SV9a,0.00017316017316017316,0.0002564102564102564,9.533797311469158e-05,0.0
Meddling Memo,4,4,1,0,0.00016089457383049757,1.0,0.0002205071664829107,0.0,1.3705071664829107,Meddling Memo,trainer,SSP,181,H,0,Item,SV7a,0.0,0.0,0.00038135189245876633,0.0
Cramorant [TWM 176],4,4,0,0,0.00016089457383049757,1.0,0.0,0.0,0.0,Cramorant,pokemon,TWM,58,H,0,Basic,MC;SV5a,0.00017316017316017316,0.0002564102564102564,9.533797311469158e-05,0.0
Misty's Lapras [DRI 194],4,13,0,0,0.00016089457383049757,3.25,0.0,0.0,0.0,Misty's Lapras,pokemon,DRI,50,I,1,Basic,MC;SV9a,0.00017316017316017316,0.0002564102564102564,9.533797311469158e-05,0.0
Team Rocket's Zapdos [DRI 70],4,4,0,0,0.00016089457383049757,1.0,0.0,0.0,0.0,Team Rocket's Zapdos,pokemon,DRI,70,I,1,Basic,SV10,0.0,0.0,0.00038135189245876633,0.0
Amulet of Hope,4,4,0,0,0.00016089457383049757,1.0,0.0,0.0,0.0,Amulet of Hope,trainer,SSP,162,H,0,"Pokémon Tool,ACE SPEC",SV8,0.0,0.0003846153846153846,9.533797311469158e-05,0.0
Tyme,4,6,0,0,0.00016089457383049757,1.5,0.0,0.0,0.0,Tyme,trainer,SSP,190,H,0,Supporter,SV8a;SVP,0.0,0.0,0.00038135189245876633,0.0
Frosmoth [MEG 43],4,8,0,0,0.00016089457383049757,2.0,0.0,0.0,0.0,Frosmoth,pokemon,MEG,43,I,1,Stage 1,M1S,0.00017316017316017316,0.0001282051282051282,0.00019067594622938316,0.0
Misty's Starmie [DRI 47],4,12,0,0,0.00016089457383049757,3.0,0.0,0.0,0.0,Misty's Starmie,pokemon,DRI,47,I,1,Stage 1,MC;SV9a,0.00017316017316017316,0.0002564102564102564,9.533797311469158e-05,0.0
Ninetales [CRI 9],4,5,0,0,0.00016089457383049757,1.25,0.0,0.0,0.0,Ninetales,pokemon,CRI,9,J,1,Stage 1,M4,0.0003463203463203463,0.0002564102564102564,0.0,0.0
Crustle [BLK 130],4,4,2,0,0.00016089457383049757,1.0,0.0004410143329658214,0.0,2.7410143329658214,Crustle,pokemon,BLK,52,I,1,Stage 1,SV11B,0.0,0.0,0.00038135189245876633,0.0
Dangerous Laser,4,4,0,0,0.00016089457383049757,1.0,0.0,0.0,0.0,Dangerous Laser,trainer,SFA,58,H,0,"Item,ACE SPEC",MC;SV6a,0.0,0.0003846153846153846,9.533797311469158e-05,0.0
Braixen [CRI 12],4,6,0,0,0.00016089457383049757,1.5,0.0,0.0,0.0,Braixen,pokemon,CRI,12,J,1,Stage 1,M4,0.0006926406926406926,0.0,0.0,0.0
N's Vanillish [ASC 50],3,3,0,0,0.00012067093037287318,1.0,0.0,0.0,0.0,N's Vanillish,pokemon,ASC,50,I,1,Stage 1,M2a,0.0,0.0,0.0002860139193440747,0.0
Love Ball,3,6,0,0,0.00012067093037287318,2.0,0.0,0.0,0.0,Love Ball,trainer,TWM,156,H,0,Item,SV5a,0.0,0.0001282051282051282,9.533797311469158e-05,0.0012547051442910915
Nitro Fire Energy,3,3,0,0,0.00012067093037287318,1.0,0.0,0.0,0.0,Nitro Fire Energy,energy,CRI,86,J,1,Special,M4;M6,0.0003463203463203463,0.0001282051282051282,0.0,0.0
Meloetta ex [BLK 159],3,4,0,0,0.00012067093037287318,1.3333333333333333,0.0,0.0,0.0,Meloetta ex,pokemon,BLK,44,I,1,"Basic,ex",SV11B,0.00017316017316017316,0.0001282051282051282,9.533797311469158e-05,0.0
Turtonator [POR 17],3,6,0,0,0.00012067093037287318,2.0,0.0,0.0,0.0,Turtonator,pokemon,POR,17,J,1,Basic,M3,0.00017316017316017316,0.0001282051282051282,9.533797311469158e-05,0.0
Munkidori ex [SFA 37],3,6,0,0,0.00012067093037287318,2.0,0.0,0.0,0.0,Munkidori ex,pokemon,SFA,37,H,0,"Basic,ex",SV6a;SV8a,0.00017316017316017316,0.0002564102564102564,0.0,0.0
Dialga [SSP 135],3,5,0,0,0.00012067093037287318,1.6666666666666667,0.0,0.0,0.0,Dialga,pokemon,SSP,135,H,0,Basic,SV7a,0.0,0.0002564102564102564,9.533797311469158e-05,0.0
Tauros [CRI 69],3,12,0,0,0.00012067093037287318,4.0,0.0,0.0,0.0,Tauros,pokemon,CRI,69,J,1,Basic,M4,0.00017316017316017316,0.0002564102564102564,0.0,0.0
N's Vanillite [ASC 49],3,4,0,0,0.00012067093037287318,1.3333333333333333,0.0,0.0,0.0,N's Vanillite,pokemon,ASC,49,I,1,Basic,M2a,0.0,0.0,0.0002860139193440747,0.0
Team Rocket's Great Ball,3,6,0,0,0.00012067093037287318,2.0,0.0,0.0,0.0,Team Rocket's Great Ball,trainer,ASC,205,I,1,Item,MC;SV10,0.00017316017316017316,0.0,0.00019067594622938316,0.0
Gengar ex [30C 154],3,7,0,0,0.00012067093037287318,2.3333333333333335,0.0,0.0,0.0,Gengar ex,pokemon,30C,90,J,1,"Stage 2,ex",M6a,0.0,0.0003846153846153846,0.0,0.0
Zweilous [WHT 147],3,5,0,0,0.00012067093037287318,1.6666666666666667,0.0,0.0,0.0,Zweilous,pokemon,WHT,66,I,1,Stage 1,MC;SV11W,0.0,0.0001282051282051282,0.00019067594622938316,0.0
Erika's Oddish [ASC 1],3,7,0,0,0.00012067093037287318,2.3333333333333335,0.0,0.0,0.0,Erika's Oddish,pokemon,ASC,1,J,1,Basic,MC,0.0,0.0002564102564102564,9.533797311469158e-05,0.0
Zamazenta [DRI 146],3,4,0,0,0.00012067093037287318,1.3333333333333333,0.0,0.0,0.0,Zamazenta,pokemon,DRI,146,I,1,Basic,SV10,0.0,0.0,0.0002860139193440747,0.0
Yungoos [MEG 109],3,5,0,0,0.00012067093037287318,1.6666666666666667,0.0,0.0,0.0,Yungoos,pokemon,MEG,109,I,1,Basic,M1L,0.00017316017316017316,0.0001282051282051282,9.533797311469158e-05,0.0
Tyrogue [MEG 71],3,6,0,0,0.00012067093037287318,2.0,0.0,0.0,0.0,Tyrogue,pokemon,MEG,71,I,1,Basic,M1L,0.0,0.0003846153846153846,0.0,0.0
Reshiram ex [WHT 158],3,3,0,0,0.00012067093037287318,1.0,0.0,0.0,0.0,Reshiram ex,pokemon,WHT,20,I,1,"Basic,ex",M2a;MC;SV11W,0.00017316017316017316,0.0001282051282051282,9.533797311469158e-05,0.0
Antique Plume Fossil,3,9,0,0,0.00012067093037287318,3.0,0.0,0.0,0.0,Antique Plume Fossil,trainer,WHT,79,I,1,Item,MC;SV11W,0.00017316017316017316,0.0002564102564102564,0.0,0.0
Prinplup [PFL 28],3,3,0,0,0.00012067093037287318,1.0,0.0,0.0,0.0,Prinplup,pokemon,PFL,28,I,1,Stage 1,M2,0.0,0.0001282051282051282,0.00019067594622938316,0.0
Larvesta [SSP 196],3,7,0,0,0.00012067093037287318,2.3333333333333335,0.0,0.0,0.0,Larvesta,pokemon,SSP,24,H,0,Basic,MC;SV8,0.0,0.0002564102564102564,9.533797311469158e-05,0.0
Shellos [SSP 46],3,3,0,0,0.00012067093037287318,1.0,0.0,0.0,0.0,Shellos,pokemon,SSP,46,H,0,Basic,SV8,0.00017316017316017316,0.0001282051282051282,9.533797311469158e-05,0.0
Gumshoos [MEG 110],3,5,0,0,0.00012067093037287318,1.6666666666666667,0.0,0.0,0.0,Gumshoos,pokemon,MEG,110,I,1,Stage 1,M1L,0.00017316017316017316,0.0001282051282051282,9.533797311469158e-05,0.0
Pignite [WHT 12],3,6,0,0,0.00012067093037287318,2.0,0.0,0.0,0.0,Pignite,pokemon,WHT,12,I,1,Stage 1,M2a;MC;SV11W,0.00017316017316017316,0.0001282051282051282,9.533797311469158e-05,0.0
Team Rocket's Hypnotizer,3,3,0,0,0.00012067093037287318,1.0,0.0,0.0,0.0,Team Rocket's Hypnotizer,trainer,ASC,206,I,1,Pokémon Tool,SVP,0.00017316017316017316,0.0001282051282051282,9.533797311469158e-05,0.0
Technical Machine: Fluorite,3,5,0,0,0.00012067093037287318,1.6666666666666667,0.0,0.0,0.0,Technical Machine: Fluorite,trainer,SSP,188,H,0,Pokémon Tool,SV8,0.0,0.0002564102564102564,0.0,0.0012547051442910915
Emboar [WHT 13],3,6,0,0,0.00012067093037287318,2.0,0.0,0.0,0.0,Emboar,pokemon,WHT,13,I,1,Stage 2,M2a;MC;SV11W,0.00017316017316017316,0.0001282051282051282,9.533797311469158e-05,0.0
Antique Cover Fossil,3,11,0,0,0.00012067093037287318,3.6666666666666665,0.0,0.0,0.0,Antique Cover Fossil,trainer,SCR,129,H,0,Item,SV11B;SV7,0.00017316017316017316,0.0002564102564102564,0.0,0.0
Tirtouga [BLK 106],3,7,0,0,0.00012067093037287318,2.3333333333333335,0.0,0.0,0.0,Tirtouga,pokemon,BLK,22,I,1,Stage 1,SV11B,0.00017316017316017316,0.0002564102564102564,0.0,0.0
Gastrodon [SSP 107],3,3,0,0,0.00012067093037287318,1.0,0.0,0.0,0.0,Gastrodon,pokemon,SSP,107,H,0,Stage 1,SV8,0.00017316017316017316,0.0001282051282051282,9.533797311469158e-05,0.0
Tepig [WHT 11],3,10,0,0,0.00012067093037287318,3.3333333333333335,0.0,0.0,0.0,Tepig,pokemon,WHT,11,I,1,Basic,M2a;MC;SV11W,0.00017316017316017316,0.0001282051282051282,9.533797311469158e-05,0.0
Deoxys [CRI 33],3,3,1,0,0.00012067093037287318,1.0,0.0002205071664829107,0.0,1.827342888643881,Deoxys,pokemon,CRI,33,J,1,Basic,M4,0.0005194805194805195,0.0,0.0,0.0
Diggersby [POR 65],3,6,0,0,0.00012067093037287318,2.0,0.0,0.0,0.0,Diggersby,pokemon,POR,65,J,1,Stage 1,M3,0.0,0.0,0.0002860139193440747,0.0
Mega Floette ex [CRI 101],3,7,0,0,0.00012067093037287318,2.3333333333333335,0.0,0.0,0.0,Mega Floette ex,pokemon,CRI,35,J,1,"Basic,MEGA,ex",M4,0.0005194805194805195,0.0,0.0,0.0
Haxorus [SFA 46],3,3,0,0,0.00012067093037287318,1.0,0.0,0.0,0.0,Haxorus,pokemon,SFA,46,H,0,Stage 2,MC;SV6a,0.0,0.0,0.0002860139193440747,0.0
Seel [POR 18],3,6,0,0,0.00012067093037287318,2.0,0.0,0.0,0.0,Seel,pokemon,POR,18,J,1,Basic,M3;MP,0.00017316017316017316,0.0,0.00019067594622938316,0.0
Slaking ex [SSP 147],3,8,0,0,0.00012067093037287318,2.6666666666666665,0.0,0.0,0.0,Slaking ex,pokemon,SSP,147,H,0,"Stage 2,ex",MC;SV8,0.0,0.0001282051282051282,0.00019067594622938316,0.0
Ethan's Ho-Oh ex [ASC 26],3,8,0,0,0.00012067093037287318,2.6666666666666665,0.0,0.0,0.0,Ethan's Ho-Oh ex,pokemon,ASC,26,I,1,"Basic,ex",M2a;SV9a;SVP,0.00017316017316017316,0.0001282051282051282,9.533797311469158e-05,0.0
Bunnelby [POR 64],3,7,0,0,0.00012067093037287318,2.3333333333333335,0.0,0.0,0.0,Bunnelby,pokemon,POR,64,J,1,Basic,M3,0.0,0.0,0.0002860139193440747,0.0
Sinistcha ex [TWM 189],3,4,0,0,0.00012067093037287318,1.3333333333333333,0.0,0.0,0.0,Sinistcha ex,pokemon,TWM,23,H,0,"Stage 1,ex",MC;SV5a;SV8a,0.0,0.0003846153846153846,0.0,0.0
Sinistcha [TWM 22],3,9,0,0,0.00012067093037287318,3.0,0.0,0.0,0.0,Sinistcha,pokemon,TWM,22,H,0,Stage 1,SV6;SV8a,0.0,0.0003846153846153846,0.0,0.0
Phantump [CRI 38],3,7,0,0,0.00012067093037287318,2.3333333333333335,0.0,0.0,0.0,Phantump,pokemon,CRI,38,J,1,Basic,M4,0.00017316017316017316,0.0002564102564102564,0.0,0.0
Erika's Gloom [ASC 2],3,7,0,0,0.00012067093037287318,2.3333333333333335,0.0,0.0,0.0,Erika's Gloom,pokemon,ASC,2,J,1,Stage 1,MC,0.0,0.0002564102564102564,9.533797311469158e-05,0.0
Erika's Vileplume ex [ASC 3],3,7,0,0,0.00012067093037287318,2.3333333333333335,0.0,0.0,0.0,Erika's Vileplume ex,pokemon,ASC,3,J,1,"Stage 2,ex",MC,0.0,0.0002564102564102564,9.533797311469158e-05,0.0
Scream Tail [TEF 77],3,3,0,0,0.00012067093037287318,1.0,0.0,0.0,0.0,Scream Tail,pokemon,TEF,77,H,0,"Basic,Ancient",MC;SVHK,0.0,0.0002564102564102564,0.0,0.0012547051442910915
Zorua [WHT 142],3,5,0,0,0.00012067093037287318,1.6666666666666667,0.0,0.0,0.0,Zorua,pokemon,WHT,61,I,1,Basic,MC;SV11W,0.0,0.0002564102564102564,9.533797311469158e-05,0.0
Steven's Skarmory [DRI 142],3,3,0,0,0.00012067093037287318,1.0,0.0,0.0,0.0,Steven's Skarmory,pokemon,DRI,142,I,1,Basic,MC;SVOD,0.0,0.0003846153846153846,0.0,0.0
Trevenant [CRI 39],3,6,0,0,0.00012067093037287318,2.0,0.0,0.0,0.0,Trevenant,pokemon,CRI,39,J,1,Stage 1,M4,0.00017316017316017316,0.0002564102564102564,0.0,0.0
Alolan Exeggutor [30C 129],2,3,1,0,8.044728691524879e-05,1.5,0.0002205071664829107,0.0,2.7410143329658214,Alolan Exeggutor,pokemon,30C,2,J,1,Stage 1,M6a;MP,0.0,0.0002564102564102564,0.0,0.0
Torchic [MEP 56],2,3,0,0,8.044728691524879e-05,1.5,0.0,0.0,0.0,Torchic,pokemon,MEP,56,J,1,,,0.0,0.0002564102564102564,0.0,0.0
Amaura [POR 23],2,2,0,0,8.044728691524879e-05,1.0,0.0,0.0,0.0,Amaura,pokemon,POR,23,J,1,Stage 1,M3,0.0,0.0002564102564102564,0.0,0.0
Treasure Tracker,2,2,0,0,8.044728691524879e-05,1.0,0.0,0.0,0.0,Treasure Tracker,trainer,PRE,131,H,0,"Item,ACE SPEC",SV8a,0.00017316017316017316,0.0001282051282051282,0.0,0.0
Team Rocket's Meowth [ASC 161],2,5,0,0,8.044728691524879e-05,2.5,0.0,0.0,0.0,Team Rocket's Meowth,pokemon,ASC,161,I,1,Basic,MC;SV10;SVP,0.0,0.0001282051282051282,9.533797311469158e-05,0.0
Team Rocket's Moltres ex [DRI 208],2,2,0,0,8.044728691524879e-05,1.0,0.0,0.0,0.0,Team Rocket's Moltres ex,pokemon,DRI,31,I,1,"Basic,ex",SV10,0.00017316017316017316,0.0,9.533797311469158e-05,0.0
Team Rocket's Persian ex [DRI 150],2,5,0,0,8.044728691524879e-05,2.5,0.0,0.0,0.0,Team Rocket's Persian ex,pokemon,DRI,150,I,1,"Stage 1,ex",MC;SV10,0.0,0.0001282051282051282,9.533797311469158e-05,0.0
Alolan Exeggutor ex [SSP 133],2,6,0,0,8.044728691524879e-05,3.0,0.0,0.0,0.0,Alolan Exeggutor ex,pokemon,SSP,133,H,0,"Stage 1,Tera,ex",MC;SV7a;SVP,0.0,0.0002564102564102564,0.0,0.0
Billy & O'Nare,2,2,0,0,8.044728691524879e-05,1.0,0.0,0.0,0.0,Billy & O'Nare,trainer,JTG,142,H,0,Supporter,SVP,0.0,0.0001282051282051282,9.533797311469158e-05,0.0
Magmar [JTG 20],2,3,0,0,8.044728691524879e-05,1.5,0.0,0.0,0.0,Magmar,pokemon,JTG,20,I,1,Basic,MC;SV9,0.0,0.0,0.00019067594622938316,0.0
Luxray [POR 28],2,2,0,0,8.044728691524879e-05,1.0,0.0,0.0,0.0,Luxray,pokemon,POR,28,J,1,Stage 2,M3,0.0,0.0001282051282051282,9.533797311469158e-05,0.0
Luxio [POR 27],2,3,0,0,8.044728691524879e-05,1.5,0.0,0.0,0.0,Luxio,pokemon,POR,27,J,1,Stage 1,M3,0.0,0.0001282051282051282,9.533797311469158e-05,0.0
Lugia ex [PRE 82],2,5,0,0,8.044728691524879e-05,2.5,0.0,0.0,0.0,Lugia ex,pokemon,PRE,82,H,0,"Basic,ex",SVM,0.0,0.0001282051282051282,9.533797311469158e-05,0.0
N's Joltik [JTG 49],2,2,0,0,8.044728691524879e-05,1.0,0.0,0.0,0.0,N's Joltik,pokemon,JTG,49,I,1,Basic,SV9,0.00017316017316017316,0.0001282051282051282,0.0,0.0
Morpeko [TWM 72],2,2,0,0,8.044728691524879e-05,1.0,0.0,0.0,0.0,Morpeko,pokemon,TWM,72,H,0,Basic,MC;SV5a,0.0,0.0001282051282051282,9.533797311469158e-05,0.0
Morelull [SSP 8],2,4,0,0,8.044728691524879e-05,2.0,0.0,0.0,0.0,Morelull,pokemon,SSP,8,H,0,Basic,MC;SV7a,0.0,0.0,0.00019067594622938316,0.0
Fuecoco [SSP 29],2,2,1,0,8.044728691524879e-05,1.0,0.0002205071664829107,0.0,2.7410143329658214,Fuecoco,pokemon,SSP,29,H,0,Basic,MC;MP;SV8,0.0,0.0,0.00019067594622938316,0.0
Galarian Linoone [ASC 131],2,5,0,0,8.044728691524879e-05,2.5,0.0,0.0,0.0,Galarian Linoone,pokemon,ASC,131,I,1,Stage 1,M2a,0.00017316017316017316,0.0,9.533797311469158e-05,0.0
Galarian Zigzagoon [ASC 130],2,7,0,0,8.044728691524879e-05,3.5,0.0,0.0,0.0,Galarian Zigzagoon,pokemon,ASC,130,I,1,Basic,M2a,0.00017316017316017316,0.0,9.533797311469158e-05,0.0
Mega Latias ex [MEG 100],2,2,0,0,8.044728691524879e-05,1.0,0.0,0.0,0.0,Mega Latias ex,pokemon,MEG,100,I,1,"Basic,MEGA,ex",M1S,0.00017316017316017316,0.0,9.533797311469158e-05,0.0
Deduction Kit,2,3,0,0,8.044728691524879e-05,1.5,0.0,0.0,0.0,Deduction Kit,trainer,SSP,171,H,0,Item,MC;SV8,0.0,0.0002564102564102564,0.0,0.0
Teal Mask Ogerpon [DRI 26],2,3,0,0,8.044728691524879e-05,1.5,0.0,0.0,0.0,Teal Mask Ogerpon,pokemon,DRI,26,I,1,Basic,MC;SV9a,0.0,0.0001282051282051282,9.533797311469158e-05,0.0
Team Rocket's Arbok [DRI 113],2,4,0,0,8.044728691524879e-05,2.0,0.0,0.0,0.0,Team Rocket's Arbok,pokemon,DRI,113,I,1,Stage 1,SV10,0.0,0.0002564102564102564,0.0,0.0
Archen [WHT 131],2,2,0,0,8.044728691524879e-05,1.0,0.0,0.0,0.0,Archen,pokemon,WHT,50,I,1,Stage 1,MC;SV11W,0.00017316017316017316,0.0001282051282051282,0.0,0.0
Glaceon ex [PRE 150],2,3,0,0,8.044728691524879e-05,1.5,0.0,0.0,0.0,Glaceon ex,pokemon,PRE,26,H,0,"Stage 1,Tera,ex",MC;SV8a,0.00017316017316017316,0.0,9.533797311469158e-05,0.0
Garganacl [MEG 147],2,4,0,0,8.044728691524879e-05,2.0,0.0,0.0,0.0,Garganacl,pokemon,MEG,84,I,1,Stage 2,M1L;MC,0.0,0.0,0.00019067594622938316,0.0
Team Rocket's Larvitar [DRI 94],2,2,0,0,8.044728691524879e-05,1.0,0.0,0.0,0.0,Team Rocket's Larvitar,pokemon,DRI,94,I,1,Basic,SV10,0.0003463203463203463,0.0,0.0,0.0
Gholdengo [SSP 131],2,8,0,0,8.044728691524879e-05,4.0,0.0,0.0,0.0,Gholdengo,pokemon,SSP,131,H,0,Stage 1,MC;SV7a,0.0,0.0,0.00019067594622938316,0.0
Gimmighoul [SSP 97],2,7,0,0,8.044728691524879e-05,3.5,0.0,0.0,0.0,Gimmighoul,pokemon,SSP,97,H,0,Basic,SV7a,0.0,0.0,0.00019067594622938316,0.0
Gothita [WHT 124],2,3,0,0,8.044728691524879e-05,1.5,0.0,0.0,0.0,Gothita,pokemon,WHT,41,I,1,Basic,MC;SV11W,0.0,0.0,0.00019067594622938316,0.0
Ethan's Slugma [ASC 23],2,7,0,0,8.044728691524879e-05,3.5,0.0,0.0,0.0,Ethan's Slugma,pokemon,ASC,23,I,1,Basic,M2a;SV9a,0.0,0.0001282051282051282,9.533797311469158e-05,0.0
Ethan's Pinsir [DRI 1],2,2,0,0,8.044728691524879e-05,1.0,0.0,0.0,0.0,Ethan's Pinsir,pokemon,DRI,1,I,1,Basic,M2a;SV9a,0.0,0.0001282051282051282,9.533797311469158e-05,0.0
Spiritomb [MEG 148],2,2,0,0,8.044728691524879e-05,1.0,0.0,0.0,0.0,Spiritomb,pokemon,MEG,87,I,1,Basic,M1L;MC,0.00017316017316017316,0.0,9.533797311469158e-05,0.0
Gourgeist ex [CRI 102],2,6,0,0,8.044728691524879e-05,3.0,0.0,0.0,0.0,Gourgeist ex,pokemon,CRI,41,J,1,"Stage 1,ex",M4,0.00017316017316017316,0.0001282051282051282,0.0,0.0
Stunfisk ex [ASC 114],2,2,0,0,8.044728691524879e-05,1.0,0.0,0.0,0.0,Stunfisk ex,pokemon,ASC,114,J,1,"Basic,ex",MC,0.00017316017316017316,0.0,9.533797311469158e-05,0.0
Nacli [MEG 82],2,4,0,0,8.044728691524879e-05,2.0,0.0,0.0,0.0,Nacli,pokemon,MEG,82,I,1,Basic,M1L;MC,0.0,0.0,0.00019067594622938316,0.0
Naclstack [MEG 83],2,3,0,0,8.044728691524879e-05,1.5,0.0,0.0,0.0,Naclstack,pokemon,MEG,83,I,1,Stage 1,M1L;MC,0.0,0.0,0.00019067594622938316,0.0
Tatsugiri ex [SSP 142],2,8,0,0,8.044728691524879e-05,4.0,0.0,0.0,0.0,Tatsugiri ex,pokemon,SSP,142,H,0,"Basic,Tera,ex",SV8,0.0,0.0001282051282051282,9.533797311469158e-05,0.0
Bronzor [SSP 126],2,2,1,0,8.044728691524879e-05,1.0,0.0002205071664829107,0.0,2.7410143329658214,Bronzor,pokemon,SSP,126,H,0,Basic,MC;SV8,0.0,0.0,0.00019067594622938316,0.0
Team Rocket's Ekans [DRI 112],2,4,0,0,8.044728691524879e-05,2.0,0.0,0.0,0.0,Team Rocket's Ekans,pokemon,DRI,112,I,1,Basic,SV10,0.0,0.0002564102564102564,0.0,0.0
Buneary [PRE 83],2,2,1,0,8.044728691524879e-05,1.0,0.0002205071664829107,0.0,2.7410143329658214,Buneary,pokemon,PRE,83,H,0,Basic,SVM,0.0,0.0,0.00019067594622938316,0.0
Shinx [POR 26],2,4,0,0,8.044728691524879e-05,2.0,0.0,0.0,0.0,Shinx,pokemon,POR,26,J,1,Basic,M3,0.0,0.0001282051282051282,9.533797311469158e-05,0.0
Slakoth [SSP 145],2,7,0,0,8.044728691524879e-05,3.5,0.0,0.0,0.0,Slakoth,pokemon,SSP,145,H,0,Basic,MC;SV8,0.0,0.0001282051282051282,9.533797311469158e-05,0.0
Charcadet [SCR 29],2,3,0,0,8.044728691524879e-05,1.5,0.0,0.0,0.0,Charcadet,pokemon,SCR,29,H,0,Basic,MC;SVI,0.0,0.0,0.00019067594622938316,0.0
Charcadet [PBL 11],2,3,0,0,8.044728691524879e-05,1.5,0.0,0.0,0.0,Charcadet,pokemon,PBL,11,J,1,Basic,M5,0.0,0.0002564102564102564,0.0,0.0
Magmortar [JTG 21],2,3,0,0,8.044728691524879e-05,1.5,0.0,0.0,0.0,Magmortar,pokemon,JTG,21,I,1,Stage 1,MC;SV9,0.0,0.0,0.00019067594622938316,0.0
Ethan's Magcargo [ASC 222],2,6,0,0,8.044728691524879e-05,3.0,0.0,0.0,0.0,Ethan's Magcargo,pokemon,ASC,24,I,1,Stage 1,M2a;SV9a,0.0,0.0001282051282051282,9.533797311469158e-05,0.0
Koraidon [PBL 47],2,3,0,0,8.044728691524879e-05,1.5,0.0,0.0,0.0,Koraidon,pokemon,PBL,47,J,1,Basic,M5,0.0,0.0002564102564102564,0.0,0.0
Erika's Tangela [ASC 218],2,4,0,0,8.044728691524879e-05,2.0,0.0,0.0,0.0,Erika's Tangela,pokemon,ASC,7,J,1,Basic,MC,0.0,0.0002564102564102564,0.0,0.0
Gouging Fire ex [SVP 144],2,2,0,0,8.044728691524879e-05,1.0,0.0,0.0,0.0,Gouging Fire ex,pokemon,TEF,38,H,0,"Basic,ex,Ancient",MC;SV5K;SV8a,0.0,0.0,0.0,0.002509410288582183
Gothitelle [SVP 211],2,3,0,0,8.044728691524879e-05,1.5,0.0,0.0,0.0,Gothitelle,pokemon,WHT,43,I,1,Stage 2,MC;SV11W,0.0,0.0,0.00019067594622938316,0.0
Pecharunt [ASC 143],2,3,0,0,8.044728691524879e-05,1.5,0.0,0.0,0.0,Pecharunt,pokemon,ASC,143,I,1,Basic,M2a,0.0,0.0,0.00019067594622938316,0.0
Nymble [JTG 19],2,4,0,0,8.044728691524879e-05,2.0,0.0,0.0,0.0,Nymble,pokemon,JTG,19,H,0,Basic,SVM,0.0,0.0001282051282051282,9.533797311469158e-05,0.0
Snom [TEF 168],2,5,0,0,8.044728691524879e-05,2.5,0.0,0.0,0.0,Snom,pokemon,TEF,45,H,0,Basic,SV5K,0.00017316017316017316,0.0,9.533797311469158e-05,0.0
Marill [TEF 64],2,5,0,0,8.044728691524879e-05,2.5,0.0,0.0,0.0,Marill,pokemon,TEF,64,H,0,Basic,SV5K,0.0,0.0001282051282051282,9.533797311469158e-05,0.0
Snom [MEG 42],2,4,0,0,8.044728691524879e-05,2.0,0.0,0.0,0.0,Snom,pokemon,MEG,42,I,1,Basic,M1S,0.0,0.0001282051282051282,9.533797311469158e-05,0.0
Numel [ASC 223],2,5,0,0,8.044728691524879e-05,2.5,0.0,0.0,0.0,Numel,pokemon,ASC,27,I,1,Basic,M2a,0.0,0.0002564102564102564,0.0,0.0
Emma,2,3,0,0,8.044728691524879e-05,1.5,0.0,0.0,0.0,Emma,trainer,CRI,77,J,1,Supporter,M4,0.0,0.0002564102564102564,0.0,0.0
Shiinotic [SSP 194],2,4,0,0,8.044728691524879e-05,2.0,0.0,0.0,0.0,Shiinotic,pokemon,SSP,9,H,0,Stage 1,MC;SV7a,0.0,0.0,0.00019067594622938316,0.0
Carracosta [BLK 107],2,2,0,0,8.044728691524879e-05,1.0,0.0,0.0,0.0,Carracosta,pokemon,BLK,23,I,1,Stage 2,SV11B,0.00017316017316017316,0.0001282051282051282,0.0,0.0
Ceruledge [MEP 14],2,2,0,0,8.044728691524879e-05,1.0,0.0,0.0,0.0,Ceruledge,pokemon,PFL,20,I,1,Stage 1,M2,0.0,0.0,0.00019067594622938316,0.0
Lokix [PFL 10],2,4,0,0,8.044728691524879e-05,2.0,0.0,0.0,0.0,Lokix,pokemon,PFL,10,I,1,Stage 1,M2,0.0,0.0001282051282051282,9.533797311469158e-05,0.0
Lickitung [TEF 124],2,2,0,0,8.044728691524879e-05,1.0,0.0,0.0,0.0,Lickitung,pokemon,TEF,124,H,0,Basic,SV5M,0.00017316017316017316,0.0001282051282051282,0.0,0.0
Charmeleon [ASC 21],2,3,0,0,8.044728691524879e-05,1.5,0.0,0.0,0.0,Charmeleon,pokemon,ASC,21,J,1,Stage 1,MC,0.0,0.0,0.00019067594622938316,0.0
Cheren,2,2,1,0,8.044728691524879e-05,1.0,0.0002205071664829107,0.0,2.7410143329658214,Cheren,trainer,WHT,81,I,1,Supporter,BGS;BKB;BKR;BKW;BKZ;BKc;BKt;BKv;BTV;BW1w;BWP;GBR;HSZ;KK;KLD;MDB;MGg;MGm;SV11W;SVP;SZD,0.00017316017316017316,0.0,9.533797311469158e-05,0.0
Shiftry [TEF 163],2,2,0,0,8.044728691524879e-05,1.0,0.0,0.0,0.0,Shiftry,pokemon,TEF,5,H,0,Stage 2,SV5M,0.0,0.0001282051282051282,9.533797311469158e-05,0.0
Shaymin [POR 3],2,2,0,0,8.044728691524879e-05,1.0,0.0,0.0,0.0,Shaymin,pokemon,POR,3,J,1,Basic,M3,0.00017316017316017316,0.0,9.533797311469158e-05,0.0
Iron Boulder ex [SVP 147],2,2,0,0,8.044728691524879e-05,1.0,0.0,0.0,0.0,Iron Boulder ex,pokemon,TEF,99,H,0,"Basic,ex,Future",MC;SV5M,0.0,0.0001282051282051282,0.0,0.0012547051442910915
Skeledirge [SSP 31],2,2,1,0,8.044728691524879e-05,1.0,0.0002205071664829107,0.0,2.7410143329658214,Skeledirge,pokemon,SSP,31,H,0,Stage 2,MC;SV8,0.0,0.0,0.00019067594622938316,0.0
Scolipede [TWM 117],2,2,0,0,8.044728691524879e-05,1.0,0.0,0.0,0.0,Scolipede,pokemon,TWM,117,H,0,Stage 2,MC;SV6,0.0,0.0002564102564102564,0.0,0.0
Sandy Shocks [TEF 98],2,2,0,0,8.044728691524879e-05,1.0,0.0,0.0,0.0,Sandy Shocks,pokemon,TEF,98,H,0,"Basic,Ancient",MC;SVHK,0.0,0.0001282051282051282,9.533797311469158e-05,0.0
Hop's Sandaconda [JTG 87],2,2,0,0,8.044728691524879e-05,1.0,0.0,0.0,0.0,Hop's Sandaconda,pokemon,JTG,87,I,1,Stage 1,SV9,0.00017316017316017316,0.0,9.533797311469158e-05,0.0
Hop's Silicobra [JTG 86],2,3,0,0,8.044728691524879e-05,1.5,0.0,0.0,0.0,Hop's Silicobra,pokemon,JTG,86,I,1,Basic,SV9,0.00017316017316017316,0.0,9.533797311469158e-05,0.0
Pikachu ex [ASC 276],2,5,0,0,8.044728691524879e-05,2.5,0.0,0.0,0.0,Pikachu ex,pokemon,SVP,106,H,0,"Basic,ex",MC;SVI,0.0,0.0001282051282051282,9.533797311469158e-05,0.0
Pumpkaboo [CRI 40],2,6,0,0,8.044728691524879e-05,3.0,0.0,0.0,0.0,Pumpkaboo,pokemon,CRI,40,J,1,Basic,M4,0.00017316017316017316,0.0001282051282051282,0.0,0.0
Pinsir [TWM 168],2,2,0,0,8.044728691524879e-05,1.0,0.0,0.0,0.0,Pinsir,pokemon,TWM,3,H,0,Basic,SV5a,0.0,0.0001282051282051282,9.533797311469158e-05,0.0
Potion,2,2,0,0,8.044728691524879e-05,1.0,0.0,0.0,0.0,Potion,trainer,POR,83,F/G/J,1,Item,20th;CP6;HS;HSP;HSZ;HXY;MC;MF;MP1;SAg;SD;SEF;SH;SI;SM5S;SMA;SMD;SMH;SML;SN;SP;SVAM;SVD;SVI;SVM;SVP;WAK;X30;XYE;XYP,0.0,0.0001282051282051282,9.533797311469158e-05,0.0
Azelf [SSP 80],2,3,0,0,8.044728691524879e-05,1.5,0.0,0.0,0.0,Azelf,pokemon,SSP,80,H,0,Basic,MC;SV8,0.00017316017316017316,0.0,9.533797311469158e-05,0.0
Electrike [DRI 196],2,3,0,0,8.044728691524879e-05,1.5,0.0,0.0,0.0,Electrike,pokemon,DRI,75,I,1,Basic,MC;SV9a,0.00017316017316017316,0.0001282051282051282,0.0,0.0
Dustox [ASC 15],2,2,0,0,8.044728691524879e-05,1.0,0.0,0.0,0.0,Dustox,pokemon,ASC,15,I,1,Stage 2,M2a,0.0,0.0,0.00019067594622938316,0.0
Dwebble [BLK 129],2,2,0,0,8.044728691524879e-05,1.0,0.0,0.0,0.0,Dwebble,pokemon,BLK,51,I,1,Basic,SV11B,0.0,0.0,0.00019067594622938316,0.0
Archeops [WHT 132],2,4,0,0,8.044728691524879e-05,2.0,0.0,0.0,0.0,Archeops,pokemon,WHT,51,I,1,Stage 2,MC;SV11W,0.00017316017316017316,0.0001282051282051282,0.0,0.0
Excadrill ex [BLK 160],2,3,0,0,8.044728691524879e-05,1.5,0.0,0.0,0.0,Excadrill ex,pokemon,BLK,46,I,1,"Stage 1,ex",MC;SV11B,0.0,0.0,9.533797311469158e-05,0.0012547051442910915
Exeggcute [SSP 1],2,8,0,0,8.044728691524879e-05,4.0,0.0,0.0,0.0,Exeggcute,pokemon,SSP,1,H,0,Basic,MC;SV7a,0.0,0.0002564102564102564,0.0,0.0
Whimsicott ex [WHT 157],2,4,0,0,8.044728691524879e-05,2.0,0.0,0.0,0.0,Whimsicott ex,pokemon,WHT,5,I,1,"Stage 1,ex",MC;SV11W,0.0,0.0001282051282051282,9.533797311469158e-05,0.0
Yveltal [SFA 35],2,2,0,0,8.044728691524879e-05,1.0,0.0,0.0,0.0,Yveltal,pokemon,SFA,35,H,0,Basic,MC;SV6a,0.0,0.0001282051282051282,9.533797311469158e-05,0.0
Wo-Chien [SSP 15],2,2,0,0,8.044728691524879e-05,1.0,0.0,0.0,0.0,Wo-Chien,pokemon,SSP,15,H,0,Basic,SV8,0.0,0.0,0.00019067594622938316,0.0
Xerneas ex [SVP 179],2,2,0,0,8.044728691524879e-05,1.0,0.0,0.0,0.0,Xerneas ex,pokemon,SVP,179,H,0,,SVM,0.00017316017316017316,0.0,9.533797311469158e-05,0.0
Vigoroth [SSP 146],2,5,0,0,8.044728691524879e-05,2.5,0.0,0.0,0.0,Vigoroth,pokemon,SSP,146,H,0,Stage 1,MC;SV8,0.0,0.0001282051282051282,9.533797311469158e-05,0.0
Urbain,2,3,0,0,8.044728691524879e-05,1.5,0.0,0.0,0.0,Urbain,trainer,ASC,214,J,1,Supporter,MC;MEE;MEM;MEZ;MF;MP;MP1,0.00017316017316017316,0.0,9.533797311469158e-05,0.0
Veluza [SCR 45],2,7,0,0,8.044728691524879e-05,3.5,0.0,0.0,0.0,Veluza,pokemon,SCR,45,H,0,Basic,MC;SV7,0.00017316017316017316,0.0,9.533797311469158e-05,0.0
Antique Root Fossil,2,6,0,0,8.044728691524879e-05,3.0,0.0,0.0,0.0,Antique Root Fossil,trainer,SCR,130,H,0,Item,SV7,0.0,0.0002564102564102564,0.0,0.0
Wailord [JTG 162],2,2,0,0,8.044728691524879e-05,1.0,0.0,0.0,0.0,Wailord,pokemon,JTG,41,I,1,Stage 1,MC;SV9,0.0,0.0002564102564102564,0.0,0.0
Applin [SSP 138],1,1,0,0,4.022364345762439e-05,1.0,0.0,0.0,0.0,Applin,pokemon,SSP,138,H,0,Basic,SV7a,0.00017316017316017316,0.0,0.0,0.0
Wash Rotom [DRI 61],1,1,0,0,4.022364345762439e-05,1.0,0.0,0.0,0.0,Wash Rotom,pokemon,DRI,61,I,1,Basic,SV10,0.0,0.0001282051282051282,0.0,0.0
Tyranitar [JTG 95],1,1,0,0,4.022364345762439e-05,1.0,0.0,0.0,0.0,Tyranitar,pokemon,JTG,95,I,1,Stage 2,SV9,0.0,0.0001282051282051282,0.0,0.0
Umbreon ex [PRE 161],1,4,0,0,4.022364345762439e-05,4.0,0.0,0.0,0.0,Umbreon ex,pokemon,PRE,60,H,0,"Stage 1,Tera,ex",MC;SV8a,0.0,0.0,9.533797311469158e-05,0.0
Unfezant [BLK 150],1,4,0,0,4.022364345762439e-05,4.0,0.0,0.0,0.0,Unfezant,pokemon,BLK,73,I,1,Stage 2,MC;SV11B,0.0,0.0001282051282051282,0.0,0.0
Victini [30C 13],1,1,0,0,4.022364345762439e-05,1.0,0.0,0.0,0.0,Victini,pokemon,30C,13,J,1,Basic,MF,0.0,0.0001282051282051282,0.0,0.0
Victini [BLK 12],1,1,0,0,4.022364345762439e-05,1.0,0.0,0.0,0.0,Victini,pokemon,BLK,12,I,1,Basic,MC;SV11B;SVP,0.0,0.0,9.533797311469158e-05,0.0
Victini [TEF 30],1,1,0,0,4.022364345762439e-05,1.0,0.0,0.0,0.0,Victini,pokemon,TEF,30,H,0,Basic,MC;SV5M;SVM,0.0,0.0,9.533797311469158e-05,0.0
Vikavolt [PBL 26],1,3,0,0,4.022364345762439e-05,3.0,0.0,0.0,0.0,Vikavolt,pokemon,PBL,26,J,1,Stage 2,M5,0.0,0.0001282051282051282,0.0,0.0
Zangoose [SSP 149],1,2,0,0,4.022364345762439e-05,2.0,0.0,0.0,0.0,Zangoose,pokemon,SSP,149,H,0,Basic,MC;SV8,0.0,0.0001282051282051282,0.0,0.0
Zeraora [SCR 151],1,1,0,0,4.022364345762439e-05,1.0,0.0,0.0,0.0,Zeraora,pokemon,SCR,55,H,0,Basic,MC;SV7;SV8a,0.00017316017316017316,0.0,0.0,0.0
Wishiwashi [30C 22],1,1,0,0,4.022364345762439e-05,1.0,0.0,0.0,0.0,Wishiwashi,pokemon,30C,22,J,1,Basic,M6a,0.0,0.0001282051282051282,0.0,0.0
Xerneas [MEG 64],1,1,0,0,4.022364345762439e-05,1.0,0.0,0.0,0.0,Xerneas,pokemon,MEG,64,I,1,Basic,M1S,0.00017316017316017316,0.0,0.0,0.0
Xerneas [SSP 88],1,1,0,0,4.022364345762439e-05,1.0,0.0,0.0,0.0,Xerneas,pokemon,SSP,88,H,0,Basic,MC;SVLN,0.0,0.0,9.533797311469158e-05,0.0
Yamask [SSP 82],1,1,0,0,4.022364345762439e-05,1.0,0.0,0.0,0.0,Yamask,pokemon,SSP,82,H,0,Basic,MC;SV8,0.0,0.0,9.533797311469158e-05,0.0
Yamask [WHT 122],1,2,0,0,4.022364345762439e-05,2.0,0.0,0.0,0.0,Yamask,pokemon,WHT,39,I,1,Basic,MC;SV11W,0.0,0.0001282051282051282,0.0,0.0
Exeggcute [30C 1],1,1,1,0,4.022364345762439e-05,1.0,0.0002205071664829107,0.0,5.482028665931643,Exeggcute,pokemon,30C,1,J,1,Basic,M6a,0.0,0.0001282051282051282,0.0,0.0
Exeggcute [MEG 4],1,1,0,0,4.022364345762439e-05,1.0,0.0,0.0,0.0,Exeggcute,pokemon,MEG,4,I,1,Basic,M1L,0.0,0.0001282051282051282,0.0,0.0
Exeggcute [PRE 1],1,1,0,0,4.022364345762439e-05,1.0,0.0,0.0,0.0,Exeggcute,pokemon,PRE,1,H,0,Basic,MC;SVM,0.0,0.0001282051282051282,0.0,0.0
Exeggutor [SSP 3],1,1,0,0,4.022364345762439e-05,1.0,0.0,0.0,0.0,Exeggutor,pokemon,SSP,3,H,0,Stage 1,SV8,0.0,0.0001282051282051282,0.0,0.0
Fletchinder [SCR 122],1,1,0,0,4.022364345762439e-05,1.0,0.0,0.0,0.0,Fletchinder,pokemon,SCR,122,H,0,Stage 1,SV7,0.0,0.0001282051282051282,0.0,0.0
Axew [BLK 145],1,4,0,0,4.022364345762439e-05,4.0,0.0,0.0,0.0,Axew,pokemon,BLK,68,I,1,Basic,SV11B,0.0,0.0,0.0,0.0012547051442910915
Bagon [JTG 112],1,2,0,0,4.022364345762439e-05,2.0,0.0,0.0,0.0,Bagon,pokemon,JTG,112,I,1,Basic,MC;SV9,0.0,0.0,9.533797311469158e-05,0.0
Beldum [JTG 61],1,4,0,0,4.022364345762439e-05,4.0,0.0,0.0,0.0,Beldum,pokemon,JTG,61,I,1,Basic,SV9,0.0,0.0001282051282051282,0.0,0.0
Drizzile [MEG 40],1,2,0,0,4.022364345762439e-05,2.0,0.0,0.0,0.0,Drizzile,pokemon,MEG,40,I,1,Stage 1,M1S,0.0,0.0001282051282051282,0.0,0.0
Duosion [BLK 119],1,2,0,0,4.022364345762439e-05,2.0,0.0,0.0,0.0,Duosion,pokemon,BLK,38,I,1,Stage 1,SV11B,0.00017316017316017316,0.0,0.0,0.0
Eevee [30C 116],1,2,0,0,4.022364345762439e-05,2.0,0.0,0.0,0.0,Eevee,pokemon,30C,116,J,1,Basic,M6a,0.0,0.0001282051282051282,0.0,0.0
Eevee [SVP 200],1,1,0,0,4.022364345762439e-05,1.0,0.0,0.0,0.0,Eevee,pokemon,SVP,200,H,0,,MC;SVI;SVM,0.0,0.0,9.533797311469158e-05,0.0
Kangaskhan [30C 114],1,4,0,0,4.022364345762439e-05,4.0,0.0,0.0,0.0,Kangaskhan,pokemon,30C,114,J,1,Basic,MF,0.0,0.0001282051282051282,0.0,0.0
Keldeo ex [WHT 159],1,1,0,0,4.022364345762439e-05,1.0,0.0,0.0,0.0,Keldeo ex,pokemon,WHT,30,I,1,"Basic,ex",MC;SV11W,0.0,0.0001282051282051282,0.0,0.0
Kingambit [ASC 148],1,1,0,0,4.022364345762439e-05,1.0,0.0,0.0,0.0,Kingambit,pokemon,ASC,148,I,1,Stage 2,M2a,0.0,0.0,9.533797311469158e-05,0.0
Pikachu ex [PRE 28],1,1,0,0,4.022364345762439e-05,1.0,0.0,0.0,0.0,Pikachu ex,pokemon,PRE,28,H,0,"Basic,Tera,ex",SVM,0.0,0.0001282051282051282,0.0,0.0
Piloswine [JTG 78],1,1,0,0,4.022364345762439e-05,1.0,0.0,0.0,0.0,Piloswine,pokemon,JTG,78,I,1,Stage 1,MC;SV9,0.0,0.0,9.533797311469158e-05,0.0
Poliwag [TWM 41],1,1,0,0,4.022364345762439e-05,1.0,0.0,0.0,0.0,Poliwag,pokemon,TWM,41,H,0,Basic,SV6,0.0,0.0001282051282051282,0.0,0.0
Poliwrath [TWM 43],1,1,0,0,4.022364345762439e-05,1.0,0.0,0.0,0.0,Poliwrath,pokemon,TWM,43,H,0,Stage 2,SV6,0.0,0.0001282051282051282,0.0,0.0
Ponyta [SCR 19],1,1,0,0,4.022364345762439e-05,1.0,0.0,0.0,0.0,Ponyta,pokemon,SCR,19,H,0,Basic,MC;SVI,0.00017316017316017316,0.0,0.0,0.0
Probopass [POR 38],1,1,0,0,4.022364345762439e-05,1.0,0.0,0.0,0.0,Probopass,pokemon,POR,38,J,1,Stage 1,M3,0.0,0.0,9.533797311469158e-05,0.0
Pupitar [PRE 48],1,1,0,0,4.022364345762439e-05,1.0,0.0,0.0,0.0,Pupitar,pokemon,PRE,48,H,0,Stage 1,SVM,0.0,0.0001282051282051282,0.0,0.0
Pyroar [PRE 16],1,2,1,0,4.022364345762439e-05,2.0,0.0002205071664829107,0.0,5.482028665931643,Pyroar,pokemon,PRE,16,H,0,Stage 1,MC;SVM,0.00017316017316017316,0.0,0.0,0.0
Qwilfish [CRI 52],1,2,0,0,4.022364345762439e-05,2.0,0.0,0.0,0.0,Qwilfish,pokemon,CRI,52,J,1,Basic,M4,0.0,0.0001282051282051282,0.0,0.0
Rabsca ex [DRI 25],1,1,0,0,4.022364345762439e-05,1.0,0.0,0.0,0.0,Rabsca ex,pokemon,DRI,25,H,0,"Stage 1,ex",SVP,0.0,0.0001282051282051282,0.0,0.0
Rapidash [DRI 189],1,1,0,0,4.022364345762439e-05,1.0,0.0,0.0,0.0,Rapidash,pokemon,DRI,30,I,1,Stage 1,MC;SV9a,0.00017316017316017316,0.0,0.0,0.0
Rayquaza [ASC 153],1,1,0,0,4.022364345762439e-05,1.0,0.0,0.0,0.0,Rayquaza,pokemon,ASC,153,I,1,Basic,M2a,0.00017316017316017316,0.0,0.0,0.0
Reboot Pod,1,1,0,0,4.022364345762439e-05,1.0,0.0,0.0,0.0,Reboot Pod,trainer,TEF,158,H,0,"Item,Future,ACE SPEC",MC;SV5M,0.0,0.0001282051282051282,0.0,0.0
Regice ex [ASC 48],1,2,0,0,4.022364345762439e-05,2.0,0.0,0.0,0.0,Regice ex,pokemon,ASC,48,J,1,"Basic,ex",MC,0.0,0.0,9.533797311469158e-05,0.0
Relicanth [PBL 17],1,4,0,0,4.022364345762439e-05,4.0,0.0,0.0,0.0,Relicanth,pokemon,PBL,17,J,1,Basic,M5,0.0,0.0001282051282051282,0.0,0.0
Remoraid [CRI 16],1,2,0,0,4.022364345762439e-05,2.0,0.0,0.0,0.0,Remoraid,pokemon,CRI,16,J,1,Basic,M4,0.0,0.0001282051282051282,0.0,0.0
Reshiram ex [JTG 30],1,1,0,0,4.022364345762439e-05,1.0,0.0,0.0,0.0,Reshiram ex,pokemon,JTG,30,H,0,"Basic,ex",SVM,0.00017316017316017316,0.0,0.0,0.0
Reuniclus [BLK 39],1,4,0,0,4.022364345762439e-05,4.0,0.0,0.0,0.0,Reuniclus,pokemon,BLK,39,I,1,Stage 2,SV11B,0.00017316017316017316,0.0,0.0,0.0
Rockruff [TEF 89],1,2,0,0,4.022364345762439e-05,2.0,0.0,0.0,0.0,Rockruff,pokemon,TEF,89,H,0,Basic,MC;SVHK,0.0,0.0001282051282051282,0.0,0.0
Rotom [ASC 92],1,2,0,0,4.022364345762439e-05,2.0,0.0,0.0,0.0,Rotom,pokemon,ASC,92,I,1,Basic,M2a,0.0,0.0001282051282051282,0.0,0.0
Rotom [DRI 197],1,1,0,0,4.022364345762439e-05,1.0,0.0,0.0,0.0,Rotom,pokemon,DRI,77,I,1,Basic,SV9a,0.0,0.0001282051282051282,0.0,0.0
Rotom [SSP 61],1,1,0,0,4.022364345762439e-05,1.0,0.0,0.0,0.0,Rotom,pokemon,SSP,61,H,0,Basic,MC;SV8,0.0,0.0001282051282051282,0.0,0.0
Rotom ex [PFL 111],1,2,0,0,4.022364345762439e-05,2.0,0.0,0.0,0.0,Rotom ex,pokemon,PFL,29,I,1,"Basic,ex",M2,0.0,0.0001282051282051282,0.0,0.0
Rowlet [MEP 43],1,3,0,0,4.022364345762439e-05,3.0,0.0,0.0,0.0,Rowlet,pokemon,MEP,43,J,1,,,0.0,0.0001282051282051282,0.0,0.0
Sableye [TEF 107],1,1,0,0,4.022364345762439e-05,1.0,0.0,0.0,0.0,Sableye,pokemon,TEF,107,H,0,Basic,MC;SV5K,0.00017316017316017316,0.0,0.0,0.0
Salamence ex [JTG 114],1,2,0,0,4.022364345762439e-05,2.0,0.0,0.0,0.0,Salamence ex,pokemon,JTG,114,I,1,"Stage 2,ex",MC;SV9,0.0,0.0,9.533797311469158e-05,0.0
Samurott [WHT 107],1,1,0,0,4.022364345762439e-05,1.0,0.0,0.0,0.0,Samurott,pokemon,WHT,23,I,1,Stage 2,SV11W,0.0,0.0,9.533797311469158e-05,0.0
Sawk [WHT 130],1,1,0,0,4.022364345762439e-05,1.0,0.0,0.0,0.0,Sawk,pokemon,WHT,49,I,1,Basic,MC;SV11W,0.0,0.0,9.533797311469158e-05,0.0
Sawsbuck [TEF 166],1,1,0,0,4.022364345762439e-05,1.0,0.0,0.0,0.0,Sawsbuck,pokemon,TEF,17,H,0,Stage 1,SV5M,0.0,0.0,9.533797311469158e-05,0.0
Scorbunny [ASC 225],1,1,0,0,4.022364345762439e-05,1.0,0.0,0.0,0.0,Scorbunny,pokemon,ASC,36,H,0,Basic,MC;SV7,0.0,0.0,9.533797311469158e-05,0.0
Scraggy [WHT 138],1,3,0,0,4.022364345762439e-05,3.0,0.0,0.0,0.0,Scraggy,pokemon,WHT,57,I,1,Basic,SV11W,0.0,0.0,9.533797311469158e-05,0.0
Houndstone [MEG 145],1,1,0,0,4.022364345762439e-05,1.0,0.0,0.0,0.0,Houndstone,pokemon,MEG,66,I,1,Stage 1,M1S;MC,0.0,0.0001282051282051282,0.0,0.0
Hydrapple [DRI 18],1,1,0,0,4.022364345762439e-05,1.0,0.0,0.0,0.0,Hydrapple,pokemon,DRI,18,I,1,Stage 2,SV9a,0.00017316017316017316,0.0,0.0,0.0
Incineroar ex [TEF 187],1,1,0,0,4.022364345762439e-05,1.0,0.0,0.0,0.0,Incineroar ex,pokemon,TEF,34,H,0,"Stage 2,ex",MC;SV5M,0.0,0.0,9.533797311469158e-05,0.0
Krookodile ex [CRI 55],1,1,0,0,4.022364345762439e-05,1.0,0.0,0.0,0.0,Krookodile ex,pokemon,CRI,55,I,1,"Stage 2,ex",MP,0.0,0.0001282051282051282,0.0,0.0
Lapras ex [SCR 158],1,2,0,0,4.022364345762439e-05,2.0,0.0,0.0,0.0,Lapras ex,pokemon,SCR,32,H,0,"Basic,Tera,ex",SV7,0.0,0.0,9.533797311469158e-05,0.0
Larry's Dunsparce [ASC 163],1,2,0,0,4.022364345762439e-05,2.0,0.0,0.0,0.0,Larry's Dunsparce,pokemon,ASC,163,J,1,Basic,MC,0.00017316017316017316,0.0,0.0,0.0
Larvesta [BLK 15],1,2,0,0,4.022364345762439e-05,2.0,0.0,0.0,0.0,Larvesta,pokemon,BLK,15,I,1,Basic,SV11B,0.00017316017316017316,0.0,0.0,0.0
Larvitar [PRE 47],1,1,0,0,4.022364345762439e-05,1.0,0.0,0.0,0.0,Larvitar,pokemon,PRE,47,H,0,Basic,SVM,0.0,0.0001282051282051282,0.0,0.0
Latias [TEF 67],1,2,0,0,4.022364345762439e-05,2.0,0.0,0.0,0.0,Latias,pokemon,TEF,67,H,0,Basic,MC;SVHM,0.0,0.0001282051282051282,0.0,0.0
Lillie's Cutiefly [JTG 66],1,2,0,0,4.022364345762439e-05,2.0,0.0,0.0,0.0,Lillie's Cutiefly,pokemon,JTG,66,I,1,Basic,MC;SV9,0.0,0.0,9.533797311469158e-05,0.0
Lilligant [BLK 7],1,2,0,0,4.022364345762439e-05,2.0,0.0,0.0,0.0,Lilligant,pokemon,BLK,7,I,1,Stage 1,SV11B,0.0,0.0001282051282051282,0.0,0.0
Pikachu [30C 27],1,1,0,0,4.022364345762439e-05,1.0,0.0,0.0,0.0,Pikachu,pokemon,30C,27,J,1,Basic,M6a,0.0,0.0001282051282051282,0.0,0.0
Pikachu [30C 31],1,1,0,0,4.022364345762439e-05,1.0,0.0,0.0,0.0,Pikachu,pokemon,30C,31,J,1,Basic,M6a,0.0,0.0001282051282051282,0.0,0.0
Pikachu [30C 35],1,1,0,0,4.022364345762439e-05,1.0,0.0,0.0,0.0,Pikachu,pokemon,30C,35,J,1,Basic,M6a,0.0,0.0001282051282051282,0.0,0.0
Pikachu [30C 38],1,1,0,0,4.022364345762439e-05,1.0,0.0,0.0,0.0,Pikachu,pokemon,30C,38,J,1,Basic,M6a,0.0,0.0001282051282051282,0.0,0.0
Pikachu ex [30C 149],1,1,0,0,4.022364345762439e-05,1.0,0.0,0.0,0.0,Pikachu ex,pokemon,30C,53,J,1,"Basic,ex",M6a;MP,0.0,0.0001282051282051282,0.0,0.0
Charjabug [PBL 25],1,3,0,0,4.022364345762439e-05,3.0,0.0,0.0,0.0,Charjabug,pokemon,PBL,25,J,1,Stage 1,M5,0.0,0.0001282051282051282,0.0,0.0
Charmander [ASC 20],1,4,0,0,4.022364345762439e-05,4.0,0.0,0.0,0.0,Charmander,pokemon,ASC,20,J,1,Basic,MC,0.0,0.0001282051282051282,0.0,0.0
Chatot [TEF 132],1,1,0,0,4.022364345762439e-05,1.0,0.0,0.0,0.0,Chatot,pokemon,TEF,132,H,0,Basic,MC;SV5K;SVM,0.0,0.0,9.533797311469158e-05,0.0
Chien-Pao [POR 54],1,1,0,0,4.022364345762439e-05,1.0,0.0,0.0,0.0,Chien-Pao,pokemon,POR,54,J,1,Basic,M3,0.0,0.0001282051282051282,0.0,0.0
Chimchar [TWM 31],1,2,0,0,4.022364345762439e-05,2.0,0.0,0.0,0.0,Chimchar,pokemon,TWM,31,H,0,Basic,MC;SV5a,0.0,0.0,9.533797311469158e-05,0.0
Clefairy [ASC 74],1,2,0,0,4.022364345762439e-05,2.0,0.0,0.0,0.0,Clefairy,pokemon,ASC,74,H,0,Basic,MC;SV6,0.0,0.0001282051282051282,0.0,0.0
Pikachu ex [30C 150],1,1,0,0,4.022364345762439e-05,1.0,0.0,0.0,0.0,Pikachu ex,pokemon,30C,54,J,1,"Basic,ex",M6a;MP,0.0,0.0001282051282051282,0.0,0.0
Drifloon [SCR 60],1,1,0,0,4.022364345762439e-05,1.0,0.0,0.0,0.0,Drifloon,pokemon,SCR,60,H,0,Basic,SV7,0.0,0.0001282051282051282,0.0,0.0
Infernape [SVP 116],1,2,0,0,4.022364345762439e-05,2.0,0.0,0.0,0.0,Infernape,pokemon,TWM,33,H,0,Stage 2,MC;SV5a,0.0,0.0,9.533797311469158e-05,0.0
Inteleon [MEG 142],1,4,0,0,4.022364345762439e-05,4.0,0.0,0.0,0.0,Inteleon,pokemon,MEG,41,I,1,Stage 2,M1S,0.0,0.0001282051282051282,0.0,0.0
Iron Bundle [SSP 55],1,1,0,0,4.022364345762439e-05,1.0,0.0,0.0,0.0,Iron Bundle,pokemon,SSP,55,H,0,"Basic,Future",SV8,0.00017316017316017316,0.0,0.0,0.0
Iron Crown [SSP 132],1,1,0,0,4.022364345762439e-05,1.0,0.0,0.0,0.0,Iron Crown,pokemon,SSP,132,H,0,"Basic,Future",MC;SV7a,0.0,0.0001282051282051282,0.0,0.0
Iron Hands [TEF 61],1,1,0,0,4.022364345762439e-05,1.0,0.0,0.0,0.0,Iron Hands,pokemon,TEF,61,H,0,"Basic,Future",MC;SVHM,0.00017316017316017316,0.0,0.0,0.0
Iron Leaves [TWM 19],1,1,0,0,4.022364345762439e-05,1.0,0.0,0.0,0.0,Iron Leaves,pokemon,TWM,19,H,0,"Basic,Future",SV5a,0.0,0.0001282051282051282,0.0,0.0
Seel [PFL 21],1,2,0,0,4.022364345762439e-05,2.0,0.0,0.0,0.0,Seel,pokemon,PFL,21,I,1,Basic,M2,0.0,0.0001282051282051282,0.0,0.0
Shedinja [MEG 144],1,2,0,0,4.022364345762439e-05,2.0,0.0,0.0,0.0,Shedinja,pokemon,MEG,61,I,1,Stage 1,M1S,0.0,0.0,9.533797311469158e-05,0.0
Shelgon [JTG 113],1,1,0,0,4.022364345762439e-05,1.0,0.0,0.0,0.0,Shelgon,pokemon,JTG,113,I,1,Stage 1,MC;SV9,0.0,0.0,9.533797311469158e-05,0.0
Shroodle [SSP 120],1,1,0,0,4.022364345762439e-05,1.0,0.0,0.0,0.0,Shroodle,pokemon,SSP,120,H,0,Basic,SV8,0.0,0.0001282051282051282,0.0,0.0
Sizzlipede [TEF 36],1,2,0,0,4.022364345762439e-05,2.0,0.0,0.0,0.0,Sizzlipede,pokemon,TEF,36,H,0,Basic,MC;SV5K,0.00017316017316017316,0.0,0.0,0.0
Bruxish [SSP 200],1,1,0,0,4.022364345762439e-05,1.0,0.0,0.0,0.0,Bruxish,pokemon,SSP,49,H,0,Basic,SV7a,0.0,0.0001282051282051282,0.0,0.0
Bulbasaur [MEP 37],1,1,0,0,4.022364345762439e-05,1.0,0.0,0.0,0.0,Bulbasaur,pokemon,MEP,37,J,1,,,0.0,0.0001282051282051282,0.0,0.0
Greninja ex [SCR 41],1,1,0,0,4.022364345762439e-05,1.0,0.0,0.0,0.0,Greninja ex,pokemon,SCR,41,H,0,"Stage 2,ex",MC;SVI,0.00017316017316017316,0.0,0.0,0.0
Grubbin [PBL 2],1,4,0,0,4.022364345762439e-05,4.0,0.0,0.0,0.0,Grubbin,pokemon,PBL,2,J,1,Basic,M5,0.0,0.0001282051282051282,0.0,0.0
Grumpig [MEG 63],1,2,0,0,4.022364345762439e-05,2.0,0.0,0.0,0.0,Grumpig,pokemon,MEG,63,I,1,Stage 1,M1S;MC,0.00017316017316017316,0.0,0.0,0.0
Gurdurr [BLK 126],1,1,0,0,4.022364345762439e-05,1.0,0.0,0.0,0.0,Gurdurr,pokemon,BLK,48,I,1,Stage 1,MC;SV11B,0.0,0.0001282051282051282,0.0,0.0
Haunter [POR 49],1,1,0,0,4.022364345762439e-05,1.0,0.0,0.0,0.0,Haunter,pokemon,POR,49,J,1,Stage 1,M3,0.0,0.0001282051282051282,0.0,0.0
Hearthflame Mask Ogerpon ex [PRE 148],1,2,0,0,4.022364345762439e-05,2.0,0.0,0.0,0.0,Hearthflame Mask Ogerpon ex,pokemon,TWM,40,H,0,"Basic,Tera,ex",MC;SV6;SV8a,0.00017316017316017316,0.0,0.0,0.0
Heat Rotom [DRI 43],1,1,0,0,4.022364345762439e-05,1.0,0.0,0.0,0.0,Heat Rotom,pokemon,DRI,43,I,1,Basic,SV10,0.0,0.0001282051282051282,0.0,0.0
Heatmor [WHT 104],1,2,0,0,4.022364345762439e-05,2.0,0.0,0.0,0.0,Heatmor,pokemon,WHT,19,I,1,Basic,MC;SV11W,0.0,0.0001282051282051282,0.0,0.0
Heliolisk [TWM 177],1,1,0,0,4.022364345762439e-05,1.0,0.0,0.0,0.0,Heliolisk,pokemon,TWM,71,H,0,Stage 1,MC;SV5a,0.0,0.0,9.533797311469158e-05,0.0
Hisuian Arcanine [TWM 100],1,2,1,0,4.022364345762439e-05,2.0,0.0002205071664829107,0.0,5.482028665931643,Hisuian Arcanine,pokemon,TWM,100,H,0,Stage 1,SV5a,0.00017316017316017316,0.0,0.0,0.0
Hisuian Growlithe [TWM 181],1,2,1,0,4.022364345762439e-05,2.0,0.0002205071664829107,0.0,5.482028665931643,Hisuian Growlithe,pokemon,TWM,99,H,0,Basic,SV5a,0.00017316017316017316,0.0,0.0,0.0
Hisuian Zoroark [30C 123],1,1,0,0,4.022364345762439e-05,1.0,0.0,0.0,0.0,Hisuian Zoroark,pokemon,30C,123,J,1,Stage 1,M6a,0.0,0.0001282051282051282,0.0,0.0
Hisuian Zorua [30C 122],1,1,0,0,4.022364345762439e-05,1.0,0.0,0.0,0.0,Hisuian Zorua,pokemon,30C,122,J,1,Basic,M6a,0.0,0.0001282051282051282,0.0,0.0
Butterfree [JTG 3],1,4,0,0,4.022364345762439e-05,4.0,0.0,0.0,0.0,Butterfree,pokemon,JTG,3,I,1,Stage 2,SV9,0.00017316017316017316,0.0,0.0,0.0
Camerupt [ASC 28],1,1,0,0,4.022364345762439e-05,1.0,0.0,0.0,0.0,Camerupt,pokemon,ASC,28,I,1,Stage 1,M2a,0.00017316017316017316,0.0,0.0,0.0
Caterpie [JTG 1],1,4,0,0,4.022364345762439e-05,4.0,0.0,0.0,0.0,Caterpie,pokemon,JTG,1,I,1,Basic,SV9,0.00017316017316017316,0.0,0.0,0.0
Centiskorch [SSP 28],1,2,0,0,4.022364345762439e-05,2.0,0.0,0.0,0.0,Centiskorch,pokemon,SSP,28,H,0,Stage 1,MC;SV8,0.00017316017316017316,0.0,0.0,0.0
Slowbro [MEP 83],1,1,0,0,4.022364345762439e-05,1.0,0.0,0.0,0.0,Slowbro,pokemon,PBL,30,J,1,Stage 1,M5,0.0,0.0001282051282051282,0.0,0.0
Snorlax [POR 63],1,1,0,0,4.022364345762439e-05,1.0,0.0,0.0,0.0,Snorlax,pokemon,POR,63,J,1,Basic,M3,0.00017316017316017316,0.0,0.0,0.0
Sobble [MEG 39],1,4,0,0,4.022364345762439e-05,4.0,0.0,0.0,0.0,Sobble,pokemon,MEG,39,I,1,Basic,M1S,0.0,0.0001282051282051282,0.0,0.0
Solosis [BLK 118],1,4,0,0,4.022364345762439e-05,4.0,0.0,0.0,0.0,Solosis,pokemon,BLK,37,I,1,Basic,SV11B,0.00017316017316017316,0.0,0.0,0.0
Emolga [CRI 30],1,1,0,0,4.022364345762439e-05,1.0,0.0,0.0,0.0,Emolga,pokemon,CRI,30,J,1,Basic,M4,0.0,0.0001282051282051282,0.0,0.0
Energy Coin,1,4,0,0,4.022364345762439e-05,4.0,0.0,0.0,0.0,Energy Coin,trainer,BLK,81,I,1,Item,MC;SV11B,0.0,0.0,9.533797311469158e-05,0.0
Mamoswine ex [JTG 174],1,1,0,0,4.022364345762439e-05,1.0,0.0,0.0,0.0,Mamoswine ex,pokemon,JTG,79,I,1,"Stage 2,ex",MC;SV9,0.0,0.0,9.533797311469158e-05,0.0
Mantine [MEG 32],1,2,0,0,4.022364345762439e-05,2.0,0.0,0.0,0.0,Mantine,pokemon,MEG,32,I,1,Basic,M1S;MC,0.0,0.0,9.533797311469158e-05,0.0
Master Ball,1,1,0,0,4.022364345762439e-05,1.0,0.0,0.0,0.0,Master Ball,trainer,TEF,153,H,0,"Item,ACE SPEC",KK;SVHK;SVHM,0.0,0.0,9.533797311469158e-05,0.0
Octillery [JTG 34],1,2,0,0,4.022364345762439e-05,2.0,0.0,0.0,0.0,Octillery,pokemon,JTG,34,I,1,Stage 1,SV9,0.0,0.0001282051282051282,0.0,0.0
Oranguru [SSP 156],1,1,0,0,4.022364345762439e-05,1.0,0.0,0.0,0.0,Oranguru,pokemon,SSP,156,H,0,Basic,MC;SV8,0.0,0.0001282051282051282,0.0,0.0
Paradise Resort,1,1,0,0,4.022364345762439e-05,1.0,0.0,0.0,0.0,Paradise Resort,trainer,MEP,92,G/H/J,1,,SVP,0.0,0.0001282051282051282,0.0,0.0
Patrat [WHT 152],1,4,0,0,4.022364345762439e-05,4.0,0.0,0.0,0.0,Patrat,pokemon,WHT,72,I,1,Basic,SV11W,0.0,0.0001282051282051282,0.0,0.0
Pawmi [PFL 32],1,2,0,0,4.022364345762439e-05,2.0,0.0,0.0,0.0,Pawmi,pokemon,PFL,32,I,1,Basic,M2,0.0,0.0,9.533797311469158e-05,0.0
Pawmi [SCR 56],1,1,0,0,4.022364345762439e-05,1.0,0.0,0.0,0.0,Pawmi,pokemon,SCR,56,H,0,Basic,SVI,0.0,0.0,9.533797311469158e-05,0.0
Pawmo [PFL 33],1,2,0,0,4.022364345762439e-05,2.0,0.0,0.0,0.0,Pawmo,pokemon,PFL,33,I,1,Stage 1,M2,0.0,0.0,9.533797311469158e-05,0.0
Pawniard [ASC 146],1,1,0,0,4.022364345762439e-05,1.0,0.0,0.0,0.0,Pawniard,pokemon,ASC,146,I,1,Basic,M2a,0.0,0.0,9.533797311469158e-05,0.0
Pidove [TEF 133],1,4,0,0,4.022364345762439e-05,4.0,0.0,0.0,0.0,Pidove,pokemon,TEF,133,H,0,Basic,SV5M,0.0,0.0001282051282051282,0.0,0.0
Klefki [POR 59],1,2,0,0,4.022364345762439e-05,2.0,0.0,0.0,0.0,Klefki,pokemon,POR,59,J,1,Basic,M3,0.0,0.0001282051282051282,0.0,0.0
Koffing [JTG 91],1,3,0,0,4.022364345762439e-05,3.0,0.0,0.0,0.0,Koffing,pokemon,JTG,91,I,1,Basic,SV9,0.0,0.0001282051282051282,0.0,0.0
Koraidon [SVP 91],1,1,0,0,4.022364345762439e-05,1.0,0.0,0.0,0.0,Koraidon,pokemon,TEF,119,H,0,"Basic,Ancient",MC;SV5K;SV8a;SVP,0.0,0.0,9.533797311469158e-05,0.0
Entei [ASC 25],1,1,0,0,4.022364345762439e-05,1.0,0.0,0.0,0.0,Entei,pokemon,ASC,25,I,1,Basic,M2a,0.0,0.0,9.533797311469158e-05,0.0
Espeon ex [30C 70],1,2,0,0,4.022364345762439e-05,2.0,0.0,0.0,0.0,Espeon ex,pokemon,30C,70,J,1,"Stage 1,ex",MF,0.0,0.0001282051282051282,0.0,0.0
Golduck [ASC 40],1,1,0,0,4.022364345762439e-05,1.0,0.0,0.0,0.0,Golduck,pokemon,ASC,40,I,1,Stage 1,M2a;SVP,0.00017316017316017316,0.0,0.0,0.0
Gothorita [WHT 125],1,1,0,0,4.022364345762439e-05,1.0,0.0,0.0,0.0,Gothorita,pokemon,WHT,42,I,1,Stage 1,MC;SV11W,0.0,0.0,9.533797311469158e-05,0.0
Grafaiai [SSP 121],1,1,0,0,4.022364345762439e-05,1.0,0.0,0.0,0.0,Grafaiai,pokemon,SSP,121,H,0,Stage 1,SV8,0.0,0.0001282051282051282,0.0,0.0
Spinarak [POR 1],1,1,0,0,4.022364345762439e-05,1.0,0.0,0.0,0.0,Spinarak,pokemon,POR,1,J,1,Basic,M3,0.0,0.0,9.533797311469158e-05,0.0
Spoink [MEG 62],1,2,0,0,4.022364345762439e-05,2.0,0.0,0.0,0.0,Spoink,pokemon,MEG,62,I,1,Basic,M1S;MC,0.00017316017316017316,0.0,0.0,0.0
Sprigatito [JTG 16],1,1,0,0,4.022364345762439e-05,1.0,0.0,0.0,0.0,Sprigatito,pokemon,JTG,16,I,1,Basic,MC;MP;MP1;SV9,0.0,0.0,9.533797311469158e-05,0.0
Squawkabilly [JTG 141],1,1,0,0,4.022364345762439e-05,1.0,0.0,0.0,0.0,Squawkabilly,pokemon,JTG,141,H,0,Basic,MC;SVM,0.0,0.0001282051282051282,0.0,0.0
Steven's Baltoy [DRI 83],1,2,0,0,4.022364345762439e-05,2.0,0.0,0.0,0.0,Steven's Baltoy,pokemon,DRI,83,I,1,Basic,SVOD,0.0,0.0,9.533797311469158e-05,0.0
Steven's Carbink [DRI 86],1,1,0,0,4.022364345762439e-05,1.0,0.0,0.0,0.0,Steven's Carbink,pokemon,DRI,86,I,1,Basic,SVOD,0.0,0.0,9.533797311469158e-05,0.0
Steven's Claydol [DRI 84],1,2,0,0,4.022364345762439e-05,2.0,0.0,0.0,0.0,Steven's Claydol,pokemon,DRI,84,I,1,Stage 1,SVOD,0.0,0.0,9.533797311469158e-05,0.0
Swinub [JTG 165],1,1,0,0,4.022364345762439e-05,1.0,0.0,0.0,0.0,Swinub,pokemon,JTG,77,I,1,Basic,MC;SV9,0.0,0.0,9.533797311469158e-05,0.0
Swirlix [TWM 89],1,2,0,0,4.022364345762439e-05,2.0,0.0,0.0,0.0,Swirlix,pokemon,TWM,89,H,0,Basic,SV6;SV8a,0.0,0.0001282051282051282,0.0,0.0
Sylveon ex [30C 153],1,1,0,0,4.022364345762439e-05,1.0,0.0,0.0,0.0,Sylveon ex,pokemon,30C,71,J,1,"Stage 1,ex",M6a;MP,0.0,0.0001282051282051282,0.0,0.0
Cresselia [PFL 39],1,1,0,0,4.022364345762439e-05,1.0,0.0,0.0,0.0,Cresselia,pokemon,PFL,39,I,1,Basic,MBD,0.00017316017316017316,0.0,0.0,0.0
Croconaw [ASC 42],1,1,0,0,4.022364345762439e-05,1.0,0.0,0.0,0.0,Croconaw,pokemon,ASC,42,J,1,Stage 1,MC,0.0,0.0,9.533797311469158e-05,0.0
Cryogonal [BLK 111],1,1,0,0,4.022364345762439e-05,1.0,0.0,0.0,0.0,Cryogonal,pokemon,BLK,27,I,1,Basic,SV11B,0.0,0.0001282051282051282,0.0,0.0
Cynthia's Feebas [DRI 52],1,1,0,0,4.022364345762439e-05,1.0,0.0,0.0,0.0,Cynthia's Feebas,pokemon,DRI,52,I,1,Basic,SV9a,0.0,0.0,9.533797311469158e-05,0.0
Nincada [MEG 16],1,2,0,0,4.022364345762439e-05,2.0,0.0,0.0,0.0,Nincada,pokemon,MEG,16,I,1,Basic,M1S,0.0,0.0,9.533797311469158e-05,0.0
Lombre [JTG 36],1,1,0,0,4.022364345762439e-05,1.0,0.0,0.0,0.0,Lombre,pokemon,JTG,36,I,1,Stage 1,MC;SV9,0.0,0.0,9.533797311469158e-05,0.0
Lombre [PFL 6],1,1,0,0,4.022364345762439e-05,1.0,0.0,0.0,0.0,Lombre,pokemon,PFL,6,I,1,Stage 1,M2,0.0,0.0,9.533797311469158e-05,0.0
Lopunny [MEG 108],1,1,0,0,4.022364345762439e-05,1.0,0.0,0.0,0.0,Lopunny,pokemon,MEG,108,I,1,Stage 1,M1S;MC,0.0,0.0001282051282051282,0.0,0.0
Lotad [JTG 35],1,1,0,0,4.022364345762439e-05,1.0,0.0,0.0,0.0,Lotad,pokemon,JTG,35,I,1,Basic,MC;SV9,0.0,0.0,9.533797311469158e-05,0.0
Lotad [PFL 5],1,2,0,0,4.022364345762439e-05,2.0,0.0,0.0,0.0,Lotad,pokemon,PFL,5,I,1,Basic,M2,0.0,0.0,9.533797311469158e-05,0.0
Lucario ex [PRE 51],1,1,0,0,4.022364345762439e-05,1.0,0.0,0.0,0.0,Lucario ex,pokemon,PRE,51,H,0,"Stage 1,ex",SVM,0.00017316017316017316,0.0,0.0,0.0
Ludicolo [JTG 37],1,2,0,0,4.022364345762439e-05,2.0,0.0,0.0,0.0,Ludicolo,pokemon,JTG,37,I,1,Stage 2,MC;SV9,0.0,0.0,9.533797311469158e-05,0.0
Ludicolo [PFL 7],1,1,0,0,4.022364345762439e-05,1.0,0.0,0.0,0.0,Ludicolo,pokemon,PFL,7,I,1,Stage 2,M2,0.0,0.0,9.533797311469158e-05,0.0
Lurantis ex [PBL 4],1,3,0,0,4.022364345762439e-05,3.0,0.0,0.0,0.0,Lurantis ex,pokemon,PBL,4,J,1,"Stage 1,ex",M5,0.0,0.0001282051282051282,0.0,0.0
Luxray ex [TWM 195],1,2,0,0,4.022364345762439e-05,2.0,0.0,0.0,0.0,Luxray ex,pokemon,TWM,68,H,0,"Stage 2,ex",MC;SV6,0.0,0.0001282051282051282,0.0,0.0
Magearna [JTG 107],1,1,0,0,4.022364345762439e-05,1.0,0.0,0.0,0.0,Magearna,pokemon,JTG,107,I,1,Basic,M2a;MC;SV9,0.0,0.0,9.533797311469158e-05,0.0
Talonflame [POR 14],1,2,0,0,4.022364345762439e-05,2.0,0.0,0.0,0.0,Talonflame,pokemon,POR,14,J,1,Stage 2,M3,0.0,0.0001282051282051282,0.0,0.0
Tandemaus [SSP 157],1,4,0,0,4.022364345762439e-05,4.0,0.0,0.0,0.0,Tandemaus,pokemon,SSP,157,H,0,Basic,SV8,0.0,0.0001282051282051282,0.0,0.0
Tangela [MEG 6],1,1,0,0,4.022364345762439e-05,1.0,0.0,0.0,0.0,Tangela,pokemon,MEG,6,I,1,Basic,M1S,0.0,0.0001282051282051282,0.0,0.0
Tangrowth [MEG 7],1,1,0,0,4.022364345762439e-05,1.0,0.0,0.0,0.0,Tangrowth,pokemon,MEG,7,I,1,Stage 1,M1S,0.0,0.0001282051282051282,0.0,0.0
Tapu Lele [SSP 92],1,1,0,0,4.022364345762439e-05,1.0,0.0,0.0,0.0,Tapu Lele,pokemon,SSP,92,H,0,Basic,MC;SV7a,0.0,0.0,9.533797311469158e-05,0.0
Bisharp [ASC 147],1,1,0,0,4.022364345762439e-05,1.0,0.0,0.0,0.0,Bisharp,pokemon,ASC,147,I,1,Stage 1,M2a,0.0,0.0,9.533797311469158e-05,0.0
Brambleghast [PFL 47],1,2,0,0,4.022364345762439e-05,2.0,0.0,0.0,0.0,Brambleghast,pokemon,PFL,47,I,1,Stage 1,M2,0.0,0.0,9.533797311469158e-05,0.0
Brambleghast [TEF 21],1,1,0,0,4.022364345762439e-05,1.0,0.0,0.0,0.0,Brambleghast,pokemon,TEF,21,H,0,Stage 1,MC;SV5M;SV8a,0.0,0.0,9.533797311469158e-05,0.0
Bramblin [PFL 46],1,2,0,0,4.022364345762439e-05,2.0,0.0,0.0,0.0,Bramblin,pokemon,PFL,46,I,1,Basic,M2,0.0,0.0,9.533797311469158e-05,0.0
Bramblin [TEF 20],1,1,0,0,4.022364345762439e-05,1.0,0.0,0.0,0.0,Bramblin,pokemon,TEF,20,H,0,Basic,MC;SV5M;SV8a,0.0,0.0,9.533797311469158e-05,0.0
Tauros [DRI 152],1,4,0,0,4.022364345762439e-05,4.0,0.0,0.0,0.0,Tauros,pokemon,DRI,152,I,1,Basic,MC;SV9a,0.0,0.0,9.533797311469158e-05,0.0
Team Rocket's Ampharos [DRI 74],1,2,0,0,4.022364345762439e-05,2.0,0.0,0.0,0.0,Team Rocket's Ampharos,pokemon,DRI,74,I,1,Stage 2,SV10,0.0,0.0001282051282051282,0.0,0.0
Team Rocket's Flaaffy [DRI 73],1,1,0,0,4.022364345762439e-05,1.0,0.0,0.0,0.0,Team Rocket's Flaaffy,pokemon,DRI,73,I,1,Stage 1,SV10,0.0,0.0001282051282051282,0.0,0.0
Fletchling [POR 66],1,2,0,0,4.022364345762439e-05,2.0,0.0,0.0,0.0,Fletchling,pokemon,POR,66,J,1,Basic,M3,0.0,0.0001282051282051282,0.0,0.0
Fomantis [PBL 3],1,4,0,0,4.022364345762439e-05,4.0,0.0,0.0,0.0,Fomantis,pokemon,PBL,3,J,1,Basic,M5,0.0,0.0001282051282051282,0.0,0.0
Friends in Paldea,1,1,0,0,4.022364345762439e-05,1.0,0.0,0.0,0.0,Friends in Paldea,trainer,PRE,109,H,0,Supporter,SV8a,0.0,0.0,9.533797311469158e-05,0.0
Metang [CRI 60],1,4,0,0,4.022364345762439e-05,4.0,0.0,0.0,0.0,Metang,pokemon,CRI,60,J,1,Stage 1,M4,0.0,0.0001282051282051282,0.0,0.0
Metapod [JTG 2],1,3,0,0,4.022364345762439e-05,3.0,0.0,0.0,0.0,Metapod,pokemon,JTG,2,I,1,Stage 1,SV9,0.00017316017316017316,0.0,0.0,0.0
Mewtwo ex [30C 151],1,4,0,0,4.022364345762439e-05,4.0,0.0,0.0,0.0,Mewtwo ex,pokemon,30C,64,J,1,"Basic,ex",M6a,0.0,0.0001282051282051282,0.0,0.0
Milcery [PFL 43],1,2,0,0,4.022364345762439e-05,2.0,0.0,0.0,0.0,Milcery,pokemon,PFL,43,I,1,Basic,MBD,0.00017316017316017316,0.0,0.0,0.0
Mimikyu [PFL 42],1,2,0,0,4.022364345762439e-05,2.0,0.0,0.0,0.0,Mimikyu,pokemon,PFL,42,I,1,Basic,MBD,0.00017316017316017316,0.0,0.0,0.0
Minccino [JTG 125],1,2,0,0,4.022364345762439e-05,2.0,0.0,0.0,0.0,Minccino,pokemon,JTG,125,H,0,Basic,SVM,0.00017316017316017316,0.0,0.0,0.0
Minccino [TEF 136],1,1,0,0,4.022364345762439e-05,1.0,0.0,0.0,0.0,Minccino,pokemon,TEF,136,H,0,Basic,SV5K,0.0,0.0001282051282051282,0.0,0.0
Miraidon [MEP 82],1,2,0,0,4.022364345762439e-05,2.0,0.0,0.0,0.0,Miraidon,pokemon,PBL,28,J,1,Basic,M5,0.0,0.0001282051282051282,0.0,0.0
Miraidon [SSP 69],1,2,0,0,4.022364345762439e-05,2.0,0.0,0.0,0.0,Miraidon,pokemon,SSP,69,H,0,"Basic,Future",SV8,0.00017316017316017316,0.0,0.0,0.0
Miraidon [SVP 92],1,4,0,0,4.022364345762439e-05,4.0,0.0,0.0,0.0,Miraidon,pokemon,TEF,121,H,0,"Basic,Future",MC;SV5M;SV8a;SVP,0.0,0.0001282051282051282,0.0,0.0
Miraidon ex [ASC 73],1,1,0,0,4.022364345762439e-05,1.0,0.0,0.0,0.0,Miraidon ex,pokemon,ASC,73,J,1,"Basic,Tera,ex",MC,0.00017316017316017316,0.0,0.0,0.0
Misdreavus [ASC 233],1,4,0,0,4.022364345762439e-05,4.0,0.0,0.0,0.0,Misdreavus,pokemon,ASC,85,I,1,Basic,M2a,0.0,0.0,9.533797311469158e-05,0.0
Mismagius ex [PFL 112],1,3,0,0,4.022364345762439e-05,3.0,0.0,0.0,0.0,Mismagius ex,pokemon,PFL,36,I,1,"Stage 1,ex",M2,0.0,0.0,9.533797311469158e-05,0.0
Mow Rotom [DRI 9],1,2,0,0,4.022364345762439e-05,2.0,0.0,0.0,0.0,Mow Rotom,pokemon,DRI,9,I,1,Basic,SV10,0.0,0.0001282051282051282,0.0,0.0
N's Klang [JTG 104],1,1,0,0,4.022364345762439e-05,1.0,0.0,0.0,0.0,N's Klang,pokemon,JTG,104,I,1,Stage 1,SV9,0.0,0.0,9.533797311469158e-05,0.0
N's Klink [JTG 103],1,1,0,0,4.022364345762439e-05,1.0,0.0,0.0,0.0,N's Klink,pokemon,JTG,103,I,1,Basic,SV9,0.0,0.0,9.533797311469158e-05,0.0
N's Klinklang [JTG 105],1,1,0,0,4.022364345762439e-05,1.0,0.0,0.0,0.0,N's Klinklang,pokemon,JTG,105,I,1,Stage 2,SV9,0.0,0.0,9.533797311469158e-05,0.0
Cottonee [MEP 18],1,1,0,0,4.022364345762439e-05,1.0,0.0,0.0,0.0,Cottonee,pokemon,MEP,18,I,1,,M2,0.0,0.0001282051282051282,0.0,0.0
Cottonee [PRE 7],1,4,0,0,4.022364345762439e-05,4.0,0.0,0.0,0.0,Cottonee,pokemon,TEF,14,H,0,Basic,SV5K;SV8a,0.0,0.0,9.533797311469158e-05,0.0
Crabrawler [SCR 87],1,4,0,0,4.022364345762439e-05,4.0,0.0,0.0,0.0,Crabrawler,pokemon,SCR,87,H,0,Basic,MC;SV7,0.0,0.0,9.533797311469158e-05,0.0
Zoroark [SFA 32],1,1,0,0,4.022364345762439e-05,1.0,0.0,0.0,0.0,Zoroark,pokemon,SFA,32,H,0,Stage 1,SV6a;SV8a,0.0,0.0,9.533797311469158e-05,0.0
Zorua [SFA 31],1,1,0,0,4.022364345762439e-05,1.0,0.0,0.0,0.0,Zorua,pokemon,SFA,31,H,0,Basic,SV6a;SV8a,0.0,0.0001282051282051282,0.0,0.0
Maushold [30C 125],1,4,0,0,4.022364345762439e-05,4.0,0.0,0.0,0.0,Maushold,pokemon,30C,125,J,1,Stage 1,M6a,0.0,0.0001282051282051282,0.0,0.0
Maushold [SSP 158],1,1,0,0,4.022364345762439e-05,1.0,0.0,0.0,0.0,Maushold,pokemon,SSP,158,H,0,Stage 1,SV8,0.0,0.0001282051282051282,0.0,0.0
Mega Hawlucha ex [ASC 116],1,1,1,0,4.022364345762439e-05,1.0,0.0002205071664829107,0.0,5.482028665931643,Mega Hawlucha ex,pokemon,ASC,116,I,1,"Basic,MEGA,ex",M2a,0.0,0.0001282051282051282,0.0,0.0
Deerling [WHT 6],1,1,0,0,4.022364345762439e-05,1.0,0.0,0.0,0.0,Deerling,pokemon,WHT,6,I,1,Basic,SV11W,0.0,0.0,9.533797311469158e-05,0.0
Deino [WHT 146],1,2,0,0,4.022364345762439e-05,2.0,0.0,0.0,0.0,Deino,pokemon,WHT,65,I,1,Basic,MC;SV11W,0.0,0.0,9.533797311469158e-05,0.0
Delibird [MEG 105],1,1,0,0,4.022364345762439e-05,1.0,0.0,0.0,0.0,Delibird,pokemon,MEG,105,I,1,Basic,M1S,0.0,0.0001282051282051282,0.0,0.0
Deoxys [CRI 31],1,2,0,0,4.022364345762439e-05,2.0,0.0,0.0,0.0,Deoxys,pokemon,CRI,31,J,1,Basic,M4,0.00017316017316017316,0.0,0.0,0.0
Dizzying Valley,1,2,0,0,4.022364345762439e-05,2.0,0.0,0.0,0.0,Dizzying Valley,trainer,PFL,88,I,1,Stadium,M2,0.0,0.0,9.533797311469158e-05,0.0
Dragon Elixir,1,2,0,0,4.022364345762439e-05,2.0,0.0,0.0,0.0,Dragon Elixir,trainer,SSP,172,H,0,Item,MC;SV7a,0.0,0.0,9.533797311469158e-05,0.0
Drasna,1,4,0,0,4.022364345762439e-05,4.0,0.0,0.0,0.0,Drasna,trainer,SSP,173,H,0,Supporter,MC;SV7a;SVM,0.0,0.0,9.533797311469158e-05,0.0
Mega Scrafty ex [ASC 135],1,2,0,0,4.022364345762439e-05,2.0,0.0,0.0,0.0,Mega Scrafty ex,pokemon,ASC,135,I,1,"Stage 1,MEGA,ex",M2a,0.0,0.0,9.533797311469158e-05,0.0
Meloetta [MEP 26],1,2,0,0,4.022364345762439e-05,2.0,0.0,0.0,0.0,Meloetta,pokemon,PFL,40,I,1,Basic,MBD,0.00017316017316017316,0.0,0.0,0.0
Meowscarada [JTG 18],1,1,0,0,4.022364345762439e-05,1.0,0.0,0.0,0.0,Meowscarada,pokemon,JTG,18,I,1,Stage 2,MC;MP1;SV9,0.0,0.0,9.533797311469158e-05,0.0
Meowth [30C 113],1,3,0,0,4.022364345762439e-05,3.0,0.0,0.0,0.0,Meowth,pokemon,30C,113,J,1,Basic,M6a,0.0,0.0001282051282051282,0.0,0.0
Metagross [TEF 115],1,1,0,0,4.022364345762439e-05,1.0,0.0,0.0,0.0,Metagross,pokemon,TEF,115,H,0,Stage 2,SV5M,0.0,0.0,9.533797311469158e-05,0.0
Gimmighoul [MEG 67],1,1,0,0,4.022364345762439e-05,1.0,0.0,0.0,0.0,Gimmighoul,pokemon,MEG,67,I,1,Basic,M1L;MC,0.0,0.0,9.533797311469158e-05,0.0
Team Rocket's Houndoom [DRI 191],1,1,0,0,4.022364345762439e-05,1.0,0.0,0.0,0.0,Team Rocket's Houndoom,pokemon,DRI,38,I,1,Stage 1,MC;SV10,0.0,0.0,9.533797311469158e-05,0.0
Team Rocket's Houndour [DRI 37],1,2,0,0,4.022364345762439e-05,2.0,0.0,0.0,0.0,Team Rocket's Houndour,pokemon,DRI,37,I,1,Basic,MC;SV10,0.0,0.0,9.533797311469158e-05,0.0
Team Rocket's Koffing [DRI 125],1,4,0,0,4.022364345762439e-05,4.0,0.0,0.0,0.0,Team Rocket's Koffing,pokemon,DRI,125,I,1,Basic,SV10,0.0,0.0001282051282051282,0.0,0.0
Team Rocket's Mareep [DRI 72],1,2,0,0,4.022364345762439e-05,2.0,0.0,0.0,0.0,Team Rocket's Mareep,pokemon,DRI,72,I,1,Basic,SV10,0.0,0.0001282051282051282,0.0,0.0
Team Rocket's Weezing [DRI 126],1,4,0,0,4.022364345762439e-05,4.0,0.0,0.0,0.0,Team Rocket's Weezing,pokemon,DRI,126,I,1,Stage 1,SV10,0.0,0.0001282051282051282,0.0,0.0
Timburr [BLK 125],1,4,0,0,4.022364345762439e-05,4.0,0.0,0.0,0.0,Timburr,pokemon,BLK,47,I,1,Basic,MC;SV11B,0.0,0.0001282051282051282,0.0,0.0
Weezing [JTG 92],1,3,0,0,4.022364345762439e-05,3.0,0.0,0.0,0.0,Weezing,pokemon,JTG,92,I,1,Stage 1,SV9,0.0,0.0001282051282051282,0.0,0.0
Wellspring Mask Ogerpon [DRI 67],1,1,0,0,4.022364345762439e-05,1.0,0.0,0.0,0.0,Wellspring Mask Ogerpon,pokemon,DRI,67,I,1,Basic,MC;SV9a,0.0,0.0001282051282051282,0.0,0.0
Anthea & Concordia,1,1,0,0,4.022364345762439e-05,1.0,0.0,0.0,0.0,Anthea & Concordia,trainer,ASC,182,I,1,Supporter,M2a,0.0,0.0,9.533797311469158e-05,0.0
Tremendous Bomb,1,1,0,0,4.022364345762439e-05,1.0,0.0,0.0,0.0,Tremendous Bomb,trainer,PBL,82,J,1,Pokémon Tool,M5,0.0,0.0001282051282051282,0.0,0.0
Ange Floette,1,3,0,0,4.022364345762439e-05,3.0,0.0,0.0,0.0,Ange Floette,trainer,CRI,75,J,1,Stadium,M4,0.00017316017316017316,0.0,0.0,0.0
Alomomola [BLK 108],1,1,0,0,4.022364345762439e-05,1.0,0.0,0.0,0.0,Alomomola,pokemon,BLK,24,I,1,Basic,SV11B,0.0,0.0001282051282051282,0.0,0.0
Turtonator [SCR 146],1,1,0,0,4.022364345762439e-05,1.0,0.0,0.0,0.0,Turtonator,pokemon,SCR,25,H,0,Basic,SV7,0.0,0.0,9.533797311469158e-05,0.0
Alcremie [PFL 44],1,2,0,0,4.022364345762439e-05,2.0,0.0,0.0,0.0,Alcremie,pokemon,PFL,44,I,1,Stage 1,MBD,0.00017316017316017316,0.0,0.0,0.0
Absol [SFA 30],1,1,0,0,4.022364345762439e-05,1.0,0.0,0.0,0.0,Absol,pokemon,SFA,30,H,0,Basic,MC;SV6a,0.0,0.0,9.533797311469158e-05,0.0
Adversity Policy,1,1,0,0,4.022364345762439e-05,1.0,0.0,0.0,0.0,Adversity Policy,trainer,CRI,74,I,1,Pokémon Tool,MP,0.0,0.0001282051282051282,0.0,0.0
