card_key,lists,copies,lists_day2,lists_topcut,inclusion,avg_copies,inclusion_day2,inclusion_topcut,day2_lift,name,cat,set,number,marks,legal_post,subtypes,jp_prints
Night Stretcher,9553,18040,1743,72,0.9107636571646487,1.888412017167382,0.9059251559251559,0.8888888888888888,0.994687423898143,Night Stretcher,trainer,ASC,196,H,0,Item,M1L;M2a;MA;MBD;MBG;MC;MP;SV6a;SV8;SV8a;SVN;SVP
Boss's Orders,9515,26542,1769,76,0.9071408141862904,2.7894902785076194,0.9194386694386695,0.9382716049382716,1.0135567213601895,Boss's Orders,trainer,MEG,114,G/I,1,Supporter,MA;MBD;MBG;MC;MEE;MEM;MEZ;MF;MP;S12a;S2;S4a;S8b;S9;SEF;SEK;SF;SGG;SGI;SH;SI;SJ;SK;SLD;SLL;SN;SO;SPD;SPZ;SV1a;SV4a;SVB;SVD;SVEL;SVEM;SVF;SVG;SVHK;SVHM;SVI;SVJL;SVJP;SVK;SVLN;SVLS;SVM;SVN;SVOD;SVOM;SVP
Lillie's Determination,9428,34057,1739,73,0.8988464105253122,3.6123249893932967,0.9038461538461539,0.9012345679012346,1.0055624000522176,Lillie's Determination,trainer,MEG,119,I,1,Supporter,M1L;M2a;MA;MBD;MBG;MC;MEE;MEM;MEZ;MF;MP;MP1
Poké Pad,8900,31397,1612,66,0.8485079607207551,3.527752808988764,0.8378378378378378,0.8148148148148148,0.987424840570908,Poké Pad,trainer,POR,81,J,1,Item,M3;M6a;MC;MEE;MEM;MEZ;MF;MP;MP1
Ultra Ball,8714,30337,1618,74,0.8307750977214224,3.4814092265320173,0.840956340956341,0.9135802469135802,1.0122551136436837,Ultra Ball,trainer,MEG,131,F/G/I,1,Item,20th;BKB;BKR;BKW;BKZ;CP4;GBR;KK;M2a;M6a;MA;MBD;MBG;MC;MDB;MEE;MEM;MEZ;MF;MMBp;MMBs;MP1;S12a;S9;SI;SK;SLD;SLL;SM10;SM1p;SM3p;SM5M;SM6;SM7;SM7a;SM8;SM9;SM9b;SMA;SMB;SMC;SME;SMF;SMG;SMH;SMI;SMJ;SMK;SMM;SMN;SMP;SN;SO;SPD;SPZ;SV1V;SV4a;SVAL;SVAM;SVAW;SVB;SVC;SVD;SVEL;SVEM;SVF;SVG;SVHK;SVHM;SVJL;SVJP;SVK;SVLN;SVLS;SVM;SVN;SVOD;SVOM;SVP;SZD;WCS23;XYA;XYB;XYC;XYD;XYG;XYH
Buddy-Buddy Poffin,7096,26160,1361,61,0.6765182572218514,3.6865839909808344,0.7073804573804574,0.7530864197530864,1.0456191681882212,Buddy-Buddy Poffin,trainer,ASC,184,H,0,Item,M1S;M2a;MA;MBD;MBG;MC;SV5K;SV6;SV8a;SVK;SVN;SVOD;SVOM;SVP
Meowth ex [POR 107],6307,9001,1257,60,0.6012965964343598,1.4271444426827335,0.6533264033264033,0.7407407407407407,1.08652935539728,Meowth ex,pokemon,POR,62,J,1,"Basic,ex",M3
Fezandipiti ex [ASC 142],6304,6321,1282,60,0.6010105825150157,1.0026967005076142,0.6663201663201663,0.7407407407407407,1.1086662792722437,Fezandipiti ex,pokemon,ASC,142,H,0,"Basic,ex",M2a;MA;MC;SV6a;SV8a;SVN
Psychic Energy,5427,14987,1159,55,0.5173991800934312,2.761562557582458,0.6023908523908524,0.6790123456790124,1.1642671182472177,Psychic Energy,energy,MEE,5,basic,1,,20th;BTV;BWP;CP4;HS;HSP;HSZ;M6a;MC;MDB;MF;MGm;MMBp;MMBs;MP;PBG;PPD;S10b;S8a;SI;SM1p;SMA;SMB;SMD;SMP;SP;SP4;SPD;SV2a;SVI;SVP;SZD;WAK;XYE;XYP
Unfair Stamp,4868,4868,1084,54,0.4641052531223186,1.0,0.5634095634095634,0.6666666666666666,1.213969373583178,Unfair Stamp,trainer,TWM,165,H,0,"Item,ACE SPEC",MA;MC;SV5a
Crispin,4734,12228,1024,52,0.45132996472494996,2.583016476552598,0.5322245322245323,0.6419753086419753,1.1792359777150652,Crispin,trainer,SCR,133,H,0,Supporter,MC;SV7;SV8a;SVK;SVLN;SVLS;SVP
Munkidori [ASC 99],4676,9146,943,47,0.4458003622842978,1.9559452523524379,0.4901247401247401,0.5802469135802469,1.0994265182139433,Munkidori,pokemon,ASC,99,H,0,Basic,M2a;MC;MP;SV6;SV8a
Darkness Energy,4630,15145,934,47,0.441414815521022,3.2710583153347734,0.48544698544698545,0.5802469135802469,1.0997523607674795,Darkness Energy,energy,MEE,7,basic,1,,BGS;BWP;CP4;HXY;KLD;M6a;MC;MDB;MF;MMBp;MMBs;MP;PBG;S10b;S8a;SGG;SH;SI;SM2p;SMA;SMB;SMP;SP;SVI;SVP;SZD;WAK;XYA;XYC;XYP;Y30
Budew [ASC 16],4467,5328,909,47,0.4258747259033273,1.1927468099395568,0.47245322245322247,0.5802469135802469,1.1093713566849899,Budew,pokemon,ASC,16,H,0,Basic,M2a;SV8a
Judge,4013,5082,733,37,0.3825912861092573,1.2663842511836532,0.380977130977131,0.4567901234567901,0.9957809934759848,Judge,trainer,POR,76,G/J,1,Supporter,20th;MC;MEE;MEZ;MF;MP1;S11a;S8b;SH;SI;SM11a;SM6;SM7a;SM9;SMH;SMI;SML;SMN;SMP;SN;SNPo;SO;SV4a;SV9a;SVAL;SVAM;SVAW;SVC;SVD;SVI;SVM;WCS23
Fire Energy,3639,11392,791,42,0.3469348841643627,3.1305303654850234,0.4111226611226611,0.5185185185185185,1.1850139028622126,Fire Energy,energy,MEE,2,basic,1,,20th;BGS;BKR;BKW;BTV;BWP;CP4;HS;HSP;HSZ;HXY;M6a;MC;MDB;MF;MMBp;MMBs;MP;S10b;S8a;SAr;SH;SI;SM1p;SMA;SMB;SMP;SO;SP;SP2;SP4;SV3;SVI;SVP;WAK;XYA;XYD;XYE;XYP
Dreepy [ASC 158],3238,12847,752,40,0.30870435694537135,3.96757257566399,0.3908523908523909,0.49382716049382713,1.266105845475827,Dreepy,pokemon,ASC,158,H,0,Basic,M2a;MC;SV6;SV8a
Drakloak [ASC 159],3238,12821,752,40,0.30870435694537135,3.9595429277331684,0.3908523908523909,0.49382716049382713,1.266105845475827,Drakloak,pokemon,ASC,159,H,0,Stage 1,M2a;MC;SV6;SV8a
Dragapult ex [ASC 160],3206,8782,748,40,0.3056535418057012,2.739238927011853,0.3887733887733888,0.49382716049382713,1.2719413832950952,Dragapult ex,pokemon,ASC,160,H,0,"Stage 2,Tera,ex",M2a;MC;SV6;SV8a
Lillie's Clefairy ex [ASC 280],3097,3604,552,18,0.29526170273619984,1.1637068130448822,0.2869022869022869,0.2222222222222222,0.9716881134381942,Lillie's Clefairy ex,pokemon,ASC,76,I,1,"Basic,ex",M2a;MC;SV9
Rare Candy,3029,7271,512,16,0.2887787205644008,2.4004621987454606,0.2661122661122661,0.19753086419753085,0.9215092635363352,Rare Candy,trainer,MEG,125,F/G/I,1,Item,20th;BKB;BKW;BW4;BWP;CP4;GBR;KK;M1S;MA;MBG;MC;MDB;MEE;MEM;MMBp;MMBs;S10b;S1H;SAr;SB;SC2;SCd;SCr;SD;SF;SI;SK;SM10;SM1p;SM4p;SM5M;SM6;SM6b;SM7;SM8;SM9;SMA;SMB;SMC;SME;SMF;SMG;SMH;SMJ;SML;SMN;SMP;SP;SV1V;SV3a;SV4a;SVAL;SVB;SVD;SVEL;SVF;SVG;SVHK;SVHM;SVI;SVJL;SVJP;SVK;SVM;SVN;SVOD;SVOM;SVP;SZD;XY5g;XYP
Grass Energy,2918,21806,566,23,0.27819620554867003,7.472926662097327,0.29417879417879417,0.2839506172839506,1.0574507786639384,Grass Energy,energy,MEE,1,basic,1,,20th;BKZ;BWP;CP4;HS;HSP;HSZ;HXY;M6a;MC;MF;MGg;MMBp;MMBs;MP;S10b;S8a;SAg;SH;SI;SM1p;SMA;SMB;SMP;SP;SP2;SV2D;SVI;SVP;SZD;WAK;XYP
Risky Ruins,2757,4781,578,31,0.26284679187720467,1.7341313021400073,0.3004158004158004,0.38271604938271603,1.142931204411074,Risky Ruins,trainer,MEG,127,I,1,Stadium,M1L
Dawn,2627,4992,509,18,0.2504528553722948,1.9002664636467452,0.26455301455301455,0.2222222222222222,1.0562986561273582,Dawn,trainer,PFL,87,I,1,Supporter,M2;MEE;MEM;MP
Hilda,2547,6691,384,16,0.24282581752311946,2.6270121711817827,0.1995841995841996,0.19753086419753085,0.8219233095558184,Hilda,trainer,WHT,84,I,1,Supporter,M2a;MC;MP;SV11W
Team Rocket's Petrel,2447,4733,332,11,0.2332920202116503,1.9342051491622394,0.17255717255717257,0.13580246913580246,0.7396617012473163,Team Rocket's Petrel,trainer,ASC,207,I,1,Supporter,M2a;MC;SV10
Air Balloon,2414,3914,352,8,0.23014586709886548,1.6213753106876554,0.18295218295218296,0.09876543209876543,0.7949401188837809,Air Balloon,trainer,ASC,181,I,1,Pokémon Tool,M1L;M2a;MA;MBD;MBG;MC;MEE;MEM;MEZ;MP;S1W;S4a;S8b;SD;SF;SK;SV11B
Latias ex [SSP 220],2332,3320,439,20,0.22232815330346076,1.4236706689536878,0.22817047817047817,0.24691358024691357,1.0262779354760487,Latias ex,pokemon,SSP,76,H,0,"Basic,ex",M2a;MC;MP;SV7a
Dudunsparce [PRE 80],2267,4956,497,24,0.21613118505100581,2.1861490957212175,0.2583160083160083,0.2962962962962963,1.195181566487257,Dudunsparce,pokemon,TEF,129,H,0,Stage 1,MP;SV5K;SV8a
Dunsparce [JTG 120],2163,4590,489,24,0.2062160358470779,2.1220527045769764,0.25415800415800416,0.2962962962962963,1.2324841912220552,Dunsparce,pokemon,JTG,120,I,1,Basic,MC;SV9
Fighting Energy,2162,10982,382,13,0.2061206978739632,5.0795559666975025,0.19854469854469856,0.16049382716049382,0.96324483951681,Fighting Energy,energy,MEE,6,basic,1,,20th;BGS;BWP;CP4;GBR;HS;HSP;HSZ;M6a;MC;MMBp;MMBs;MP;S10b;S8a;SAf;SH;SI;SM2p;SMA;SMB;SMD;SMP;SP;SV1S;SVI;SVP;WAK;WCS23;XYG;XYP
Shaymin [DRI 10],2136,2138,365,5,0.20364191057298123,1.000936329588015,0.1897089397089397,0.06172839506172839,0.9315810246287773,Shaymin,pokemon,DRI,10,I,1,Basic,M2a;MA;MP;SV9a
Energy Switch,2134,4983,380,16,0.20345123462675183,2.3350515463917527,0.19750519750519752,0.19753086419753085,0.9707741408772338,Energy Switch,trainer,MEG,115,F/G/I,1,Item,20th;HS;HSP;M5;MA;MC;MGg;S11a;SAw;SB;SD;SI;SM11a;SM6b;SM7a;SMA;SMH;SMJ;SO;SVAM;SVC;SVD;SVHK;SVHM;SVM;XYP
Area Zero Underdepths,2049,4686,454,19,0.19534750691200306,2.28696925329429,0.23596673596673598,0.2345679012345679,1.2079331837750578,Area Zero Underdepths,trainer,SCR,131,H,0,Stadium,M2a;SV7;SV8a
Water Energy,1831,4918,320,14,0.17456382877300028,2.6859639541234297,0.16632016632016633,0.1728395061728395,0.9527756551240987,Water Energy,energy,MEE,3,basic,1,,20th;BGS;BKB;BKR;BKW;BWP;CP4;GBR;HS;HSP;HSZ;HXY;KK;KLD;M6a;MC;MDB;MMBp;MMBs;MP;S10b;S8a;SAw;SGI;SH;SI;SM2p;SMA;SMB;SMD;SMP;SP;SP2;SP4;SV2P;SVI;SVP;WAK;XYF;XYP
Switch,1760,2036,231,10,0.1677948326818572,1.1568181818181817,0.12006237006237007,0.12345679012345678,0.7155307952182952,Switch,trainer,MEG,130,F/G/I,1,Item,20th;BGS;BKB;BKR;BKW;BKZ;BKc;BKt;BKv;BTV;CP6;HS;HSP;HSZ;HXY;KK;KLD;M2;M6a;MA;MBD;MBG;MC;MF;MGg;MGm;MMBp;MMBs;MP1;S11a;S3a;S7R;SAf;SAg;SAl;SAr;SAw;SB;SC2;SCd;SCr;SD;SEF;SEK;SF;SGG;SGI;SH;SI;SJ;SK;SLD;SLL;SM11a;SM1M;SM3p;SM6;SM6b;SM7;SM7a;SM8;SMA;SMC;SMD;SME;SMH;SMI;SMJ;SMK;SML;SMM;SMN;SMP;SN;SO;SP;SPD;SPZ;SV2a;SV3a;SV5a;SV9a;SVAL;SVAM;SVAW;SVB;SVC;SVD;SVEL;SVEM;SVF;SVG;SVHK;SVHM;SVI;SVJL;SVJP;SVK;SVLN;SVLS;SVM;SVN;SVOD;SVOM;SVP;WAK;WCS23;X30;XYA;XYB;XYC;XYD;XYE;XYF;XYG;XYP;Y30
Pokégear 3.0,1707,4115,259,11,0.16274192010677854,2.4106619800820153,0.1346153846153846,0.13580246913580246,0.8271709251498354,Pokégear 3.0,trainer,SVI,186,G/I,1,Item,MC;SAf;SAg;SAl;SAr;SAw;SB;SC2;SCd;SCr;SD;SEF;SEK;SGG;SGI;SJ;SLD;SM11;SM12a;SM9a;SMM;SV11B;SVAL;SVAM;SVAW;SVB;SVC;SVD;SVEL;SVEM;SVLN;SVLS;SVP
Teal Mask Ogerpon ex [PRE 12],1679,5633,343,15,0.16007245685956717,3.3549731983323405,0.17827442827442827,0.18518518518518517,1.1137108267840847,Teal Mask Ogerpon ex,pokemon,TWM,25,H,0,"Basic,Tera,ex",M2a;MC;SV6;SV8a
Team Rocket's Watchtower,1674,2085,312,12,0.15959576699399372,1.2455197132616487,0.16216216216216217,0.14814814814814814,1.016080596725758,Team Rocket's Watchtower,trainer,ASC,210,I,1,Stadium,M2a;SV10
Bug Catching Set,1642,5273,298,9,0.15654495185432357,3.2113276492082825,0.1548856548856549,0.1111111111111111,0.9894005079754167,Bug Catching Set,trainer,TWM,143,H,0,Item,M2a;MA;MC;SV6;SV8a;SVK;SVN
Lana's Aid,1571,1625,309,11,0.14977595576318048,1.034373010821133,0.1606029106029106,0.13580246913580246,1.0722876698370014,Lana's Aid,trainer,TWM,155,H,0,Supporter,MC;SV5a;SV8a;SVK
Cyrano,1548,2948,280,11,0.14758318238154255,1.9043927648578811,0.14553014553014554,0.13580246913580246,0.9860889512052304,Cyrano,trainer,SSP,170,H,0,Supporter,SV8
Psyduck [ASC 226],1508,1510,237,9,0.1437696634569549,1.0013262599469497,0.12318087318087319,0.1111111111111111,0.8567932220120549,Psyduck,pokemon,ASC,39,I,1,Basic,M2a;SVP
Wally's Compassion,1458,3255,187,7,0.1390027648012203,2.2325102880658436,0.0971933471933472,0.08641975308641975,0.6992188057002873,Wally's Compassion,trainer,MEG,132,I,1,Supporter,M1S;MA;MP
Ciphermaniac's Codebreaking,1431,1778,302,11,0.13642863952712364,1.2424877707896576,0.15696465696465697,0.13580246913580246,1.150525707129481,Ciphermaniac's Codebreaking,trainer,TEF,145,H,0,"Supporter,Future",MC;SV5M;SV8a;SVN
Battle Cage,1391,3564,205,4,0.132615120602536,2.5621854780733284,0.10654885654885655,0.04938271604938271,0.8034442533004719,Battle Cage,trainer,PFL,85,I,1,Stadium,M2
Moltres [PFL 14],1322,1325,304,22,0.12603680045762228,1.002269288956127,0.158004158004158,0.2716049382716049,1.2536351084006152,Moltres,pokemon,PFL,14,I,1,Basic,M2
Mega Kangaskhan ex [MEG 104],1233,3050,282,15,0.11755172085041472,2.4736415247364154,0.14656964656964658,0.18518518518518517,1.2468524110859878,Mega Kangaskhan ex,pokemon,MEG,104,I,1,"Basic,MEGA,ex",M1S;MP
Fighting Gong,1214,4486,161,2,0.11574029936123557,3.6952224052718288,0.08367983367983368,0.024691358024691357,0.7229965201546751,Fighting Gong,trainer,MEG,116,I,1,Item,M1L;M2a;MC
Chien-Pao [SSP 56],1202,1202,269,13,0.11459624368385928,1.0,0.1398128898128898,0.16049382716049382,1.2200477547815318,Chien-Pao,pokemon,SSP,56,H,0,Basic,M2a;SV8
Dudunsparce ex [JTG 121],1131,1132,245,10,0.10782724759271618,1.0008841732979663,0.12733887733887733,0.12345679012345678,1.1809526829420727,Dudunsparce ex,pokemon,JTG,121,I,1,"Stage 1,ex",MC;SV9
Black Belt's Training,1124,1291,185,5,0.10715988178091333,1.148576512455516,0.09615384615384616,0.06172839506172839,0.8972933205584452,Black Belt's Training,trainer,JTG,143,H,0,Supporter,M2a;MC;SVM;SVP
Duskull [PRE 35],1104,2508,199,9,0.10525312231861951,2.2717391304347827,0.10343035343035344,0.1111111111111111,0.9826820445026967,Duskull,pokemon,PRE,35,H,0,Basic,M2a;MC;SV6a;SV8a
Dusknoir [PRE 37],1102,1458,198,9,0.10506244637239012,1.323049001814882,0.10291060291060292,0.1111111111111111,0.9795184336926624,Dusknoir,pokemon,PRE,37,H,0,Stage 2,M2a;MC;SV6a;SV8a
Dusclops [PRE 36],1086,1872,193,9,0.10353703880255506,1.723756906077348,0.10031185031185032,0.1111111111111111,0.9688499060046022,Dusclops,pokemon,PRE,36,H,0,Stage 1,M2a;MC;SV6a;SV8a
Jamming Tower,1035,1103,182,3,0.09867480217370579,1.0657004830917873,0.0945945945945946,0.037037037037037035,0.9586499543021282,Jamming Tower,trainer,TWM,153,H,0,Stadium,M2a;SV10;SV6;SV8a;SVN
Brave Bangle,1005,1519,188,3,0.09581466298026504,1.5114427860696518,0.09771309771309772,0.037037037037037035,1.0198136138434646,Brave Bangle,trainer,WHT,80,I,1,Pokémon Tool,M2a;M5;MC;MP;SV11W
Premium Power Pro,994,3079,135,2,0.09476594527600343,3.097585513078471,0.07016632016632017,0.024691358024691357,0.740417034431119,Premium Power Pro,trainer,MEG,124,I,1,Item,M1L;M2a;MC;MP
Yveltal [MEG 88],987,1021,172,7,0.0940985794642006,1.0344478216818642,0.0893970893970894,0.08641975308641975,0.9500365457812266,Yveltal,pokemon,MEG,88,I,1,Basic,M1L;MC
Team Rocket's Factory,985,2557,161,7,0.09390790351797121,2.595939086294416,0.08367983367983368,0.08641975308641975,0.8910840360078939,Team Rocket's Factory,trainer,ASC,203,I,1,Stadium,M2a;SV10
Rosa's Encouragement,959,968,190,6,0.09142911621698922,1.0093847758081336,0.09875259875259876,0.07407407407407407,1.0801001129468284,Rosa's Encouragement,trainer,POR,84,J,1,Supporter,M3
Team Rocket's Transceiver,952,3635,138,4,0.09076175040518639,3.81827731092437,0.07172557172557173,0.04938271604938271,0.7902621027621028,Team Rocket's Transceiver,trainer,ASC,209,I,1,Item,M2a;MC;SV10
Rocky Fighting Energy,946,2671,139,4,0.09018972256649824,2.8234672304439745,0.07224532224532225,0.04938271604938271,0.801037193479054,Rocky Fighting Energy,energy,POR,87,J,1,Special,M3
Wellspring Mask Ogerpon ex [PRE 152],940,1034,210,10,0.08961769472781009,1.1,0.10914760914760915,0.12345679012345678,1.217924757818375,Wellspring Mask Ogerpon ex,pokemon,TWM,64,H,0,"Basic,Tera,ex",MC;SV6;SV8a
Mega Lopunny ex [PFL 115],913,1616,141,4,0.08704356945371342,1.7699890470974808,0.07328482328482329,0.04938271604938271,0.841932652173616,Mega Lopunny ex,pokemon,PFL,84,I,1,"Stage 1,MEGA,ex",M2
Lightning Energy,909,2200,179,7,0.08666221756125465,2.42024202420242,0.09303534303534304,0.08641975308641975,1.0735398383913235,Lightning Energy,energy,MEE,4,basic,1,,20th;BGS;BKB;BKZ;BTV;BWP;CP4;GBR;HS;HSP;HSZ;M6a;MC;MDB;MF;MMBp;MMBs;MP;S10b;S8a;SAl;SH;SI;SM2p;SMA;SMB;SMD;SMP;SN;SO;SP;SP2;SP4;SPZ;SV1V;SVI;SVP;WAK;WCS23;XYD;XYE;XYP
Team Rocket's Articuno [DRI 51],897,1672,135,4,0.08551816188387835,1.8639910813823857,0.07016632016632017,0.04938271604938271,0.8204844283439601,Team Rocket's Articuno,pokemon,DRI,51,I,1,Basic,M2a;SV10
Secret Box,888,888,169,5,0.08466012012584613,1.0,0.08783783783783784,0.06172839506172839,1.0375350012174336,Secret Box,trainer,TWM,163,H,0,"Item,ACE SPEC",SV6
Sacred Ash,887,899,162,5,0.08456478215273143,1.0135287485907554,0.0841995841995842,0.06172839506172839,0.9956814415664473,Sacred Ash,trainer,DRI,168,I,1,Item,M2a;M3;SV9a;XY2
Xerosic's Machinations,886,932,106,8,0.08446944417961674,1.0519187358916477,0.0550935550935551,0.09876543209876543,0.6522305862034982,Xerosic's Machinations,trainer,SFA,64,H,0,Supporter,MC;SV6a
Pecharunt ex [PRE 163],879,919,142,5,0.0838020783678139,1.0455062571103526,0.07380457380457381,0.06172839506172839,0.8807009950354661,Pecharunt ex,pokemon,SFA,39,H,0,"Basic,ex",MC;SV6a;SV8a
Team Rocket's Energy,869,3459,130,4,0.08284869863666698,3.9804372842347524,0.06756756756756757,0.04938271604938271,0.8155537585917334,Team Rocket's Energy,energy,ASC,217,I,1,Special,M2a;MC;SV10
Fan Rotom [ASC 171],864,1110,145,5,0.08237200877109353,1.2847222222222223,0.07536382536382537,0.06172839506172839,0.9149203289828289,Fan Rotom,pokemon,ASC,171,H,0,Basic,M2a;SV7;SV8a
Telepathic Psychic Energy,862,3069,147,4,0.08218133282486415,3.5603248259860787,0.07640332640332641,0.04938271604938271,0.9296919845063697,Telepathic Psychic Energy,energy,POR,88,J,1,Special,M3
Team Rocket's Giovanni,858,2904,130,4,0.08179998093240538,3.3846153846153846,0.06756756756756757,0.04938271604938271,0.826009576009576,Team Rocket's Giovanni,trainer,ASC,204,I,1,Supporter,M2a;MC;SV10;SVP
Team Rocket's Ariana,858,2814,130,4,0.08179998093240538,3.2797202797202796,0.06756756756756757,0.04938271604938271,0.826009576009576,Team Rocket's Ariana,trainer,ASC,202,I,1,Supporter,M2a;MC;SV10
Team Rocket's Proton,858,2737,130,4,0.08179998093240538,3.18997668997669,0.06756756756756757,0.04938271604938271,0.826009576009576,Team Rocket's Proton,trainer,ASC,208,I,1,Supporter,M2a;MC;SV10
Forest of Vitality,857,2729,153,7,0.08170464295929068,3.1843640606767796,0.07952182952182953,0.08641975308641975,0.9732840955128004,Forest of Vitality,trainer,MEG,117,I,1,Stadium,M1S;M2a;M3
Ignition Energy,856,2283,103,5,0.081609304986176,2.667056074766355,0.05353430353430354,0.06172839506172839,0.6559828385178853,Ignition Energy,energy,WHT,86,I,1,Special,M2;M2a;MA;MC;SV11W
Snorunt [ASC 227],831,2041,127,5,0.07922585565830871,2.4560770156438028,0.06600831600831601,0.06172839506172839,0.8331663376789731,Snorunt,pokemon,ASC,46,I,1,Basic,M2a
Buneary [PFL 83],821,1480,129,4,0.07827247592716179,1.802679658952497,0.06704781704781705,0.04938271604938271,0.8565950706632802,Buneary,pokemon,PFL,83,I,1,Basic,M2
Tool Scrapper,811,814,127,2,0.07731909619601487,1.0036991368680641,0.06600831600831601,0.024691358024691357,0.8537129797918948,Tool Scrapper,trainer,ASC,212,I,1,Item,BW5n;BWP;M2a;M4;MA;S2;S4a;S8b;SD;SF;SK;SV11W
Crushing Hammer,809,2984,240,17,0.07712842024978549,3.688504326328801,0.12474012474012475,0.20987654320987653,1.6173042872672045,Crushing Hammer,trainer,POR,71,F/G/J,1,Item,20th;BTV;BW1b;HXY;M5;MC;MDB;MEZ;MF;MGm;SAr;SAw;SD;SEK;SH;SI;SM1S;SM5M;SMA;SMD;SMH;SML;SMN;SVAW;SVD;SVI;SVM;SVP;Y30
Mist Energy,808,2877,149,8,0.0770330822766708,3.5606435643564356,0.07744282744282745,0.09876543209876543,1.005319080504724,Mist Energy,energy,TEF,161,H,0,Special,SV5M;SV8a;SVN
Enriching Energy,806,806,157,6,0.07684240633044141,1.0,0.0816008316008316,0.07407407407407407,1.0619244698028818,Enriching Energy,energy,SSP,191,H,0,"Special,ACE SPEC",MC;SV7a
Team Rocket's Archer,803,2046,126,3,0.07655639241109734,2.547945205479452,0.06548856548856549,0.037037037037037035,0.8554290951551227,Team Rocket's Archer,trainer,ASC,201,I,1,Supporter,M2a;MC;SV10
Hero's Cape,795,795,128,7,0.07579368862617981,1.0,0.06652806652806653,0.08641975308641975,0.877752062657723,Hero's Cape,trainer,TEF,152,H,0,"Pokémon Tool,ACE SPEC",MA;MBD;MC;SV5M
Glass Trumpet,769,1402,165,7,0.07331490132519783,1.8231469440832249,0.08575883575883576,0.08641975308641975,1.1697326765597247,Glass Trumpet,trainer,ASC,189,H,0,Item,M2a;SV7;SV8a
Lunatone [ASC 105],763,1529,96,1,0.07274287348650968,2.0039318479685453,0.0498960498960499,0.012345679012345678,0.6859235483088695,Lunatone,pokemon,MEG,74,I,1,Basic,M1L;M2a;MC
Solrock [ASC 106],763,1916,96,1,0.07274287348650968,2.511140235910878,0.0498960498960499,0.012345679012345678,0.6859235483088695,Solrock,pokemon,MEG,75,I,1,Basic,M1L;M2a;MC
Bloodmoon Ursaluna ex [PRE 168],753,753,126,8,0.07178949375536275,1.0,0.06548856548856549,0.09876543209876543,0.9122304958958347,Bloodmoon Ursaluna ex,pokemon,TWM,141,H,0,"Basic,ex",MC;SV5a;SV8a;SVP
Brock's Scouting,752,1043,124,6,0.07169415578224807,1.386968085106383,0.06444906444906445,0.07407407407407407,0.8989444641040386,Brock's Scouting,trainer,JTG,146,I,1,Supporter,MF;SV9
Dunsparce [PRE 79],743,1152,109,5,0.07083611402421584,1.550471063257066,0.056652806652806656,0.06172839506172839,0.799772932680066,Dunsparce,pokemon,TEF,128,H,0,Basic,SV5K;SV8a
Raging Bolt ex [PRE 166],740,1513,165,7,0.07055010010487177,2.0445945945945945,0.08575883575883576,0.08641975308641975,1.2155735517222004,Raging Bolt ex,pokemon,TEF,123,H,0,"Basic,ex,Ancient",MC;SV5K;SV8a
Gravity Mountain,731,1098,92,1,0.06969205834683954,1.5020519835841313,0.04781704781704782,0.012345679012345678,0.6861190349562443,Gravity Mountain,trainer,SSP,177,H,0,Stadium,M2a;SV8
Maximum Belt,729,729,93,1,0.06950138240061016,1.0,0.04833679833679834,0.012345679012345678,0.6954796677018901,Maximum Belt,trainer,TEF,154,H,0,"Pokémon Tool,ACE SPEC",MA;MC;SV5K;SV8a;SVN
Team Rocket's Mimikyu [ASC 238],717,1190,100,3,0.06835732672323386,1.6596931659693166,0.05197505197505198,0.037037037037037035,0.7603435427703211,Team Rocket's Mimikyu,pokemon,ASC,97,I,1,Basic,M2a;MC;SV10
Dipplin [PRE 10],704,2015,164,5,0.06711793307274287,2.862215909090909,0.08523908523908524,0.06172839506172839,1.2699897231147232,Dipplin,pokemon,TWM,18,H,0,Stage 1,SV6;SV8a
Mega Froslass ex [ASC 265],698,1177,109,3,0.06654590523405472,1.686246418338109,0.056652806652806656,0.037037037037037035,0.8513342249015602,Mega Froslass ex,pokemon,ASC,47,I,1,"Stage 1,MEGA,ex",M2a
Meganium [MEG 10],645,1293,115,5,0.06149299265897607,2.0046511627906978,0.059771309771309775,0.06172839506172839,0.9720019661880127,Meganium,pokemon,MEG,10,I,1,Stage 2,M1S
Kieran,634,807,125,2,0.06044427495471446,1.272870662460568,0.06496881496881497,0.024691358024691357,1.074854732189117,Kieran,trainer,TWM,154,H,0,Supporter,MA;MC;SV6;SV8a;SVK;SVN;SVP
Legacy Energy,632,632,72,2,0.06025359900848508,1.0,0.037422037422037424,0.024691358024691357,0.6210755546198584,Legacy Energy,energy,TWM,167,H,0,"Special,ACE SPEC",MC;SV6;SV8a;SVN
Blaziken ex [JTG 24],627,1250,107,2,0.05977690914291162,1.9936204146730463,0.055613305613305616,0.024691358024691357,0.9303476277160488,Blaziken ex,pokemon,JTG,24,H,0,"Stage 2,ex",SVM
Genesect [SFA 40],624,624,123,3,0.05949089522356755,1.0,0.06392931392931393,0.037037037037037035,1.074606688789381,Genesect,pokemon,SFA,40,H,0,Basic,SV6a
Torchic [DRI 40],623,1264,108,2,0.059395557250452855,2.028892455858748,0.056133056133056136,0.024691358024691357,0.945071630464889,Torchic,pokemon,DRI,40,I,1,Basic,SV10
Passimian [SSP 111],612,615,149,8,0.05834683954619125,1.0049019607843137,0.07744282744282745,0.09876543209876543,1.3272840147840148,Passimian,pokemon,SSP,111,H,0,Basic,MC;SV7a
Bayleef [MEG 9],597,1172,108,5,0.056916769949470876,1.963149078726968,0.056133056133056136,0.06172839506172839,0.9862305289440968,Bayleef,pokemon,MEG,9,I,1,Stage 1,M1S
Combusken [DRI 41],595,616,104,2,0.05672609400324149,1.035294117647059,0.05405405405405406,0.024691358024691357,0.952895752895753,Combusken,pokemon,DRI,41,I,1,Stage 1,SV10
N's Zorua [ASC 136],574,2264,75,2,0.054723996567832965,3.9442508710801394,0.03898128898128898,0.024691358024691357,0.7123253312277703,N's Zorua,pokemon,ASC,136,I,1,Basic,M2a;MC;SV9;SVP
N's Zoroark ex [ASC 137],574,2258,75,2,0.054723996567832965,3.9337979094076654,0.03898128898128898,0.024691358024691357,0.7123253312277703,N's Zoroark ex,pokemon,ASC,137,I,1,"Stage 1,ex",M2a;MC;SV9
Team Rocket's Mewtwo ex [ASC 281],571,1131,86,2,0.05443798264848889,1.9807355516637477,0.0446985446985447,0.024691358024691357,0.8210911301979604,Team Rocket's Mewtwo ex,pokemon,ASC,79,I,1,"Basic,ex",M2a;MC;MP;SV10
Team Rocket's Spidops [ASC 19],571,2274,86,2,0.05443798264848889,3.9824868651488616,0.0446985446985447,0.024691358024691357,0.8210911301979604,Team Rocket's Spidops,pokemon,ASC,19,I,1,Stage 1,M2a;SV10
Team Rocket's Tarountula [ASC 18],571,2281,86,2,0.05443798264848889,3.9947460595446587,0.0446985446985447,0.024691358024691357,0.8210911301979604,Team Rocket's Tarountula,pokemon,ASC,18,I,1,Basic,M2a;SV10
Enhanced Hammer,570,1152,103,3,0.0543426446753742,2.0210526315789474,0.05353430353430354,0.037037037037037035,0.9851251048619469,Enhanced Hammer,trainer,TWM,148,H,0,Item,BW4;BWP;CP4;M2a;SM1p;SM4p;SM5p;SM9a;SV5a;SV6;SV8a;SVP;XYP
Mega Lucario ex [ASC 113],560,1668,71,1,0.053389264944227285,2.9785714285714286,0.036902286902286904,0.012345679012345678,0.6911930130680131,Mega Lucario ex,pokemon,MEG,77,I,1,"Stage 1,MEGA,ex",M1L;M2a
Briar,560,563,104,4,0.053389264944227285,1.0053571428571428,0.05405405405405406,0.04938271604938271,1.0124517374517374,Briar,trainer,SCR,132,H,0,Supporter,MC;SV7;SV8a
N's Zekrom [ASC 155],559,1033,75,2,0.05329392697111259,1.847942754919499,0.03898128898128898,0.024691358024691357,0.7314396066632204,N's Zekrom,pokemon,ASC,155,I,1,Basic,M2a
N's PP Up,555,1676,75,2,0.05291257507865383,3.0198198198198196,0.03898128898128898,0.024691358024691357,0.7367112434680002,N's PP Up,trainer,ASC,195,I,1,Item,M2a;MC;SV9
N's Castle,544,1063,73,2,0.05186385737439222,1.9540441176470589,0.037941787941787944,0.024691358024691357,0.7315650987525988,N's Castle,trainer,JTG,152,I,1,Stadium,M2a;SV9
Riolu [ASC 112],539,1666,67,1,0.05138716750881876,3.090909090909091,0.034823284823284825,0.012345679012345678,0.6776649990935706,Riolu,pokemon,MEG,76,I,1,Basic,M1L;M2a;MP
Handheld Fan,533,991,107,4,0.05081513967013061,1.8592870544090057,0.055613305613305616,0.04938271604938271,1.0944239447991795,Handheld Fan,trainer,TWM,150,H,0,Pokémon Tool,SV6
Binding Mochi,529,831,67,1,0.050433787777671844,1.5708884688090736,0.034823284823284825,0.012345679012345678,0.6904753015339027,Binding Mochi,trainer,PRE,95,H,0,Pokémon Tool,MC;SV6a;SV8a
Mega Starmie ex [POR 102],510,1042,52,3,0.04862236628849271,2.0431372549019606,0.02702702702702703,0.037037037037037035,0.5558558558558558,Mega Starmie ex,pokemon,POR,21,J,1,"Stage 1,MEGA,ex",M3
Staryu [POR 20],509,1445,52,3,0.048527028315378015,2.838899803536346,0.02702702702702703,0.037037037037037035,0.5569479105824883,Staryu,pokemon,POR,20,J,1,Basic,M3
Alakazam [MEG 56],507,1554,94,3,0.048336352369148634,3.06508875739645,0.04885654885654886,0.037037037037037035,1.0107620137205937,Alakazam,pokemon,MEG,56,I,1,Stage 2,M1S
Kadabra [MEG 55],507,1896,94,3,0.048336352369148634,3.739644970414201,0.04885654885654886,0.037037037037037035,1.0107620137205937,Kadabra,pokemon,MEG,55,I,1,Stage 1,M1S
Abra [MEG 54],504,1960,93,3,0.04805033844980456,3.888888888888889,0.04833679833679834,0.037037037037037035,1.0059616622116623,Abra,pokemon,MEG,54,I,1,Basic,M1S
N's Reshiram [ASC 154],490,502,60,1,0.04671560682619887,1.0244897959183674,0.031185031185031187,0.012345679012345678,0.6675505961220247,N's Reshiram,pokemon,ASC,154,I,1,Basic,M2a;MC;SV9
Iron Leaves ex [PRE 176],484,486,97,4,0.046143578987510724,1.0041322314049588,0.05041580041580042,0.04938271604938271,1.0925853937217576,Iron Leaves ex,pokemon,TEF,25,H,0,"Basic,ex,Future",MC;SV5M;SV8a
Applin [PRE 9],464,1022,100,4,0.044236819525216894,2.2025862068965516,0.05197505197505198,0.04938271604938271,1.1749274141515522,Applin,pokemon,SCR,12,H,0,Basic,MC;SV7;SV8a
Froslass [SVP 117],461,947,59,4,0.04395080560587282,2.054229934924078,0.030665280665280667,0.04938271604938271,0.6977182839438805,Froslass,pokemon,TWM,53,H,0,Stage 1,SV6;SV8a
Chikorita [MEG 8],455,878,86,3,0.04337877776718467,1.9296703296703297,0.0446985446985447,0.037037037037037035,1.0304242535011767,Chikorita,pokemon,MEG,8,I,1,Basic,M1S;MP
Rabsca [TEF 24],452,463,115,3,0.043092763847840596,1.0243362831858407,0.059771309771309775,0.037037037037037035,1.3870382039629827,Rabsca,pokemon,TEF,24,H,0,Stage 1,SV5M;SV8a
Wondrous Patch,447,934,63,1,0.04261607398226714,2.0894854586129754,0.032744282744282746,0.012345679012345678,0.7683552163417935,Wondrous Patch,trainer,PFL,94,I,1,Item,M3;MBD
Cynthia's Gabite [ASC 110],446,1777,65,1,0.042520736009152446,3.984304932735426,0.033783783783783786,0.012345679012345678,0.7945249060719913,Cynthia's Gabite,pokemon,ASC,110,I,1,Stage 1,M2a;MC;SV9a
Cynthia's Gible [ASC 109],446,1783,65,1,0.042520736009152446,3.997757847533632,0.033783783783783786,0.012345679012345678,0.7945249060719913,Cynthia's Gible,pokemon,ASC,109,I,1,Basic,M2a;MC;SV9a
Cynthia's Power Weight,446,1548,65,1,0.042520736009152446,3.4708520179372195,0.033783783783783786,0.012345679012345678,0.7945249060719913,Cynthia's Power Weight,trainer,DRI,162,I,1,Pokémon Tool,M2a;MC;SV9a
Cynthia's Garchomp ex [ASC 111],446,1336,65,1,0.042520736009152446,2.995515695067265,0.033783783783783786,0.012345679012345678,0.7945249060719913,Cynthia's Garchomp ex,pokemon,ASC,111,I,1,"Stage 2,ex",M2a;MC;SV9a;SVP
Applin [TWM 17],445,1143,112,2,0.04242539803603775,2.5685393258426967,0.058212058212058215,0.024691358024691357,1.3721039968230981,Applin,pokemon,TWM,17,H,0,Basic,SV6
Cynthia's Roselia [DRI 7],444,1647,65,1,0.042330060062923065,3.7094594594594597,0.033783783783783786,0.012345679012345678,0.7981038470903336,Cynthia's Roselia,pokemon,DRI,7,I,1,Basic,M2a;MC;SV9a
Cynthia's Roserade [DRI 184],444,1422,65,1,0.042330060062923065,3.2027027027027026,0.033783783783783786,0.012345679012345678,0.7981038470903336,Cynthia's Roserade,pokemon,DRI,8,I,1,Stage 1,M2a;MC;SV9a
Festival Grounds,436,1668,105,2,0.04156735627800553,3.8256880733944953,0.05457380457380458,0.024691358024691357,1.3129005416849455,Festival Grounds,trainer,TWM,149,H,0,Stadium,SV6;SV8a
Cynthia's Spiritomb [ASC 133],436,442,63,1,0.04156735627800553,1.0137614678899083,0.032744282744282746,0.012345679012345678,0.7877403250109672,Cynthia's Spiritomb,pokemon,ASC,133,I,1,Basic,M2a;SV9a
Noctowl [PRE 78],434,921,81,2,0.04137668033177615,2.122119815668203,0.0420997920997921,0.024691358024691357,1.0174763118311505,Noctowl,pokemon,SCR,115,H,0,Stage 1,M2a;MA;MC;SV7;SV8a;SVLS;SVN;SVP
Makuhita [MEG 72],426,838,47,1,0.04061397654685862,1.9671361502347418,0.02442827442827443,0.012345679012345678,0.6014745785872546,Makuhita,pokemon,MEG,72,I,1,Basic,M1L;MP
Hariyama [MEG 73],426,834,47,1,0.04061397654685862,1.9577464788732395,0.02442827442827443,0.012345679012345678,0.6014745785872546,Hariyama,pokemon,MEG,73,I,1,Stage 1,M1L
N's Darumaka [ASC 32],425,571,51,1,0.04051863857374392,1.3435294117647059,0.02650727650727651,0.012345679012345678,0.6541995841995842,N's Darumaka,pokemon,ASC,32,I,1,Basic,M2a;MC;SV9
N's Darmanitan [ASC 33],425,473,51,1,0.04051863857374392,1.1129411764705883,0.02650727650727651,0.012345679012345678,0.6541995841995842,N's Darmanitan,pokemon,ASC,33,I,1,Stage 1,M2a;MC;SV9
Thwackey [SVP 115],411,1527,100,2,0.03918390695013824,3.7153284671532845,0.05197505197505198,0.024691358024691357,1.3264387351978593,Thwackey,pokemon,TWM,15,H,0,Stage 1,SV6;SV8a
Grookey [TWM 14],411,1621,100,2,0.03918390695013824,3.9440389294403895,0.05197505197505198,0.024691358024691357,1.3264387351978593,Grookey,pokemon,TWM,14,H,0,Basic,SV6;SV8a
Rellor [TEF 23],410,478,112,3,0.03908856897702355,1.1658536585365853,0.058212058212058215,0.037037037037037035,1.4892348258201917,Rellor,pokemon,TEF,23,H,0,Basic,SV5M;SV8a
Energy Retrieval,410,528,63,2,0.03908856897702355,1.2878048780487805,0.032744282744282746,0.024691358024691357,0.8376945895238579,Energy Retrieval,trainer,SVI,171,F/G/I,1,Item,20th;BW1b;CP6;HS;HSP;KK;M4;MC;SAl;SB;SGI;SI;SM11a;SM1M;SM3p;SMA;SMD;SV11W;SVAW;SVD;SVI;SVM;WCS23;XYE;XYP
Goldeen [PRE 20],386,530,97,2,0.03680045762227095,1.3730569948186528,0.05041580041580042,0.024691358024691357,1.369977540314328,Goldeen,pokemon,TWM,44,H,0,Basic,SV6;SV8a
Prism Energy,376,1105,66,4,0.035847077891124034,2.9388297872340425,0.034303534303534305,0.04938271604938271,0.9569408811430089,Prism Energy,energy,ASC,216,I,1,Special,BW3p;BWP;M2a;MA;MC;SV11B
Colress's Tenacity,371,615,58,4,0.03537038802555058,1.6576819407008085,0.030145530145530147,0.04938271604938271,0.8522815786966731,Colress's Tenacity,trainer,SFA,57,H,0,Supporter,SV6a;SV8a
Scoop Up Cyclone,366,366,48,0,0.034893698159977116,1.0,0.02494802494802495,0.0,0.7149722231689446,Scoop Up Cyclone,trainer,TWM,162,H,0,"Item,ACE SPEC",BW9;MC;SV6;SV8a
Hoothoot [SCR 114],366,749,73,2,0.034893698159977116,2.046448087431694,0.037941787941787944,0.024691358024691357,1.08735358940277,Hoothoot,pokemon,SCR,114,H,0,Basic,M2a;MA;MC;SV7;SVLS;SVN
Seaking [PRE 21],363,370,87,2,0.03460768424063304,1.019283746556474,0.04521829521829522,0.024691358024691357,1.3065969656878749,Seaking,pokemon,PRE,21,H,0,Stage 1,SV8a
Cornerstone Mask Ogerpon ex [PRE 160],360,388,59,4,0.034321670321288966,1.0777777777777777,0.030665280665280667,0.04938271604938271,0.8934670247170249,Cornerstone Mask Ogerpon ex,pokemon,TWM,112,H,0,"Basic,Tera,ex",MC;SV6;SV8a
Lucky Helmet,359,540,69,5,0.03422633234817428,1.5041782729805013,0.035862785862785865,0.06172839506172839,1.0478127044979413,Lucky Helmet,trainer,TWM,158,H,0,Pokémon Tool,SV5a;XY7
Energy Search,345,414,51,2,0.03289160072456859,1.2,0.02650727650727651,0.024691358024691357,0.8058980385067342,Energy Search,trainer,POR,72,F/G/J,1,Item,BGS;BKc;BKt;BKv;KLD;MC;SAf;SAg;SAl;SAr;SAw;SD;SI;SN;SO;SVAL;SVAM;SVAW;SVD;SVM;SVP;WCS23
Neo Upper Energy,341,341,45,1,0.03251024883210983,1.0,0.02338877338877339,0.012345679012345678,0.7194276952341468,Neo Upper Energy,energy,TEF,162,H,0,"Special,ACE SPEC",SV5K
Hydrapple ex [PRE 11],299,606,64,3,0.02850605396129278,2.0267558528428093,0.033264033264033266,0.037037037037037035,1.1669111869780768,Hydrapple ex,pokemon,SCR,14,H,0,"Stage 2,ex",MC;SV7;SV8a
Team Rocket's Murkrow [ASC 126],291,1145,45,2,0.02774335017637525,3.9347079037800685,0.02338877338877339,0.024691358024691357,0.843040701288124,Team Rocket's Murkrow,pokemon,ASC,126,I,1,Basic,M2a;MC;SV10
Janine's Secret Art,290,335,30,0,0.027648012203260557,1.1551724137931034,0.015592515592515593,0.0,0.5639651587927451,Janine's Secret Art,trainer,PRE,112,H,0,Supporter,MC;SV6a;SV8a
Team Rocket's Honchkrow [ASC 127],286,913,44,2,0.027266660310801792,3.1923076923076925,0.02286902286902287,0.024691358024691357,0.8387174156404926,Team Rocket's Honchkrow,pokemon,ASC,127,I,1,Stage 1,M2a
Team Rocket's Porygon [DRI 153],285,581,44,2,0.0271713223376871,2.0385964912280703,0.02286902286902287,0.024691358024691357,0.8416602837655469,Team Rocket's Porygon,pokemon,DRI,153,I,1,Basic,SV10
Larry's Skill,284,475,43,1,0.027075984364572408,1.6725352112676057,0.02234927234927235,0.012345679012345678,0.8254278791250623,Larry's Skill,trainer,PRE,115,H,0,Supporter,MC;SV8a
Team Rocket's Porygon2 [DRI 154],283,384,44,2,0.026980646391457717,1.3568904593639577,0.02286902286902287,0.024691358024691357,0.8476084129794378,Team Rocket's Porygon2,pokemon,DRI,154,I,1,Stage 1,SV10
Roto-Stick,282,914,42,2,0.026885308418343027,3.2411347517730498,0.02182952182952183,0.024691358024691357,0.8119498385455832,Roto-Stick,trainer,PRE,127,H,0,Item,SVP
Celebi [MEG 12],279,351,60,4,0.026599294498998952,1.2580645161290323,0.031185031185031187,0.04938271604938271,1.172400688529721,Celebi,pokemon,MEG,12,I,1,Basic,M1L
Miracle Headset,277,277,42,2,0.026408618552769568,1.0,0.02182952182952183,0.024691358024691357,0.8266059728153592,Miracle Headset,trainer,SSP,183,H,0,"Item,ACE SPEC",SV8
Abra [TWM 80],267,280,40,2,0.025455238821622653,1.048689138576779,0.02079002079002079,0.024691358024691357,0.8167285695375583,Abra,pokemon,TWM,80,H,0,Basic,SV6;SV8a
Tera Orb,267,532,34,1,0.025455238821622653,1.9925093632958801,0.017671517671517672,0.012345679012345678,0.6942192841069246,Tera Orb,trainer,SSP,189,H,0,Item,M2a;SV8a;SVLN;SVLS;SVN
Carmine,262,613,21,1,0.024978548956049194,2.3396946564885495,0.010914760914760915,0.012345679012345678,0.4369653711256765,Carmine,trainer,TWM,145,H,0,Supporter,MC;SV6;SV8a;SVN;SVP
Chikorita [ASC 8],253,468,39,2,0.02412050719801697,1.849802371541502,0.02027027027027027,0.024691358024691357,0.8403749599401774,Chikorita,pokemon,ASC,8,J,1,Basic,MC
Growing Grass Energy,252,655,58,5,0.02402516922490228,2.5992063492063493,0.030145530145530147,0.06172839506172839,1.2547478797478797,Growing Grass Energy,energy,POR,86,J,1,Special,M3;M6
Tapu Bulu [SFA 6],252,254,47,2,0.02402516922490228,1.007936507936508,0.02442827442827443,0.024691358024691357,1.0167784542784544,Tapu Bulu,pokemon,SFA,6,H,0,Basic,MC;SV6a
Morty's Conviction,249,387,41,2,0.023739155305558205,1.5542168674698795,0.02130977130977131,0.024691358024691357,0.8976634187477561,Morty's Conviction,trainer,TEF,155,H,0,Supporter,MC;SV5K;SV8a;SVM
Tatsugiri [SVP 118],245,254,34,1,0.023357803413099437,1.036734693877551,0.017671517671517672,0.012345679012345678,0.7565573422716281,Tatsugiri,pokemon,TWM,131,H,0,Basic,M2a;MA;MBD;MBG;MC;SV6;SV8a;SVN;SVP
Prime Catcher,240,240,32,3,0.02288111354752598,1.0,0.016632016632016633,0.037037037037037035,0.7268884268884269,Prime Catcher,trainer,TEF,157,H,0,"Item,ACE SPEC",MA;MBG;MC;SV5M;SV8a;SVN
Jumbo Ice Cream,238,782,50,5,0.022690437601296597,3.2857142857142856,0.02598752598752599,0.06172839506172839,1.1453073953073953,Jumbo Ice Cream,trainer,PFL,91,I,1,Item,M2;M4
Smoliv [DRI 21],235,464,45,2,0.022404423681952522,1.974468085106383,0.02338877338877339,0.024691358024691357,1.0439355067014642,Smoliv,pokemon,DRI,21,I,1,Basic,MC;SV10
Arboliva ex [DRI 207],235,461,45,2,0.022404423681952522,1.9617021276595745,0.02338877338877339,0.024691358024691357,1.0439355067014642,Arboliva ex,pokemon,DRI,23,I,1,"Stage 2,ex",MC;SV10
Dolliv [DRI 22],235,464,45,2,0.022404423681952522,1.974468085106383,0.02338877338877339,0.024691358024691357,1.0439355067014642,Dolliv,pokemon,DRI,22,I,1,Stage 1,MC;SV10
Surfer,234,294,32,1,0.02230908570883783,1.2564102564102564,0.016632016632016633,0.012345679012345678,0.7455265916804378,Surfer,trainer,ASC,200,H,0,Supporter,M2a;MC;SV7a
Tarragon,232,388,27,1,0.022118409762608447,1.6724137931034482,0.014033264033264034,0.012345679012345678,0.6344608036418381,Tarragon,trainer,POR,85,J,1,Supporter,M3
Energy Recycler,225,278,11,0,0.021451043950805607,1.2355555555555555,0.005717255717255718,0.0,0.2665257565257565,Energy Recycler,trainer,DRI,164,I,1,Item,M2a;M3;MC;S5R;SI;SM1p;SM8b;SMC;SMN;SVOD;SVOM;XYP
Spiky Energy,205,627,52,6,0.019544284488511775,3.0585365853658537,0.02702702702702703,0.07407407407407407,1.382860909690178,Spiky Energy,energy,JTG,159,I,1,Special,MC;SV9
Salvatore,189,283,17,1,0.018018876918676707,1.4973544973544974,0.008835758835758836,0.012345679012345678,0.49036124036124046,Salvatore,trainer,TEF,160,H,0,Supporter,MC;SV5M
Chi-Yu [TWM 39],184,184,29,0,0.01754218705310325,1.0,0.015072765072765074,0.0,0.8592295263490916,Chi-Yu,pokemon,TWM,39,H,0,Basic,SV5a
Metal Energy,181,977,15,0,0.017256173133759177,5.397790055248619,0.007796257796257797,0.0,0.45179529295551396,Metal Energy,energy,MEE,8,basic,1,,BGS;BWP;CP4;HXY;KLD;M6a;MC;MMBp;MMBs;MP;PPD;S10b;S8a;SI;SM1p;SMA;SMB;SMP;SP;SVI;SVP;WAK;XYB;XYP
Lillie's Pearl,180,352,27,1,0.017160835160644483,1.9555555555555555,0.014033264033264034,0.012345679012345678,0.8177494802494804,Lillie's Pearl,trainer,JTG,151,I,1,Pokémon Tool,MC;SV9
Maractus [JTG 160],174,178,30,1,0.016588807321956334,1.0229885057471264,0.015592515592515593,0.012345679012345678,0.9399419313212418,Maractus,pokemon,JTG,8,I,1,Basic,SV9
Nighttime Mine,169,296,22,1,0.016112117456382878,1.7514792899408285,0.011434511434511435,0.012345679012345678,0.7096839670804168,Nighttime Mine,trainer,ASC,197,I,1,Stadium,M2a
Rillaboom [TWM 16],169,169,33,0,0.016112117456382878,1.0,0.017151767151767153,0.0,1.0645259506206253,Rillaboom,pokemon,TWM,16,H,0,Stage 2,SV6
Acerola's Mischief,162,168,22,1,0.015444751644580037,1.037037037037037,0.011434511434511435,0.012345679012345678,0.740349323682657,Acerola's Mischief,trainer,MEG,113,I,1,Supporter,M1S;M2a;MC
Bloodmoon Ursaluna [PRE 54],162,195,21,0,0.015444751644580037,1.2037037037037037,0.010914760914760915,0.0,0.7066970816970817,Bloodmoon Ursaluna,pokemon,PRE,54,H,0,Basic,MC;SV6a;SV8a
Crustle [DRI 12],159,458,40,5,0.015158737725235962,2.880503144654088,0.02079002079002079,0.06172839506172839,1.3714875979026924,Crustle,pokemon,DRI,12,I,1,Stage 1,M2a;MC;SV9a
Dwebble [DRI 11],157,532,40,5,0.014968061779006578,3.388535031847134,0.02079002079002079,0.06172839506172839,1.3889587774938095,Dwebble,pokemon,DRI,11,I,1,Basic,M2a;MC;SV9a
Relicanth [TEF 173],156,158,18,0,0.014872723805891887,1.0128205128205128,0.009355509355509356,0.0,0.6290380617303695,Relicanth,pokemon,TEF,84,H,0,Basic,MP;SV5K;SV8a
Regigigas [PRE 86],155,157,23,1,0.014777385832777195,1.0129032258064516,0.011954261954261955,0.012345679012345678,0.8089564750855074,Regigigas,pokemon,PRE,86,H,0,Basic,SV8a
Dedenne [SSP 87],148,148,44,2,0.014110020020974353,1.0,0.02286902286902287,0.024691358024691357,1.6207647356296007,Dedenne,pokemon,SSP,87,H,0,Basic,SV8
Koraidon ex [ASC 121],145,146,44,0,0.013824006101630279,1.006896551724138,0.02286902286902287,0.0,1.6542977991253855,Koraidon ex,pokemon,ASC,121,J,1,"Basic,Tera,ex",MC
Okidogi [PRE 57],142,393,22,0,0.013537992182286204,2.767605633802817,0.011434511434511435,0.0,0.8446238763140173,Okidogi,pokemon,TWM,111,H,0,Basic,MC;SV6;SV8a
Precious Trolley,140,140,12,0,0.013347316236056821,1.0,0.006237006237006237,0.0,0.46728541728541734,Precious Trolley,trainer,SSP,185,H,0,"Item,ACE SPEC",MC;SVLN
Lucian,140,208,23,1,0.013347316236056821,1.4857142857142858,0.011954261954261955,0.012345679012345678,0.8956303831303832,Lucian,trainer,TWM,157,H,0,Supporter,MC;SV5a;SVM
Marnie's Impidimp [DRI 134],140,444,16,1,0.013347316236056821,3.1714285714285713,0.008316008316008316,0.012345679012345678,0.623047223047223,Marnie's Impidimp,pokemon,DRI,134,I,1,Basic,SVOM
Marnie's Grimmsnarl ex [ASC 287],140,344,16,1,0.013347316236056821,2.4571428571428573,0.008316008316008316,0.012345679012345678,0.623047223047223,Marnie's Grimmsnarl ex,pokemon,DRI,136,I,1,"Stage 2,ex",M2a;SVOM
Marnie's Morgrem [DRI 135],140,276,16,1,0.013347316236056821,1.9714285714285715,0.008316008316008316,0.012345679012345678,0.623047223047223,Marnie's Morgrem,pokemon,DRI,135,I,1,Stage 1,SVOM
Spikemuth Gym,140,506,16,1,0.013347316236056821,3.6142857142857143,0.008316008316008316,0.012345679012345678,0.623047223047223,Spikemuth Gym,trainer,DRI,169,I,1,Stadium,SVOM
Team Rocket's Kangaskhan ex [ASC 162],135,135,17,1,0.012870626370483364,1.0,0.008835758835758836,0.012345679012345678,0.6865057365057365,Team Rocket's Kangaskhan ex,pokemon,ASC,162,I,1,"Basic,ex",SVP
Buneary [MEG 107],134,165,18,0,0.012775288397368672,1.2313432835820894,0.009355509355509356,0.0,0.7323129673875943,Buneary,pokemon,MEG,107,I,1,Basic,M1S;MC
Sparkling Crystal,131,131,16,0,0.012489274478024597,1.0,0.008316008316008316,0.0,0.6658519940962689,Sparkling Crystal,trainer,SCR,142,H,0,"Pokémon Tool,ACE SPEC",MC;SV7;SV8a
Mega Signal,129,179,6,1,0.012298598531795215,1.3875968992248062,0.0031185031185031187,0.012345679012345678,0.25356573030991636,Mega Signal,trainer,MEG,121,I,1,Item,M1S;M2a;MA;MBD;MBG;MP
Team Rocket's Sneasel [DRI 128],129,130,11,0,0.012298598531795215,1.0077519379844961,0.005717255717255718,0.0,0.46487050556818,Team Rocket's Sneasel,pokemon,DRI,128,I,1,Basic,M2a;MC;SV10
Binacle [MEP 87],129,261,19,0,0.012298598531795215,2.0232558139534884,0.009875259875259876,0.0,0.8029581459814018,Binacle,pokemon,POR,42,J,1,Basic,M3;MP
Barbaracle [MEP 65],128,257,19,0,0.012203260558680522,2.0078125,0.009875259875259876,0.0,0.8092312564968815,Barbaracle,pokemon,POR,43,J,1,Stage 1,M3
Academy at Night,124,485,29,1,0.011821908666221756,3.911290322580645,0.015072765072765074,0.012345679012345678,1.2749857487760714,Academy at Night,trainer,SFA,54,H,0,Stadium,SV6a
Team Rocket's Wobbuffet [DRI 82],123,123,19,1,0.011726570693107065,1.0,0.009875259875259876,0.012345679012345678,0.8421268360292751,Team Rocket's Wobbuffet,pokemon,DRI,82,I,1,Basic,SV10
Kyurem [SFA 47],122,243,29,1,0.011631232719992373,1.9918032786885247,0.015072765072765074,0.012345679012345678,1.2958871544937118,Kyurem,pokemon,SFA,47,H,0,Basic,SV6a
Slowking [SCR 58],122,364,29,1,0.011631232719992373,2.9836065573770494,0.015072765072765074,0.012345679012345678,1.2958871544937118,Slowking,pokemon,SCR,58,H,0,Stage 1,SV7
Slowpoke [SCR 57],121,458,29,1,0.011535894746877681,3.7851239669421486,0.015072765072765074,0.012345679012345678,1.3065969656878749,Slowpoke,pokemon,SCR,57,H,0,Basic,SV7
Powerglass,120,213,10,0,0.01144055677376299,1.775,0.005197505197505198,0.0,0.4543052668052668,Powerglass,trainer,SFA,63,H,0,Pokémon Tool,MC;SV6a
N's Plan,114,171,20,1,0.010868528935074841,1.5,0.010395010395010396,0.012345679012345678,0.9564321406426669,N's Plan,trainer,BLK,83,I,1,Supporter,MC;SV11B
Grand Tree,112,112,19,0,0.010677852988845457,1.0,0.009875259875259876,0.0,0.9248357217107218,Grand Tree,trainer,SCR,136,H,0,"Stadium,ACE SPEC",SV7
Greninja ex [TWM 106],110,233,18,0,0.010487177042616074,2.118181818181818,0.009355509355509356,0.0,0.8920903420903421,Greninja ex,pokemon,TWM,106,H,0,"Stage 2,Tera,ex",SV5a
Harlequin,110,134,26,0,0.010487177042616074,1.2181818181818183,0.013513513513513514,0.0,1.2885749385749385,Harlequin,trainer,WHT,83,I,1,Supporter,SV11W
Annihilape [SSP 100],108,108,27,1,0.010296501096386692,1.0,0.014033264033264034,0.012345679012345678,1.3629158004158004,Annihilape,pokemon,SSP,100,H,0,Stage 2,SV8
Bayleef [ASC 9],108,160,16,1,0.010296501096386692,1.4814814814814814,0.008316008316008316,0.012345679012345678,0.8076538076538077,Bayleef,pokemon,ASC,9,J,1,Stage 1,MC
Blaziken [DRI 192],106,107,14,1,0.010105825150157307,1.009433962264151,0.007276507276507277,0.012345679012345678,0.7200309888989135,Blaziken,pokemon,DRI,42,I,1,Stage 2,SV10
Froakie [TWM 56],104,305,17,0,0.009915149203927925,2.9326923076923075,0.008835758835758836,0.0,0.8911372541180234,Froakie,pokemon,TWM,56,H,0,Basic,SV5a
Counter Gain,104,112,14,2,0.009915149203927925,1.0769230769230769,0.007276507276507277,0.024691358024691357,0.733877738685431,Counter Gain,trainer,ASC,186,H,0,Pokémon Tool,M2a;MA;MC;MP;SM12a;SM7a;SMN;SV7a;SVN
Terapagos ex [ASC 179],104,113,18,0,0.009915149203927925,1.0865384615384615,0.009355509355509356,0.0,0.9435570925955542,Terapagos ex,pokemon,ASC,179,H,0,"Basic,Tera,ex",M2a;MC;SV7;SV8a
Riolu [PRE 50],103,286,22,0,0.009819811230813233,2.7766990291262137,0.011434511434511435,0.0,1.1644329168601015,Riolu,pokemon,PRE,50,H,0,Basic,SVM
Frogadier [TWM 57],103,193,18,0,0.009819811230813233,1.8737864077669903,0.009355509355509356,0.0,0.9527178410673557,Frogadier,pokemon,TWM,57,H,0,Stage 1,SV5a
Mega Mawile ex [MEG 162],101,101,8,0,0.00962913528458385,1.0,0.004158004158004158,0.0,0.4318149070624318,Mega Mawile ex,pokemon,MEG,94,I,1,"Basic,MEGA,ex",M1L
Eri,97,98,18,3,0.009247783392125083,1.0103092783505154,0.009355509355509356,0.037037037037037035,1.0116488415457487,Eri,trainer,TEF,146,H,0,Supporter,SV5K;SV8a
Pokémon Center Lady,87,88,22,4,0.008294403660978167,1.0114942528735633,0.011434511434511435,0.04938271604938271,1.3785814992711547,Pokémon Center Lady,trainer,MEG,123,I,1,Supporter,20th;SAf;SAg;SD;SMK;SML;SP;SVP;XY2
Conkeldurr [TWM 105],87,90,19,1,0.008294403660978167,1.0344827586206897,0.009875259875259876,0.012345679012345678,1.1905931130069063,Conkeldurr,pokemon,TWM,105,H,0,Stage 2,SV6
Smoochum [SSP 75],86,99,23,1,0.008199065687863476,1.1511627906976745,0.011954261954261955,0.012345679012345678,1.458002949282019,Smoochum,pokemon,SSP,75,H,0,Basic,SV7a
Surfing Beach,82,146,7,0,0.00781771379540471,1.7804878048780488,0.0036382536382536385,0.0,0.46538588306880996,Surfing Beach,trainer,MEG,129,I,1,Stadium,M1S;M4
Genesect ex [BLK 161],81,139,3,0,0.007722375822290018,1.7160493827160495,0.0015592515592515593,0.0,0.20191345191345192,Genesect ex,pokemon,BLK,67,I,1,"Basic,ex",M2a;MC;SV11B
Paldean Tauros [SSP 18],81,81,18,2,0.007722375822290018,1.0,0.009355509355509356,0.024691358024691357,1.2114807114807116,Paldean Tauros,pokemon,SSP,18,H,0,Basic,MC;SV8
Ivysaur [MEG 134],80,160,2,0,0.007627037849175326,2.0,0.0010395010395010396,0.0,0.13629158004158007,Ivysaur,pokemon,MEG,2,I,1,Stage 1,M1L
Bulbasaur [MEG 1],80,167,2,0,0.007627037849175326,2.0875,0.0010395010395010396,0.0,0.13629158004158007,Bulbasaur,pokemon,MEG,1,I,1,Basic,M1L
Mega Venusaur ex [MEG 155],80,159,2,0,0.007627037849175326,1.9875,0.0010395010395010396,0.0,0.13629158004158007,Mega Venusaur ex,pokemon,MEG,3,I,1,"Stage 2,MEGA,ex",M1L
Mega Absol ex [MEG 161],80,119,9,0,0.007627037849175326,1.4875,0.004677754677754678,0.0,0.6133121101871103,Mega Absol ex,pokemon,MEG,86,I,1,"Basic,MEGA,ex",M1L
Punk Helmet,79,122,14,1,0.007531699876060635,1.5443037974683544,0.007276507276507277,0.012345679012345678,0.9661175294086687,Punk Helmet,trainer,PFL,92,I,1,Pokémon Tool,M2;MBG
Raging Bolt [SCR 111],78,80,9,0,0.0074363619029459435,1.0256410256410255,0.004677754677754678,0.0,0.6290380617303695,Raging Bolt,pokemon,SCR,111,H,0,"Basic,Ancient",SV7
Lilligant [JTG 7],77,81,9,0,0.007341023929831251,1.051948051948052,0.004677754677754678,0.0,0.6372073872073872,Lilligant,pokemon,JTG,7,H,0,Stage 1,SVM
Flutter Mane [PRE 43],77,77,15,1,0.007341023929831251,1.0,0.007796257796257797,0.012345679012345678,1.0620123120123122,Flutter Mane,pokemon,TEF,78,H,0,"Basic,Ancient",MC;SV5K;SV8a;SVP
Hassel,77,141,8,0,0.007341023929831251,1.8311688311688312,0.004158004158004158,0.0,0.5664065664065665,Hassel,trainer,TWM,151,H,0,Supporter,MC;SV6
Max Rod,77,77,3,0,0.007341023929831251,1.0,0.0015592515592515593,0.0,0.21240246240246244,Max Rod,trainer,PRE,116,H,0,"Item,ACE SPEC",SV8a
Iron Crown ex [PRE 158],75,75,18,0,0.007150347983601869,1.0,0.009355509355509356,0.0,1.3083991683991685,Iron Crown ex,pokemon,TEF,81,H,0,"Basic,ex,Future",MC;SV5M;SV8a
Eevee [PRE 74],75,105,4,0,0.007150347983601869,1.4,0.002079002079002079,0.0,0.2907553707553708,Eevee,pokemon,SSP,143,H,0,Basic,MC;SV8a;SVLN
Mega Meganium ex [ASC 10],73,83,3,0,0.006959672037372485,1.1369863013698631,0.0015592515592515593,0.0,0.22404095349300832,Mega Meganium ex,pokemon,ASC,10,J,1,"Stage 2,MEGA,ex",MC
Flareon ex [PRE 14],71,139,4,0,0.006768996091143102,1.9577464788732395,0.002079002079002079,0.0,0.307135955023279,Flareon ex,pokemon,PRE,14,H,0,"Stage 1,Tera,ex",MC;SV8a
Mystery Garden,71,196,3,0,0.006768996091143102,2.76056338028169,0.0015592515592515593,0.0,0.23035196626745924,Mystery Garden,trainer,MEG,122,I,1,Stadium,M1S;M2a;MBD
Haxorus [BLK 147],70,70,17,1,0.006673658118028411,1.0,0.008835758835758836,0.012345679012345678,1.323975348975349,Haxorus,pokemon,BLK,70,I,1,Stage 2,SV11B
Pokémon Catcher,70,164,10,0,0.006673658118028411,2.342857142857143,0.005197505197505198,0.0,0.7788090288090288,Pokémon Catcher,trainer,POR,82,F/G/J,1,Item,20th;BGS;BKB;BKR;BKW;BKZ;BKc;BKt;BKv;BTV;BW1w;HXY;KK;M6;MC;MDB;MF;MGg;MGm;MMBp;MMBs;MP1;S3a;SAf;SAg;SAl;SAr;SAw;SB;SC2;SCd;SCr;SD;SH;SI;SM3p;SM5S;SM6;SM7;SM7a;SM8;SMA;SMC;SMD;SME;SMH;SMK;SML;SMP;SN;SV5a;SV9a;SVAM;SVAW;SVC;SVD;SVI;SVM;SVP;WAK;WCS23;X30;XYB;XYC;XYE;XYF;XYG;XYH;XYP;Y30
Hoothoot [TEF 126],69,139,9,0,0.006578320144913719,2.0144927536231885,0.004677754677754678,0.0,0.7110865045647654,Hoothoot,pokemon,TEF,126,H,0,Basic,SV5K
Super Potion,69,80,16,3,0.006578320144913719,1.1594202898550725,0.008316008316008316,0.037037037037037035,1.2641537858929164,Super Potion,trainer,JTG,158,I,1,Item,CP6;MC;SV9;XY1y
Eevee ex [PRE 167],68,112,3,0,0.006482982171799027,1.6470588235294117,0.0015592515592515593,0.0,0.24051455301455305,Eevee ex,pokemon,PRE,75,H,0,"Basic,Tera,ex",MC;SV8a
Boomerang Energy,67,123,17,1,0.006387644198684336,1.835820895522388,0.008835758835758836,0.012345679012345678,1.383257827287678,Boomerang Energy,energy,TWM,166,H,0,Special,MC;SV5a
Steven's Metang [DRI 144],67,131,3,0,0.006387644198684336,1.955223880597015,0.0015592515592515593,0.0,0.24410432246253144,Steven's Metang,pokemon,DRI,144,I,1,Stage 1,SVOD
Alakazam [TWM 82],67,67,10,0,0.006387644198684336,1.0,0.005197505197505198,0.0,0.8136810748751048,Alakazam,pokemon,TWM,82,H,0,Stage 2,SV6;SV8a
Steven's Metagross ex [ASC 289],67,190,3,0,0.006387644198684336,2.8358208955223883,0.0015592515592515593,0.0,0.24410432246253144,Steven's Metagross ex,pokemon,DRI,145,I,1,"Stage 2,ex",M2a;SVOD
Leafeon ex [PRE 144],67,72,4,0,0.006387644198684336,1.0746268656716418,0.002079002079002079,0.0,0.3254724299500419,Leafeon ex,pokemon,PRE,6,H,0,"Stage 1,Tera,ex",MC;SV8a
Steven's Beldum [DRI 143],67,202,3,0,0.006387644198684336,3.014925373134328,0.0015592515592515593,0.0,0.24410432246253144,Steven's Beldum,pokemon,DRI,143,I,1,Basic,SVOD
Frillish [WHT 126],65,94,5,0,0.0061969682524549525,1.4461538461538461,0.002598752598752599,0.0,0.4193587078202463,Frillish,pokemon,WHT,44,I,1,Basic,SV11W
Petilil [BLK 6],64,68,8,0,0.006101630279340261,1.0625,0.004158004158004158,0.0,0.6814579002079002,Petilil,pokemon,BLK,6,I,1,Basic,SV11B
Piplup [PFL 27],63,92,3,0,0.00600629230622557,1.4603174603174602,0.0015592515592515593,0.0,0.2596030096030096,Piplup,pokemon,PFL,27,I,1,Basic,M2
Hop's Cramorant [ASC 177],63,84,5,0,0.00600629230622557,1.3333333333333333,0.002598752598752599,0.0,0.43267168267168266,Hop's Cramorant,pokemon,ASC,177,I,1,Basic,M2a;MC;SV9
Redeemable Ticket,63,63,4,0,0.00600629230622557,1.0,0.002079002079002079,0.0,0.34613734613734615,Redeemable Ticket,trainer,JTG,156,I,1,Item,SV9
Empoleon ex [PFL 114],63,85,3,0,0.00600629230622557,1.3492063492063493,0.0015592515592515593,0.0,0.2596030096030096,Empoleon ex,pokemon,PFL,70,I,1,"Stage 2,ex",M2
Mega Skarmory ex [POR 106],63,64,3,0,0.00600629230622557,1.0158730158730158,0.0015592515592515593,0.0,0.2596030096030096,Mega Skarmory ex,pokemon,POR,55,J,1,"Basic,MEGA,ex",M3
Mega Diancie ex [ASC 267],62,141,3,0,0.005910954333110878,2.274193548387097,0.0015592515592515593,0.0,0.2637901549191872,Mega Diancie ex,pokemon,PFL,41,I,1,"Basic,MEGA,ex",M2a;MBD
Team Rocket's Porygon-Z [DRI 155],61,66,5,0,0.0058156163599961865,1.0819672131147542,0.002598752598752599,0.0,0.4468576394805903,Team Rocket's Porygon-Z,pokemon,DRI,155,I,1,Stage 2,SV10
Explorer's Guidance,60,134,8,0,0.005720278386881495,2.2333333333333334,0.004158004158004158,0.0,0.7268884268884269,Explorer's Guidance,trainer,TEF,147,H,0,"Supporter,Ancient",MC;SV5K;SV8a
Postwick,58,223,5,0,0.005529602440652112,3.8448275862068964,0.002598752598752599,0.0,0.46997096566062085,Postwick,trainer,JTG,154,I,1,Stadium,M2a;SV9
Hop's Snorlax [JTG 117],58,111,5,0,0.005529602440652112,1.9137931034482758,0.002598752598752599,0.0,0.46997096566062085,Hop's Snorlax,pokemon,JTG,117,I,1,Basic,M2a;MC;SV9
Hop's Choice Band,58,230,5,0,0.005529602440652112,3.9655172413793105,0.002598752598752599,0.0,0.46997096566062085,Hop's Choice Band,trainer,JTG,148,I,1,Pokémon Tool,M2a;MC;SV9
Ethan's Adventure,57,228,4,0,0.0054342644675374205,4.0,0.002079002079002079,0.0,0.3825728562570668,Ethan's Adventure,trainer,DRI,165,I,1,Supporter,M2a;SV9a
Dialga [MEG 95],57,58,3,0,0.0054342644675374205,1.0175438596491229,0.0015592515592515593,0.0,0.2869296421928001,Dialga,pokemon,MEG,95,I,1,Basic,M1L;MC
Hop's Bag,57,131,5,0,0.0054342644675374205,2.2982456140350878,0.002598752598752599,0.0,0.47821607032133345,Hop's Bag,trainer,JTG,147,I,1,Item,M2a;MC;SV9
Ethan's Quilava [DRI 33],56,216,4,0,0.005338926494422728,3.857142857142857,0.002079002079002079,0.0,0.38940451440451446,Ethan's Quilava,pokemon,DRI,33,I,1,Stage 1,SV9a
Ethan's Typhlosion [DRI 190],56,172,4,0,0.005338926494422728,3.0714285714285716,0.002079002079002079,0.0,0.38940451440451446,Ethan's Typhlosion,pokemon,DRI,34,I,1,Stage 2,SV9a
Ethan's Cyndaquil [DRI 32],56,220,4,0,0.005338926494422728,3.9285714285714284,0.002079002079002079,0.0,0.38940451440451446,Ethan's Cyndaquil,pokemon,DRI,32,I,1,Basic,SV9a
Victini [SSP 21],53,88,4,0,0.005052912575078654,1.6603773584905661,0.002079002079002079,0.0,0.4114462793708077,Victini,pokemon,SSP,21,H,0,Basic,SV8
Hop's Trevenant [ASC 237],52,157,5,0,0.004957574601963962,3.019230769230769,0.002598752598752599,0.0,0.5241983847753079,Hop's Trevenant,pokemon,ASC,96,I,1,Stage 1,M2a
Hop's Phantump [ASC 95],52,204,5,0,0.004957574601963962,3.923076923076923,0.002598752598752599,0.0,0.5241983847753079,Hop's Phantump,pokemon,ASC,95,I,1,Basic,M2a
Hop's Zacian ex [JTG 111],52,68,5,0,0.004957574601963962,1.3076923076923077,0.002598752598752599,0.0,0.5241983847753079,Hop's Zacian ex,pokemon,JTG,111,I,1,"Basic,ex",M2a;MC;SV9
Bronzong [TEF 69],52,89,8,0,0.004957574601963962,1.7115384615384615,0.004158004158004158,0.0,0.8387174156404926,Bronzong,pokemon,TEF,69,H,0,Stage 1,SV5K
Glalie [TWM 52],51,52,10,0,0.004862236628849271,1.0196078431372548,0.005197505197505198,0.0,1.068953568953569,Glalie,pokemon,TWM,52,H,0,Stage 1,MC;SV6;SVM
Spectrier [ASC 98],51,51,12,0,0.004862236628849271,1.0,0.006237006237006237,0.0,1.2827442827442828,Spectrier,pokemon,ASC,98,I,1,Basic,M2a
Pikachu ex [ASC 277],50,60,7,0,0.004766898655734579,1.2,0.0036382536382536385,0.0,0.7632328482328483,Pikachu ex,pokemon,ASC,57,H,0,"Basic,Tera,ex",M2a;SV8;SV8a
Sylveon ex [PRE 156],50,53,3,0,0.004766898655734579,1.06,0.0015592515592515593,0.0,0.3270997920997921,Sylveon ex,pokemon,SSP,86,H,0,"Stage 1,Tera,ex",MC;SV8a;SVLN
Ceruledge ex [PRE 147],49,149,2,0,0.004671560682619888,3.0408163265306123,0.0010395010395010396,0.0,0.22251686537400825,Ceruledge ex,pokemon,SSP,36,H,0,"Stage 1,Tera,ex",M2a;SV8a;SVLS
Drilbur [TEF 85],47,67,2,0,0.004480884736390504,1.425531914893617,0.0010395010395010396,0.0,0.23198566815588095,Drilbur,pokemon,TEF,85,H,0,Basic,SV5M;SV8a
Archaludon ex [SSP 130],47,149,5,0,0.004480884736390504,3.1702127659574466,0.002598752598752599,0.0,0.5799641703897024,Archaludon ex,pokemon,SSP,130,H,0,"Stage 1,ex",M2a;MC;SV7a
Duraludon [PRE 69],46,178,5,0,0.004385546763275813,3.869565217391304,0.002598752598752599,0.0,0.5925720871373046,Duraludon,pokemon,SCR,106,H,0,Basic,M2a;MC;SV7;SV8a;SVM;SVP
Togekiss [ASC 235],45,46,2,0,0.004290208790161121,1.0222222222222221,0.0010395010395010396,0.0,0.24229614229614233,Togekiss,pokemon,ASC,82,H,0,Stage 2,M2a;MC;SV8
Applin [TWM 126],45,54,9,0,0.004290208790161121,1.2,0.004677754677754678,0.0,1.0903326403326405,Applin,pokemon,TWM,126,H,0,Basic,SV5a
Yanma [DRI 183],44,141,2,0,0.0041948708170464295,3.2045454545454546,0.0010395010395010396,0.0,0.24780287280287283,Yanma,pokemon,DRI,2,I,1,Basic,M2a;MC;SV9a
Togepi [ASC 80],44,45,2,0,0.0041948708170464295,1.0227272727272727,0.0010395010395010396,0.0,0.24780287280287283,Togepi,pokemon,ASC,80,H,0,Basic,M2a;MC;SV8
Yanmega ex [DRI 206],44,125,2,0,0.0041948708170464295,2.840909090909091,0.0010395010395010396,0.0,0.24780287280287283,Yanmega ex,pokemon,DRI,3,I,1,"Stage 1,ex",M2a;MC;SV9a
Rellor [DRI 24],42,47,3,0,0.004004194870817046,1.119047619047619,0.0015592515592515593,0.0,0.38940451440451446,Rellor,pokemon,DRI,24,H,0,Basic,SV8
Charcadet [SSP 32],41,131,2,0,0.003908856897702355,3.1951219512195124,0.0010395010395010396,0.0,0.26593479032503425,Charcadet,pokemon,SSP,32,H,0,Basic,M2a;SVLS
Pecharunt [SVP 129],40,44,10,1,0.003813518924587663,1.1,0.005197505197505198,0.012345679012345678,1.3629158004158006,Pecharunt,pokemon,SVP,129,H,0,Basic,MC;SV8
Ruffian,40,40,5,0,0.003813518924587663,1.0,0.002598752598752599,0.0,0.6814579002079003,Ruffian,trainer,JTG,157,I,1,Supporter,SV9
Lumiose City,38,53,12,2,0.00362284297835828,1.394736842105263,0.006237006237006237,0.024691358024691357,1.7215778531568007,Lumiose City,trainer,POR,77,J,1,Stadium,M3
Blowtorch,37,41,1,0,0.0035275050052435883,1.1081081081081081,0.0005197505197505198,0.0,0.14734224869360005,Blowtorch,trainer,PFL,86,I,1,Item,M2
Hoothoot [PRE 77],37,48,4,0,0.0035275050052435883,1.2972972972972974,0.002079002079002079,0.0,0.5893689947744002,Hoothoot,pokemon,PRE,77,H,0,Basic,SV8a
Milotic ex [SSP 217],37,48,7,1,0.0035275050052435883,1.2972972972972974,0.0036382536382536385,0.012345679012345678,1.0313957408552004,Milotic ex,pokemon,SSP,42,H,0,"Stage 1,ex",MC;SV8
Bronzor [PRE 66],37,59,5,0,0.0035275050052435883,1.5945945945945945,0.002598752598752599,0.0,0.7367112434680003,Bronzor,pokemon,PRE,66,H,0,Basic,SVM
Toxtricity [MEP 17],37,112,2,0,0.0035275050052435883,3.027027027027027,0.0010395010395010396,0.0,0.2946844973872001,Toxtricity,pokemon,PFL,68,I,1,Stage 1,M2
Team Rocket's Venture Bomb,37,121,3,0,0.0035275050052435883,3.27027027027027,0.0015592515592515593,0.0,0.44202674608080017,Team Rocket's Venture Bomb,trainer,DRI,179,I,1,Item,MC;SV10
Toxel [MEP 78],37,117,2,0,0.0035275050052435883,3.1621621621621623,0.0010395010395010396,0.0,0.2946844973872001,Toxel,pokemon,PFL,67,I,1,Basic,M2;MP
Kofu,37,65,2,0,0.0035275050052435883,1.7567567567567568,0.0010395010395010396,0.0,0.2946844973872001,Kofu,trainer,SCR,138,H,0,Supporter,MC;SV7
Feebas [SSP 198],35,65,7,1,0.0033368290590142053,1.8571428571428572,0.0036382536382536385,0.012345679012345678,1.0903326403326403,Feebas,pokemon,SSP,41,H,0,Basic,MC;SV8
Brilliant Blender,35,35,1,0,0.0033368290590142053,1.0,0.0005197505197505198,0.0,0.15576180576180576,Brilliant Blender,trainer,SSP,164,H,0,"Item,ACE SPEC",SVLS
Lively Stadium,34,48,2,0,0.0032414910858995136,1.411764705882353,0.0010395010395010396,0.0,0.32068607068607075,Lively Stadium,trainer,SSP,180,H,0,Stadium,SV8;SVP
Bouffalant [SCR 119],32,74,8,0,0.0030508151396701306,2.3125,0.004158004158004158,0.0,1.3629158004158004,Bouffalant,pokemon,SCR,119,H,0,Basic,M2a;SV7;SV8a
Naveen,30,50,1,0,0.0028601391934407476,1.6666666666666667,0.0005197505197505198,0.0,0.18172210672210673,Naveen,trainer,POR,79,J,1,Supporter,M3
Full Metal Lab,29,53,1,0,0.002764801220326056,1.8275862068965518,0.0005197505197505198,0.0,0.18798838626424835,Full Metal Lab,trainer,TEF,148,H,0,Stadium,SV5M
Koraidon [SSP 116],29,29,6,0,0.002764801220326056,1.0,0.0031185031185031187,0.0,1.12793031758549,Koraidon,pokemon,SSP,116,H,0,"Basic,Ancient",SV8
Joltik [SCR 150],29,57,3,0,0.002764801220326056,1.9655172413793103,0.0015592515592515593,0.0,0.563965158792745,Joltik,pokemon,SCR,50,H,0,Basic,MC;SV7
Ting-Lu [TWM 110],29,35,3,0,0.002764801220326056,1.206896551724138,0.0015592515592515593,0.0,0.563965158792745,Ting-Lu,pokemon,TWM,110,H,0,Basic,SV5a
Stunfisk [ASC 62],28,30,2,0,0.002669463247211364,1.0714285714285714,0.0010395010395010396,0.0,0.38940451440451446,Stunfisk,pokemon,ASC,62,I,1,Basic,M2a
Community Center,28,32,11,1,0.002669463247211364,1.1428571428571428,0.005717255717255718,0.012345679012345678,2.141724829224829,Community Center,trainer,TWM,146,H,0,Stadium,SV5a
Marill [ASC 232],28,63,4,0,0.002669463247211364,2.25,0.002079002079002079,0.0,0.7788090288090289,Marill,pokemon,ASC,83,J,1,Basic,MC
Repel,27,29,2,0,0.002574125274096673,1.0740740740740742,0.0010395010395010396,0.0,0.40382690382690384,Repel,trainer,MEG,126,I,1,Item,M1L;MC;SM1S;SMA
Jellicent ex [WHT 160],27,43,1,0,0.002574125274096673,1.5925925925925926,0.0005197505197505198,0.0,0.20191345191345192,Jellicent ex,pokemon,WHT,45,I,1,"Stage 1,ex",SV11W
Azumarill [SSP 74],26,56,3,0,0.002478787300981981,2.1538461538461537,0.0015592515592515593,0.0,0.6290380617303695,Azumarill,pokemon,SSP,74,H,0,Stage 1,SVLN
Mega Zygarde ex [MEP 71],26,42,0,0,0.002478787300981981,1.6153846153846154,0.0,0.0,0.0,Mega Zygarde ex,pokemon,POR,47,J,1,"Basic,MEGA,ex",M3
Vivillon [POR 9],25,52,0,0,0.0023834493278672895,2.08,0.0,0.0,0.0,Vivillon,pokemon,POR,9,J,1,Stage 2,M3
Applin [DRI 16],25,29,6,1,0.0023834493278672895,1.16,0.0031185031185031187,0.012345679012345678,1.3083991683991685,Applin,pokemon,DRI,16,I,1,Basic,SV9a
Spewpa [POR 8],24,49,0,0,0.0022881113547525977,2.0416666666666665,0.0,0.0,0.0,Spewpa,pokemon,POR,8,J,1,Stage 1,M3
Dartrix [POR 11],23,65,0,0,0.0021927733816379065,2.8260869565217392,0.0,0.0,0.0,Dartrix,pokemon,POR,11,J,1,Stage 1,M3
Decidueye ex [POR 100],23,62,0,0,0.0021927733816379065,2.6956521739130435,0.0,0.0,0.0,Decidueye ex,pokemon,POR,12,J,1,"Stage 2,ex",M3
Galvantula [SFA 2],23,23,3,0,0.0021927733816379065,1.0,0.0015592515592515593,0.0,0.7110865045647654,Galvantula,pokemon,SFA,2,H,0,Stage 1,MC;SV6a
Mega Dragonite ex [ASC 152],22,38,0,0,0.0020974354085232147,1.7272727272727273,0.0,0.0,0.0,Mega Dragonite ex,pokemon,ASC,152,I,1,"Stage 2,MEGA,ex",M2a
Bronzor [TEF 170],21,39,1,0,0.002002097435408523,1.8571428571428572,0.0005197505197505198,0.0,0.25960300960300964,Bronzor,pokemon,TEF,68,H,0,Basic,SV5K
Genesect [PFL 8],21,21,1,0,0.002002097435408523,1.0,0.0005197505197505198,0.0,0.25960300960300964,Genesect,pokemon,PFL,8,I,1,Basic,M2
Dragonair [ASC 151],21,44,0,0,0.002002097435408523,2.0952380952380953,0.0,0.0,0.0,Dragonair,pokemon,ASC,151,I,1,Stage 1,M2a
Dratini [ASC 150],21,52,0,0,0.002002097435408523,2.4761904761904763,0.0,0.0,0.0,Dratini,pokemon,ASC,150,I,1,Basic,M2a
Zoroark [WHT 143],21,22,8,0,0.002002097435408523,1.0476190476190477,0.004158004158004158,0.0,2.076824076824077,Zoroark,pokemon,WHT,62,I,1,Stage 1,MC;SV11W
Bianca's Devotion,20,24,4,1,0.0019067594622938315,1.2,0.002079002079002079,0.012345679012345678,1.0903326403326405,Bianca's Devotion,trainer,TEF,142,H,0,Supporter,MC;SV5M;SV8a
Clefable [ASC 75],20,31,0,0,0.0019067594622938315,1.55,0.0,0.0,0.0,Clefable,pokemon,ASC,75,H,0,Stage 1,MC;SV6
Clefairy [POR 30],20,54,0,0,0.0019067594622938315,2.7,0.0,0.0,0.0,Clefairy,pokemon,POR,30,J,1,Basic,M3
Dipplin [SCR 13],20,23,3,0,0.0019067594622938315,1.15,0.0015592515592515593,0.0,0.8177494802494804,Dipplin,pokemon,SCR,13,H,0,Stage 1,MC;SV7
Brute Bonnet [TWM 118],19,24,1,0,0.00181142148917914,1.263157894736842,0.0005197505197505198,0.0,0.2869296421928001,Brute Bonnet,pokemon,TWM,118,H,0,"Basic,Ancient",MC;SV6
Tynamo [ASC 59],19,58,0,0,0.00181142148917914,3.0526315789473686,0.0,0.0,0.0,Tynamo,pokemon,ASC,59,I,1,Basic,M2a;MC;MP;SV11B
Drayton,19,31,3,0,0.00181142148917914,1.631578947368421,0.0015592515592515593,0.0,0.8607889265784003,Drayton,trainer,SSP,174,H,0,Supporter,MC;SV7a;SV8a;SVP
Jacinthe,19,24,0,0,0.00181142148917914,1.263157894736842,0.0,0.0,0.0,Jacinthe,trainer,POR,75,J,1,Supporter,M3
Eelektrik [ASC 60],19,55,0,0,0.00181142148917914,2.8947368421052633,0.0,0.0,0.0,Eelektrik,pokemon,ASC,60,I,1,Stage 1,BW2;M2a;MC;MDB;SV11B
Ethan's Sudowoodo [DRI 93],18,19,0,0,0.0017160835160644485,1.0555555555555556,0.0,0.0,0.0,Ethan's Sudowoodo,pokemon,DRI,93,I,1,Basic,SV9a
Bouffalant [SSP 151],18,18,5,0,0.0017160835160644485,1.0,0.002598752598752599,0.0,1.5143508893508895,Bouffalant,pokemon,SSP,151,H,0,Basic,SV8
Light Ball,18,20,2,0,0.0017160835160644485,1.1111111111111112,0.0010395010395010396,0.0,0.6057403557403558,Light Ball,trainer,ASC,191,I,1,Pokémon Tool,M2a
Cinderace [MEG 28],18,55,0,0,0.0017160835160644485,3.0555555555555554,0.0,0.0,0.0,Cinderace,pokemon,MEG,28,I,1,Stage 2,M1L
Chi-Yu [MEG 31],18,18,2,0,0.0017160835160644485,1.0,0.0010395010395010396,0.0,0.6057403557403558,Chi-Yu,pokemon,MEG,31,I,1,Basic,M1S
Zeraora [DRI 78],18,19,4,0,0.0017160835160644485,1.0555555555555556,0.002079002079002079,0.0,1.2114807114807116,Zeraora,pokemon,DRI,78,I,1,Basic,M2a;SV9a
Carvanha [PFL 60],17,53,1,0,0.0016207455429497568,3.1176470588235294,0.0005197505197505198,0.0,0.32068607068607075,Carvanha,pokemon,PFL,60,I,1,Basic,M2
Sacred Charm,17,19,4,1,0.0016207455429497568,1.1176470588235294,0.002079002079002079,0.012345679012345678,1.282744282744283,Sacred Charm,trainer,PFL,93,I,1,Pokémon Tool,M2
Mega Sharpedo ex [PFL 113],17,48,1,0,0.0016207455429497568,2.823529411764706,0.0005197505197505198,0.0,0.32068607068607075,Mega Sharpedo ex,pokemon,PFL,61,I,1,"Stage 1,MEGA,ex",M2
Lacey,17,19,3,1,0.0016207455429497568,1.1176470588235294,0.0015592515592515593,0.012345679012345678,0.9620582120582122,Lacey,trainer,SCR,139,H,0,Supporter,MC;SV7;SV8a
Hop's Wooloo [JTG 135],17,18,3,0,0.0016207455429497568,1.0588235294117647,0.0015592515592515593,0.0,0.9620582120582122,Hop's Wooloo,pokemon,JTG,135,I,1,Basic,M2a;SV9
Hop's Dubwool [JTG 136],17,17,3,0,0.0016207455429497568,1.0,0.0015592515592515593,0.0,0.9620582120582122,Hop's Dubwool,pokemon,JTG,136,I,1,Stage 1,M2a;SV9
Totodile [TEF 39],16,32,2,0,0.0015254075698350653,2.0,0.0010395010395010396,0.0,0.6814579002079002,Totodile,pokemon,TEF,39,H,0,Basic,MC;SV5K;SV8a
Core Memory,16,20,0,0,0.0015254075698350653,1.25,0.0,0.0,0.0,Core Memory,trainer,POR,70,J,1,Pokémon Tool,M3
Diancie [SCR 86],16,16,0,0,0.0015254075698350653,1.0,0.0,0.0,0.0,Diancie,pokemon,SCR,86,H,0,Basic,SV7
Jolteon ex [PRE 153],16,16,1,0,0.0015254075698350653,1.0,0.0005197505197505198,0.0,0.3407289501039501,Jolteon ex,pokemon,PRE,30,H,0,"Stage 1,Tera,ex",MC;SV8a
Charcadet [MEP 22],16,36,0,0,0.0015254075698350653,2.25,0.0,0.0,0.0,Charcadet,pokemon,PFL,19,I,1,Basic,M2
Dusk Ball,16,35,3,0,0.0015254075698350653,2.1875,0.0015592515592515593,0.0,1.0221868503118503,Dusk Ball,trainer,SSP,175,H,0,Item,SV7a
Levincia,15,26,1,0,0.0014300695967203738,1.7333333333333334,0.0005197505197505198,0.0,0.36344421344421346,Levincia,trainer,JTG,150,I,1,Stadium,M2a;SV9;SV9a
Combusken [JTG 23],15,16,0,0,0.0014300695967203738,1.0666666666666667,0.0,0.0,0.0,Combusken,pokemon,JTG,23,H,0,Stage 1,SVM
Scatterbug [POR 7],15,28,0,0,0.0014300695967203738,1.8666666666666667,0.0,0.0,0.0,Scatterbug,pokemon,POR,7,J,1,Basic,M3
Frogadier [SCR 40],15,21,0,0,0.0014300695967203738,1.4,0.0,0.0,0.0,Frogadier,pokemon,SCR,40,H,0,Stage 1,MC;SVI
Elgyem [BLK 120],15,19,1,1,0.0014300695967203738,1.2666666666666666,0.0005197505197505198,0.012345679012345678,0.36344421344421346,Elgyem,pokemon,BLK,40,I,1,Basic,SV11B
Rowlet [POR 10],15,41,0,0,0.0014300695967203738,2.7333333333333334,0.0,0.0,0.0,Rowlet,pokemon,POR,10,J,1,Basic,M3
Iris's Fighting Spirit,14,22,1,0,0.001334731623605682,1.5714285714285714,0.0005197505197505198,0.0,0.38940451440451446,Iris's Fighting Spirit,trainer,ASC,190,I,1,Supporter,M2a;MBD;MBG;MC;MEZ;MF;MP1;SV9;SVP
Canari,14,33,0,0,0.001334731623605682,2.357142857142857,0.0,0.0,0.0,Canari,trainer,ASC,185,I,1,Supporter,M2a
Enamorus [TWM 180],14,15,1,0,0.001334731623605682,1.0714285714285714,0.0005197505197505198,0.0,0.38940451440451446,Enamorus,pokemon,TWM,93,H,0,Basic,MC;SV5a
Archaludon [PFL 75],14,15,0,0,0.001334731623605682,1.0714285714285714,0.0,0.0,0.0,Archaludon,pokemon,PFL,75,I,1,Stage 1,M2
Tapu Koko ex [JTG 51],14,14,2,0,0.001334731623605682,1.0,0.0010395010395010396,0.0,0.7788090288090289,Tapu Koko ex,pokemon,JTG,51,H,0,"Basic,ex",SVM
Petilil [JTG 6],13,13,1,0,0.0012393936504909906,1.0,0.0005197505197505198,0.0,0.4193587078202463,Petilil,pokemon,JTG,6,H,0,Basic,SVM
Neutralization Zone,13,13,0,0,0.0012393936504909906,1.0,0.0,0.0,0.0,Neutralization Zone,trainer,SFA,60,H,0,"Stadium,ACE SPEC",SV6a;SV8a
Mega Gardevoir ex [ASC 89],13,31,2,0,0.0012393936504909906,2.3846153846153846,0.0010395010395010396,0.0,0.8387174156404926,Mega Gardevoir ex,pokemon,MEG,60,I,1,"Stage 2,MEGA,ex",M1S;M2a
Spritzee [POR 35],13,28,0,0,0.0012393936504909906,2.1538461538461537,0.0,0.0,0.0,Spritzee,pokemon,POR,35,J,1,Basic,M3;MP
Aromatisse [POR 36],13,26,0,0,0.0012393936504909906,2.0,0.0,0.0,0.0,Aromatisse,pokemon,POR,36,J,1,Stage 1,M3
Kirlia [ASC 88],12,22,2,0,0.0011440556773762989,1.8333333333333333,0.0010395010395010396,0.0,0.9086105336105338,Kirlia,pokemon,MEG,59,I,1,Stage 1,M1S;M2a;MP
Charcadet [SSP 33],12,23,0,0,0.0011440556773762989,1.9166666666666667,0.0,0.0,0.0,Charcadet,pokemon,SSP,33,H,0,Basic,SV8
Team Rocket's Golbat [DRI 121],12,30,0,0,0.0011440556773762989,2.5,0.0,0.0,0.0,Team Rocket's Golbat,pokemon,DRI,121,I,1,Stage 1,M2a;MC;SV10
Mega Eelektross ex [ASC 266],12,14,0,0,0.0011440556773762989,1.1666666666666667,0.0,0.0,0.0,Mega Eelektross ex,pokemon,ASC,61,I,1,"Stage 2,MEGA,ex",M2a
Haban Berry,12,17,2,0,0.0011440556773762989,1.4166666666666667,0.0010395010395010396,0.0,0.9086105336105338,Haban Berry,trainer,PRE,111,H,0,Pokémon Tool,MC;SV8a
Ralts [ASC 87],12,38,2,0,0.0011440556773762989,3.1666666666666665,0.0010395010395010396,0.0,0.9086105336105338,Ralts,pokemon,MEG,58,I,1,Basic,M1S;M2a;MP
Team Rocket's Zubat [DRI 120],12,30,0,0,0.0011440556773762989,2.5,0.0,0.0,0.0,Team Rocket's Zubat,pokemon,DRI,120,I,1,Basic,M2a;MC;SV10
Scatterbug [SSP 5],12,27,0,0,0.0011440556773762989,2.25,0.0,0.0,0.0,Scatterbug,pokemon,SSP,5,H,0,Basic,SV8
Rowlet [SFA 3],12,33,0,0,0.0011440556773762989,2.75,0.0,0.0,0.0,Rowlet,pokemon,SFA,3,H,0,Basic,SV6a
Snover [MEG 140],12,45,0,0,0.0011440556773762989,3.75,0.0,0.0,0.0,Snover,pokemon,MEG,35,I,1,Basic,M1S
Mega Abomasnow ex [MEG 157],12,42,0,0,0.0011440556773762989,3.5,0.0,0.0,0.0,Mega Abomasnow ex,pokemon,MEG,36,I,1,"Stage 1,MEGA,ex",M1S
Mega Clefable ex [MEP 72],12,24,0,0,0.0011440556773762989,2.0,0.0,0.0,0.0,Mega Clefable ex,pokemon,POR,31,J,1,"Stage 1,MEGA,ex",M3
Riolu [SCR 81],12,13,3,0,0.0011440556773762989,1.0833333333333333,0.0015592515592515593,0.0,1.3629158004158006,Riolu,pokemon,SCR,81,H,0,Basic,MC;SVI
Fennel,11,12,1,0,0.0010487177042616074,1.0909090909090908,0.0005197505197505198,0.0,0.49560574560574566,Fennel,trainer,BLK,82,I,1,Supporter,MC;SV11B
Team Rocket's Crobat ex [DRI 122],11,19,0,0,0.0010487177042616074,1.7272727272727273,0.0,0.0,0.0,Team Rocket's Crobat ex,pokemon,DRI,122,I,1,"Stage 2,ex",M2a;MC;SV10
Chandelure [TWM 38],11,29,0,0,0.0010487177042616074,2.6363636363636362,0.0,0.0,0.0,Chandelure,pokemon,TWM,38,H,0,Stage 2,SV6
Hydreigon ex [SSP 119],11,28,0,0,0.0010487177042616074,2.5454545454545454,0.0,0.0,0.0,Hydreigon ex,pokemon,SSP,119,H,0,"Stage 2,Tera,ex",SV8
Deino [SSP 117],11,32,0,0,0.0010487177042616074,2.909090909090909,0.0,0.0,0.0,Deino,pokemon,SSP,117,H,0,Basic,SV8
Aegislash [POR 58],10,40,0,0,0.0009533797311469158,4.0,0.0,0.0,0.0,Aegislash,pokemon,POR,58,J,1,Stage 2,M3
Froakie [SCR 39],10,22,1,0,0.0009533797311469158,2.2,0.0005197505197505198,0.0,0.5451663201663203,Froakie,pokemon,SCR,39,H,0,Basic,MC;SVI
Black Kyurem ex [SSP 218],10,10,1,0,0.0009533797311469158,1.0,0.0005197505197505198,0.0,0.5451663201663203,Black Kyurem ex,pokemon,SSP,48,H,0,"Basic,ex",MC;SV7a
Zarude [SSP 11],10,10,0,0,0.0009533797311469158,1.0,0.0,0.0,0.0,Zarude,pokemon,SSP,11,H,0,Basic,SV7a
Firebreather,10,22,0,0,0.0009533797311469158,2.2,0.0,0.0,0.0,Firebreather,trainer,PFL,89,I,1,Supporter,M2
Electrike [MEG 49],10,27,0,0,0.0009533797311469158,2.7,0.0,0.0,0.0,Electrike,pokemon,MEG,49,I,1,Basic,M1S
Cofagrigus [SSP 83],10,10,3,0,0.0009533797311469158,1.0,0.0015592515592515593,0.0,1.6354989604989607,Cofagrigus,pokemon,SSP,83,H,0,Stage 1,MC;SV8
Doublade [MEP 67],10,40,0,0,0.0009533797311469158,4.0,0.0,0.0,0.0,Doublade,pokemon,POR,57,J,1,Stage 1,M3
Mega Charizard X ex [MEP 23],10,24,0,0,0.0009533797311469158,2.4,0.0,0.0,0.0,Mega Charizard X ex,pokemon,PFL,13,I,1,"Stage 2,MEGA,ex",M2;M2a
Mega Manectric ex [MEG 158],10,24,0,0,0.0009533797311469158,2.4,0.0,0.0,0.0,Mega Manectric ex,pokemon,MEG,50,I,1,"Stage 1,MEGA,ex",M1S
Mega Audino ex [ASC 172],10,17,1,0,0.0009533797311469158,1.7,0.0005197505197505198,0.0,0.5451663201663203,Mega Audino ex,pokemon,ASC,172,J,1,"Basic,MEGA,ex",MC;MP
Honedge [POR 56],10,40,0,0,0.0009533797311469158,4.0,0.0,0.0,0.0,Honedge,pokemon,POR,56,J,1,Basic,M3
Kyogre [MEG 34],9,16,0,0,0.0008580417580322243,1.7777777777777777,0.0,0.0,0.0,Kyogre,pokemon,MEG,34,I,1,Basic,M1S
Crabominable [SCR 149],9,13,1,0,0.0008580417580322243,1.4444444444444444,0.0005197505197505198,0.0,0.6057403557403558,Crabominable,pokemon,SCR,42,H,0,Stage 1,MC;SV7
Farigiraf ex [TEF 108],9,10,1,0,0.0008580417580322243,1.1111111111111112,0.0005197505197505198,0.0,0.6057403557403558,Farigiraf ex,pokemon,TEF,108,H,0,"Stage 1,Tera,ex",MC;SV5M
Oricorio ex [MEP 24],9,18,0,0,0.0008580417580322243,2.0,0.0,0.0,0.0,Oricorio ex,pokemon,PFL,18,I,1,"Basic,ex",M2
Litwick [TWM 36],9,22,0,0,0.0008580417580322243,2.4444444444444446,0.0,0.0,0.0,Litwick,pokemon,TWM,36,H,0,Basic,SV6
Charmander [PFL 11],9,32,0,0,0.0008580417580322243,3.5555555555555554,0.0,0.0,0.0,Charmander,pokemon,PFL,11,I,1,Basic,M2
Scramble Switch,9,9,0,0,0.0008580417580322243,1.0,0.0,0.0,0.0,Scramble Switch,trainer,SSP,186,H,0,"Item,ACE SPEC",BW7;MC
Eevee [SFA 50],9,9,0,0,0.0008580417580322243,1.0,0.0,0.0,0.0,Eevee,pokemon,SFA,50,H,0,Basic,SV6a;SVP
Cofagrigus [WHT 123],9,9,2,0,0.0008580417580322243,1.0,0.0010395010395010396,0.0,1.2114807114807116,Cofagrigus,pokemon,WHT,40,I,1,Stage 1,MC;SV11W
Zweilous [SSP 118],9,14,0,0,0.0008580417580322243,1.5555555555555556,0.0,0.0,0.0,Zweilous,pokemon,SSP,118,H,0,Stage 1,SV8
Marnie's Morpeko [DRI 137],9,10,1,0,0.0008580417580322243,1.1111111111111112,0.0005197505197505198,0.0,0.6057403557403558,Marnie's Morpeko,pokemon,DRI,137,I,1,Basic,SVOM
Galarian Obstagoon [ASC 132],8,10,1,0,0.0007627037849175327,1.25,0.0005197505197505198,0.0,0.6814579002079002,Galarian Obstagoon,pokemon,ASC,132,I,1,Stage 2,M2a
Ho-Oh [SSP 19],8,8,1,0,0.0007627037849175327,1.0,0.0005197505197505198,0.0,0.6814579002079002,Ho-Oh,pokemon,SSP,19,H,0,Basic,SVLS
Iono's Wattrel [ASC 231],8,21,0,0,0.0007627037849175327,2.625,0.0,0.0,0.0,Iono's Wattrel,pokemon,ASC,71,I,1,Basic,M2a;MC;SV9;SVP
Iono's Kilowattrel [ASC 72],8,20,0,0,0.0007627037849175327,2.5,0.0,0.0,0.0,Iono's Kilowattrel,pokemon,ASC,72,I,1,Stage 1,M2a;MC;SV9
Snorunt [TWM 51],8,10,1,0,0.0007627037849175327,1.25,0.0005197505197505198,0.0,0.6814579002079002,Snorunt,pokemon,TWM,51,H,0,Basic,MC;SV6;SV8a;SVM
Mega Heracross ex [PFL 108],8,10,0,0,0.0007627037849175327,1.25,0.0,0.0,0.0,Mega Heracross ex,pokemon,PFL,4,I,1,"Basic,MEGA,ex",M2
Carbink [ASC 117],7,7,0,0,0.000667365811802841,1.0,0.0,0.0,0.0,Carbink,pokemon,ASC,117,J,1,Basic,MC
Charmeleon [MEP 79],7,12,0,0,0.000667365811802841,1.7142857142857142,0.0,0.0,0.0,Charmeleon,pokemon,PFL,12,I,1,Stage 1,M2;MP
Iron Defender,7,14,0,0,0.000667365811802841,2.0,0.0,0.0,0.0,Iron Defender,trainer,MEG,118,I,1,Item,M1L;M5;MC
Mega Gengar ex [ASC 125],7,15,0,0,0.000667365811802841,2.142857142857143,0.0,0.0,0.0,Mega Gengar ex,pokemon,PFL,56,I,1,"Stage 2,MEGA,ex",M2a;MBG
Rescue Board,7,8,0,0,0.000667365811802841,1.1428571428571428,0.0,0.0,0.0,Rescue Board,trainer,TEF,159,H,0,Pokémon Tool,SV5K;SV5a;SV8a;SVK;SVN
Galvantula ex [SCR 159],7,7,1,0,0.000667365811802841,1.0,0.0005197505197505198,0.0,0.7788090288090289,Galvantula ex,pokemon,SCR,51,H,0,"Stage 1,Tera,ex",MC;SV7
Girafarig [TWM 83],7,10,1,0,0.000667365811802841,1.4285714285714286,0.0005197505197505198,0.0,0.7788090288090289,Girafarig,pokemon,TWM,83,H,0,Basic,MC;SV5a
Volcanion ex [JTG 171],7,8,1,0,0.000667365811802841,1.1428571428571428,0.0005197505197505198,0.0,0.7788090288090289,Volcanion ex,pokemon,JTG,31,I,1,"Basic,ex",MC;SV9
Torchic [JTG 22],6,10,0,0,0.0005720278386881494,1.6666666666666667,0.0,0.0,0.0,Torchic,pokemon,JTG,22,H,0,Basic,SVM
Croconaw [TEF 40],6,12,0,0,0.0005720278386881494,2.0,0.0,0.0,0.0,Croconaw,pokemon,TEF,40,H,0,Stage 1,MC;SV5K;SV8a
Survival Brace,6,6,3,0,0.0005720278386881494,1.0,0.0015592515592515593,0.0,2.7258316008316013,Survival Brace,trainer,TWM,164,H,0,"Pokémon Tool,ACE SPEC",SV5a
Cook,6,6,3,1,0.0005720278386881494,1.0,0.0015592515592515593,0.012345679012345678,2.7258316008316013,Cook,trainer,TWM,147,H,0,Supporter,MC;S8b;SH;SI;SVI;SVM
Espeon ex [PRE 155],6,9,0,0,0.0005720278386881494,1.5,0.0,0.0,0.0,Espeon ex,pokemon,PRE,34,H,0,"Stage 1,Tera,ex",MC;SV8a
Mega Charizard Y ex [ASC 22],6,10,0,0,0.0005720278386881494,1.6666666666666667,0.0,0.0,0.0,Mega Charizard Y ex,pokemon,ASC,22,J,1,"Stage 2,MEGA,ex",MC
Mega Feraligatr ex [ASC 274],6,9,0,0,0.0005720278386881494,1.5,0.0,0.0,0.0,Mega Feraligatr ex,pokemon,ASC,43,J,1,"Stage 2,MEGA,ex",MC
Lampent [WHT 102],6,12,0,0,0.0005720278386881494,2.0,0.0,0.0,0.0,Lampent,pokemon,WHT,17,I,1,Stage 1,SV11B
Energy Swatter,6,8,0,0,0.0005720278386881494,1.3333333333333333,0.0,0.0,0.0,Energy Swatter,trainer,POR,73,J,1,Item,M3
Shuckle [MEG 11],6,12,0,0,0.0005720278386881494,2.0,0.0,0.0,0.0,Shuckle,pokemon,MEG,11,I,1,Basic,M1S;MC
Ceruledge [SSP 197],6,6,0,0,0.0005720278386881494,1.0,0.0,0.0,0.0,Ceruledge,pokemon,SSP,35,H,0,Stage 1,SV8
Deluxe Bomb,6,6,0,0,0.0005720278386881494,1.0,0.0,0.0,0.0,Deluxe Bomb,trainer,SCR,134,H,0,"Pokémon Tool,ACE SPEC",MC;SV7
Decidueye [SFA 5],6,6,0,0,0.0005720278386881494,1.0,0.0,0.0,0.0,Decidueye,pokemon,SFA,5,H,0,Stage 2,SV6a
Hawlucha [POR 46],6,6,0,0,0.0005720278386881494,1.0,0.0,0.0,0.0,Hawlucha,pokemon,POR,46,J,1,Basic,M3
Haunter [ASC 124],6,6,0,0,0.0005720278386881494,1.0,0.0,0.0,0.0,Haunter,pokemon,PFL,55,I,1,Stage 1,MBG;MC
Iono's Tadbulb [ASC 69],5,15,0,0,0.0004766898655734579,3.0,0.0,0.0,0.0,Iono's Tadbulb,pokemon,ASC,69,I,1,Basic,M2a;MC;SV9;SVP
Metang [SVP 90],5,17,0,0,0.0004766898655734579,3.4,0.0,0.0,0.0,Metang,pokemon,TEF,114,H,0,Stage 1,MC;SV5M;SV8a
Slowpoke [PRE 18],5,8,1,0,0.0004766898655734579,1.6,0.0005197505197505198,0.0,1.0903326403326405,Slowpoke,pokemon,PRE,18,H,0,Basic,SVM
Iono's Bellibolt ex [ASC 279],5,14,0,0,0.0004766898655734579,2.8,0.0,0.0,0.0,Iono's Bellibolt ex,pokemon,ASC,70,I,1,"Stage 1,ex",M2a;MC;SV9
Feraligatr [SVP 89],5,11,0,0,0.0004766898655734579,2.2,0.0,0.0,0.0,Feraligatr,pokemon,TEF,41,H,0,Stage 2,MC;SV5K;SV8a
Iono's Voltorb [JTG 47],5,14,0,0,0.0004766898655734579,2.8,0.0,0.0,0.0,Iono's Voltorb,pokemon,JTG,47,I,1,Basic,MC;SV9
Zekrom ex [BLK 158],5,5,0,0,0.0004766898655734579,1.0,0.0,0.0,0.0,Zekrom ex,pokemon,BLK,34,I,1,"Basic,ex",M2a;MC;SV11B
Eevee [TWM 135],5,5,0,0,0.0004766898655734579,1.0,0.0,0.0,0.0,Eevee,pokemon,TWM,135,H,0,Basic,SV5a
Beldum [TEF 113],5,17,0,0,0.0004766898655734579,3.4,0.0,0.0,0.0,Beldum,pokemon,TEF,113,H,0,Basic,MC;SV5M;SV8a
Gravity Gemstone,5,7,1,0,0.0004766898655734579,1.4,0.0005197505197505198,0.0,1.0903326403326405,Gravity Gemstone,trainer,SCR,137,H,0,Pokémon Tool,SV7
Lt. Surge's Bargain,4,4,0,0,0.00038135189245876633,1.0,0.0,0.0,0.0,Lt. Surge's Bargain,trainer,MEG,120,I,1,Supporter,M1L;MC
Blissey ex [TWM 134],4,8,0,0,0.00038135189245876633,2.0,0.0,0.0,0.0,Blissey ex,pokemon,TWM,134,H,0,"Stage 1,ex",MC;SV6
Zapdos [TWM 65],4,5,0,0,0.00038135189245876633,1.25,0.0,0.0,0.0,Zapdos,pokemon,TWM,65,H,0,Basic,MC;SV5a;SVM
Litwick [WHT 101],4,8,0,0,0.00038135189245876633,2.0,0.0,0.0,0.0,Litwick,pokemon,WHT,16,I,1,Basic,SV11B
Team Rocket's Zapdos [DRI 70],4,4,0,0,0.00038135189245876633,1.0,0.0,0.0,0.0,Team Rocket's Zapdos,pokemon,DRI,70,I,1,Basic,SV10
Yveltal ex [POR 105],4,4,0,0,0.00038135189245876633,1.0,0.0,0.0,0.0,Yveltal ex,pokemon,POR,53,J,1,"Basic,ex",M3
Hand Trimmer,4,7,0,0,0.00038135189245876633,1.75,0.0,0.0,0.0,Hand Trimmer,trainer,TEF,150,H,0,Item,MC;SV5M
Meddling Memo,4,4,1,0,0.00038135189245876633,1.0,0.0005197505197505198,0.0,1.3629158004158004,Meddling Memo,trainer,SSP,181,H,0,Item,SV7a
Archaludon [PRE 70],4,6,0,0,0.00038135189245876633,1.5,0.0,0.0,0.0,Archaludon,pokemon,SCR,107,H,0,Stage 1,MC;SV7;SV8a
Crustle [BLK 130],4,4,2,0,0.00038135189245876633,1.0,0.0010395010395010396,0.0,2.725831600831601,Crustle,pokemon,BLK,52,I,1,Stage 1,SV11B
Dipplin [DRI 17],4,7,0,0,0.00038135189245876633,1.75,0.0,0.0,0.0,Dipplin,pokemon,DRI,17,I,1,Stage 1,SV9a
N's Vanilluxe [ASC 51],4,4,0,0,0.00038135189245876633,1.0,0.0,0.0,0.0,N's Vanilluxe,pokemon,ASC,51,I,1,Stage 2,M2a
Walking Wake ex [PRE 178],4,4,0,0,0.00038135189245876633,1.0,0.0,0.0,0.0,Walking Wake ex,pokemon,TEF,50,H,0,"Basic,ex,Ancient",MC;SV5K;SV8a
Gastly [POR 48],4,7,0,0,0.00038135189245876633,1.75,0.0,0.0,0.0,Gastly,pokemon,POR,48,J,1,Basic,M3
Eevee [SCR 113],4,4,1,0,0.00038135189245876633,1.0,0.0005197505197505198,0.0,1.3629158004158004,Eevee,pokemon,SCR,113,H,0,Basic,SMP
Tyme,4,6,0,0,0.00038135189245876633,1.5,0.0,0.0,0.0,Tyme,trainer,SSP,190,H,0,Supporter,SV8a;SVP
Waitress,3,4,0,0,0.0002860139193440747,1.3333333333333333,0.0,0.0,0.0,Waitress,trainer,ASC,215,J,1,Supporter,MC;MF;MP1
Boxed Order,3,7,1,0,0.0002860139193440747,2.3333333333333335,0.0005197505197505198,0.0,1.8172210672210676,Boxed Order,trainer,TEF,143,H,0,Item,SV5K
N's Sigilyph [JTG 64],3,3,0,0,0.0002860139193440747,1.0,0.0,0.0,0.0,N's Sigilyph,pokemon,JTG,64,I,1,Basic,SV9
Diggersby [POR 65],3,6,0,0,0.0002860139193440747,2.0,0.0,0.0,0.0,Diggersby,pokemon,POR,65,J,1,Stage 1,M3
N's Vanillite [ASC 49],3,4,0,0,0.0002860139193440747,1.3333333333333333,0.0,0.0,0.0,N's Vanillite,pokemon,ASC,49,I,1,Basic,M2a
N's Vanillish [ASC 50],3,3,0,0,0.0002860139193440747,1.0,0.0,0.0,0.0,N's Vanillish,pokemon,ASC,50,I,1,Stage 1,M2a
Gastly [ASC 123],3,4,0,0,0.0002860139193440747,1.3333333333333333,0.0,0.0,0.0,Gastly,pokemon,PFL,54,I,1,Basic,MBG;MC
Ethan's Pichu [DRI 71],3,3,0,0,0.0002860139193440747,1.0,0.0,0.0,0.0,Ethan's Pichu,pokemon,DRI,71,I,1,Basic,MC;SV9a
Gouging Fire [SSP 38],3,3,0,0,0.0002860139193440747,1.0,0.0,0.0,0.0,Gouging Fire,pokemon,SSP,38,H,0,"Basic,Ancient",MC;SV7a
Misty's Psyduck [DRI 193],3,6,0,0,0.0002860139193440747,2.0,0.0,0.0,0.0,Misty's Psyduck,pokemon,DRI,45,I,1,Basic,SV9a
Rockruff [JTG 84],3,7,0,0,0.0002860139193440747,2.3333333333333335,0.0,0.0,0.0,Rockruff,pokemon,JTG,84,I,1,Basic,SV9
Salandit [POR 15],3,9,0,0,0.0002860139193440747,3.0,0.0,0.0,0.0,Salandit,pokemon,POR,15,J,1,Basic,M3
Chansey [TWM 133],3,8,0,0,0.0002860139193440747,2.6666666666666665,0.0,0.0,0.0,Chansey,pokemon,TWM,133,H,0,Basic,MC;SV6
Salazzle ex [POR 101],3,8,0,0,0.0002860139193440747,2.6666666666666665,0.0,0.0,0.0,Salazzle ex,pokemon,POR,16,J,1,"Stage 1,ex",M3
Accompanying Flute,3,4,1,0,0.0002860139193440747,1.3333333333333333,0.0005197505197505198,0.0,1.8172210672210676,Accompanying Flute,trainer,TWM,142,H,0,Item,SV6
Bunnelby [POR 64],3,7,0,0,0.0002860139193440747,2.3333333333333335,0.0,0.0,0.0,Bunnelby,pokemon,POR,64,J,1,Basic,M3
Feebas [TWM 49],3,5,0,0,0.0002860139193440747,1.6666666666666667,0.0,0.0,0.0,Feebas,pokemon,TWM,49,H,0,Basic,SV6;SV8a
Lampent [TWM 37],3,5,0,0,0.0002860139193440747,1.6666666666666667,0.0,0.0,0.0,Lampent,pokemon,TWM,37,H,0,Stage 1,SV6
Haxorus [SFA 46],3,3,0,0,0.0002860139193440747,1.0,0.0,0.0,0.0,Haxorus,pokemon,SFA,46,H,0,Stage 2,MC;SV6a
Perilous Jungle,3,7,0,0,0.0002860139193440747,2.3333333333333335,0.0,0.0,0.0,Perilous Jungle,trainer,TEF,156,H,0,Stadium,SV5K
Zamazenta [DRI 146],3,4,0,0,0.0002860139193440747,1.3333333333333333,0.0,0.0,0.0,Zamazenta,pokemon,DRI,146,I,1,Basic,SV10
Zacian [MEP 15],3,3,1,0,0.0002860139193440747,1.0,0.0005197505197505198,0.0,1.8172210672210676,Zacian,pokemon,PFL,45,I,1,Basic,M2
Mow Rotom [SCR 8],3,3,0,0,0.0002860139193440747,1.0,0.0,0.0,0.0,Mow Rotom,pokemon,SCR,8,H,0,Basic,SV7
Palafin ex [PRE 151],3,9,0,0,0.0002860139193440747,3.0,0.0,0.0,0.0,Palafin ex,pokemon,TWM,61,H,0,"Stage 1,ex",MC;SV6;SV8a
Perrin,3,3,0,0,0.0002860139193440747,1.0,0.0,0.0,0.0,Perrin,trainer,TWM,160,H,0,Supporter,MC;SV5a
Fezandipiti [PRE 45],3,4,0,0,0.0002860139193440747,1.3333333333333333,0.0,0.0,0.0,Fezandipiti,pokemon,TWM,96,H,0,Basic,MC;SV6;SV8a
Finizen [TWM 59],3,11,0,0,0.0002860139193440747,3.6666666666666665,0.0,0.0,0.0,Finizen,pokemon,TWM,59,H,0,Basic,MC;SV6;SV8a
Palafin [TWM 60],3,6,0,0,0.0002860139193440747,2.0,0.0,0.0,0.0,Palafin,pokemon,TWM,60,H,0,Stage 1,MC;SV6;SV8a
Thick Scale,3,4,0,0,0.0002860139193440747,1.3333333333333333,0.0,0.0,0.0,Thick Scale,trainer,ASC,211,I,1,Pokémon Tool,M2a
Strange Timepiece,3,3,1,0,0.0002860139193440747,1.0,0.0005197505197505198,0.0,1.8172210672210676,Strange Timepiece,trainer,MEG,128,I,1,Item,M1S;MC
Comfey [SCR 63],3,6,0,0,0.0002860139193440747,2.0,0.0,0.0,0.0,Comfey,pokemon,SCR,63,H,0,Basic,SV7
Sylveon [PRE 40],3,4,0,0,0.0002860139193440747,1.3333333333333333,0.0,0.0,0.0,Sylveon,pokemon,PRE,40,H,0,Stage 1,SVM
Iron Boulder [PRE 46],3,3,0,0,0.0002860139193440747,1.0,0.0,0.0,0.0,Iron Boulder,pokemon,SCR,71,H,0,"Basic,Future",MC;SV7;SV8a
Lycanroc [JTG 166],3,7,0,0,0.0002860139193440747,2.3333333333333335,0.0,0.0,0.0,Lycanroc,pokemon,JTG,85,I,1,Stage 1,SV9
Armarouge [SSP 34],3,3,1,0,0.0002860139193440747,1.0,0.0005197505197505198,0.0,1.8172210672210676,Armarouge,pokemon,SSP,34,H,0,Stage 1,SV8
Azumarill ex [ASC 84],3,4,1,0,0.0002860139193440747,1.3333333333333333,0.0005197505197505198,0.0,1.8172210672210676,Azumarill ex,pokemon,ASC,84,J,1,"Stage 1,ex",MC
Antique Jaw Fossil,2,8,0,0,0.00019067594622938316,4.0,0.0,0.0,0.0,Antique Jaw Fossil,trainer,POR,68,J,1,Item,M3
Team Rocket's Great Ball,2,5,0,0,0.00019067594622938316,2.5,0.0,0.0,0.0,Team Rocket's Great Ball,trainer,ASC,205,I,1,Item,MC;SV10
Beheeyem [TEF 74],2,2,0,0,0.00019067594622938316,1.0,0.0,0.0,0.0,Beheeyem,pokemon,TEF,74,H,0,Stage 1,MC;SVHM
Iron Thorns ex [PRE 32],2,2,0,0,0.00019067594622938316,1.0,0.0,0.0,0.0,Iron Thorns ex,pokemon,TWM,77,H,0,"Basic,ex,Future",MC;SV5a;SV8a
Team Rocket's Chingling [DRI 85],2,3,0,0,0.00019067594622938316,1.5,0.0,0.0,0.0,Team Rocket's Chingling,pokemon,DRI,85,I,1,Basic,SV10
Bronzor [SSP 126],2,2,1,0,0.00019067594622938316,1.0,0.0005197505197505198,0.0,2.725831600831601,Bronzor,pokemon,SSP,126,H,0,Basic,MC;SV8
Numel [MEG 21],2,6,0,0,0.00019067594622938316,3.0,0.0,0.0,0.0,Numel,pokemon,MEG,21,I,1,Basic,M1L
Grimsley's Move,2,4,0,0,0.00019067594622938316,2.0,0.0,0.0,0.0,Grimsley's Move,trainer,PFL,90,I,1,Supporter,M2
Gothitelle [SVP 211],2,3,0,0,0.00019067594622938316,1.5,0.0,0.0,0.0,Gothitelle,pokemon,WHT,43,I,1,Stage 2,MC;SV11W
Frosmoth [MEG 43],2,4,0,0,0.00019067594622938316,2.0,0.0,0.0,0.0,Frosmoth,pokemon,MEG,43,I,1,Stage 1,M1S
Fuecoco [SSP 29],2,2,1,0,0.00019067594622938316,1.0,0.0005197505197505198,0.0,2.725831600831601,Fuecoco,pokemon,SSP,29,H,0,Basic,MC;MP;SV8
Heatran [TWM 123],2,2,0,0,0.00019067594622938316,1.0,0.0,0.0,0.0,Heatran,pokemon,TWM,123,H,0,Basic,SV6
Morelull [SSP 8],2,4,0,0,0.00019067594622938316,2.0,0.0,0.0,0.0,Morelull,pokemon,SSP,8,H,0,Basic,MC;SV7a
Pawmot [PFL 34],2,4,0,0,0.00019067594622938316,2.0,0.0,0.0,0.0,Pawmot,pokemon,PFL,34,I,1,Stage 2,M2
Okidogi [ASC 122],2,2,0,0,0.00019067594622938316,1.0,0.0,0.0,0.0,Okidogi,pokemon,ASC,122,I,1,Basic,M2a
Heavy Baton,2,2,0,0,0.00019067594622938316,1.0,0.0,0.0,0.0,Heavy Baton,trainer,TEF,151,H,0,Pokémon Tool,SV5M
Garganacl [MEG 147],2,4,0,0,0.00019067594622938316,2.0,0.0,0.0,0.0,Garganacl,pokemon,MEG,84,I,1,Stage 2,M1L;MC
Pecharunt [ASC 143],2,3,0,0,0.00019067594622938316,1.5,0.0,0.0,0.0,Pecharunt,pokemon,ASC,143,I,1,Basic,M2a
Gholdengo [SSP 131],2,8,0,0,0.00019067594622938316,4.0,0.0,0.0,0.0,Gholdengo,pokemon,SSP,131,H,0,Stage 1,MC;SV7a
Girafarig [TEF 66],2,3,0,0,0.00019067594622938316,1.5,0.0,0.0,0.0,Girafarig,pokemon,TEF,66,H,0,Basic,MC;SV5M
Gimmighoul [SSP 97],2,7,0,0,0.00019067594622938316,3.5,0.0,0.0,0.0,Gimmighoul,pokemon,SSP,97,H,0,Basic,SV7a
Gothita [WHT 124],2,3,0,0,0.00019067594622938316,1.5,0.0,0.0,0.0,Gothita,pokemon,WHT,41,I,1,Basic,MC;SV11W
Palafin [TEF 49],2,2,0,0,0.00019067594622938316,1.0,0.0,0.0,0.0,Palafin,pokemon,TEF,49,H,0,Stage 1,SV5K
Orthworm ex [SCR 110],2,2,0,0,0.00019067594622938316,1.0,0.0,0.0,0.0,Orthworm ex,pokemon,SCR,110,H,0,"Basic,ex",MC;SV7
Seel [POR 18],2,4,0,0,0.00019067594622938316,2.0,0.0,0.0,0.0,Seel,pokemon,POR,18,J,1,Basic,M3;MP
Megaton Blower,2,2,0,0,0.00019067594622938316,1.0,0.0,0.0,0.0,Megaton Blower,trainer,SSP,182,H,0,"Item,ACE SPEC",SV7a
Magmortar [JTG 21],2,3,0,0,0.00019067594622938316,1.5,0.0,0.0,0.0,Magmortar,pokemon,JTG,21,I,1,Stage 1,MC;SV9
Mega Camerupt ex [MEG 156],2,6,0,0,0.00019067594622938316,3.0,0.0,0.0,0.0,Mega Camerupt ex,pokemon,MEG,22,I,1,"Stage 1,MEGA,ex",M1L
Mega Emboar ex [ASC 273],2,3,0,0,0.00019067594622938316,1.5,0.0,0.0,0.0,Mega Emboar ex,pokemon,ASC,31,J,1,"Stage 2,MEGA,ex",MC
Magmar [JTG 20],2,3,0,0,0.00019067594622938316,1.5,0.0,0.0,0.0,Magmar,pokemon,JTG,20,I,1,Basic,MC;SV9
Poké Ball,2,5,0,0,0.00019067594622938316,2.5,0.0,0.0,0.0,Poké Ball,trainer,POR,80,F/G/J,1,Item,20th;HS;HSP;HSZ;HXY;MC;SI;SMA;SMD;SN;SP;SVI;SVM;SVP;WAK
Prinplup [PFL 28],2,2,0,0,0.00019067594622938316,1.0,0.0,0.0,0.0,Prinplup,pokemon,PFL,28,I,1,Stage 1,M2
Poké Vital A,2,2,0,0,0.00019067594622938316,1.0,0.0,0.0,0.0,Poké Vital A,trainer,SFA,62,H,0,"Item,ACE SPEC",MC;SV6a
Buneary [PRE 83],2,2,1,0,0.00019067594622938316,1.0,0.0005197505197505198,0.0,2.725831600831601,Buneary,pokemon,PRE,83,H,0,Basic,SVM
Dewgong [POR 19],2,4,0,0,0.00019067594622938316,2.0,0.0,0.0,0.0,Dewgong,pokemon,POR,19,J,1,Stage 1,M3
Tyrunt [MEP 70],2,5,0,0,0.00019067594622938316,2.5,0.0,0.0,0.0,Tyrunt,pokemon,POR,44,J,1,Stage 1,M3
Tyrantrum [MEP 66],2,5,0,0,0.00019067594622938316,2.5,0.0,0.0,0.0,Tyrantrum,pokemon,POR,45,J,1,Stage 2,M3
Charmeleon [ASC 21],2,3,0,0,0.00019067594622938316,1.5,0.0,0.0,0.0,Charmeleon,pokemon,ASC,21,J,1,Stage 1,MC
Charcadet [SCR 29],2,3,0,0,0.00019067594622938316,1.5,0.0,0.0,0.0,Charcadet,pokemon,SCR,29,H,0,Basic,MC;SVI
Ceruledge [MEP 14],2,2,0,0,0.00019067594622938316,1.0,0.0,0.0,0.0,Ceruledge,pokemon,PFL,20,I,1,Stage 1,M2
Call Bell,2,5,0,0,0.00019067594622938316,2.5,0.0,0.0,0.0,Call Bell,trainer,SSP,165,H,0,Item,SV7a
N's Purrloin [JTG 96],2,2,0,0,0.00019067594622938316,1.0,0.0,0.0,0.0,N's Purrloin,pokemon,JTG,96,I,1,Basic,MC;SV9
Nacli [MEG 82],2,4,0,0,0.00019067594622938316,2.0,0.0,0.0,0.0,Nacli,pokemon,MEG,82,I,1,Basic,M1L;MC
Naclstack [MEG 83],2,3,0,0,0.00019067594622938316,1.5,0.0,0.0,0.0,Naclstack,pokemon,MEG,83,I,1,Stage 1,M1L;MC
Spewpa [SSP 6],2,3,0,0,0.00019067594622938316,1.5,0.0,0.0,0.0,Spewpa,pokemon,SSP,6,H,0,Stage 1,SV8
Lisia's Appeal,2,3,0,0,0.00019067594622938316,1.5,0.0,0.0,0.0,Lisia's Appeal,trainer,SSP,179,H,0,Supporter,MC;SV7a
Zweilous [WHT 147],2,3,0,0,0.00019067594622938316,1.5,0.0,0.0,0.0,Zweilous,pokemon,WHT,66,I,1,Stage 1,MC;SV11W
Uxie [SSP 78],2,8,0,0,0.00019067594622938316,4.0,0.0,0.0,0.0,Uxie,pokemon,SSP,78,H,0,Basic,MC;SV8
Wo-Chien [SSP 15],2,2,0,0,0.00019067594622938316,1.0,0.0,0.0,0.0,Wo-Chien,pokemon,SSP,15,H,0,Basic,SV8
Shiinotic [SSP 194],2,4,0,0,0.00019067594622938316,2.0,0.0,0.0,0.0,Shiinotic,pokemon,SSP,9,H,0,Stage 1,MC;SV7a
Duraludon [PFL 74],2,3,0,0,0.00019067594622938316,1.5,0.0,0.0,0.0,Duraludon,pokemon,PFL,74,I,1,Basic,M2
Dwebble [BLK 129],2,2,0,0,0.00019067594622938316,1.0,0.0,0.0,0.0,Dwebble,pokemon,BLK,51,I,1,Basic,SV11B
Dustox [ASC 15],2,2,0,0,0.00019067594622938316,1.0,0.0,0.0,0.0,Dustox,pokemon,ASC,15,I,1,Stage 2,M2a
Slaking ex [SSP 147],2,5,0,0,0.00019067594622938316,2.5,0.0,0.0,0.0,Slaking ex,pokemon,SSP,147,H,0,"Stage 2,ex",MC;SV8
Skeledirge [SSP 31],2,2,1,0,0.00019067594622938316,1.0,0.0005197505197505198,0.0,2.725831600831601,Skeledirge,pokemon,SSP,31,H,0,Stage 2,MC;SV8
Steven's Claydol [DRI 84],1,2,0,0,9.533797311469158e-05,2.0,0.0,0.0,0.0,Steven's Claydol,pokemon,DRI,84,I,1,Stage 1,SVOD
Swinub [JTG 165],1,1,0,0,9.533797311469158e-05,1.0,0.0,0.0,0.0,Swinub,pokemon,JTG,77,I,1,Basic,MC;SV9
Crabrawler [SCR 87],1,4,0,0,9.533797311469158e-05,4.0,0.0,0.0,0.0,Crabrawler,pokemon,SCR,87,H,0,Basic,MC;SV7
Cramorant [TWM 176],1,1,0,0,9.533797311469158e-05,1.0,0.0,0.0,0.0,Cramorant,pokemon,TWM,58,H,0,Basic,MC;SV5a
Croconaw [ASC 42],1,1,0,0,9.533797311469158e-05,1.0,0.0,0.0,0.0,Croconaw,pokemon,ASC,42,J,1,Stage 1,MC
Tapu Lele [SSP 92],1,1,0,0,9.533797311469158e-05,1.0,0.0,0.0,0.0,Tapu Lele,pokemon,SSP,92,H,0,Basic,MC;SV7a
Tatsugiri ex [SSP 142],1,4,0,0,9.533797311469158e-05,4.0,0.0,0.0,0.0,Tatsugiri ex,pokemon,SSP,142,H,0,"Basic,Tera,ex",SV8
Chimchar [TWM 31],1,2,0,0,9.533797311469158e-05,2.0,0.0,0.0,0.0,Chimchar,pokemon,TWM,31,H,0,Basic,MC;SV5a
Clemont's Quick Wit,1,1,0,0,9.533797311469158e-05,1.0,0.0,0.0,0.0,Clemont's Quick Wit,trainer,SSP,167,H,0,Supporter,MC;SV8
Cottonee [PRE 7],1,4,0,0,9.533797311469158e-05,4.0,0.0,0.0,0.0,Cottonee,pokemon,TEF,14,H,0,Basic,SV5K;SV8a
Payapa Berry,1,1,0,0,9.533797311469158e-05,1.0,0.0,0.0,0.0,Payapa Berry,trainer,SCR,141,H,0,Pokémon Tool,MC;SV7
Turtonator [SCR 146],1,1,0,0,9.533797311469158e-05,1.0,0.0,0.0,0.0,Turtonator,pokemon,SCR,25,H,0,Basic,SV7
Turtonator [POR 17],1,1,0,0,9.533797311469158e-05,1.0,0.0,0.0,0.0,Turtonator,pokemon,POR,17,J,1,Basic,M3
Togetic [ASC 81],1,1,0,0,9.533797311469158e-05,1.0,0.0,0.0,0.0,Togetic,pokemon,ASC,81,H,0,Stage 1,M2a;MC;SV8
Tepig [WHT 11],1,4,0,0,9.533797311469158e-05,4.0,0.0,0.0,0.0,Tepig,pokemon,WHT,11,I,1,Basic,M2a;MC;SV11W
Bramblin [TEF 20],1,1,0,0,9.533797311469158e-05,1.0,0.0,0.0,0.0,Bramblin,pokemon,TEF,20,H,0,Basic,MC;SV5M;SV8a
Bramblin [PFL 46],1,2,0,0,9.533797311469158e-05,2.0,0.0,0.0,0.0,Bramblin,pokemon,PFL,46,I,1,Basic,M2
Brambleghast [TEF 21],1,1,0,0,9.533797311469158e-05,1.0,0.0,0.0,0.0,Brambleghast,pokemon,TEF,21,H,0,Stage 1,MC;SV5M;SV8a
Team Rocket's Houndoom [DRI 191],1,1,0,0,9.533797311469158e-05,1.0,0.0,0.0,0.0,Team Rocket's Houndoom,pokemon,DRI,38,I,1,Stage 1,MC;SV10
Team Rocket's Meowth [ASC 161],1,4,0,0,9.533797311469158e-05,4.0,0.0,0.0,0.0,Team Rocket's Meowth,pokemon,ASC,161,I,1,Basic,MC;SV10;SVP
Team Rocket's Hypnotizer,1,1,0,0,9.533797311469158e-05,1.0,0.0,0.0,0.0,Team Rocket's Hypnotizer,trainer,ASC,206,I,1,Pokémon Tool,SVP
Team Rocket's Houndour [DRI 37],1,2,0,0,9.533797311469158e-05,2.0,0.0,0.0,0.0,Team Rocket's Houndour,pokemon,DRI,37,I,1,Basic,MC;SV10
Teal Mask Ogerpon [DRI 26],1,1,0,0,9.533797311469158e-05,1.0,0.0,0.0,0.0,Teal Mask Ogerpon,pokemon,DRI,26,I,1,Basic,MC;SV9a
Cubchoo [BLK 109],1,1,0,0,9.533797311469158e-05,1.0,0.0,0.0,0.0,Cubchoo,pokemon,BLK,25,I,1,Basic,SV11B
Cynthia's Feebas [DRI 52],1,1,0,0,9.533797311469158e-05,1.0,0.0,0.0,0.0,Cynthia's Feebas,pokemon,DRI,52,I,1,Basic,SV9a
Tauros [DRI 152],1,4,0,0,9.533797311469158e-05,4.0,0.0,0.0,0.0,Tauros,pokemon,DRI,152,I,1,Basic,MC;SV9a
Aurorus [POR 24],1,1,0,0,9.533797311469158e-05,1.0,0.0,0.0,0.0,Aurorus,pokemon,POR,24,J,1,Stage 2,M3
Ludicolo [PFL 7],1,1,0,0,9.533797311469158e-05,1.0,0.0,0.0,0.0,Ludicolo,pokemon,PFL,7,I,1,Stage 2,M2
Incineroar ex [TEF 187],1,1,0,0,9.533797311469158e-05,1.0,0.0,0.0,0.0,Incineroar ex,pokemon,TEF,34,H,0,"Stage 2,ex",MC;SV5M
Infernape [SVP 116],1,2,0,0,9.533797311469158e-05,2.0,0.0,0.0,0.0,Infernape,pokemon,TWM,33,H,0,Stage 2,MC;SV5a
Misty's Starmie [DRI 47],1,2,0,0,9.533797311469158e-05,2.0,0.0,0.0,0.0,Misty's Starmie,pokemon,DRI,47,I,1,Stage 1,MC;SV9a
Stunfisk ex [ASC 114],1,1,0,0,9.533797311469158e-05,1.0,0.0,0.0,0.0,Stunfisk ex,pokemon,ASC,114,J,1,"Basic,ex",MC
Tapu Koko [SSP 65],1,1,0,0,9.533797311469158e-05,1.0,0.0,0.0,0.0,Tapu Koko,pokemon,SSP,65,H,0,Basic,MC;SV8
Anthea & Concordia,1,1,0,0,9.533797311469158e-05,1.0,0.0,0.0,0.0,Anthea & Concordia,trainer,ASC,182,I,1,Supporter,M2a
Lugia ex [PRE 82],1,1,0,0,9.533797311469158e-05,1.0,0.0,0.0,0.0,Lugia ex,pokemon,PRE,82,H,0,"Basic,ex",SVM
Luxio [POR 27],1,1,0,0,9.533797311469158e-05,1.0,0.0,0.0,0.0,Luxio,pokemon,POR,27,J,1,Stage 1,M3
Luxray [POR 28],1,1,0,0,9.533797311469158e-05,1.0,0.0,0.0,0.0,Luxray,pokemon,POR,28,J,1,Stage 2,M3
Kingambit [ASC 148],1,1,0,0,9.533797311469158e-05,1.0,0.0,0.0,0.0,Kingambit,pokemon,ASC,148,I,1,Stage 2,M2a
Koraidon [SVP 91],1,1,0,0,9.533797311469158e-05,1.0,0.0,0.0,0.0,Koraidon,pokemon,TEF,119,H,0,"Basic,Ancient",MC;SV5K;SV8a;SVP
Banette [ASC 234],1,2,0,0,9.533797311469158e-05,2.0,0.0,0.0,0.0,Banette,pokemon,ASC,91,I,1,Stage 1,MC;SV9
Bagon [JTG 112],1,2,0,0,9.533797311469158e-05,2.0,0.0,0.0,0.0,Bagon,pokemon,JTG,112,I,1,Basic,MC;SV9
Azelf [SSP 80],1,1,0,0,9.533797311469158e-05,1.0,0.0,0.0,0.0,Azelf,pokemon,SSP,80,H,0,Basic,MC;SV8
Galarian Zigzagoon [ASC 130],1,3,0,0,9.533797311469158e-05,3.0,0.0,0.0,0.0,Galarian Zigzagoon,pokemon,ASC,130,I,1,Basic,M2a
Galarian Linoone [ASC 131],1,3,0,0,9.533797311469158e-05,3.0,0.0,0.0,0.0,Galarian Linoone,pokemon,ASC,131,I,1,Stage 1,M2a
Hop's Silicobra [JTG 86],1,2,0,0,9.533797311469158e-05,2.0,0.0,0.0,0.0,Hop's Silicobra,pokemon,JTG,86,I,1,Basic,SV9
Friends in Paldea,1,1,0,0,9.533797311469158e-05,1.0,0.0,0.0,0.0,Friends in Paldea,trainer,PRE,109,H,0,Supporter,SV8a
Hop's Sandaconda [JTG 87],1,1,0,0,9.533797311469158e-05,1.0,0.0,0.0,0.0,Hop's Sandaconda,pokemon,JTG,87,I,1,Stage 1,SV9
Misty's Gyarados [DRI 49],1,4,0,0,9.533797311469158e-05,4.0,0.0,0.0,0.0,Misty's Gyarados,pokemon,DRI,49,I,1,Stage 1,MC;SV9a
Misty's Magikarp [DRI 48],1,4,0,0,9.533797311469158e-05,4.0,0.0,0.0,0.0,Misty's Magikarp,pokemon,DRI,48,I,1,Basic,MC;SV9a
Heliolisk [TWM 177],1,1,0,0,9.533797311469158e-05,1.0,0.0,0.0,0.0,Heliolisk,pokemon,TWM,71,H,0,Stage 1,MC;SV5a
Mismagius ex [PFL 112],1,3,0,0,9.533797311469158e-05,3.0,0.0,0.0,0.0,Mismagius ex,pokemon,PFL,36,I,1,"Stage 1,ex",M2
Misdreavus [ASC 233],1,4,0,0,9.533797311469158e-05,4.0,0.0,0.0,0.0,Misdreavus,pokemon,ASC,85,I,1,Basic,M2a
Misty's Lapras [DRI 194],1,2,0,0,9.533797311469158e-05,2.0,0.0,0.0,0.0,Misty's Lapras,pokemon,DRI,50,I,1,Basic,MC;SV9a
Gothorita [WHT 125],1,1,0,0,9.533797311469158e-05,1.0,0.0,0.0,0.0,Gothorita,pokemon,WHT,42,I,1,Stage 1,MC;SV11W
Gumshoos [MEG 110],1,1,0,0,9.533797311469158e-05,1.0,0.0,0.0,0.0,Gumshoos,pokemon,MEG,110,I,1,Stage 1,M1L
Nincada [MEG 16],1,2,0,0,9.533797311469158e-05,2.0,0.0,0.0,0.0,Nincada,pokemon,MEG,16,I,1,Basic,M1S
Meowscarada [JTG 18],1,1,0,0,9.533797311469158e-05,1.0,0.0,0.0,0.0,Meowscarada,pokemon,JTG,18,I,1,Stage 2,MC;MP1;SV9
Metagross [TEF 115],1,1,0,0,9.533797311469158e-05,1.0,0.0,0.0,0.0,Metagross,pokemon,TEF,115,H,0,Stage 2,SV5M
Gimmighoul [MEG 67],1,1,0,0,9.533797311469158e-05,1.0,0.0,0.0,0.0,Gimmighoul,pokemon,MEG,67,I,1,Basic,M1L;MC
Pignite [WHT 12],1,2,0,0,9.533797311469158e-05,2.0,0.0,0.0,0.0,Pignite,pokemon,WHT,12,I,1,Stage 1,M2a;MC;SV11W
Glaceon ex [PRE 150],1,1,0,0,9.533797311469158e-05,1.0,0.0,0.0,0.0,Glaceon ex,pokemon,PRE,26,H,0,"Stage 1,Tera,ex",MC;SV8a
Hyper Aroma,1,1,0,0,9.533797311469158e-05,1.0,0.0,0.0,0.0,Hyper Aroma,trainer,TWM,152,H,0,"Item,ACE SPEC",MC;SV5a
Amulet of Hope,1,1,0,0,9.533797311469158e-05,1.0,0.0,0.0,0.0,Amulet of Hope,trainer,SSP,162,H,0,"Pokémon Tool,ACE SPEC",SV8
Morpeko [TWM 72],1,1,0,0,9.533797311469158e-05,1.0,0.0,0.0,0.0,Morpeko,pokemon,TWM,72,H,0,Basic,MC;SV5a
Nymble [JTG 19],1,2,0,0,9.533797311469158e-05,2.0,0.0,0.0,0.0,Nymble,pokemon,JTG,19,H,0,Basic,SVM
Misty's Staryu [DRI 46],1,4,0,0,9.533797311469158e-05,4.0,0.0,0.0,0.0,Misty's Staryu,pokemon,DRI,46,I,1,Basic,MC;SV9a
Okidogi ex [SFA 36],1,2,0,0,9.533797311469158e-05,2.0,0.0,0.0,0.0,Okidogi ex,pokemon,SFA,36,H,0,"Basic,ex",MC;SV6a;SV8a
Ogre's Mask,1,1,0,0,9.533797311469158e-05,1.0,0.0,0.0,0.0,Ogre's Mask,trainer,TWM,159,H,0,Item,MC;SV6;SV8a;SVP
Pawmi [PFL 32],1,2,0,0,9.533797311469158e-05,2.0,0.0,0.0,0.0,Pawmi,pokemon,PFL,32,I,1,Basic,M2
Paldean Tauros [PFL 48],1,4,0,0,9.533797311469158e-05,4.0,0.0,0.0,0.0,Paldean Tauros,pokemon,PFL,48,I,1,Basic,M2
Pawmi [SCR 56],1,1,0,0,9.533797311469158e-05,1.0,0.0,0.0,0.0,Pawmi,pokemon,SCR,56,H,0,Basic,SVI
Pawmo [PFL 33],1,2,0,0,9.533797311469158e-05,2.0,0.0,0.0,0.0,Pawmo,pokemon,PFL,33,I,1,Stage 1,M2
Pawniard [ASC 146],1,1,0,0,9.533797311469158e-05,1.0,0.0,0.0,0.0,Pawniard,pokemon,ASC,146,I,1,Basic,M2a
Gastrodon [SSP 107],1,1,0,0,9.533797311469158e-05,1.0,0.0,0.0,0.0,Gastrodon,pokemon,SSP,107,H,0,Stage 1,SV8
Mega Scrafty ex [ASC 135],1,2,0,0,9.533797311469158e-05,2.0,0.0,0.0,0.0,Mega Scrafty ex,pokemon,ASC,135,I,1,"Stage 1,MEGA,ex",M2a
Mega Latias ex [MEG 100],1,1,0,0,9.533797311469158e-05,1.0,0.0,0.0,0.0,Mega Latias ex,pokemon,MEG,100,I,1,"Basic,MEGA,ex",M1S
Marill [TEF 64],1,2,0,0,9.533797311469158e-05,2.0,0.0,0.0,0.0,Marill,pokemon,TEF,64,H,0,Basic,SV5K
Master Ball,1,1,0,0,9.533797311469158e-05,1.0,0.0,0.0,0.0,Master Ball,trainer,TEF,153,H,0,"Item,ACE SPEC",KK;SVHK;SVHM
Mantine [MEG 32],1,2,0,0,9.533797311469158e-05,2.0,0.0,0.0,0.0,Mantine,pokemon,MEG,32,I,1,Basic,M1S;MC
Mamoswine ex [JTG 174],1,1,0,0,9.533797311469158e-05,1.0,0.0,0.0,0.0,Mamoswine ex,pokemon,JTG,79,I,1,"Stage 2,ex",MC;SV9
Magearna [JTG 107],1,1,0,0,9.533797311469158e-05,1.0,0.0,0.0,0.0,Magearna,pokemon,JTG,107,I,1,Basic,M2a;MC;SV9
Larvesta [SSP 196],1,3,0,0,9.533797311469158e-05,3.0,0.0,0.0,0.0,Larvesta,pokemon,SSP,24,H,0,Basic,MC;SV8
Sawsbuck [TEF 166],1,1,0,0,9.533797311469158e-05,1.0,0.0,0.0,0.0,Sawsbuck,pokemon,TEF,17,H,0,Stage 1,SV5M
Sawk [WHT 130],1,1,0,0,9.533797311469158e-05,1.0,0.0,0.0,0.0,Sawk,pokemon,WHT,49,I,1,Basic,MC;SV11W
Sandy Shocks [TEF 98],1,1,0,0,9.533797311469158e-05,1.0,0.0,0.0,0.0,Sandy Shocks,pokemon,TEF,98,H,0,"Basic,Ancient",MC;SVHK
Scorbunny [ASC 225],1,1,0,0,9.533797311469158e-05,1.0,0.0,0.0,0.0,Scorbunny,pokemon,ASC,36,H,0,Basic,MC;SV7
Samurott [WHT 107],1,1,0,0,9.533797311469158e-05,1.0,0.0,0.0,0.0,Samurott,pokemon,WHT,23,I,1,Stage 2,SV11W
Meloetta ex [BLK 159],1,2,0,0,9.533797311469158e-05,2.0,0.0,0.0,0.0,Meloetta ex,pokemon,BLK,44,I,1,"Basic,ex",SV11B
Reshiram ex [WHT 158],1,1,0,0,9.533797311469158e-05,1.0,0.0,0.0,0.0,Reshiram ex,pokemon,WHT,20,I,1,"Basic,ex",M2a;MC;SV11W
Salamence ex [JTG 114],1,2,0,0,9.533797311469158e-05,2.0,0.0,0.0,0.0,Salamence ex,pokemon,JTG,114,I,1,"Stage 2,ex",MC;SV9
Ethan's Magcargo [ASC 222],1,3,0,0,9.533797311469158e-05,3.0,0.0,0.0,0.0,Ethan's Magcargo,pokemon,ASC,24,I,1,Stage 1,M2a;SV9a
Ethan's Ho-Oh ex [ASC 26],1,3,0,0,9.533797311469158e-05,3.0,0.0,0.0,0.0,Ethan's Ho-Oh ex,pokemon,ASC,26,I,1,"Basic,ex",M2a;SV9a;SVP
Erika's Vileplume ex [ASC 3],1,2,0,0,9.533797311469158e-05,2.0,0.0,0.0,0.0,Erika's Vileplume ex,pokemon,ASC,3,J,1,"Stage 2,ex",MC
Erika's Oddish [ASC 1],1,2,0,0,9.533797311469158e-05,2.0,0.0,0.0,0.0,Erika's Oddish,pokemon,ASC,1,J,1,Basic,MC
Lapras ex [SCR 158],1,2,0,0,9.533797311469158e-05,2.0,0.0,0.0,0.0,Lapras ex,pokemon,SCR,32,H,0,"Basic,Tera,ex",SV7
Excadrill ex [BLK 160],1,1,0,0,9.533797311469158e-05,1.0,0.0,0.0,0.0,Excadrill ex,pokemon,BLK,46,I,1,"Stage 1,ex",MC;SV11B
Ethan's Pinsir [DRI 1],1,1,0,0,9.533797311469158e-05,1.0,0.0,0.0,0.0,Ethan's Pinsir,pokemon,DRI,1,I,1,Basic,M2a;SV9a
Ethan's Slugma [ASC 23],1,4,0,0,9.533797311469158e-05,4.0,0.0,0.0,0.0,Ethan's Slugma,pokemon,ASC,23,I,1,Basic,M2a;SV9a
Probopass [POR 38],1,1,0,0,9.533797311469158e-05,1.0,0.0,0.0,0.0,Probopass,pokemon,POR,38,J,1,Stage 1,M3
Regice ex [ASC 48],1,2,0,0,9.533797311469158e-05,2.0,0.0,0.0,0.0,Regice ex,pokemon,ASC,48,J,1,"Basic,ex",MC
Entei [ASC 25],1,1,0,0,9.533797311469158e-05,1.0,0.0,0.0,0.0,Entei,pokemon,ASC,25,I,1,Basic,M2a
Erika's Gloom [ASC 2],1,2,0,0,9.533797311469158e-05,2.0,0.0,0.0,0.0,Erika's Gloom,pokemon,ASC,2,J,1,Stage 1,MC
Pinsir [TWM 168],1,1,0,0,9.533797311469158e-05,1.0,0.0,0.0,0.0,Pinsir,pokemon,TWM,3,H,0,Basic,SV5a
Piloswine [JTG 78],1,1,0,0,9.533797311469158e-05,1.0,0.0,0.0,0.0,Piloswine,pokemon,JTG,78,I,1,Stage 1,MC;SV9
Pikachu ex [ASC 276],1,4,0,0,9.533797311469158e-05,4.0,0.0,0.0,0.0,Pikachu ex,pokemon,SVP,106,H,0,"Basic,ex",MC;SVI
Potion,1,1,0,0,9.533797311469158e-05,1.0,0.0,0.0,0.0,Potion,trainer,POR,83,F/G/J,1,Item,20th;CP6;HS;HSP;HSZ;HXY;MC;MF;MP1;SAg;SD;SEF;SH;SI;SM5S;SMA;SMD;SMH;SML;SN;SP;SVAM;SVD;SVI;SVM;SVP;WAK;X30;XYE;XYP
Snom [MEG 42],1,2,0,0,9.533797311469158e-05,2.0,0.0,0.0,0.0,Snom,pokemon,MEG,42,I,1,Basic,M1S
Slakoth [SSP 145],1,4,0,0,9.533797311469158e-05,4.0,0.0,0.0,0.0,Slakoth,pokemon,SSP,145,H,0,Basic,MC;SV8
Shinx [POR 26],1,1,0,0,9.533797311469158e-05,1.0,0.0,0.0,0.0,Shinx,pokemon,POR,26,J,1,Basic,M3
Shuppet [ASC 90],1,2,0,0,9.533797311469158e-05,2.0,0.0,0.0,0.0,Shuppet,pokemon,ASC,90,I,1,Basic,MC;SV9
Shiftry [TEF 163],1,1,0,0,9.533797311469158e-05,1.0,0.0,0.0,0.0,Shiftry,pokemon,TEF,5,H,0,Stage 2,SV5M
Shedinja [MEG 144],1,2,0,0,9.533797311469158e-05,2.0,0.0,0.0,0.0,Shedinja,pokemon,MEG,61,I,1,Stage 1,M1S
Shelgon [JTG 113],1,1,0,0,9.533797311469158e-05,1.0,0.0,0.0,0.0,Shelgon,pokemon,JTG,113,I,1,Stage 1,MC;SV9
Shellos [SSP 46],1,1,0,0,9.533797311469158e-05,1.0,0.0,0.0,0.0,Shellos,pokemon,SSP,46,H,0,Basic,SV8
Scream Tail ex [TWM 197],1,1,1,0,9.533797311469158e-05,1.0,0.0005197505197505198,0.0,5.451663201663202,Scream Tail ex,pokemon,TWM,94,H,0,"Basic,ex,Ancient",MC;SV5a
Energy Coin,1,4,0,0,9.533797311469158e-05,4.0,0.0,0.0,0.0,Energy Coin,trainer,BLK,81,I,1,Item,MC;SV11B
Emboar [WHT 13],1,2,0,0,9.533797311469158e-05,2.0,0.0,0.0,0.0,Emboar,pokemon,WHT,13,I,1,Stage 2,M2a;MC;SV11W
Shaymin [POR 3],1,1,0,0,9.533797311469158e-05,1.0,0.0,0.0,0.0,Shaymin,pokemon,POR,3,J,1,Basic,M3
Drasna,1,4,0,0,9.533797311469158e-05,4.0,0.0,0.0,0.0,Drasna,trainer,SSP,173,H,0,Supporter,MC;SV7a;SVM
Drapion [POR 52],1,1,0,0,9.533797311469158e-05,1.0,0.0,0.0,0.0,Drapion,pokemon,POR,52,J,1,Stage 1,M3
Scraggy [WHT 138],1,3,0,0,9.533797311469158e-05,3.0,0.0,0.0,0.0,Scraggy,pokemon,WHT,57,I,1,Basic,SV11W
Eevee [SVP 200],1,1,0,0,9.533797311469158e-05,1.0,0.0,0.0,0.0,Eevee,pokemon,SVP,200,H,0,,MC;SVI;SVM
Umbreon ex [PRE 161],1,4,0,0,9.533797311469158e-05,4.0,0.0,0.0,0.0,Umbreon ex,pokemon,PRE,60,H,0,"Stage 1,Tera,ex",MC;SV8a
Veluza [SCR 45],1,3,0,0,9.533797311469158e-05,3.0,0.0,0.0,0.0,Veluza,pokemon,SCR,45,H,0,Basic,MC;SV7
Snom [TEF 168],1,3,0,0,9.533797311469158e-05,3.0,0.0,0.0,0.0,Snom,pokemon,TEF,45,H,0,Basic,SV5K
Dangerous Laser,1,1,0,0,9.533797311469158e-05,1.0,0.0,0.0,0.0,Dangerous Laser,trainer,SFA,58,H,0,"Item,ACE SPEC",MC;SV6a
Urbain,1,2,0,0,9.533797311469158e-05,2.0,0.0,0.0,0.0,Urbain,trainer,ASC,214,J,1,Supporter,MC;MEE;MEM;MEZ;MF;MP;MP1
Zoroark [SFA 32],1,1,0,0,9.533797311469158e-05,1.0,0.0,0.0,0.0,Zoroark,pokemon,SFA,32,H,0,Stage 1,SV6a;SV8a
Absol [SFA 30],1,1,0,0,9.533797311469158e-05,1.0,0.0,0.0,0.0,Absol,pokemon,SFA,30,H,0,Basic,MC;SV6a
Zorua [WHT 142],1,3,0,0,9.533797311469158e-05,3.0,0.0,0.0,0.0,Zorua,pokemon,WHT,61,I,1,Basic,MC;SV11W
N's Klinklang [JTG 105],1,1,0,0,9.533797311469158e-05,1.0,0.0,0.0,0.0,N's Klinklang,pokemon,JTG,105,I,1,Stage 2,SV9
N's Klink [JTG 103],1,1,0,0,9.533797311469158e-05,1.0,0.0,0.0,0.0,N's Klink,pokemon,JTG,103,I,1,Basic,SV9
N's Klang [JTG 104],1,1,0,0,9.533797311469158e-05,1.0,0.0,0.0,0.0,N's Klang,pokemon,JTG,104,I,1,Stage 1,SV9
Mr. Mime [TEF 63],1,1,0,0,9.533797311469158e-05,1.0,0.0,0.0,0.0,Mr. Mime,pokemon,TEF,63,H,0,Basic,SV5M
Team Rocket's Persian ex [DRI 150],1,4,0,0,9.533797311469158e-05,4.0,0.0,0.0,0.0,Team Rocket's Persian ex,pokemon,DRI,150,I,1,"Stage 1,ex",MC;SV10
Team Rocket's Moltres ex [DRI 208],1,1,0,0,9.533797311469158e-05,1.0,0.0,0.0,0.0,Team Rocket's Moltres ex,pokemon,DRI,31,I,1,"Basic,ex",SV10
Deerling [WHT 6],1,1,0,0,9.533797311469158e-05,1.0,0.0,0.0,0.0,Deerling,pokemon,WHT,6,I,1,Basic,SV11W
Deino [WHT 146],1,2,0,0,9.533797311469158e-05,2.0,0.0,0.0,0.0,Deino,pokemon,WHT,65,I,1,Basic,MC;SV11W
Spinarak [POR 1],1,1,0,0,9.533797311469158e-05,1.0,0.0,0.0,0.0,Spinarak,pokemon,POR,1,J,1,Basic,M3
Dragon Elixir,1,2,0,0,9.533797311469158e-05,2.0,0.0,0.0,0.0,Dragon Elixir,trainer,SSP,172,H,0,Item,MC;SV7a
Dizzying Valley,1,2,0,0,9.533797311469158e-05,2.0,0.0,0.0,0.0,Dizzying Valley,trainer,PFL,88,I,1,Stadium,M2
Dialga [SSP 135],1,1,0,0,9.533797311469158e-05,1.0,0.0,0.0,0.0,Dialga,pokemon,SSP,135,H,0,Basic,SV7a
Victini [BLK 12],1,1,0,0,9.533797311469158e-05,1.0,0.0,0.0,0.0,Victini,pokemon,BLK,12,I,1,Basic,MC;SV11B;SVP
Victini [TEF 30],1,1,0,0,9.533797311469158e-05,1.0,0.0,0.0,0.0,Victini,pokemon,TEF,30,H,0,Basic,MC;SV5M;SVM
Spiritomb [MEG 148],1,1,0,0,9.533797311469158e-05,1.0,0.0,0.0,0.0,Spiritomb,pokemon,MEG,87,I,1,Basic,M1L;MC
Sprigatito [JTG 16],1,1,0,0,9.533797311469158e-05,1.0,0.0,0.0,0.0,Sprigatito,pokemon,JTG,16,I,1,Basic,MC;MP;MP1;SV9
Volcarona [BLK 100],1,2,0,0,9.533797311469158e-05,2.0,0.0,0.0,0.0,Volcarona,pokemon,BLK,16,I,1,Stage 1,MC;SV11B
Vigoroth [SSP 146],1,3,0,0,9.533797311469158e-05,3.0,0.0,0.0,0.0,Vigoroth,pokemon,SSP,146,H,0,Stage 1,MC;SV8
Walrein [SSP 45],1,2,0,0,9.533797311469158e-05,2.0,0.0,0.0,0.0,Walrein,pokemon,SSP,45,H,0,Stage 2,MC;SV8
Xerneas [SSP 88],1,1,0,0,9.533797311469158e-05,1.0,0.0,0.0,0.0,Xerneas,pokemon,SSP,88,H,0,Basic,MC;SVLN
Xerneas ex [SVP 179],1,1,0,0,9.533797311469158e-05,1.0,0.0,0.0,0.0,Xerneas ex,pokemon,SVP,179,H,0,,SVM
Yamask [SSP 82],1,1,0,0,9.533797311469158e-05,1.0,0.0,0.0,0.0,Yamask,pokemon,SSP,82,H,0,Basic,MC;SV8
Steven's Baltoy [DRI 83],1,2,0,0,9.533797311469158e-05,2.0,0.0,0.0,0.0,Steven's Baltoy,pokemon,DRI,83,I,1,Basic,SVOD
Steven's Carbink [DRI 86],1,1,0,0,9.533797311469158e-05,1.0,0.0,0.0,0.0,Steven's Carbink,pokemon,DRI,86,I,1,Basic,SVOD
Yveltal [SFA 35],1,1,0,0,9.533797311469158e-05,1.0,0.0,0.0,0.0,Yveltal,pokemon,SFA,35,H,0,Basic,MC;SV6a
Yungoos [MEG 109],1,1,0,0,9.533797311469158e-05,1.0,0.0,0.0,0.0,Yungoos,pokemon,MEG,109,I,1,Basic,M1L
Chatot [TEF 132],1,1,0,0,9.533797311469158e-05,1.0,0.0,0.0,0.0,Chatot,pokemon,TEF,132,H,0,Basic,MC;SV5K;SVM
Cheren,1,1,0,0,9.533797311469158e-05,1.0,0.0,0.0,0.0,Cheren,trainer,WHT,81,I,1,Supporter,BGS;BKB;BKR;BKW;BKZ;BKc;BKt;BKv;BTV;BW1w;BWP;GBR;HSZ;KK;KLD;MDB;MGg;MGm;SV11W;SVP;SZD
Bisharp [ASC 147],1,1,0,0,9.533797311469158e-05,1.0,0.0,0.0,0.0,Bisharp,pokemon,ASC,147,I,1,Stage 1,M2a
Billy & O'Nare,1,1,0,0,9.533797311469158e-05,1.0,0.0,0.0,0.0,Billy & O'Nare,trainer,JTG,142,H,0,Supporter,SVP
Lillie's Cutiefly [JTG 66],1,2,0,0,9.533797311469158e-05,2.0,0.0,0.0,0.0,Lillie's Cutiefly,pokemon,JTG,66,I,1,Basic,MC;SV9
Brambleghast [PFL 47],1,2,0,0,9.533797311469158e-05,2.0,0.0,0.0,0.0,Brambleghast,pokemon,PFL,47,I,1,Stage 1,M2
Lokix [PFL 10],1,2,0,0,9.533797311469158e-05,2.0,0.0,0.0,0.0,Lokix,pokemon,PFL,10,I,1,Stage 1,M2
Lombre [JTG 36],1,1,0,0,9.533797311469158e-05,1.0,0.0,0.0,0.0,Lombre,pokemon,JTG,36,I,1,Stage 1,MC;SV9
Lombre [PFL 6],1,1,0,0,9.533797311469158e-05,1.0,0.0,0.0,0.0,Lombre,pokemon,PFL,6,I,1,Stage 1,M2
Lotad [JTG 35],1,1,0,0,9.533797311469158e-05,1.0,0.0,0.0,0.0,Lotad,pokemon,JTG,35,I,1,Basic,MC;SV9
Lotad [PFL 5],1,2,0,0,9.533797311469158e-05,2.0,0.0,0.0,0.0,Lotad,pokemon,PFL,5,I,1,Basic,M2
Love Ball,1,2,0,0,9.533797311469158e-05,2.0,0.0,0.0,0.0,Love Ball,trainer,TWM,156,H,0,Item,SV5a
Whimsicott ex [WHT 157],1,3,0,0,9.533797311469158e-05,3.0,0.0,0.0,0.0,Whimsicott ex,pokemon,WHT,5,I,1,"Stage 1,ex",MC;SV11W
Ludicolo [JTG 37],1,2,0,0,9.533797311469158e-05,2.0,0.0,0.0,0.0,Ludicolo,pokemon,JTG,37,I,1,Stage 2,MC;SV9
