card_key,lists,copies,lists_day2,lists_topcut,inclusion,avg_copies,inclusion_day2,inclusion_topcut,day2_lift,name,cat,set,number,marks,legal_post,subtypes,jp_prints
Boss's Orders,7101,18744,1250,37,0.9103846153846153,2.639628221377271,0.8865248226950354,0.8809523809523809,0.9737915247178252,Boss's Orders,trainer,MEG,114,G/I,1,Supporter,MA;MBD;MBG;MC;MEE;MEM;MEZ;MF;MP;S12a;S2;S4a;S8b;S9;SEF;SEK;SF;SGG;SGI;SH;SI;SJ;SK;SLD;SLL;SN;SO;SPD;SPZ;SV1a;SV4a;SVB;SVD;SVEL;SVEM;SVF;SVG;SVHK;SVHM;SVI;SVJL;SVJP;SVK;SVLN;SVLS;SVM;SVN;SVOD;SVOM;SVP
Night Stretcher,6702,14139,1227,38,0.8592307692307692,2.1096687555953446,0.8702127659574468,0.9047619047619048,1.0127811958323016,Night Stretcher,trainer,ASC,196,H,0,Item,M1L;M2a;MA;MBD;MBG;MC;MP;SV6a;SV8;SV8a;SVN;SVP
Ultra Ball,6615,20231,1233,38,0.8480769230769231,3.0583522297808012,0.874468085106383,0.9047619047619048,1.0311188305109278,Ultra Ball,trainer,MEG,131,F/G/I,1,Item,20th;BKB;BKR;BKW;BKZ;CP4;GBR;KK;M2a;M6a;MA;MBD;MBG;MC;MDB;MEE;MEM;MEZ;MF;MMBp;MMBs;MP1;S12a;S9;SI;SK;SLD;SLL;SM10;SM1p;SM3p;SM5M;SM6;SM7;SM7a;SM8;SM9;SM9b;SMA;SMB;SMC;SME;SMF;SMG;SMH;SMI;SMJ;SMK;SMM;SMN;SMP;SN;SO;SPD;SPZ;SV1V;SV4a;SVAL;SVAM;SVAW;SVB;SVC;SVD;SVEL;SVEM;SVF;SVG;SVHK;SVHM;SVJL;SVJP;SVK;SVLN;SVLS;SVM;SVN;SVOD;SVOM;SVP;SZD;WCS23;XYA;XYB;XYC;XYD;XYG;XYH
Lillie's Determination,6418,24196,1162,34,0.8228205128205128,3.770021813649112,0.8241134751773049,0.8095238095238095,1.0015713783706728,Lillie's Determination,trainer,MEG,119,I,1,Supporter,M1L;M2a;MA;MBD;MBG;MC;MEE;MEM;MEZ;MF;MP;MP1
Poké Pad,6338,22811,1142,36,0.8125641025641026,3.5990848848217105,0.8099290780141843,0.8571428571428571,0.9967571487078949,Poké Pad,trainer,POR,81,J,1,Item,M3;M6a;MC;MEE;MEM;MEZ;MF;MP;MP1
Buddy-Buddy Poffin,5480,19786,958,28,0.7025641025641025,3.6105839416058396,0.6794326241134752,0.6666666666666666,0.9670756328622457,Buddy-Buddy Poffin,trainer,ASC,184,H,0,Item,M1S;M2a;MA;MBD;MBG;MC;SV5K;SV6;SV8a;SVK;SVN;SVOD;SVOM;SVP
Fezandipiti ex [ASC 142],5396,5418,1041,34,0.6917948717948718,1.0040770941438102,0.7382978723404255,0.8095238095238095,1.0672207939687397,Fezandipiti ex,pokemon,ASC,142,H,0,"Basic,ex",M2a;MA;MC;SV6a;SV8a;SVN
Meowth ex [POR 107],4500,5746,863,33,0.5769230769230769,1.276888888888889,0.6120567375886525,0.7857142857142857,1.0608983451536644,Meowth ex,pokemon,POR,62,J,1,"Basic,ex",M3
Psychic Energy,4435,12544,856,29,0.5685897435897436,2.828410372040586,0.6070921985815603,0.6904761904761905,1.067715704382451,Psychic Energy,energy,MEE,5,basic,1,,20th;BTV;BWP;CP4;HS;HSP;HSZ;M6a;MC;MDB;MF;MGm;MMBp;MMBs;MP;PBG;PPD;S10b;S8a;SI;SM1p;SMA;SMB;SMD;SMP;SP;SP4;SPD;SV2a;SVI;SVP;SZD;WAK;XYE;XYP
Special Red Card,4376,4563,714,17,0.561025641025641,1.0427330895795246,0.5063829787234042,0.40476190476190477,0.9026022015636547,Special Red Card,trainer,CRI,82,J,1,Item,M4;MP
Budew [ASC 16],3143,4830,599,24,0.40294871794871795,1.5367483296213809,0.424822695035461,0.5714285714285714,1.0542847665531645,Budew,pokemon,ASC,16,H,0,Basic,M2a;SV8a
Darkness Energy,3099,11829,621,20,0.3973076923076923,3.81703775411423,0.44042553191489364,0.47619047619047616,1.1085250561265474,Darkness Energy,energy,MEE,7,basic,1,,BGS;BWP;CP4;HXY;KLD;M6a;MC;MDB;MF;MMBp;MMBs;MP;PBG;S10b;S8a;SGG;SH;SI;SM2p;SMA;SMB;SMP;SP;SVI;SVP;SZD;WAK;XYA;XYC;XYP;Y30
Munkidori [ASC 99],3083,5557,626,20,0.39525641025641023,1.802465131365553,0.44397163120567373,0.47619047619047616,1.1232496670140302,Munkidori,pokemon,ASC,99,H,0,Basic,M2a;MC;MP;SV6;SV8a
Crispin,3064,7108,613,21,0.39282051282051283,2.3198433420365534,0.4347517730496454,0.5,1.1067440697739015,Crispin,trainer,SCR,133,H,0,Supporter,MC;SV7;SV8a;SVK;SVLN;SVLS;SVP
Judge,3059,3878,633,23,0.3921794871794872,1.2677345537757436,0.44893617021276594,0.5476190476190477,1.1447211924352971,Judge,trainer,POR,76,G/J,1,Supporter,20th;MC;MEE;MEZ;MF;MP1;S11a;S8b;SH;SI;SM11a;SM6;SM7a;SM9;SMH;SMI;SML;SMN;SMP;SN;SNPo;SO;SV4a;SV9a;SVAL;SVAM;SVAW;SVC;SVD;SVI;SVM;WCS23
Unfair Stamp,2909,2909,599,24,0.3729487179487179,1.0,0.424822695035461,0.5714285714285714,1.1390914476715697,Unfair Stamp,trainer,TWM,165,H,0,"Item,ACE SPEC",MA;MC;SV5a
Fire Energy,2605,8121,499,18,0.33397435897435895,3.1174664107485603,0.35390070921985817,0.42857142857142855,1.059664311675583,Fire Energy,energy,MEE,2,basic,1,,20th;BGS;BKR;BKW;BTV;BWP;CP4;HS;HSP;HSZ;HXY;M6a;MC;MDB;MF;MMBp;MMBs;MP;S10b;S8a;SAr;SH;SI;SM1p;SMA;SMB;SMP;SO;SP;SP2;SP4;SV3;SVI;SVP;WAK;XYA;XYD;XYE;XYP
Drakloak [ASC 159],2345,9233,465,18,0.3006410256410256,3.937313432835821,0.32978723404255317,0.42857142857142855,1.0969468765594519,Drakloak,pokemon,ASC,159,H,0,Stage 1,M2a;MC;SV6;SV8a
Dreepy [ASC 158],2345,9243,465,18,0.3006410256410256,3.9415778251599147,0.32978723404255317,0.42857142857142855,1.0969468765594519,Dreepy,pokemon,ASC,158,H,0,Basic,M2a;MC;SV6;SV8a
Dragapult ex [ASC 160],2296,6305,460,18,0.29435897435897435,2.7460801393728222,0.3262411347517731,0.42857142857142855,1.1083104752020165,Dragapult ex,pokemon,ASC,160,H,0,"Stage 2,Tera,ex",M2a;MC;SV6;SV8a
Shaymin [DRI 10],2143,2143,286,5,0.27474358974358976,1.0,0.2028368794326241,0.11904761904761904,0.7382770226665739,Shaymin,pokemon,DRI,10,I,1,Basic,M2a;MA;MP;SV9a
Switch,2001,2434,349,11,0.25653846153846155,1.2163918040979511,0.2475177304964539,0.2619047619047619,0.9648367305708847,Switch,trainer,MEG,130,F/G/I,1,Item,20th;BGS;BKB;BKR;BKW;BKZ;BKc;BKt;BKv;BTV;CP6;HS;HSP;HSZ;HXY;KK;KLD;M2;M6a;MA;MBD;MBG;MC;MF;MGg;MGm;MMBp;MMBs;MP1;S11a;S3a;S7R;SAf;SAg;SAl;SAr;SAw;SB;SC2;SCd;SCr;SD;SEF;SEK;SF;SGG;SGI;SH;SI;SJ;SK;SLD;SLL;SM11a;SM1M;SM3p;SM6;SM6b;SM7;SM7a;SM8;SMA;SMC;SMD;SME;SMH;SMI;SMJ;SMK;SML;SMM;SMN;SMP;SN;SO;SP;SPD;SPZ;SV2a;SV3a;SV5a;SV9a;SVAL;SVAM;SVAW;SVB;SVC;SVD;SVEL;SVEM;SVF;SVG;SVHK;SVHM;SVI;SVJL;SVJP;SVK;SVLN;SVLS;SVM;SVN;SVOD;SVOM;SVP;WAK;WCS23;X30;XYA;XYB;XYC;XYD;XYE;XYF;XYG;XYP;Y30
Air Balloon,1982,3143,308,5,0.2541025641025641,1.5857719475277496,0.21843971631205675,0.11904761904761904,0.8596517594520902,Air Balloon,trainer,ASC,181,I,1,Pokémon Tool,M1L;M2a;MA;MBD;MBG;MC;MEE;MEM;MEZ;MP;S1W;S4a;S8b;SD;SF;SK;SV11B
Lillie's Clefairy ex [ASC 280],1926,2600,371,10,0.2469230769230769,1.3499480789200415,0.2631205673758865,0.23809523809523808,1.065597313360288,Lillie's Clefairy ex,pokemon,ASC,76,I,1,"Basic,ex",M2a;MC;SV9
Dudunsparce [PRE 80],1891,3216,313,12,0.24243589743589744,1.7006874669487044,0.22198581560283687,0.2857142857142857,0.9156474678488247,Dudunsparce,pokemon,TEF,129,H,0,Stage 1,MP;SV5K;SV8a
Rare Candy,1862,4570,252,9,0.2387179487179487,2.4543501611170786,0.17872340425531916,0.21428571428571427,0.7486802111662134,Rare Candy,trainer,MEG,125,F/G/I,1,Item,20th;BKB;BKW;BW4;BWP;CP4;GBR;KK;M1S;MA;MBG;MC;MDB;MEE;MEM;MMBp;MMBs;S10b;S1H;SAr;SB;SC2;SCd;SCr;SD;SF;SI;SK;SM10;SM1p;SM4p;SM5M;SM6;SM6b;SM7;SM8;SM9;SMA;SMB;SMC;SME;SMF;SMG;SMH;SMJ;SML;SMN;SMP;SP;SV1V;SV3a;SV4a;SVAL;SVB;SVD;SVEL;SVF;SVG;SVHK;SVHM;SVI;SVJL;SVJP;SVK;SVM;SVN;SVOD;SVOM;SVP;SZD;XY5g;XYP
Rosa's Encouragement,1783,1786,371,15,0.2285897435897436,1.0016825574873809,0.2631205673758865,0.35714285714285715,1.1510602498776863,Rosa's Encouragement,trainer,POR,84,J,1,Supporter,M3
Hilda,1720,4833,234,6,0.2205128205128205,2.8098837209302325,0.16595744680851063,0.14285714285714285,0.7525977238990599,Hilda,trainer,WHT,84,I,1,Supporter,M2a;MC;MP;SV11W
Team Rocket's Petrel,1704,4866,242,4,0.21846153846153846,2.8556338028169015,0.17163120567375886,0.09523809523809523,0.7856358006193187,Team Rocket's Petrel,trainer,ASC,207,I,1,Supporter,M2a;MC;SV10
Dunsparce [JTG 120],1688,3046,274,8,0.2164102564102564,1.8045023696682465,0.19432624113475178,0.19047619047619047,0.8979530099828578,Dunsparce,pokemon,JTG,120,I,1,Basic,MC;SV9
Dawn,1682,3473,256,9,0.21564102564102564,2.064803804994055,0.18156028368794327,0.21428571428571427,0.8419561312520556,Dawn,trainer,PFL,87,I,1,Supporter,M2;MEE;MEM;MP
Risky Ruins,1660,2875,336,14,0.2128205128205128,1.7319277108433735,0.23829787234042554,0.3333333333333333,1.1197128941297103,Risky Ruins,trainer,MEG,127,I,1,Stadium,M1L
Team Rocket's Watchtower,1622,2545,326,7,0.20794871794871794,1.5690505548705302,0.23120567375886525,0.16666666666666666,1.11183986147913,Team Rocket's Watchtower,trainer,ASC,210,I,1,Stadium,M2a;SV10
Telepathic Psychic Energy,1606,6114,299,9,0.2058974358974359,3.8069738480697386,0.21205673758865248,0.21428571428571427,1.029914416682123,Telepathic Psychic Energy,energy,POR,88,J,1,Special,M3
Grass Energy,1589,9714,310,9,0.2037179487179487,6.113278791692888,0.2198581560283688,0.21428571428571427,1.0792282045445416,Grass Energy,energy,MEE,1,basic,1,,20th;BKZ;BWP;CP4;HS;HSP;HSZ;HXY;M6a;MC;MF;MGg;MMBp;MMBs;MP;S10b;S8a;SAg;SH;SI;SM1p;SMA;SMB;SMP;SP;SP2;SV2D;SVI;SVP;SZD;WAK;XYP
Crushing Hammer,1546,5917,323,14,0.1982051282051282,3.8272962483829236,0.22907801418439716,0.3333333333333333,1.1557622966612535,Crushing Hammer,trainer,POR,71,F/G/J,1,Item,20th;BTV;BW1b;HXY;M5;MC;MDB;MEZ;MF;MGm;SAr;SAw;SD;SEK;SH;SI;SM1S;SM5M;SMA;SMD;SMH;SML;SMN;SVAW;SVD;SVI;SVM;SVP;Y30
Mega Kangaskhan ex [MEG 104],1473,4776,335,10,0.18884615384615386,3.2423625254582484,0.2375886524822695,0.23809523809523808,1.2581069174213864,Mega Kangaskhan ex,pokemon,MEG,104,I,1,"Basic,MEGA,ex",M1S;MP
Secret Box,1425,1425,289,6,0.18269230769230768,1.0,0.2049645390070922,0.14285714285714285,1.1219111608809258,Secret Box,trainer,TWM,163,H,0,"Item,ACE SPEC",SV6
Latias ex [SSP 220],1424,2527,314,10,0.18256410256410258,1.7745786516853932,0.2226950354609929,0.23809523809523808,1.2198183122161126,Latias ex,pokemon,SSP,76,H,0,"Basic,ex",M2a;MC;MP;SV7a
Ciphermaniac's Codebreaking,1231,2439,286,10,0.15782051282051282,1.9813160032493908,0.2028368794326241,0.23809523809523808,1.2852377413277563,Ciphermaniac's Codebreaking,trainer,TEF,145,H,0,"Supporter,Future",MC;SV5M;SV8a;SVN
Pokégear 3.0,1160,2704,176,1,0.14871794871794872,2.331034482758621,0.12482269503546099,0.023809523809523808,0.8393250183418929,Pokégear 3.0,trainer,SVI,186,G/I,1,Item,MC;SAf;SAg;SAl;SAr;SAw;SB;SC2;SCd;SCr;SD;SEF;SEK;SGG;SGI;SJ;SLD;SM11;SM12a;SM9a;SMM;SV11B;SVAL;SVAM;SVAW;SVB;SVC;SVD;SVEL;SVEM;SVLN;SVLS;SVP
Cyrano,1143,2286,269,6,0.14653846153846153,2.0,0.19078014184397163,0.14285714285714285,1.3019117291189666,Cyrano,trainer,SSP,170,H,0,Supporter,SV8
Moltres [PFL 14],1117,1134,216,6,0.1432051282051282,1.0152193375111906,0.15319148936170213,0.14285714285714285,1.0697346616126022,Moltres,pokemon,PFL,14,I,1,Basic,M2
Lana's Aid,1057,1096,154,6,0.13551282051282051,1.0368968779564807,0.10921985815602837,0.14285714285714285,0.8059743553614204,Lana's Aid,trainer,TWM,155,H,0,Supporter,MC;SV5a;SV8a;SVK
Fighting Energy,1005,4819,181,4,0.12884615384615383,4.79502487562189,0.12836879432624113,0.09523809523809523,0.996295120143961,Fighting Energy,energy,MEE,6,basic,1,,20th;BGS;BWP;CP4;GBR;HS;HSP;HSZ;M6a;MC;MMBp;MMBs;MP;S10b;S8a;SAf;SH;SI;SM2p;SMA;SMB;SMD;SMP;SP;SV1S;SVI;SVP;WAK;WCS23;XYG;XYP
Xerosic's Machinations,997,1191,161,0,0.12782051282051282,1.1945837512537614,0.11418439716312057,0.0,0.8933182526302311,Xerosic's Machinations,trainer,SFA,64,H,0,Supporter,MC;SV6a
Sacred Ash,956,972,139,3,0.12256410256410256,1.0167364016736402,0.09858156028368795,0.07142857142857142,0.8043265378794623,Sacred Ash,trainer,DRI,168,I,1,Item,M2a;M3;SV9a;XY2
Jamming Tower,914,1030,156,5,0.11717948717948717,1.12691466083151,0.11063829787234042,0.11904761904761904,0.9441780343591415,Jamming Tower,trainer,TWM,153,H,0,Stadium,M2a;SV10;SV6;SV8a;SVN
Hero's Cape,901,901,145,3,0.11551282051282051,1.0,0.10283687943262411,0.07142857142857142,0.8902637731126172,Hero's Cape,trainer,TEF,152,H,0,"Pokémon Tool,ACE SPEC",MA;MBD;MC;SV5M
Energy Switch,889,2579,180,5,0.11397435897435898,2.901012373453318,0.1276595744680851,0.11904761904761904,1.1200727568628388,Energy Switch,trainer,MEG,115,F/G/I,1,Item,20th;HS;HSP;M5;MA;MC;MGg;S11a;SAw;SB;SD;SI;SM11a;SM6b;SM7a;SMA;SMH;SMJ;SO;SVAM;SVC;SVD;SVHK;SVHM;SVM;XYP
Teal Mask Ogerpon ex [PRE 12],872,2547,186,7,0.1117948717948718,2.9208715596330275,0.13191489361702127,0.16666666666666666,1.1799726722623463,Teal Mask Ogerpon ex,pokemon,TWM,25,H,0,"Basic,Tera,ex",M2a;MC;SV6;SV8a
Battle Cage,859,2107,84,1,0.11012820512820513,2.4528521536670547,0.059574468085106386,0.023809523809523808,0.5409555891313501,Battle Cage,trainer,PFL,85,I,1,Stadium,M2
Metagross [CRI 61],845,1236,163,5,0.10833333333333334,1.4627218934911244,0.11560283687943262,0.11904761904761904,1.067103109656301,Metagross,pokemon,CRI,61,J,1,Stage 2,M4
Duskull [PRE 35],826,2083,154,7,0.1058974358974359,2.5217917675544794,0.10921985815602837,0.16666666666666666,1.0313739632167327,Duskull,pokemon,PRE,35,H,0,Basic,M2a;MC;SV6a;SV8a
Dusknoir [PRE 37],824,1322,154,7,0.10564102564102563,1.604368932038835,0.10921985815602837,0.16666666666666666,1.0338772980789095,Dusknoir,pokemon,PRE,37,H,0,Stage 2,M2a;MC;SV6a;SV8a
Water Energy,822,2047,142,3,0.10538461538461538,2.4902676399026764,0.10070921985815603,0.07142857142857142,0.9556349329606048,Water Energy,energy,MEE,3,basic,1,,20th;BGS;BKB;BKR;BKW;BWP;CP4;GBR;HS;HSP;HSZ;HXY;KK;KLD;M6a;MC;MDB;MMBp;MMBs;MP;S10b;S8a;SAw;SGI;SH;SI;SM2p;SMA;SMB;SMD;SMP;SP;SP2;SP4;SV2P;SVI;SVP;WAK;XYF;XYP
Dusclops [PRE 36],815,1599,152,7,0.10448717948717949,1.961963190184049,0.10780141843971631,0.16666666666666666,1.0317190967236654,Dusclops,pokemon,PRE,36,H,0,Stage 1,M2a;MC;SV6a;SV8a
Psyduck [ASC 226],812,816,97,1,0.1041025641025641,1.0049261083743843,0.06879432624113475,0.023809523809523808,0.6608321978828215,Psyduck,pokemon,ASC,39,I,1,Basic,M2a;SVP
Pecharunt ex [PRE 163],746,961,155,2,0.09564102564102564,1.2882037533512065,0.1099290780141844,0.047619047619047616,1.1493925047059494,Pecharunt ex,pokemon,SFA,39,H,0,"Basic,ex",MC;SV6a;SV8a
Area Zero Underdepths,739,2126,160,4,0.09474358974358975,2.8768606224627877,0.11347517730496454,0.09523809523809523,1.1977082313649843,Area Zero Underdepths,trainer,SCR,131,H,0,Stadium,M2a;SV7;SV8a
Jumbo Ice Cream,722,2246,112,2,0.09256410256410257,3.110803324099723,0.07943262411347518,0.047619047619047616,0.8581363823893441,Jumbo Ice Cream,trainer,PFL,91,I,1,Item,M2;M4
Kieran,706,755,105,4,0.09051282051282052,1.0694050991501416,0.07446808510638298,0.09523809523809523,0.822735217889217,Kieran,trainer,TWM,154,H,0,Supporter,MA;MC;SV6;SV8a;SVK;SVN;SVP
Eri,706,1124,111,1,0.09051282051282052,1.5920679886685551,0.07872340425531915,0.023809523809523808,0.869748658911458,Eri,trainer,TEF,146,H,0,Supporter,SV5K;SV8a
Wondrous Patch,699,1786,144,4,0.08961538461538461,2.5550786838340485,0.10212765957446808,0.09523809523809523,1.1396219523331204,Wondrous Patch,trainer,PFL,94,I,1,Item,M3;MBD
Enriching Energy,696,696,99,4,0.08923076923076922,1.0,0.07021276595744681,0.09523809523809523,0.7868672046955246,Enriching Energy,energy,SSP,191,H,0,"Special,ACE SPEC",MC;SV7a
Black Belt's Training,672,728,143,2,0.08615384615384615,1.0833333333333333,0.10141843971631205,0.047619047619047616,1.177178318135765,Black Belt's Training,trainer,JTG,143,H,0,Supporter,M2a;MC;SVM;SVP
Mist Energy,658,2340,114,0,0.08435897435897435,3.556231003039514,0.08085106382978724,0.0,0.9584168660673867,Mist Energy,energy,TEF,161,H,0,Special,SV5M;SV8a;SVN
Binding Mochi,656,1247,138,1,0.0841025641025641,1.9009146341463414,0.09787234042553192,0.023809523809523808,1.1637259989621174,Binding Mochi,trainer,PRE,95,H,0,Pokémon Tool,MC;SV6a;SV8a
Brave Bangle,653,1063,114,4,0.08371794871794871,1.6278713629402757,0.08085106382978724,0.09523809523809523,0.9657554331888828,Brave Bangle,trainer,WHT,80,I,1,Pokémon Tool,M2a;M5;MC;MP;SV11W
Bug Catching Set,630,2052,107,4,0.08076923076923077,3.257142857142857,0.07588652482269503,0.09523809523809523,0.939547450185748,Bug Catching Set,trainer,TWM,143,H,0,Item,M2a;MA;MC;SV6;SV8a;SVK;SVN
Gravity Mountain,601,907,79,1,0.07705128205128205,1.5091514143094842,0.05602836879432624,0.023809523809523808,0.7271568662158814,Gravity Mountain,trainer,SSP,177,H,0,Stadium,M2a;SV8
Kadabra [MEG 55],600,2288,85,3,0.07692307692307693,3.8133333333333335,0.06028368794326241,0.07142857142857142,0.7836879432624113,Kadabra,pokemon,MEG,55,I,1,Stage 1,M1S
Alakazam [MEG 56],600,1789,85,3,0.07692307692307693,2.9816666666666665,0.06028368794326241,0.07142857142857142,0.7836879432624113,Alakazam,pokemon,MEG,56,I,1,Stage 2,M1S
Chien-Pao [SSP 56],598,598,143,4,0.07666666666666666,1.0,0.10141843971631205,0.09523809523809523,1.3228492136910268,Chien-Pao,pokemon,SSP,56,H,0,Basic,M2a;SV8
Wellspring Mask Ogerpon ex [PRE 152],596,657,139,4,0.07641025641025641,1.1023489932885906,0.09858156028368795,0.09523809523809523,1.2901613594173926,Wellspring Mask Ogerpon ex,pokemon,TWM,64,H,0,"Basic,Tera,ex",MC;SV6;SV8a
Abra [MEG 54],585,2123,83,3,0.075,3.629059829059829,0.058865248226950356,0.07142857142857142,0.7848699763593381,Abra,pokemon,MEG,54,I,1,Basic,M1S
Prime Catcher,585,585,135,4,0.075,1.0,0.09574468085106383,0.09523809523809523,1.2765957446808511,Prime Catcher,trainer,TEF,157,H,0,"Item,ACE SPEC",MA;MBG;MC;SV5M;SV8a;SVN
N's Zoroark ex [ASC 137],584,2295,132,2,0.07487179487179488,3.9297945205479454,0.09361702127659574,0.047619047619047616,1.2503643252696006,N's Zoroark ex,pokemon,ASC,137,I,1,"Stage 1,ex",M2a;MC;SV9
N's Zorua [ASC 136],584,2300,132,2,0.07487179487179488,3.9383561643835616,0.09361702127659574,0.047619047619047616,1.2503643252696006,N's Zorua,pokemon,ASC,136,I,1,Basic,M2a;MC;SV9;SVP
Yveltal [MEG 88],578,598,98,1,0.0741025641025641,1.0346020761245676,0.06950354609929078,0.023809523809523808,0.9379371272914673,Yveltal,pokemon,MEG,88,I,1,Basic,M1L;MC
N's Zekrom [ASC 155],564,964,131,2,0.07230769230769231,1.7092198581560283,0.09290780141843971,0.047619047619047616,1.2848951259996981,N's Zekrom,pokemon,ASC,155,I,1,Basic,M2a
N's PP Up,562,1710,131,2,0.07205128205128206,3.0427046263345194,0.09290780141843971,0.047619047619047616,1.28946770651927,N's PP Up,trainer,ASC,195,I,1,Item,M2a;MC;SV9
Handheld Fan,561,784,78,2,0.07192307692307692,1.3975044563279857,0.05531914893617021,0.047619047619047616,0.7691432472408692,Handheld Fan,trainer,TWM,150,H,0,Pokémon Tool,SV6
Tool Scrapper,556,557,98,3,0.07128205128205128,1.0017985611510791,0.06950354609929078,0.07142857142857142,0.9750497474360937,Tool Scrapper,trainer,ASC,212,I,1,Item,BW5n;BWP;M2a;M4;MA;S2;S4a;S8b;SD;SF;SK;SV11W
Wally's Compassion,555,996,52,1,0.07115384615384615,1.7945945945945947,0.03687943262411347,0.023809523809523808,0.5183055395821353,Wally's Compassion,trainer,MEG,132,I,1,Supporter,M1S;MA;MP
Lightning Energy,547,1356,107,3,0.07012820512820513,2.4789762340036563,0.07588652482269503,0.07142857142857142,1.082111322883037,Lightning Energy,energy,MEE,4,basic,1,,20th;BGS;BKB;BKZ;BTV;BWP;CP4;GBR;HS;HSP;HSZ;M6a;MC;MDB;MF;MMBp;MMBs;MP;S10b;S8a;SAl;SH;SI;SM2p;SMA;SMB;SMD;SMP;SN;SO;SP;SP2;SP4;SPZ;SV1V;SVI;SVP;WAK;WCS23;XYD;XYE;XYP
Team Rocket's Factory,541,936,94,1,0.06935897435897435,1.7301293900184842,0.06666666666666667,0.023809523809523808,0.9611829944547136,Team Rocket's Factory,trainer,ASC,203,I,1,Stadium,M2a;SV10
Tatsugiri [SVP 118],517,607,117,1,0.06628205128205128,1.1740812379110253,0.08297872340425531,0.023809523809523808,1.2519033705090745,Tatsugiri,pokemon,TWM,131,H,0,Basic,M2a;MA;MBD;MBG;MC;SV6;SV8a;SVN;SVP
Growing Grass Energy,509,1564,103,2,0.06525641025641025,3.072691552062868,0.07304964539007092,0.047619047619047616,1.1194248213016762,Growing Grass Energy,energy,POR,86,J,1,Special,M3;M6
Prism Tower,509,963,88,0,0.06525641025641025,1.8919449901768173,0.062411347517730496,0.0,0.9564017890732768,Prism Tower,trainer,CRI,80,J,1,Stadium,M4
Genesect [SFA 40],504,590,67,1,0.06461538461538462,1.1706349206349207,0.0475177304964539,0.023809523809523808,0.7353934481594055,Genesect,pokemon,SFA,40,H,0,Basic,SV6a
Gwynn,503,1447,78,2,0.06448717948717948,2.8767395626242545,0.05531914893617021,0.047619047619047616,0.8578317330062181,Gwynn,trainer,PBL,78,J,1,Supporter,M5
Dudunsparce ex [JTG 121],492,494,103,3,0.06307692307692307,1.0040650406504066,0.07304964539007092,0.07142857142857142,1.1581041342328318,Dudunsparce ex,pokemon,JTG,121,I,1,"Stage 1,ex",MC;SV9
Dipplin [PRE 10],491,1264,101,4,0.06294871794871795,2.574338085539715,0.07163120567375887,0.09523809523809523,1.137929540234866,Dipplin,pokemon,TWM,18,H,0,Stage 1,SV6;SV8a
Iron Leaves ex [PRE 176],488,492,116,3,0.06256410256410257,1.0081967213114753,0.08226950354609928,0.07142857142857142,1.3149633763515869,Iron Leaves ex,pokemon,TEF,25,H,0,"Basic,ex,Future",MC;SV5M;SV8a
Team Rocket's Transceiver,476,1639,68,1,0.06102564102564102,3.44327731092437,0.04822695035460993,0.023809523809523808,0.790273556231003,Team Rocket's Transceiver,trainer,ASC,209,I,1,Item,M2a;MC;SV10
Festival Grounds,471,1320,90,3,0.060384615384615384,2.8025477707006368,0.06382978723404255,0.07142857142857142,1.0570538013280932,Festival Grounds,trainer,TWM,149,H,0,Stadium,SV6;SV8a
Metal Energy,471,6842,59,2,0.060384615384615384,14.526539278131635,0.04184397163120567,0.047619047619047616,0.6929574919817499,Metal Energy,energy,MEE,8,basic,1,,BGS;BWP;CP4;HXY;KLD;M6a;MC;MMBp;MMBs;MP;PPD;S10b;S8a;SI;SM1p;SMA;SMB;SMP;SP;SVI;SVP;WAK;XYB;XYP
Forest of Vitality,470,1422,76,4,0.06025641025641026,3.025531914893617,0.05390070921985816,0.09523809523809523,0.8945224083295609,Forest of Vitality,trainer,MEG,117,I,1,Stadium,M1S;M2a;M3
N's Reshiram [ASC 154],468,473,111,1,0.06,1.0106837606837606,0.07872340425531915,0.023809523809523808,1.3120567375886525,N's Reshiram,pokemon,ASC,154,I,1,Basic,M2a;MC;SV9
Fighting Gong,468,1738,61,1,0.06,3.713675213675214,0.04326241134751773,0.023809523809523808,0.7210401891252955,Fighting Gong,trainer,MEG,116,I,1,Item,M1L;M2a;MC
Lucky Helmet,465,582,97,1,0.05961538461538462,1.2516129032258065,0.06879432624113475,0.023809523809523808,1.1539693433996796,Lucky Helmet,trainer,TWM,158,H,0,Pokémon Tool,SV5a;XY7
Enhanced Hammer,458,761,43,0,0.05871794871794872,1.6615720524017468,0.03049645390070922,0.0,0.5193719223264889,Enhanced Hammer,trainer,TWM,148,H,0,Item,BW4;BWP;CP4;M2a;SM1p;SM4p;SM5p;SM9a;SV5a;SV6;SV8a;SVP;XYP
Glass Trumpet,455,618,98,3,0.058333333333333334,1.3582417582417583,0.06950354609929078,0.07142857142857142,1.1914893617021276,Glass Trumpet,trainer,ASC,189,H,0,Item,M2a;SV7;SV8a
Energy Recycler,452,528,57,1,0.05794871794871795,1.168141592920354,0.04042553191489362,0.023809523809523808,0.6976087365844474,Energy Recycler,trainer,DRI,164,I,1,Item,M2a;M3;MC;S5R;SI;SM1p;SM8b;SMC;SMN;SVOD;SVOM;XYP
Patrat [CRI 70],450,451,74,0,0.057692307692307696,1.0022222222222221,0.0524822695035461,0.0,0.909692671394799,Patrat,pokemon,CRI,70,J,1,Basic,M4;MP
Raging Bolt ex [PRE 166],448,548,99,3,0.057435897435897436,1.2232142857142858,0.07021276595744681,0.07142857142857142,1.222454407294833,Raging Bolt ex,pokemon,TEF,123,H,0,"Basic,ex,Ancient",MC;SV5K;SV8a
Academy at Night,447,1761,107,3,0.05730769230769231,3.9395973154362416,0.07588652482269503,0.07142857142857142,1.3241943928792421,Academy at Night,trainer,SFA,54,H,0,Stadium,SV6a
Dunsparce [PRE 79],445,608,61,4,0.05705128205128205,1.3662921348314607,0.04326241134751773,0.09523809523809523,0.758307434855367,Dunsparce,pokemon,TEF,128,H,0,Basic,SV5K;SV8a
Kyurem [SFA 47],441,861,107,3,0.05653846153846154,1.9523809523809523,0.07588652482269503,0.07142857142857142,1.3422106431224972,Kyurem,pokemon,SFA,47,H,0,Basic,SV6a
Slowking [SCR 58],441,1322,107,3,0.05653846153846154,2.997732426303855,0.07588652482269503,0.07142857142857142,1.3422106431224972,Slowking,pokemon,SCR,58,H,0,Stage 1,SV7
Genesect ex [BLK 161],431,861,58,2,0.05525641025641025,1.9976798143851509,0.04113475177304964,0.047619047619047616,0.7444340228069309,Genesect ex,pokemon,BLK,67,I,1,"Basic,ex",M2a;MC;SV11B
Slowpoke [SCR 57],423,1632,105,3,0.05423076923076923,3.858156028368794,0.07446808510638298,0.07142857142857142,1.3731703636637995,Slowpoke,pokemon,SCR,57,H,0,Basic,SV7
Metang [SVP 90],407,1614,56,2,0.05217948717948718,3.9656019656019654,0.03971631205673759,0.047619047619047616,0.7611479951905484,Metang,pokemon,TEF,114,H,0,Stage 1,MC;SV5M;SV8a
Brock's Scouting,393,886,71,3,0.05038461538461538,2.2544529262086512,0.05035460992907802,0.07142857142857142,0.999404471874831,Brock's Scouting,trainer,JTG,146,I,1,Supporter,MF;SV9
Drilbur [PBL 46],392,1298,55,2,0.050256410256410255,3.311224489795918,0.03900709219858156,0.047619047619047616,0.7761615284411637,Drilbur,pokemon,PBL,46,J,1,Basic,M5
Premium Power Pro,392,1356,52,1,0.050256410256410255,3.4591836734693877,0.03687943262411347,0.023809523809523808,0.7338254450716456,Premium Power Pro,trainer,MEG,124,I,1,Item,M1L;M2a;MC;MP
Mega Excadrill ex [PBL 103],392,779,55,2,0.050256410256410255,1.9872448979591837,0.03900709219858156,0.047619047619047616,0.7761615284411637,Mega Excadrill ex,pokemon,PBL,65,J,1,"Stage 1,MEGA,ex",M5
Boomerang Energy,390,751,97,3,0.05,1.9256410256410257,0.06879432624113475,0.07142857142857142,1.375886524822695,Boomerang Energy,energy,TWM,166,H,0,Special,MC;SV5a
Iron Crown ex [PRE 158],377,385,88,2,0.04833333333333333,1.0212201591511936,0.062411347517730496,0.047619047619047616,1.2912692589875276,Iron Crown ex,pokemon,TEF,81,H,0,"Basic,ex,Future",MC;SV5M;SV8a
N's Castle,372,639,67,2,0.047692307692307694,1.717741935483871,0.0475177304964539,0.047619047619047616,0.9963395104095172,N's Castle,trainer,JTG,152,I,1,Stadium,M2a;SV9
Blaziken ex [JTG 24],371,740,64,2,0.04756410256410257,1.994609164420485,0.04539007092198582,0.047619047619047616,0.9542925962034754,Blaziken ex,pokemon,JTG,24,H,0,"Stage 2,ex",SVM
Torchic [DRI 40],368,738,64,2,0.04717948717948718,2.005434782608696,0.04539007092198582,0.047619047619047616,0.9620721554116559,Torchic,pokemon,DRI,40,I,1,Basic,SV10
Mew ex [30C 152],365,535,75,4,0.046794871794871795,1.4657534246575343,0.05319148936170213,0.09523809523809523,1.1366948411541824,Mew ex,pokemon,30C,66,J,1,"Basic,ex",M6a
Combusken [DRI 41],360,370,63,2,0.046153846153846156,1.0277777777777777,0.04468085106382979,0.047619047619047616,0.9680851063829787,Combusken,pokemon,DRI,41,I,1,Stage 1,SV10
Lunatone [ASC 105],352,709,41,1,0.04512820512820513,2.0142045454545454,0.029078014184397163,0.023809523809523808,0.6443423597678917,Lunatone,pokemon,MEG,74,I,1,Basic,M1L;M2a;MC
Solrock [ASC 106],352,856,41,1,0.04512820512820513,2.4318181818181817,0.029078014184397163,0.023809523809523808,0.6443423597678917,Solrock,pokemon,MEG,75,I,1,Basic,M1L;M2a;MC
Rocky Fighting Energy,328,901,41,0,0.04205128205128205,2.7469512195121952,0.029078014184397163,0.0,0.6914893617021277,Rocky Fighting Energy,energy,POR,87,J,1,Special,M3
Rabsca [TEF 24],325,348,68,2,0.041666666666666664,1.0707692307692307,0.04822695035460993,0.047619047619047616,1.1574468085106384,Rabsca,pokemon,TEF,24,H,0,Stage 1,SV5M;SV8a
Ignition Energy,318,946,41,1,0.040769230769230766,2.9748427672955975,0.029078014184397163,0.023809523809523808,0.7132343101833267,Ignition Energy,energy,WHT,86,I,1,Special,M2;M2a;MA;MC;SV11W
Lumiose City,318,375,61,1,0.040769230769230766,1.179245283018868,0.04326241134751773,0.023809523809523808,1.0611534858825105,Lumiose City,trainer,POR,77,J,1,Stadium,M3
Team Rocket's Articuno [DRI 51],317,538,52,1,0.04064102564102564,1.6971608832807572,0.03687943262411347,0.023809523809523808,0.9074434525807101,Team Rocket's Articuno,pokemon,DRI,51,I,1,Basic,M2a;SV10
Mega Lopunny ex [PFL 115],311,603,53,3,0.039871794871794874,1.9389067524115755,0.0375886524822695,0.07142857142857142,0.9427379079154409,Mega Lopunny ex,pokemon,PFL,84,I,1,"Stage 1,MEGA,ex",M2
Mega Skarmory ex [POR 106],310,311,46,2,0.03974358974358974,1.0032258064516129,0.032624113475177303,0.047619047619047616,0.8208647906657516,Mega Skarmory ex,pokemon,POR,55,J,1,"Basic,MEGA,ex",M3
Applin [TWM 17],307,695,69,3,0.03935897435897436,2.263843648208469,0.04893617021276596,0.07142857142857142,1.2433294060572457,Applin,pokemon,TWM,17,H,0,Basic,SV6
Meganium [MEG 10],307,614,52,3,0.03935897435897436,2.0,0.03687943262411347,0.07142857142857142,0.9370018712315474,Meganium,pokemon,MEG,10,I,1,Stage 2,M1S
Rellor [TEF 23],303,371,68,2,0.03884615384615384,1.2244224422442245,0.04822695035460993,0.047619047619047616,1.2414858507127309,Rellor,pokemon,TEF,23,H,0,Basic,SV5M;SV8a
Thwackey [SVP 115],298,1002,65,2,0.038205128205128204,3.3624161073825505,0.04609929078014184,0.047619047619047616,1.206625731829216,Thwackey,pokemon,TWM,15,H,0,Stage 1,SV6;SV8a
Mega Lucario ex [ASC 113],298,886,36,1,0.038205128205128204,2.9731543624161074,0.02553191489361702,0.023809523809523808,0.668285020705412,Mega Lucario ex,pokemon,MEG,77,I,1,"Stage 1,MEGA,ex",M1L;M2a
Spiky Energy,297,1146,55,0,0.03807692307692308,3.8585858585858586,0.03900709219858156,0.0,1.024428684003152,Spiky Energy,energy,JTG,159,I,1,Special,MC;SV9
Goldeen [PRE 20],296,579,65,2,0.03794871794871795,1.9560810810810811,0.04609929078014184,0.047619047619047616,1.2147786083956296,Goldeen,pokemon,TWM,44,H,0,Basic,SV6;SV8a
Dwebble [DRI 11],293,869,54,0,0.037564102564102565,2.9658703071672354,0.03829787234042553,0.0,1.0195338029191778,Dwebble,pokemon,DRI,11,I,1,Basic,M2a;MC;SV9a
Seaking [PRE 21],293,423,65,2,0.037564102564102565,1.4436860068259385,0.04609929078014184,0.047619047619047616,1.2272166146249364,Seaking,pokemon,PRE,21,H,0,Stage 1,SV8a
Crustle [DRI 12],293,867,54,0,0.037564102564102565,2.9590443686006824,0.03829787234042553,0.0,1.0195338029191778,Crustle,pokemon,DRI,12,I,1,Stage 1,M2a;MC;SV9a
Gladion's Final Battle,288,632,65,2,0.036923076923076927,2.1944444444444446,0.04609929078014184,0.047619047619047616,1.2485224586288415,Gladion's Final Battle,trainer,PBL,77,J,1,Supporter,M5
Legacy Energy,287,287,34,0,0.03679487179487179,1.0,0.024113475177304965,0.0,0.6553488027281489,Legacy Energy,energy,TWM,167,H,0,"Special,ACE SPEC",MC;SV6;SV8a;SVN
Bayleef [MEG 9],282,527,48,3,0.036153846153846154,1.8687943262411348,0.03404255319148936,0.07142857142857142,0.9416025350837482,Bayleef,pokemon,MEG,9,I,1,Stage 1,M1S
Buneary [PFL 83],280,585,52,3,0.035897435897435895,2.0892857142857144,0.03687943262411347,0.07142857142857142,1.027355623100304,Buneary,pokemon,PFL,83,I,1,Basic,M2
Enamorus [TWM 180],277,277,61,2,0.035512820512820516,1.0,0.04326241134751773,0.047619047619047616,1.2182195253091634,Enamorus,pokemon,TWM,93,H,0,Basic,MC;SV5a
Pokémon Center Lady,270,277,49,0,0.03461538461538462,1.025925925925926,0.03475177304964539,0.0,1.003940110323089,Pokémon Center Lady,trainer,MEG,123,I,1,Supporter,20th;SAf;SAg;SD;SMK;SML;SP;SVP;XY2
Janine's Secret Art,269,316,58,0,0.034487179487179484,1.174721189591078,0.04113475177304964,0.0,1.192754884125603,Janine's Secret Art,trainer,PRE,112,H,0,Supporter,MC;SV6a;SV8a
Beldum [TEF 113],265,957,44,1,0.03397435897435897,3.611320754716981,0.031205673758865248,0.023809523809523808,0.9185066238458451,Beldum,pokemon,TEF,113,H,0,Basic,MC;SV5M;SV8a
Fan Rotom [ASC 171],265,343,30,0,0.03397435897435897,1.2943396226415094,0.02127659574468085,0.0,0.6262545162585308,Fan Rotom,pokemon,ASC,171,H,0,Basic,M2a;SV7;SV8a
Chi-Yu [TWM 39],265,266,49,1,0.03397435897435897,1.0037735849056604,0.03475177304964539,0.023809523809523808,1.0228823765556003,Chi-Yu,pokemon,TWM,39,H,0,Basic,SV5a
Nighttime Mine,263,557,39,1,0.03371794871794872,2.11787072243346,0.027659574468085105,0.023809523809523808,0.8203219804222959,Nighttime Mine,trainer,ASC,197,I,1,Stadium,M2a
Riolu [ASC 112],263,788,31,1,0.03371794871794872,2.9961977186311786,0.02198581560283688,0.023809523809523808,0.6520508049510557,Riolu,pokemon,MEG,76,I,1,Basic,M1L;M2a;MP
Grookey [TWM 14],261,896,55,2,0.03346153846153846,3.4329501915708813,0.03900709219858156,0.047619047619047616,1.165729192141518,Grookey,pokemon,TWM,14,H,0,Basic,SV6;SV8a
Banette [PBL 34],258,912,38,0,0.03307692307692308,3.5348837209302326,0.02695035460992908,0.0,0.8147781626257627,Banette,pokemon,PBL,34,J,1,Stage 1,M5
Shuppet [PBL 33],257,969,38,0,0.03294871794871795,3.7704280155642023,0.02695035460992908,0.0,0.8179485056709993,Shuppet,pokemon,PBL,33,J,1,Basic,M5
Bloodmoon Ursaluna ex [PRE 168],253,253,51,4,0.032435897435897434,1.0,0.036170212765957444,0.09523809523809523,1.1151290892271466,Bloodmoon Ursaluna ex,pokemon,TWM,141,H,0,"Basic,ex",MC;SV5a;SV8a;SVP
Dhelmise [MEP 84],253,951,37,0,0.032435897435897434,3.758893280632411,0.02624113475177305,0.0,0.8090152215961652,Dhelmise,pokemon,PBL,39,J,1,Basic,M5
Zeraora [DRI 78],250,250,58,2,0.03205128205128205,1.0,0.04113475177304964,0.047619047619047616,1.283404255319149,Zeraora,pokemon,DRI,78,I,1,Basic,M2a;SV9a
Poltchageist [PBL 5],246,843,35,0,0.031538461538461536,3.426829268292683,0.024822695035460994,0.0,0.7870610620999828,Poltchageist,pokemon,PBL,5,J,1,Basic,M5
Sinistcha [PBL 6],245,737,35,0,0.03141025641025641,3.0081632653061225,0.024822695035460994,0.0,0.790273556231003,Sinistcha,pokemon,PBL,6,J,1,Stage 1,M5
Briar,244,244,49,4,0.03128205128205128,1.0,0.03475177304964539,0.09523809523809523,1.1109173351935822,Briar,trainer,SCR,132,H,0,Supporter,MC;SV7;SV8a
Team Rocket's Energy,243,968,41,1,0.031153846153846153,3.983539094650206,0.029078014184397163,0.023809523809523808,0.9333683565362053,Team Rocket's Energy,energy,ASC,217,I,1,Special,M2a;MC;SV10
Dedenne [SSP 87],243,243,28,0,0.031153846153846153,1.0,0.019858156028368795,0.0,0.637422292268628,Dedenne,pokemon,SSP,87,H,0,Basic,SV8
Team Rocket's Giovanni,242,875,41,1,0.031025641025641027,3.615702479338843,0.029078014184397163,0.023809523809523808,0.9372252505714788,Team Rocket's Giovanni,trainer,ASC,204,I,1,Supporter,M2a;MC;SV10;SVP
Surfer,242,245,58,2,0.031025641025641027,1.012396694214876,0.04113475177304964,0.047619047619047616,1.3258308422718479,Surfer,trainer,ASC,200,H,0,Supporter,M2a;MC;SV7a
Team Rocket's Proton,242,819,41,1,0.031025641025641027,3.384297520661157,0.029078014184397163,0.023809523809523808,0.9372252505714788,Team Rocket's Proton,trainer,ASC,208,I,1,Supporter,M2a;MC;SV10
Team Rocket's Ariana,241,919,41,1,0.030897435897435897,3.8132780082987554,0.029078014184397163,0.023809523809523808,0.9411141520261322,Team Rocket's Ariana,trainer,ASC,202,I,1,Supporter,M2a;MC;SV10
Celebi [MEG 12],240,264,43,2,0.03076923076923077,1.1,0.03049645390070922,0.047619047619047616,0.9911347517730495,Celebi,pokemon,MEG,12,I,1,Basic,M1L
Snorunt [ASC 227],237,589,22,0,0.030384615384615385,2.4852320675105486,0.015602836879432624,0.0,0.5135110871712003,Snorunt,pokemon,ASC,46,I,1,Basic,M2a
Applin [PRE 9],236,511,29,0,0.030256410256410255,2.1652542372881354,0.02056737588652482,0.0,0.6797692030292102,Applin,pokemon,SCR,12,H,0,Basic,MC;SV7;SV8a
Annihilape [PBL 41],231,231,64,2,0.029615384615384616,1.0,0.04539007092198582,0.047619047619047616,1.5326517454177029,Annihilape,pokemon,PBL,41,J,1,Stage 2,M5
Hydrapple ex [PRE 11],227,456,42,2,0.029102564102564104,2.0088105726872247,0.029787234042553193,0.047619047619047616,1.0235261036648233,Hydrapple ex,pokemon,SCR,14,H,0,"Stage 2,ex",MC;SV7;SV8a
N's Darmanitan [ASC 33],223,241,27,0,0.028589743589743588,1.0807174887892377,0.019148936170212766,0.0,0.6697834176128232,N's Darmanitan,pokemon,ASC,33,I,1,Stage 1,M2a;MC;SV9
N's Darumaka [ASC 32],223,252,27,0,0.028589743589743588,1.1300448430493273,0.019148936170212766,0.0,0.6697834176128232,N's Darumaka,pokemon,ASC,32,I,1,Basic,M2a;MC;SV9
Makuhita [MEG 72],220,428,27,1,0.028205128205128206,1.9454545454545455,0.019148936170212766,0.023809523809523808,0.678916827852998,Makuhita,pokemon,MEG,72,I,1,Basic,M1L;MP
Hariyama [MEG 73],220,426,27,1,0.028205128205128206,1.9363636363636363,0.019148936170212766,0.023809523809523808,0.678916827852998,Hariyama,pokemon,MEG,73,I,1,Stage 1,M1L
Annihilape [SSP 100],214,214,35,2,0.027435897435897437,1.0,0.024822695035460994,0.047619047619047616,0.9047524358719428,Annihilape,pokemon,SSP,100,H,0,Stage 2,SV8
Tapu Bulu [SFA 6],213,213,41,2,0.027307692307692307,1.0,0.029078014184397163,0.047619047619047616,1.064828688442713,Tapu Bulu,pokemon,SFA,6,H,0,Basic,MC;SV6a
Team Rocket's Archer,211,674,38,1,0.02705128205128205,3.1943127962085307,0.02695035460992908,0.023809523809523808,0.9962690329736816,Team Rocket's Archer,trainer,ASC,201,I,1,Supporter,M2a;MC;SV10
Beldum [CRI 59],199,663,20,2,0.025512820512820514,3.3316582914572863,0.014184397163120567,0.047619047619047616,0.5559713460921629,Beldum,pokemon,CRI,59,J,1,Basic,M4
Precious Trolley,194,194,22,0,0.02487179487179487,1.0,0.015602836879432624,0.0,0.6273305549462601,Precious Trolley,trainer,SSP,185,H,0,"Item,ACE SPEC",MC;SVLN
Neo Upper Energy,181,181,23,0,0.023205128205128205,1.0,0.016312056737588652,0.0,0.7029505113435994,Neo Upper Energy,energy,TEF,162,H,0,"Special,ACE SPEC",SV5K
Prism Energy,172,463,25,1,0.02205128205128205,2.691860465116279,0.01773049645390071,0.023809523809523808,0.8040573973280555,Prism Energy,energy,ASC,216,I,1,Special,BW3p;BWP;M2a;MA;MC;SV11B
Chikorita [ASC 8],171,314,30,2,0.021923076923076924,1.8362573099415205,0.02127659574468085,0.047619047619047616,0.9705113848450914,Chikorita,pokemon,ASC,8,J,1,Basic,MC
Abra [TWM 80],168,259,33,2,0.021538461538461538,1.5416666666666667,0.023404255319148935,0.047619047619047616,1.0866261398176291,Abra,pokemon,TWM,80,H,0,Basic,SV6;SV8a
Chikorita [MEG 8],167,307,25,2,0.02141025641025641,1.8383233532934131,0.01773049645390071,0.047619047619047616,0.8281309720983565,Chikorita,pokemon,MEG,8,I,1,Basic,M1S;MP
Ruffian,164,165,33,0,0.021025641025641025,1.0060975609756098,0.023404255319148935,0.0,1.113129216398547,Ruffian,trainer,JTG,157,I,1,Supporter,SV9
Froslass [SVP 117],158,375,13,0,0.020256410256410257,2.3734177215189876,0.009219858156028368,0.0,0.4551575545381093,Froslass,pokemon,TWM,53,H,0,Stage 1,SV6;SV8a
Bianca's Devotion,158,159,36,0,0.020256410256410257,1.0063291139240507,0.02553191489361702,0.0,1.2604363048747642,Bianca's Devotion,trainer,TEF,142,H,0,Supporter,MC;SV5M;SV8a
Transformation Tome,155,597,16,0,0.01987179487179487,3.8516129032258064,0.011347517730496455,0.0,0.5710363761153054,Transformation Tome,trainer,CRI,83,J,1,Item,M4
Team Rocket's Murkrow [ASC 126],153,603,31,1,0.019615384615384614,3.9411764705882355,0.02198581560283688,0.023809523809523808,1.1208455013210958,Team Rocket's Murkrow,pokemon,ASC,126,I,1,Basic,M2a;MC;SV10
Toxtricity [MEP 17],151,352,22,0,0.019358974358974358,2.3311258278145695,0.015602836879432624,0.0,0.8059743553614204,Toxtricity,pokemon,PFL,68,I,1,Stage 1,M2
Toxel [MEP 78],151,358,22,0,0.019358974358974358,2.370860927152318,0.015602836879432624,0.0,0.8059743553614204,Toxel,pokemon,PFL,67,I,1,Basic,M2;MP
Team Rocket's Porygon [DRI 153],150,300,30,1,0.019230769230769232,2.0,0.02127659574468085,0.023809523809523808,1.106382978723404,Team Rocket's Porygon,pokemon,DRI,153,I,1,Basic,SV10
Team Rocket's Porygon2 [DRI 154],150,170,30,1,0.019230769230769232,1.1333333333333333,0.02127659574468085,0.023809523809523808,1.106382978723404,Team Rocket's Porygon2,pokemon,DRI,154,I,1,Stage 1,SV10
Miracle Headset,150,150,29,1,0.019230769230769232,1.0,0.02056737588652482,0.023809523809523808,1.0695035460992905,Miracle Headset,trainer,SSP,183,H,0,"Item,ACE SPEC",SV8
Team Rocket's Honchkrow [ASC 127],150,464,30,1,0.019230769230769232,3.0933333333333333,0.02127659574468085,0.023809523809523808,1.106382978723404,Team Rocket's Honchkrow,pokemon,ASC,127,I,1,Stage 1,M2a
Roto-Stick,148,535,29,1,0.018974358974358976,3.614864864864865,0.02056737588652482,0.023809523809523808,1.083956296722254,Roto-Stick,trainer,PRE,127,H,0,Item,SVP
Spiritomb [PBL 35],140,146,17,0,0.017948717948717947,1.042857142857143,0.012056737588652482,0.0,0.6717325227963526,Spiritomb,pokemon,PBL,35,J,1,Basic,M5
Applin [TWM 126],140,233,37,2,0.017948717948717947,1.6642857142857144,0.02624113475177305,0.047619047619047616,1.4620060790273557,Applin,pokemon,TWM,126,H,0,Basic,SV5a
Maximum Belt,138,138,10,0,0.01769230769230769,1.0,0.0070921985815602835,0.0,0.40086339808818994,Maximum Belt,trainer,TEF,154,H,0,"Pokémon Tool,ACE SPEC",MA;MC;SV5K;SV8a;SVN
Lillie's Pearl,138,171,27,1,0.01769230769230769,1.2391304347826086,0.019148936170212766,0.023809523809523808,1.0823311748381128,Lillie's Pearl,trainer,JTG,151,I,1,Pokémon Tool,MC;SV9
Explorer's Guidance,138,384,22,0,0.01769230769230769,2.782608695652174,0.015602836879432624,0.0,0.881899475794018,Explorer's Guidance,trainer,TEF,147,H,0,"Supporter,Ancient",MC;SV5K;SV8a
Bronzong [TEF 69],136,255,28,3,0.017435897435897435,1.875,0.019858156028368795,0.07142857142857142,1.1389236545682104,Bronzong,pokemon,TEF,69,H,0,Stage 1,SV5K
Mega Froslass ex [ASC 265],132,218,11,0,0.016923076923076923,1.6515151515151516,0.007801418439716312,0.0,0.46099290780141844,Mega Froslass ex,pokemon,ASC,47,I,1,"Stage 1,MEGA,ex",M2a
Flutter Mane [PRE 43],130,130,15,0,0.016666666666666666,1.0,0.010638297872340425,0.0,0.6382978723404256,Flutter Mane,pokemon,TEF,78,H,0,"Basic,Ancient",MC;SV5K;SV8a;SVP
Pikipek [PBL 66],129,274,10,0,0.01653846153846154,2.124031007751938,0.0070921985815602835,0.0,0.4288306119082962,Pikipek,pokemon,PBL,66,J,1,Basic,M5
Toucannon [PBL 68],129,262,10,0,0.01653846153846154,2.0310077519379846,0.0070921985815602835,0.0,0.4288306119082962,Toucannon,pokemon,PBL,68,J,1,Stage 2,M5
Elgyem [BLK 120],124,142,20,1,0.015897435897435898,1.1451612903225807,0.014184397163120567,0.023809523809523808,0.8922443376801646,Elgyem,pokemon,BLK,40,I,1,Basic,SV11B
Passimian [SSP 111],122,122,31,0,0.01564102564102564,1.0,0.02198581560283688,0.0,1.4056505057551447,Passimian,pokemon,SSP,111,H,0,Basic,MC;SV7a
Bronzor [TEF 170],122,230,27,3,0.01564102564102564,1.8852459016393444,0.019148936170212766,0.07142857142857142,1.2242762469480293,Bronzor,pokemon,TEF,68,H,0,Basic,SV5K
Mega Sharpedo ex [PFL 113],119,391,20,0,0.015256410256410256,3.2857142857142856,0.014184397163120567,0.0,0.929733595565886,Mega Sharpedo ex,pokemon,PFL,61,I,1,"Stage 1,MEGA,ex",M2
Carvanha [PFL 60],119,437,20,0,0.015256410256410256,3.672268907563025,0.014184397163120567,0.0,0.929733595565886,Carvanha,pokemon,PFL,60,I,1,Basic,M2
Colress's Tenacity,119,184,8,0,0.015256410256410256,1.546218487394958,0.005673758865248227,0.0,0.3718934382263544,Colress's Tenacity,trainer,SFA,57,H,0,Supporter,SV6a;SV8a
Energy Search,118,141,7,0,0.015128205128205128,1.194915254237288,0.004964539007092199,0.0,0.3281644428416877,Energy Search,trainer,POR,72,F/G/J,1,Item,BGS;BKc;BKt;BKv;KLD;MC;SAf;SAg;SAl;SAr;SAw;SD;SI;SN;SO;SVAL;SVAM;SVAW;SVD;SVM;SVP;WCS23
Energy Retrieval,118,159,13,0,0.015128205128205128,1.347457627118644,0.009219858156028368,0.0,0.6094482509917057,Energy Retrieval,trainer,SVI,171,F/G/I,1,Item,20th;BW1b;CP6;HS;HSP;KK;M4;MC;SAl;SB;SGI;SI;SM11a;SM1M;SM3p;SMA;SMD;SV11W;SVAW;SVD;SVI;SVM;WCS23;XYE;XYP
Mega Starmie ex [POR 102],115,238,9,0,0.014743589743589743,2.0695652173913044,0.006382978723404255,0.0,0.43293246993524515,Mega Starmie ex,pokemon,POR,21,J,1,"Stage 1,MEGA,ex",M3
Staryu [POR 20],115,283,9,0,0.014743589743589743,2.4608695652173913,0.006382978723404255,0.0,0.43293246993524515,Staryu,pokemon,POR,20,J,1,Basic,M3
Salvatore,112,138,12,2,0.014358974358974359,1.2321428571428572,0.00851063829787234,0.047619047619047616,0.5927051671732523,Salvatore,trainer,TEF,160,H,0,Supporter,MC;SV5M
Team Rocket's Mimikyu [ASC 238],111,186,14,0,0.01423076923076923,1.6756756756756757,0.009929078014184398,0.0,0.697718995591336,Team Rocket's Mimikyu,pokemon,ASC,97,I,1,Basic,M2a;MC;SV10
N's Purrloin [JTG 96],109,109,41,1,0.013974358974358975,1.0,0.029078014184397163,0.023809523809523808,2.0808120242045676,N's Purrloin,pokemon,JTG,96,I,1,Basic,MC;SV9
Empoleon ex [PFL 114],108,117,18,1,0.013846153846153847,1.0833333333333333,0.01276595744680851,0.023809523809523808,0.9219858156028368,Empoleon ex,pokemon,PFL,70,I,1,"Stage 2,ex",M2
Piplup [PFL 27],108,179,18,1,0.013846153846153847,1.6574074074074074,0.01276595744680851,0.023809523809523808,0.9219858156028368,Piplup,pokemon,PFL,27,I,1,Basic,M2
Cynthia's Roserade [DRI 184],106,342,20,0,0.01358974358974359,3.2264150943396226,0.014184397163120567,0.0,1.0437575270975512,Cynthia's Roserade,pokemon,DRI,8,I,1,Stage 1,M2a;MC;SV9a
Cynthia's Gabite [ASC 110],106,421,20,0,0.01358974358974359,3.9716981132075473,0.014184397163120567,0.0,1.0437575270975512,Cynthia's Gabite,pokemon,ASC,110,I,1,Stage 1,M2a;MC;SV9a
Cynthia's Garchomp ex [ASC 111],106,318,20,0,0.01358974358974359,3.0,0.014184397163120567,0.0,1.0437575270975512,Cynthia's Garchomp ex,pokemon,ASC,111,I,1,"Stage 2,ex",M2a;MC;SV9a;SVP
Cynthia's Gible [ASC 109],106,423,20,0,0.01358974358974359,3.990566037735849,0.014184397163120567,0.0,1.0437575270975512,Cynthia's Gible,pokemon,ASC,109,I,1,Basic,M2a;MC;SV9a
Cynthia's Power Weight,106,346,20,0,0.01358974358974359,3.2641509433962264,0.014184397163120567,0.0,1.0437575270975512,Cynthia's Power Weight,trainer,DRI,162,I,1,Pokémon Tool,M2a;MC;SV9a
Cynthia's Roselia [DRI 7],106,379,20,0,0.01358974358974359,3.5754716981132075,0.014184397163120567,0.0,1.0437575270975512,Cynthia's Roselia,pokemon,DRI,7,I,1,Basic,M2a;MC;SV9a
Koraidon ex [ASC 121],105,105,35,1,0.013461538461538462,1.0,0.024822695035460994,0.023809523809523808,1.8439716312056738,Koraidon ex,pokemon,ASC,121,J,1,"Basic,Tera,ex",MC
Spikemuth Gym,102,361,11,0,0.013076923076923076,3.5392156862745097,0.007801418439716312,0.0,0.5965790571547769,Spikemuth Gym,trainer,DRI,169,I,1,Stadium,SVOM
Marnie's Morgrem [DRI 135],102,248,11,0,0.013076923076923076,2.4313725490196076,0.007801418439716312,0.0,0.5965790571547769,Marnie's Morgrem,pokemon,DRI,135,I,1,Stage 1,SVOM
Marnie's Grimmsnarl ex [ASC 287],102,245,11,0,0.013076923076923076,2.4019607843137254,0.007801418439716312,0.0,0.5965790571547769,Marnie's Grimmsnarl ex,pokemon,DRI,136,I,1,"Stage 2,ex",M2a;SVOM
Marnie's Impidimp [DRI 134],102,357,11,0,0.013076923076923076,3.5,0.007801418439716312,0.0,0.5965790571547769,Marnie's Impidimp,pokemon,DRI,134,I,1,Basic,SVOM
Pecharunt [SVP 129],100,110,25,1,0.01282051282051282,1.1,0.01773049645390071,0.023809523809523808,1.3829787234042554,Pecharunt,pokemon,SVP,129,H,0,Basic,MC;SV8
Cynthia's Spiritomb [ASC 133],100,103,18,0,0.01282051282051282,1.03,0.01276595744680851,0.0,0.9957446808510638,Cynthia's Spiritomb,pokemon,ASC,133,I,1,Basic,M2a;SV9a
Strange Timepiece,99,248,24,2,0.012692307692307692,2.505050505050505,0.01702127659574468,0.047619047619047616,1.34107027724049,Strange Timepiece,trainer,MEG,128,I,1,Item,M1S;MC
Noctowl [PRE 78],97,175,15,2,0.012435897435897436,1.8041237113402062,0.010638297872340425,0.047619047619047616,0.8554507567449002,Noctowl,pokemon,SCR,115,H,0,Stage 1,M2a;MA;MC;SV7;SV8a;SVLS;SVN;SVP
Froakie [CRI 20],96,329,6,0,0.012307692307692308,3.4270833333333335,0.00425531914893617,0.0,0.34574468085106386,Froakie,pokemon,CRI,20,J,1,Basic,M4
Frogadier [CRI 21],94,196,5,0,0.012051282051282051,2.0851063829787235,0.0035460992907801418,0.0,0.29425079221367134,Frogadier,pokemon,CRI,21,J,1,Stage 1,M4
Surfing Beach,92,171,2,0,0.011794871794871795,1.858695652173913,0.0014184397163120568,0.0,0.12025901942645699,Surfing Beach,trainer,MEG,129,I,1,Stadium,M1S;M4
Unown [30C 72],92,93,23,0,0.011794871794871795,1.0108695652173914,0.016312056737588652,0.0,1.3829787234042552,Unown,pokemon,30C,72,J,1,Basic,M6a
Drapion [POR 52],91,92,22,0,0.011666666666666667,1.010989010989011,0.015602836879432624,0.0,1.337386018237082,Drapion,pokemon,POR,52,J,1,Stage 1,M3
Paldean Tauros [SSP 18],91,92,24,1,0.011666666666666667,1.010989010989011,0.01702127659574468,0.023809523809523808,1.458966565349544,Paldean Tauros,pokemon,SSP,18,H,0,Basic,MC;SV8
Team Rocket's Mewtwo ex [ASC 281],91,175,11,0,0.011666666666666667,1.9230769230769231,0.007801418439716312,0.0,0.668693009118541,Team Rocket's Mewtwo ex,pokemon,ASC,79,I,1,"Basic,ex",M2a;MC;MP;SV10
Team Rocket's Spidops [ASC 19],90,355,11,0,0.011538461538461539,3.9444444444444446,0.007801418439716312,0.0,0.6761229314420804,Team Rocket's Spidops,pokemon,ASC,19,I,1,Stage 1,M2a;SV10
Team Rocket's Tarountula [ASC 18],90,358,11,0,0.011538461538461539,3.977777777777778,0.007801418439716312,0.0,0.6761229314420804,Team Rocket's Tarountula,pokemon,ASC,18,I,1,Basic,M2a;SV10
Mega Signal,89,129,12,0,0.011410256410256411,1.449438202247191,0.00851063829787234,0.0,0.7458761654315085,Mega Signal,trainer,MEG,121,I,1,Item,M1S;M2a;MA;MBD;MBG;MP
Greninja ex [TWM 106],88,144,5,0,0.011282051282051283,1.6363636363636365,0.0035460992907801418,0.0,0.3143133462282398,Greninja ex,pokemon,TWM,106,H,0,"Stage 2,Tera,ex",SV5a
Alakazam [TWM 82],88,88,20,1,0.011282051282051283,1.0,0.014184397163120567,0.023809523809523808,1.2572533849129592,Alakazam,pokemon,TWM,82,H,0,Stage 2,SV6;SV8a
Smoochum [SSP 75],86,88,18,1,0.011025641025641025,1.0232558139534884,0.01276595744680851,0.023809523809523808,1.1578426521524,Smoochum,pokemon,SSP,75,H,0,Basic,SV7a
Brilliant Blender,86,86,7,0,0.011025641025641025,1.0,0.004964539007092199,0.0,0.45027214250371106,Brilliant Blender,trainer,SSP,164,H,0,"Item,ACE SPEC",SVLS
Cornerstone Mask Ogerpon ex [PRE 160],85,98,4,0,0.010897435897435897,1.1529411764705881,0.0028368794326241137,0.0,0.26032540675844806,Cornerstone Mask Ogerpon ex,pokemon,TWM,112,H,0,"Basic,Tera,ex",MC;SV6;SV8a
Trumbeak [PBL 67],84,114,5,0,0.010769230769230769,1.3571428571428572,0.0035460992907801418,0.0,0.3292806484295846,Trumbeak,pokemon,PBL,67,J,1,Stage 1,M5
Powerglass,84,105,12,1,0.010769230769230769,1.25,0.00851063829787234,0.023809523809523808,0.790273556231003,Powerglass,trainer,SFA,63,H,0,Pokémon Tool,MC;SV6a
Hoothoot [SCR 114],82,144,14,2,0.010512820512820513,1.7560975609756098,0.009929078014184398,0.047619047619047616,0.9444732745199793,Hoothoot,pokemon,SCR,114,H,0,Basic,M2a;MA;MC;SV7;SVLS;SVN
AZ's Tranquility,78,83,10,0,0.01,1.064102564102564,0.0070921985815602835,0.0,0.7092198581560283,AZ's Tranquility,trainer,CRI,76,J,1,Supporter,M4
Team Rocket's Kangaskhan ex [ASC 162],78,78,11,0,0.01,1.0,0.007801418439716312,0.0,0.7801418439716312,Team Rocket's Kangaskhan ex,pokemon,ASC,162,I,1,"Basic,ex",SVP
Bayleef [ASC 9],75,101,14,1,0.009615384615384616,1.3466666666666667,0.009929078014184398,0.023809523809523808,1.0326241134751772,Bayleef,pokemon,ASC,9,J,1,Stage 1,MC
Redeemable Ticket,71,73,2,0,0.009102564102564102,1.028169014084507,0.0014184397163120568,0.0,0.15582858855259218,Redeemable Ticket,trainer,JTG,156,I,1,Item,SV9
Riolu [PRE 50],71,194,8,0,0.009102564102564102,2.732394366197183,0.005673758865248227,0.0,0.6233143542103687,Riolu,pokemon,PRE,50,H,0,Basic,SVM
Bubbly Water Energy,70,122,9,0,0.008974358974358974,1.7428571428571429,0.006382978723404255,0.0,0.7112462006079028,Bubbly Water Energy,energy,CRI,84,J,1,Special,M4;M6
Mega Greninja ex [CRI 100],70,154,3,0,0.008974358974358974,2.2,0.002127659574468085,0.0,0.23708206686930094,Mega Greninja ex,pokemon,CRI,22,J,1,"Stage 2,MEGA,ex",M4
Punk Helmet,69,107,13,1,0.008846153846153846,1.5507246376811594,0.009219858156028368,0.023809523809523808,1.0422448350292939,Punk Helmet,trainer,PFL,92,I,1,Pokémon Tool,M2;MBG
Max Rod,69,69,2,0,0.008846153846153846,1.0,0.0014184397163120568,0.0,0.16034535923527599,Max Rod,trainer,PRE,116,H,0,"Item,ACE SPEC",SV8a
Pokémon Catcher,69,160,17,1,0.008846153846153846,2.318840579710145,0.012056737588652482,0.023809523809523808,1.362935553499846,Pokémon Catcher,trainer,POR,82,F/G/J,1,Item,20th;BGS;BKB;BKR;BKW;BKZ;BKc;BKt;BKv;BTV;BW1w;HXY;KK;M6;MC;MDB;MF;MGg;MGm;MMBp;MMBs;MP1;S3a;SAf;SAg;SAl;SAr;SAw;SB;SC2;SCd;SCr;SD;SH;SI;SM3p;SM5S;SM6;SM7;SM7a;SM8;SMA;SMC;SMD;SME;SMH;SMK;SML;SMP;SN;SV5a;SV9a;SVAM;SVAW;SVC;SVD;SVI;SVM;SVP;WAK;WCS23;X30;XYB;XYC;XYE;XYF;XYG;XYH;XYP;Y30
Carmine,65,163,8,0,0.008333333333333333,2.5076923076923077,0.005673758865248227,0.0,0.6808510638297873,Carmine,trainer,TWM,145,H,0,Supporter,MC;SV6;SV8a;SVN;SVP
N's Plan,64,79,15,1,0.008205128205128205,1.234375,0.010638297872340425,0.023809523809523808,1.2965425531914894,N's Plan,trainer,BLK,83,I,1,Supporter,MC;SV11B
Stunfisk [ASC 62],64,67,8,0,0.008205128205128205,1.046875,0.005673758865248227,0.0,0.6914893617021277,Stunfisk,pokemon,ASC,62,I,1,Basic,M2a
Grookey [MEP 52],64,178,18,0,0.008205128205128205,2.78125,0.01276595744680851,0.0,1.555851063829787,Grookey,pokemon,MEP,52,J,1,,
Dark Bell,63,99,10,0,0.008076923076923077,1.5714285714285714,0.0070921985815602835,0.0,0.8780817291455589,Dark Bell,trainer,PBL,75,J,1,Item,M5
Tera Orb,62,104,12,0,0.007948717948717949,1.6774193548387097,0.00851063829787234,0.0,1.0706932052161977,Tera Orb,trainer,SSP,189,H,0,Item,M2a;SV8a;SVLN;SVLS;SVN
Hand Trimmer,62,63,9,0,0.007948717948717949,1.0161290322580645,0.006382978723404255,0.0,0.8030199039121482,Hand Trimmer,trainer,TEF,150,H,0,Item,MC;SV5M
Hassel,60,102,8,0,0.007692307692307693,1.7,0.005673758865248227,0.0,0.7375886524822695,Hassel,trainer,TWM,151,H,0,Supporter,MC;SV6
Frillish [WHT 126],57,92,11,1,0.007307692307692308,1.6140350877192982,0.007801418439716312,0.023809523809523808,1.0675625233296007,Frillish,pokemon,WHT,44,I,1,Basic,SV11W
Buneary [MEG 107],56,102,6,0,0.0071794871794871795,1.8214285714285714,0.00425531914893617,0.0,0.5927051671732523,Buneary,pokemon,MEG,107,I,1,Basic,M1S;MC
Tarragon,54,73,4,0,0.006923076923076923,1.3518518518518519,0.0028368794326241137,0.0,0.40977147360126087,Tarragon,trainer,POR,85,J,1,Supporter,M3
Litwick [PBL 36],50,194,7,0,0.00641025641025641,3.88,0.004964539007092199,0.0,0.774468085106383,Litwick,pokemon,PBL,36,J,1,Basic,M5
Chi-Yu [PBL 59],50,53,5,0,0.00641025641025641,1.06,0.0035460992907801418,0.0,0.5531914893617021,Chi-Yu,pokemon,PBL,59,J,1,Basic,M5
Pawmot [PFL 34],50,50,21,0,0.00641025641025641,1.0,0.014893617021276596,0.0,2.323404255319149,Pawmot,pokemon,PFL,34,I,1,Stage 2,M2
Lampent [PBL 37],49,193,7,0,0.006282051282051282,3.938775510204082,0.004964539007092199,0.0,0.790273556231003,Lampent,pokemon,PBL,37,J,1,Stage 1,M5
Cofagrigus [SSP 83],49,49,17,0,0.006282051282051282,1.0,0.012056737588652482,0.0,1.9192357794181503,Cofagrigus,pokemon,SSP,83,H,0,Stage 1,MC;SV8
Chandelure [TWM 38],49,185,7,0,0.006282051282051282,3.7755102040816326,0.004964539007092199,0.0,0.790273556231003,Chandelure,pokemon,TWM,38,H,0,Stage 2,SV6
Ethan's Adventure,49,194,2,0,0.006282051282051282,3.9591836734693877,0.0014184397163120568,0.0,0.22579244463742945,Ethan's Adventure,trainer,DRI,165,I,1,Supporter,M2a;SV9a
Dusk Ball,48,140,12,0,0.006153846153846154,2.9166666666666665,0.00851063829787234,0.0,1.3829787234042554,Dusk Ball,trainer,SSP,175,H,0,Item,SV7a
Ethan's Typhlosion [DRI 190],48,153,2,0,0.006153846153846154,3.1875,0.0014184397163120568,0.0,0.23049645390070925,Ethan's Typhlosion,pokemon,DRI,34,I,1,Stage 2,SV9a
Ethan's Cyndaquil [DRI 32],48,192,2,0,0.006153846153846154,4.0,0.0014184397163120568,0.0,0.23049645390070925,Ethan's Cyndaquil,pokemon,DRI,32,I,1,Basic,SV9a
Mega Absol ex [MEG 161],48,67,5,0,0.006153846153846154,1.3958333333333333,0.0035460992907801418,0.0,0.5762411347517731,Mega Absol ex,pokemon,MEG,86,I,1,"Basic,MEGA,ex",M1L
Ethan's Quilava [DRI 33],48,189,2,0,0.006153846153846154,3.9375,0.0014184397163120568,0.0,0.23049645390070925,Ethan's Quilava,pokemon,DRI,33,I,1,Stage 1,SV9a
Rust Syndicate Grunt,47,61,7,0,0.006025641025641026,1.297872340425532,0.004964539007092199,0.0,0.8239022181982798,Rust Syndicate Grunt,trainer,PBL,81,J,1,Supporter,M5
Bulbasaur [MEG 1],47,102,3,0,0.006025641025641026,2.1702127659574466,0.002127659574468085,0.0,0.3531009506564056,Bulbasaur,pokemon,MEG,1,I,1,Basic,M1L
Victini [SSP 21],47,80,2,0,0.006025641025641026,1.702127659574468,0.0014184397163120568,0.0,0.2354006337709371,Victini,pokemon,SSP,21,H,0,Basic,SV8
Mega Chandelure ex [PBL 115],47,153,7,0,0.006025641025641026,3.25531914893617,0.004964539007092199,0.0,0.8239022181982798,Mega Chandelure ex,pokemon,PBL,38,J,1,"Stage 2,MEGA,ex",M5
Ivysaur [MEG 134],46,97,3,0,0.005897435897435898,2.108695652173913,0.002127659574468085,0.0,0.36077705827937095,Ivysaur,pokemon,MEG,2,I,1,Stage 1,M1L
Mega Venusaur ex [MEG 155],46,96,3,0,0.005897435897435898,2.0869565217391304,0.002127659574468085,0.0,0.36077705827937095,Mega Venusaur ex,pokemon,MEG,3,I,1,"Stage 2,MEGA,ex",M1L
Postwick,46,176,7,0,0.005897435897435898,3.8260869565217392,0.004964539007092199,0.0,0.8418131359851989,Postwick,trainer,JTG,154,I,1,Stadium,M2a;SV9
Hop's Snorlax [JTG 117],45,84,7,0,0.0057692307692307696,1.8666666666666667,0.004964539007092199,0.0,0.8605200945626478,Hop's Snorlax,pokemon,JTG,117,I,1,Basic,M2a;MC;SV9
Hop's Choice Band,45,179,7,0,0.0057692307692307696,3.977777777777778,0.004964539007092199,0.0,0.8605200945626478,Hop's Choice Band,trainer,JTG,148,I,1,Pokémon Tool,M2a;MC;SV9
Team Rocket's Sneasel [DRI 128],45,45,5,0,0.0057692307692307696,1.0,0.0035460992907801418,0.0,0.6146572104018913,Team Rocket's Sneasel,pokemon,DRI,128,I,1,Basic,M2a;MC;SV10
Hop's Bag,45,100,7,0,0.0057692307692307696,2.2222222222222223,0.004964539007092199,0.0,0.8605200945626478,Hop's Bag,trainer,JTG,147,I,1,Item,M2a;MC;SV9
Grand Tree,44,44,4,0,0.0056410256410256415,1.0,0.0028368794326241137,0.0,0.5029013539651838,Grand Tree,trainer,SCR,136,H,0,"Stadium,ACE SPEC",SV7
Hop's Trevenant [ASC 237],42,124,7,0,0.005384615384615384,2.9523809523809526,0.004964539007092199,0.0,0.921985815602837,Hop's Trevenant,pokemon,ASC,96,I,1,Stage 1,M2a
Sparkling Crystal,42,42,5,0,0.005384615384615384,1.0,0.0035460992907801418,0.0,0.6585612968591692,Sparkling Crystal,trainer,SCR,142,H,0,"Pokémon Tool,ACE SPEC",MC;SV7;SV8a
Hop's Phantump [ASC 95],42,162,7,0,0.005384615384615384,3.857142857142857,0.004964539007092199,0.0,0.921985815602837,Hop's Phantump,pokemon,ASC,95,I,1,Basic,M2a
Hop's Cramorant [ASC 177],42,49,7,0,0.005384615384615384,1.1666666666666667,0.004964539007092199,0.0,0.921985815602837,Hop's Cramorant,pokemon,ASC,177,I,1,Basic,M2a;MC;SV9
Scoop Up Cyclone,39,39,4,0,0.005,1.0,0.0028368794326241137,0.0,0.5673758865248227,Scoop Up Cyclone,trainer,TWM,162,H,0,"Item,ACE SPEC",BW9;MC;SV6;SV8a
Comfey [SCR 63],39,57,6,0,0.005,1.4615384615384615,0.00425531914893617,0.0,0.851063829787234,Comfey,pokemon,SCR,63,H,0,Basic,SV7
Arboliva ex [DRI 207],37,72,6,1,0.004743589743589744,1.945945945945946,0.00425531914893617,0.023809523809523808,0.8970672800460034,Arboliva ex,pokemon,DRI,23,I,1,"Stage 2,ex",MC;SV10
Beedrill ex [CRI 3],37,148,3,0,0.004743589743589744,4.0,0.002127659574468085,0.0,0.4485336400230017,Beedrill ex,pokemon,CRI,3,J,1,"Stage 2,ex",M4
Smoliv [DRI 21],37,73,6,1,0.004743589743589744,1.972972972972973,0.00425531914893617,0.023809523809523808,0.8970672800460034,Smoliv,pokemon,DRI,21,I,1,Basic,MC;SV10
Weedle [CRI 1],37,148,3,0,0.004743589743589744,4.0,0.002127659574468085,0.0,0.4485336400230017,Weedle,pokemon,CRI,1,J,1,Basic,M4
Kakuna [CRI 2],37,147,3,0,0.004743589743589744,3.972972972972973,0.002127659574468085,0.0,0.4485336400230017,Kakuna,pokemon,CRI,2,J,1,Stage 1,M4
Dolliv [DRI 22],37,72,6,1,0.004743589743589744,1.945945945945946,0.00425531914893617,0.023809523809523808,0.8970672800460034,Dolliv,pokemon,DRI,22,I,1,Stage 1,MC;SV10
Bouffalant [SCR 119],36,84,5,0,0.004615384615384616,2.3333333333333335,0.0035460992907801418,0.0,0.768321513002364,Bouffalant,pokemon,SCR,119,H,0,Basic,M2a;SV7;SV8a
Maractus [JTG 160],36,40,2,0,0.004615384615384616,1.1111111111111112,0.0014184397163120568,0.0,0.3073286052009456,Maractus,pokemon,JTG,8,I,1,Basic,SV9
Larry's Skill,35,68,7,0,0.004487179487179487,1.9428571428571428,0.004964539007092199,0.0,1.1063829787234043,Larry's Skill,trainer,PRE,115,H,0,Supporter,MC;SV8a
Morty's Conviction,35,45,5,0,0.004487179487179487,1.2857142857142858,0.0035460992907801418,0.0,0.790273556231003,Morty's Conviction,trainer,TEF,155,H,0,Supporter,MC;SV5K;SV8a;SVM
Philippe,35,41,1,0,0.004487179487179487,1.1714285714285715,0.0007092198581560284,0.0,0.15805471124620063,Philippe,trainer,CRI,79,J,1,Supporter,M4
Spectrier [ASC 98],34,34,3,0,0.004358974358974359,1.0,0.002127659574468085,0.0,0.48811013767209016,Spectrier,pokemon,ASC,98,I,1,Basic,M2a
Yveltal [30C 100],33,33,4,0,0.004230769230769231,1.0,0.0028368794326241137,0.0,0.670535138620245,Yveltal,pokemon,30C,100,J,1,Basic,M6a
Goldeen [PBL 13],32,32,6,0,0.0041025641025641026,1.0,0.00425531914893617,0.0,1.0372340425531914,Goldeen,pokemon,PBL,13,J,1,Basic,M5
Voltaic Lightning Energy,32,90,1,0,0.0041025641025641026,2.8125,0.0007092198581560284,0.0,0.17287234042553193,Voltaic Lightning Energy,energy,PBL,84,J,1,Special,M5
Regigigas [PRE 86],32,32,2,0,0.0041025641025641026,1.0,0.0014184397163120568,0.0,0.34574468085106386,Regigigas,pokemon,PRE,86,H,0,Basic,SV8a
Ceruledge ex [PRE 147],30,90,3,0,0.0038461538461538464,3.0,0.002127659574468085,0.0,0.5531914893617021,Ceruledge ex,pokemon,SSP,36,H,0,"Stage 1,Tera,ex",M2a;SV8a;SVLS
Clefairy [POR 30],30,36,6,0,0.0038461538461538464,1.2,0.00425531914893617,0.0,1.1063829787234043,Clefairy,pokemon,POR,30,J,1,Basic,M3
Community Center,30,30,6,0,0.0038461538461538464,1.0,0.00425531914893617,0.0,1.1063829787234043,Community Center,trainer,TWM,146,H,0,Stadium,SV5a
Hop's Dubwool [JTG 136],28,29,5,0,0.0035897435897435897,1.0357142857142858,0.0035460992907801418,0.0,0.9878419452887538,Hop's Dubwool,pokemon,JTG,136,I,1,Stage 1,M2a;SV9
Hop's Wooloo [JTG 135],28,29,5,0,0.0035897435897435897,1.0357142857142858,0.0035460992907801418,0.0,0.9878419452887538,Hop's Wooloo,pokemon,JTG,135,I,1,Basic,M2a;SV9
Brute Bonnet [TWM 118],28,31,2,0,0.0035897435897435897,1.1071428571428572,0.0014184397163120568,0.0,0.3951367781155015,Brute Bonnet,pokemon,TWM,118,H,0,"Basic,Ancient",MC;SV6
Mega Meganium ex [ASC 10],28,32,2,0,0.0035897435897435897,1.1428571428571428,0.0014184397163120568,0.0,0.3951367781155015,Mega Meganium ex,pokemon,ASC,10,J,1,"Stage 2,MEGA,ex",MC
Drilbur [TEF 85],27,29,3,0,0.0034615384615384616,1.0740740740740742,0.002127659574468085,0.0,0.6146572104018913,Drilbur,pokemon,TEF,85,H,0,Basic,SV5M;SV8a
Great Haul Net,26,32,1,0,0.0033333333333333335,1.2307692307692308,0.0007092198581560284,0.0,0.2127659574468085,Great Haul Net,trainer,CRI,78,J,1,Item,M4
Rellor [DRI 24],26,28,1,0,0.0033333333333333335,1.0769230769230769,0.0007092198581560284,0.0,0.2127659574468085,Rellor,pokemon,DRI,24,H,0,Basic,SV8
Slowpoke [PBL 29],24,61,3,0,0.003076923076923077,2.5416666666666665,0.002127659574468085,0.0,0.6914893617021277,Slowpoke,pokemon,PBL,29,J,1,Basic,M5
Greninja ex [30C 148],23,28,0,0,0.002948717948717949,1.2173913043478262,0.0,0.0,0.0,Greninja ex,pokemon,30C,21,J,1,"Stage 2,ex",M6a;MP
Charcadet [SSP 32],23,75,3,0,0.002948717948717949,3.260869565217391,0.002127659574468085,0.0,0.7215541165587419,Charcadet,pokemon,SSP,32,H,0,Basic,M2a;SVLS
Terapagos ex [ASC 179],22,23,5,0,0.0028205128205128207,1.0454545454545454,0.0035460992907801418,0.0,1.2572533849129592,Terapagos ex,pokemon,ASC,179,H,0,"Basic,Tera,ex",M2a;MC;SV7;SV8a
Blaziken [DRI 192],22,22,5,0,0.0028205128205128207,1.0,0.0035460992907801418,0.0,1.2572533849129592,Blaziken,pokemon,DRI,42,I,1,Stage 2,SV10
Mega Manectric ex [MEG 158],22,46,1,0,0.0028205128205128207,2.090909090909091,0.0007092198581560284,0.0,0.2514506769825919,Mega Manectric ex,pokemon,MEG,50,I,1,"Stage 1,MEGA,ex",M1S
Bouffalant [SSP 151],22,22,5,0,0.0028205128205128207,1.0,0.0035460992907801418,0.0,1.2572533849129592,Bouffalant,pokemon,SSP,151,H,0,Basic,SV8
Canari,22,57,1,0,0.0028205128205128207,2.590909090909091,0.0007092198581560284,0.0,0.2514506769825919,Canari,trainer,ASC,185,I,1,Supporter,M2a
Zoroark [WHT 143],22,22,5,0,0.0028205128205128207,1.0,0.0035460992907801418,0.0,1.2572533849129592,Zoroark,pokemon,WHT,62,I,1,Stage 1,MC;SV11W
Relicanth [TEF 173],21,21,3,0,0.002692307692307692,1.0,0.002127659574468085,0.0,0.790273556231003,Relicanth,pokemon,TEF,84,H,0,Basic,MP;SV5K;SV8a
Full Metal Lab,21,31,0,0,0.002692307692307692,1.4761904761904763,0.0,0.0,0.0,Full Metal Lab,trainer,TEF,148,H,0,Stadium,SV5M
Lisia's Appeal,20,22,1,0,0.002564102564102564,1.1,0.0007092198581560284,0.0,0.2765957446808511,Lisia's Appeal,trainer,SSP,179,H,0,Supporter,MC;SV7a
Bloodmoon Ursaluna [PRE 54],20,24,2,0,0.002564102564102564,1.2,0.0014184397163120568,0.0,0.5531914893617021,Bloodmoon Ursaluna,pokemon,PRE,54,H,0,Basic,MC;SV6a;SV8a
Tynamo [ASC 59],20,56,1,0,0.002564102564102564,2.8,0.0007092198581560284,0.0,0.2765957446808511,Tynamo,pokemon,ASC,59,I,1,Basic,M2a;MC;MP;SV11B
Iron Defender,20,24,1,0,0.002564102564102564,1.2,0.0007092198581560284,0.0,0.2765957446808511,Iron Defender,trainer,MEG,118,I,1,Item,M1L;M5;MC
Eelektrik [ASC 60],20,55,1,0,0.002564102564102564,2.75,0.0007092198581560284,0.0,0.2765957446808511,Eelektrik,pokemon,ASC,60,I,1,Stage 1,BW2;M2a;MC;MDB;SV11B
Magnetic Metal Energy,19,31,1,0,0.002435897435897436,1.631578947368421,0.0007092198581560284,0.0,0.29115341545352746,Magnetic Metal Energy,energy,CRI,85,J,1,Special,M4
Manectric [PBL 24],19,26,1,0,0.002435897435897436,1.368421052631579,0.0007092198581560284,0.0,0.29115341545352746,Manectric,pokemon,PBL,24,J,1,Stage 1,M5
Steven's Metang [DRI 144],19,32,2,0,0.002435897435897436,1.6842105263157894,0.0014184397163120568,0.0,0.5823068309070549,Steven's Metang,pokemon,DRI,144,I,1,Stage 1,SVOD
Steven's Beldum [DRI 143],19,52,2,0,0.002435897435897436,2.736842105263158,0.0014184397163120568,0.0,0.5823068309070549,Steven's Beldum,pokemon,DRI,143,I,1,Basic,SVOD
Steven's Metagross ex [ASC 289],19,48,2,0,0.002435897435897436,2.526315789473684,0.0014184397163120568,0.0,0.5823068309070549,Steven's Metagross ex,pokemon,DRI,145,I,1,"Stage 2,ex",M2a;SVOD
Mystery Garden,19,56,1,0,0.002435897435897436,2.9473684210526314,0.0007092198581560284,0.0,0.29115341545352746,Mystery Garden,trainer,MEG,122,I,1,Stadium,M1S;M2a;MBD
Counter Gain,18,22,1,0,0.002307692307692308,1.2222222222222223,0.0007092198581560284,0.0,0.3073286052009456,Counter Gain,trainer,ASC,186,H,0,Pokémon Tool,M2a;MA;MC;MP;SM12a;SM7a;SMN;SV7a;SVN
Togepi [ASC 80],18,21,1,0,0.002307692307692308,1.1666666666666667,0.0007092198581560284,0.0,0.3073286052009456,Togepi,pokemon,ASC,80,H,0,Basic,M2a;MC;SV8
Mega Slowbro ex [PBL 31],18,18,1,0,0.002307692307692308,1.0,0.0007092198581560284,0.0,0.3073286052009456,Mega Slowbro ex,pokemon,PBL,31,J,1,"Stage 1,MEGA,ex",MP
Togekiss [ASC 235],18,19,1,0,0.002307692307692308,1.0555555555555556,0.0007092198581560284,0.0,0.3073286052009456,Togekiss,pokemon,ASC,82,H,0,Stage 2,M2a;MC;SV8
Lively Stadium,18,28,2,0,0.002307692307692308,1.5555555555555556,0.0014184397163120568,0.0,0.6146572104018913,Lively Stadium,trainer,SSP,180,H,0,Stadium,SV8;SVP
Jellicent ex [WHT 160],18,22,7,0,0.002307692307692308,1.2222222222222223,0.004964539007092199,0.0,2.151300236406619,Jellicent ex,pokemon,WHT,45,I,1,"Stage 1,ex",SV11W
Team Rocket's Wobbuffet [DRI 82],17,18,2,0,0.0021794871794871794,1.0588235294117647,0.0014184397163120568,0.0,0.6508135168961202,Team Rocket's Wobbuffet,pokemon,DRI,82,I,1,Basic,SV10
Backtrack Badge,17,27,1,0,0.0021794871794871794,1.588235294117647,0.0007092198581560284,0.0,0.3254067584480601,Backtrack Badge,trainer,PBL,74,J,1,Pokémon Tool,M5
Gravity Gemstone,17,21,3,0,0.0021794871794871794,1.2352941176470589,0.002127659574468085,0.0,0.9762202753441803,Gravity Gemstone,trainer,SCR,137,H,0,Pokémon Tool,SV7
Naveen,17,32,2,0,0.0021794871794871794,1.8823529411764706,0.0014184397163120568,0.0,0.6508135168961202,Naveen,trainer,POR,79,J,1,Supporter,M3
Joltik [SCR 150],17,34,1,0,0.0021794871794871794,2.0,0.0007092198581560284,0.0,0.3254067584480601,Joltik,pokemon,SCR,50,H,0,Basic,MC;SV7
Pikachu ex [ASC 277],17,25,1,0,0.0021794871794871794,1.4705882352941178,0.0007092198581560284,0.0,0.3254067584480601,Pikachu ex,pokemon,ASC,57,H,0,"Basic,Tera,ex",M2a;SV8;SV8a
Okidogi [PRE 57],17,53,1,0,0.0021794871794871794,3.1176470588235294,0.0007092198581560284,0.0,0.3254067584480601,Okidogi,pokemon,TWM,111,H,0,Basic,MC;SV6;SV8a
Lucian,17,23,2,0,0.0021794871794871794,1.3529411764705883,0.0014184397163120568,0.0,0.6508135168961202,Lucian,trainer,TWM,157,H,0,Supporter,MC;SV5a;SVM
Lucario [30C 83],17,17,2,0,0.0021794871794871794,1.0,0.0014184397163120568,0.0,0.6508135168961202,Lucario,pokemon,30C,83,J,1,Stage 1,M6a;MP
Bronzor [PRE 66],17,30,2,0,0.0021794871794871794,1.7647058823529411,0.0014184397163120568,0.0,0.6508135168961202,Bronzor,pokemon,PRE,66,H,0,Basic,SVM
Fossil Quarry,17,44,0,0,0.0021794871794871794,2.588235294117647,0.0,0.0,0.0,Fossil Quarry,trainer,PBL,76,J,1,Stadium,M5
Electrike [PBL 23],16,32,0,0,0.0020512820512820513,2.0,0.0,0.0,0.0,Electrike,pokemon,PBL,23,J,1,Basic,M5
Electrike [MEG 49],16,37,1,0,0.0020512820512820513,2.3125,0.0007092198581560284,0.0,0.34574468085106386,Electrike,pokemon,MEG,49,I,1,Basic,M1S
Eevee [PRE 74],16,26,0,0,0.0020512820512820513,1.625,0.0,0.0,0.0,Eevee,pokemon,SSP,143,H,0,Basic,MC;SV8a;SVLN
Slowpoke [MEP 86],16,42,2,0,0.0020512820512820513,2.625,0.0014184397163120568,0.0,0.6914893617021277,Slowpoke,pokemon,MEP,86,J,1,,MP
Applin [DRI 16],16,17,1,0,0.0020512820512820513,1.0625,0.0007092198581560284,0.0,0.34574468085106386,Applin,pokemon,DRI,16,I,1,Basic,SV9a
Hop's Zacian ex [JTG 111],16,28,4,0,0.0020512820512820513,1.75,0.0028368794326241137,0.0,1.3829787234042554,Hop's Zacian ex,pokemon,JTG,111,I,1,"Basic,ex",M2a;MC;SV9
Mega Diancie ex [ASC 267],16,37,1,0,0.0020512820512820513,2.3125,0.0007092198581560284,0.0,0.34574468085106386,Mega Diancie ex,pokemon,PFL,41,I,1,"Basic,MEGA,ex",M2a;MBD
Barbaracle [MEP 65],16,35,1,0,0.0020512820512820513,2.1875,0.0007092198581560284,0.0,0.34574468085106386,Barbaracle,pokemon,POR,43,J,1,Stage 1,M3
Binacle [MEP 87],16,35,1,0,0.0020512820512820513,2.1875,0.0007092198581560284,0.0,0.34574468085106386,Binacle,pokemon,POR,42,J,1,Basic,M3;MP
Minccino [CRI 72],15,40,1,0,0.0019230769230769232,2.6666666666666665,0.0007092198581560284,0.0,0.36879432624113473,Minccino,pokemon,CRI,72,J,1,Basic,M4
Cinccino ex [CRI 105],15,36,1,0,0.0019230769230769232,2.4,0.0007092198581560284,0.0,0.36879432624113473,Cinccino ex,pokemon,CRI,73,J,1,"Stage 1,ex",M4
Galvantula [SFA 2],15,16,1,0,0.0019230769230769232,1.0666666666666667,0.0007092198581560284,0.0,0.36879432624113473,Galvantula,pokemon,SFA,2,H,0,Stage 1,MC;SV6a
Mega Eelektross ex [ASC 266],15,15,0,0,0.0019230769230769232,1.0,0.0,0.0,0.0,Mega Eelektross ex,pokemon,ASC,61,I,1,"Stage 2,MEGA,ex",M2a
Cinderace [MEG 28],15,48,0,0,0.0019230769230769232,3.2,0.0,0.0,0.0,Cinderace,pokemon,MEG,28,I,1,Stage 2,M1L
Mega Mawile ex [MEG 162],15,15,0,0,0.0019230769230769232,1.0,0.0,0.0,0.0,Mega Mawile ex,pokemon,MEG,94,I,1,"Basic,MEGA,ex",M1L
Harlequin,14,19,3,0,0.0017948717948717949,1.3571428571428572,0.002127659574468085,0.0,1.1854103343465046,Harlequin,trainer,WHT,83,I,1,Supporter,SV11W
Iono's Wattrel [ASC 231],14,30,0,0,0.0017948717948717949,2.142857142857143,0.0,0.0,0.0,Iono's Wattrel,pokemon,ASC,71,I,1,Basic,M2a;MC;SV9;SVP
Iono's Kilowattrel [ASC 72],14,29,0,0,0.0017948717948717949,2.0714285714285716,0.0,0.0,0.0,Iono's Kilowattrel,pokemon,ASC,72,I,1,Stage 1,M2a;MC;SV9
Blowtorch,14,16,1,0,0.0017948717948717949,1.1428571428571428,0.0007092198581560284,0.0,0.3951367781155015,Blowtorch,trainer,PFL,86,I,1,Item,M2
Honedge [POR 56],13,52,0,0,0.0016666666666666668,4.0,0.0,0.0,0.0,Honedge,pokemon,POR,56,J,1,Basic,M3
Jirachi ex [30C 102],13,13,4,0,0.0016666666666666668,1.0,0.0028368794326241137,0.0,1.702127659574468,Jirachi ex,pokemon,30C,102,J,1,"Basic,ex",M6a
Doublade [MEP 67],13,52,0,0,0.0016666666666666668,4.0,0.0,0.0,0.0,Doublade,pokemon,POR,57,J,1,Stage 1,M3
Genesect [PFL 8],13,13,1,0,0.0016666666666666668,1.0,0.0007092198581560284,0.0,0.425531914893617,Genesect,pokemon,PFL,8,I,1,Basic,M2
Acerola's Mischief,13,13,3,1,0.0016666666666666668,1.0,0.002127659574468085,0.023809523809523808,1.276595744680851,Acerola's Mischief,trainer,MEG,113,I,1,Supporter,M1S;M2a;MC
Aegislash [POR 58],13,51,0,0,0.0016666666666666668,3.923076923076923,0.0,0.0,0.0,Aegislash,pokemon,POR,58,J,1,Stage 2,M3
Charcadet [MEP 22],13,39,1,0,0.0016666666666666668,3.0,0.0007092198581560284,0.0,0.425531914893617,Charcadet,pokemon,PFL,19,I,1,Basic,M2
Sacred Charm,12,15,4,0,0.0015384615384615385,1.25,0.0028368794326241137,0.0,1.843971631205674,Sacred Charm,trainer,PFL,93,I,1,Pokémon Tool,M2
Totodile [TEF 39],12,17,0,0,0.0015384615384615385,1.4166666666666667,0.0,0.0,0.0,Totodile,pokemon,TEF,39,H,0,Basic,MC;SV5K;SV8a
Bastiodon [MEP 85],12,24,0,0,0.0015384615384615385,2.0,0.0,0.0,0.0,Bastiodon,pokemon,PBL,62,J,1,Stage 2,M5
Rillaboom [TWM 16],12,12,1,0,0.0015384615384615385,1.0,0.0007092198581560284,0.0,0.4609929078014185,Rillaboom,pokemon,TWM,16,H,0,Stage 2,SV6
Flareon ex [PRE 14],12,20,0,0,0.0015384615384615385,1.6666666666666667,0.0,0.0,0.0,Flareon ex,pokemon,PRE,14,H,0,"Stage 1,Tera,ex",MC;SV8a
Glalie [TWM 52],12,12,1,0,0.0015384615384615385,1.0,0.0007092198581560284,0.0,0.4609929078014185,Glalie,pokemon,TWM,52,H,0,Stage 1,MC;SV6;SVM
Chi-Yu [MEG 31],12,12,0,0,0.0015384615384615385,1.0,0.0,0.0,0.0,Chi-Yu,pokemon,MEG,31,I,1,Basic,M1S
Team Rocket's Porygon-Z [DRI 155],12,13,0,0,0.0015384615384615385,1.0833333333333333,0.0,0.0,0.0,Team Rocket's Porygon-Z,pokemon,DRI,155,I,1,Stage 2,SV10
Antique Armor Fossil,12,31,0,0,0.0015384615384615385,2.5833333333333335,0.0,0.0,0.0,Antique Armor Fossil,trainer,PBL,72,J,1,Item,M5
Mega Darkrai ex [MEP 90],12,27,1,0,0.0015384615384615385,2.25,0.0007092198581560284,0.0,0.4609929078014185,Mega Darkrai ex,pokemon,PBL,48,J,1,"Basic,MEGA,ex",M5
Super Potion,12,12,4,0,0.0015384615384615385,1.0,0.0028368794326241137,0.0,1.843971631205674,Super Potion,trainer,JTG,158,I,1,Item,CP6;MC;SV9;XY1y
Hoothoot [TEF 126],11,22,0,0,0.0014102564102564104,2.0,0.0,0.0,0.0,Hoothoot,pokemon,TEF,126,H,0,Basic,SV5K
Archaludon ex [SSP 130],11,31,1,0,0.0014102564102564104,2.8181818181818183,0.0007092198581560284,0.0,0.5029013539651838,Archaludon ex,pokemon,SSP,130,H,0,"Stage 1,ex",M2a;MC;SV7a
Duraludon [PRE 69],11,31,1,0,0.0014102564102564104,2.8181818181818183,0.0007092198581560284,0.0,0.5029013539651838,Duraludon,pokemon,SCR,106,H,0,Basic,M2a;MC;SV7;SV8a;SVM;SVP
Frogadier [TWM 57],11,12,0,0,0.0014102564102564104,1.0909090909090908,0.0,0.0,0.0,Frogadier,pokemon,TWM,57,H,0,Stage 1,SV5a
Shadowy Darkness Energy,11,19,1,0,0.0014102564102564104,1.7272727272727273,0.0007092198581560284,0.0,0.5029013539651838,Shadowy Darkness Energy,energy,PBL,83,J,1,Special,M5
Mr. Mime [TEF 63],11,11,3,0,0.0014102564102564104,1.0,0.002127659574468085,0.0,1.5087040618955512,Mr. Mime,pokemon,TEF,63,H,0,Basic,SV5M
Raging Bolt [SCR 111],11,12,1,0,0.0014102564102564104,1.0909090909090908,0.0007092198581560284,0.0,0.5029013539651838,Raging Bolt,pokemon,SCR,111,H,0,"Basic,Ancient",SV7
Levincia,10,20,0,0,0.001282051282051282,2.0,0.0,0.0,0.0,Levincia,trainer,JTG,150,I,1,Stadium,M2a;SV9;SV9a
Light Ball,10,12,0,0,0.001282051282051282,1.2,0.0,0.0,0.0,Light Ball,trainer,ASC,191,I,1,Pokémon Tool,M2a
Leafeon ex [PRE 144],10,11,0,0,0.001282051282051282,1.1,0.0,0.0,0.0,Leafeon ex,pokemon,PRE,6,H,0,"Stage 1,Tera,ex",MC;SV8a
Shieldon [PBL 61],10,15,0,0,0.001282051282051282,1.5,0.0,0.0,0.0,Shieldon,pokemon,PBL,61,J,1,Stage 1,M5
Espeon [30C 69],10,10,1,0,0.001282051282051282,1.0,0.0007092198581560284,0.0,0.5531914893617021,Espeon,pokemon,30C,69,J,1,Stage 1,M6a
Yanma [DRI 183],10,32,0,0,0.001282051282051282,3.2,0.0,0.0,0.0,Yanma,pokemon,DRI,2,I,1,Basic,M2a;MC;SV9a
Dipplin [SCR 13],10,12,1,0,0.001282051282051282,1.2,0.0007092198581560284,0.0,0.5531914893617021,Dipplin,pokemon,SCR,13,H,0,Stage 1,MC;SV7
Misty's Vitality,10,27,0,0,0.001282051282051282,2.7,0.0,0.0,0.0,Misty's Vitality,trainer,PBL,80,J,1,Supporter,M5
Neutralization Zone,10,10,0,0,0.001282051282051282,1.0,0.0,0.0,0.0,Neutralization Zone,trainer,SFA,60,H,0,"Stadium,ACE SPEC",SV6a;SV8a
Cofagrigus [WHT 123],10,11,0,0,0.001282051282051282,1.1,0.0,0.0,0.0,Cofagrigus,pokemon,WHT,40,I,1,Stage 1,MC;SV11W
Yanmega ex [DRI 206],10,27,0,0,0.001282051282051282,2.7,0.0,0.0,0.0,Yanmega ex,pokemon,DRI,3,I,1,"Stage 1,ex",M2a;MC;SV9a
Mega Zygarde ex [MEP 71],9,13,0,0,0.001153846153846154,1.4444444444444444,0.0,0.0,0.0,Mega Zygarde ex,pokemon,POR,47,J,1,"Basic,MEGA,ex",M3
Mega Audino ex [ASC 172],9,21,2,0,0.001153846153846154,2.3333333333333335,0.0014184397163120568,0.0,1.2293144208037825,Mega Audino ex,pokemon,ASC,172,J,1,"Basic,MEGA,ex",MC;MP
Heatran [TWM 123],9,13,1,0,0.001153846153846154,1.4444444444444444,0.0007092198581560284,0.0,0.6146572104018913,Heatran,pokemon,TWM,123,H,0,Basic,SV6
Froakie [TWM 56],9,12,0,0,0.001153846153846154,1.3333333333333333,0.0,0.0,0.0,Froakie,pokemon,TWM,56,H,0,Basic,SV5a
Dialga [MEG 95],9,10,1,0,0.001153846153846154,1.1111111111111112,0.0007092198581560284,0.0,0.6146572104018913,Dialga,pokemon,MEG,95,I,1,Basic,M1L;MC
Eevee ex [PRE 167],9,13,0,0,0.001153846153846154,1.4444444444444444,0.0,0.0,0.0,Eevee ex,pokemon,PRE,75,H,0,"Basic,Tera,ex",MC;SV8a
Jacinthe,9,17,0,0,0.001153846153846154,1.8888888888888888,0.0,0.0,0.0,Jacinthe,trainer,POR,75,J,1,Supporter,M3
Iris's Fighting Spirit,8,10,0,0,0.0010256410256410256,1.25,0.0,0.0,0.0,Iris's Fighting Spirit,trainer,ASC,190,I,1,Supporter,M2a;MBD;MBG;MC;MEZ;MF;MP1;SV9;SVP
Vivillon [POR 9],8,14,0,0,0.0010256410256410256,1.75,0.0,0.0,0.0,Vivillon,pokemon,POR,9,J,1,Stage 2,M3
Heavy Baton,8,11,0,0,0.0010256410256410256,1.375,0.0,0.0,0.0,Heavy Baton,trainer,TEF,151,H,0,Pokémon Tool,SV5M
Chikorita [MEP 46],8,16,3,0,0.0010256410256410256,2.0,0.002127659574468085,0.0,2.074468085106383,Chikorita,pokemon,MEP,46,J,1,,
Volcanion ex [JTG 171],8,8,1,0,0.0010256410256410256,1.0,0.0007092198581560284,0.0,0.6914893617021277,Volcanion ex,pokemon,JTG,31,I,1,"Basic,ex",MC;SV9
Core Memory,8,12,0,0,0.0010256410256410256,1.5,0.0,0.0,0.0,Core Memory,trainer,POR,70,J,1,Pokémon Tool,M3
Koraidon [SSP 116],8,8,1,0,0.0010256410256410256,1.0,0.0007092198581560284,0.0,0.6914893617021277,Koraidon,pokemon,SSP,116,H,0,"Basic,Ancient",SV8
Hoothoot [PRE 77],8,10,1,0,0.0010256410256410256,1.25,0.0007092198581560284,0.0,0.6914893617021277,Hoothoot,pokemon,PRE,77,H,0,Basic,SV8a
Mega Dragonite ex [ASC 152],7,16,0,0,0.0008974358974358974,2.2857142857142856,0.0,0.0,0.0,Mega Dragonite ex,pokemon,ASC,152,I,1,"Stage 2,MEGA,ex",M2a
Kofu,7,14,0,0,0.0008974358974358974,2.0,0.0,0.0,0.0,Kofu,trainer,SCR,138,H,0,Supporter,MC;SV7
Marnie's Morpeko [DRI 137],7,9,1,0,0.0008974358974358974,1.2857142857142858,0.0007092198581560284,0.0,0.790273556231003,Marnie's Morpeko,pokemon,DRI,137,I,1,Basic,SVOM
Sylveon [PRE 40],7,11,0,0,0.0008974358974358974,1.5714285714285714,0.0,0.0,0.0,Sylveon,pokemon,PRE,40,H,0,Stage 1,SVM
Ethan's Pichu [DRI 71],7,18,0,0,0.0008974358974358974,2.5714285714285716,0.0,0.0,0.0,Ethan's Pichu,pokemon,DRI,71,I,1,Basic,MC;SV9a
Seismitoad [30C 84],7,7,1,0,0.0008974358974358974,1.0,0.0007092198581560284,0.0,0.790273556231003,Seismitoad,pokemon,30C,84,J,1,Stage 2,M6a
Haban Berry,7,8,0,0,0.0008974358974358974,1.1428571428571428,0.0,0.0,0.0,Haban Berry,trainer,PRE,111,H,0,Pokémon Tool,MC;SV8a
Scramble Switch,7,7,0,0,0.0008974358974358974,1.0,0.0,0.0,0.0,Scramble Switch,trainer,SSP,186,H,0,"Item,ACE SPEC",BW7;MC
Hydreigon ex [SSP 119],7,16,0,0,0.0008974358974358974,2.2857142857142856,0.0,0.0,0.0,Hydreigon ex,pokemon,SSP,119,H,0,"Stage 2,Tera,ex",SV8
Kyogre [MEG 34],7,15,0,0,0.0008974358974358974,2.142857142857143,0.0,0.0,0.0,Kyogre,pokemon,MEG,34,I,1,Basic,M1S
Deino [SSP 117],6,17,0,0,0.0007692307692307692,2.8333333333333335,0.0,0.0,0.0,Deino,pokemon,SSP,117,H,0,Basic,SV8
Spewpa [POR 8],6,10,0,0,0.0007692307692307692,1.6666666666666667,0.0,0.0,0.0,Spewpa,pokemon,POR,8,J,1,Stage 1,M3
Sylveon ex [PRE 156],6,6,0,0,0.0007692307692307692,1.0,0.0,0.0,0.0,Sylveon ex,pokemon,SSP,86,H,0,"Stage 1,Tera,ex",MC;SV8a;SVLN
Dratini [ASC 150],6,15,0,0,0.0007692307692307692,2.5,0.0,0.0,0.0,Dratini,pokemon,ASC,150,I,1,Basic,M2a
Haxorus [BLK 147],6,6,1,0,0.0007692307692307692,1.0,0.0007092198581560284,0.0,0.921985815602837,Haxorus,pokemon,BLK,70,I,1,Stage 2,SV11B
Snover [MEG 140],6,21,0,0,0.0007692307692307692,3.5,0.0,0.0,0.0,Snover,pokemon,MEG,35,I,1,Basic,M1S
Scream Tail ex [TWM 197],6,6,1,0,0.0007692307692307692,1.0,0.0007092198581560284,0.0,0.921985815602837,Scream Tail ex,pokemon,TWM,94,H,0,"Basic,ex,Ancient",MC;SV5a
Ethan's Sudowoodo [DRI 93],6,6,0,0,0.0007692307692307692,1.0,0.0,0.0,0.0,Ethan's Sudowoodo,pokemon,DRI,93,I,1,Basic,SV9a
Mega Zeraora ex [MEP 89],6,15,0,0,0.0007692307692307692,2.5,0.0,0.0,0.0,Mega Zeraora ex,pokemon,PBL,27,J,1,"Basic,MEGA,ex",M5;MP
Survival Brace,6,6,3,0,0.0007692307692307692,1.0,0.002127659574468085,0.0,2.765957446808511,Survival Brace,trainer,TWM,164,H,0,"Pokémon Tool,ACE SPEC",SV5a
Payapa Berry,6,6,2,0,0.0007692307692307692,1.0,0.0014184397163120568,0.0,1.843971631205674,Payapa Berry,trainer,SCR,141,H,0,Pokémon Tool,MC;SV7
Lacey,6,9,0,0,0.0007692307692307692,1.5,0.0,0.0,0.0,Lacey,trainer,SCR,139,H,0,Supporter,MC;SV7;SV8a
Dragonair [ASC 151],6,13,0,0,0.0007692307692307692,2.1666666666666665,0.0,0.0,0.0,Dragonair,pokemon,ASC,151,I,1,Stage 1,M2a
Mega Abomasnow ex [MEG 157],6,20,0,0,0.0007692307692307692,3.3333333333333335,0.0,0.0,0.0,Mega Abomasnow ex,pokemon,MEG,36,I,1,"Stage 1,MEGA,ex",M1S
Accompanying Flute,6,10,0,0,0.0007692307692307692,1.6666666666666667,0.0,0.0,0.0,Accompanying Flute,trainer,TWM,142,H,0,Item,SV6
Zweilous [SSP 118],5,6,0,0,0.000641025641025641,1.2,0.0,0.0,0.0,Zweilous,pokemon,SSP,118,H,0,Stage 1,SV8
Clefable [ASC 75],5,7,0,0,0.000641025641025641,1.4,0.0,0.0,0.0,Clefable,pokemon,ASC,75,H,0,Stage 1,MC;SV6
Marill [ASC 232],5,12,0,0,0.000641025641025641,2.4,0.0,0.0,0.0,Marill,pokemon,ASC,83,J,1,Basic,MC
Seviper [PFL 62],5,5,0,0,0.000641025641025641,1.0,0.0,0.0,0.0,Seviper,pokemon,PFL,62,I,1,Basic,M2
Grimsley's Move,5,10,0,0,0.000641025641025641,2.0,0.0,0.0,0.0,Grimsley's Move,trainer,PFL,90,I,1,Supporter,M2
Repel,5,5,0,0,0.000641025641025641,1.0,0.0,0.0,0.0,Repel,trainer,MEG,126,I,1,Item,M1L;MC;SM1S;SMA
Black Kyurem ex [SSP 218],5,5,0,0,0.000641025641025641,1.0,0.0,0.0,0.0,Black Kyurem ex,pokemon,SSP,48,H,0,"Basic,ex",MC;SV7a
Espeon ex [PRE 155],5,6,0,0,0.000641025641025641,1.2,0.0,0.0,0.0,Espeon ex,pokemon,PRE,34,H,0,"Stage 1,Tera,ex",MC;SV8a
Armarouge [PBL 12],5,5,1,0,0.000641025641025641,1.0,0.0007092198581560284,0.0,1.1063829787234043,Armarouge,pokemon,PBL,12,J,1,Stage 1,M5
Azumarill [SSP 74],5,14,0,0,0.000641025641025641,2.8,0.0,0.0,0.0,Azumarill,pokemon,SSP,74,H,0,Stage 1,SVLN
Mega Gengar ex [ASC 125],5,7,0,0,0.000641025641025641,1.4,0.0,0.0,0.0,Mega Gengar ex,pokemon,PFL,56,I,1,"Stage 2,MEGA,ex",M2a;MBG
Torchic [JTG 22],5,7,0,0,0.000641025641025641,1.4,0.0,0.0,0.0,Torchic,pokemon,JTG,22,H,0,Basic,SVM
Energy Swatter,5,11,1,0,0.000641025641025641,2.2,0.0007092198581560284,0.0,1.1063829787234043,Energy Swatter,trainer,POR,73,J,1,Item,M3
Petilil [BLK 6],5,6,0,0,0.000641025641025641,1.2,0.0,0.0,0.0,Petilil,pokemon,BLK,6,I,1,Basic,SV11B
Jynx [PBL 32],4,7,0,0,0.0005128205128205128,1.75,0.0,0.0,0.0,Jynx,pokemon,PBL,32,J,1,Basic,M5
Lycanroc [JTG 166],4,13,0,0,0.0005128205128205128,3.25,0.0,0.0,0.0,Lycanroc,pokemon,JTG,85,I,1,Stage 1,SV9
Wailmer [PBL 15],4,15,0,0,0.0005128205128205128,3.75,0.0,0.0,0.0,Wailmer,pokemon,PBL,15,J,1,Basic,M5
Palafin [TWM 60],4,9,0,0,0.0005128205128205128,2.25,0.0,0.0,0.0,Palafin,pokemon,TWM,60,H,0,Stage 1,MC;SV6;SV8a
Dartrix [POR 11],4,12,0,0,0.0005128205128205128,3.0,0.0,0.0,0.0,Dartrix,pokemon,POR,11,J,1,Stage 1,M3
Palafin ex [PRE 151],4,10,0,0,0.0005128205128205128,2.5,0.0,0.0,0.0,Palafin ex,pokemon,TWM,61,H,0,"Stage 1,ex",MC;SV6;SV8a
Lumiose Galette,4,4,1,0,0.0005128205128205128,1.0,0.0007092198581560284,0.0,1.3829787234042554,Lumiose Galette,trainer,POR,78,J,1,Item,M3
Deluxe Bomb,4,4,0,0,0.0005128205128205128,1.0,0.0,0.0,0.0,Deluxe Bomb,trainer,SCR,134,H,0,"Pokémon Tool,ACE SPEC",MC;SV7
Decidueye ex [POR 100],4,12,0,0,0.0005128205128205128,3.0,0.0,0.0,0.0,Decidueye ex,pokemon,POR,12,J,1,"Stage 2,ex",M3
Finizen [TWM 59],4,13,0,0,0.0005128205128205128,3.25,0.0,0.0,0.0,Finizen,pokemon,TWM,59,H,0,Basic,MC;SV6;SV8a
Fennel,4,4,0,0,0.0005128205128205128,1.0,0.0,0.0,0.0,Fennel,trainer,BLK,82,I,1,Supporter,MC;SV11B
Drayton,4,10,0,0,0.0005128205128205128,2.5,0.0,0.0,0.0,Drayton,trainer,SSP,174,H,0,Supporter,MC;SV7a;SV8a;SVP
Lilligant [JTG 7],4,4,0,0,0.0005128205128205128,1.0,0.0,0.0,0.0,Lilligant,pokemon,JTG,7,H,0,Stage 1,SVM
Rockruff [JTG 84],4,12,0,0,0.0005128205128205128,3.0,0.0,0.0,0.0,Rockruff,pokemon,JTG,84,I,1,Basic,SV9
Furfrou [POR 67],4,4,0,0,0.0005128205128205128,1.0,0.0,0.0,0.0,Furfrou,pokemon,POR,67,J,1,Basic,M3
Scatterbug [SSP 5],4,6,0,0,0.0005128205128205128,1.5,0.0,0.0,0.0,Scatterbug,pokemon,SSP,5,H,0,Basic,SV8
Igglybuff [30C 120],4,16,0,0,0.0005128205128205128,4.0,0.0,0.0,0.0,Igglybuff,pokemon,30C,120,J,1,Basic,M6a
Iono's Bellibolt ex [ASC 279],4,11,0,0,0.0005128205128205128,2.75,0.0,0.0,0.0,Iono's Bellibolt ex,pokemon,ASC,70,I,1,"Stage 1,ex",M2a;MC;SV9
Scatterbug [POR 7],4,8,0,0,0.0005128205128205128,2.0,0.0,0.0,0.0,Scatterbug,pokemon,POR,7,J,1,Basic,M3
Iono's Tadbulb [ASC 69],4,11,0,0,0.0005128205128205128,2.75,0.0,0.0,0.0,Iono's Tadbulb,pokemon,ASC,69,I,1,Basic,M2a;MC;SV9;SVP
Reshiram [30C 14],4,4,1,0,0.0005128205128205128,1.0,0.0007092198581560284,0.0,1.3829787234042554,Reshiram,pokemon,30C,14,J,1,Basic,M6a
Wailord ex [PBL 16],4,12,0,0,0.0005128205128205128,3.0,0.0,0.0,0.0,Wailord ex,pokemon,PBL,16,J,1,"Stage 1,ex",M5
Walrein [SSP 45],4,4,0,0,0.0005128205128205128,1.0,0.0,0.0,0.0,Walrein,pokemon,SSP,45,H,0,Stage 2,MC;SV8
Riolu [SCR 81],4,7,0,0,0.0005128205128205128,1.75,0.0,0.0,0.0,Riolu,pokemon,SCR,81,H,0,Basic,MC;SVI
Megaton Blower,4,4,0,0,0.0005128205128205128,1.0,0.0,0.0,0.0,Megaton Blower,trainer,SSP,182,H,0,"Item,ACE SPEC",SV7a
Feraligatr [SVP 89],4,5,0,0,0.0005128205128205128,1.25,0.0,0.0,0.0,Feraligatr,pokemon,TEF,41,H,0,Stage 2,MC;SV5K;SV8a
Zekrom ex [BLK 158],4,4,0,0,0.0005128205128205128,1.0,0.0,0.0,0.0,Zekrom ex,pokemon,BLK,34,I,1,"Basic,ex",M2a;MC;SV11B
Yveltal ex [POR 105],4,4,0,0,0.0005128205128205128,1.0,0.0,0.0,0.0,Yveltal ex,pokemon,POR,53,J,1,"Basic,ex",M3
Avalugg [CRI 24],3,11,0,0,0.0003846153846153846,3.6666666666666665,0.0,0.0,0.0,Avalugg,pokemon,CRI,24,J,1,Stage 1,M4
Ralts [ASC 87],3,9,0,0,0.0003846153846153846,3.0,0.0,0.0,0.0,Ralts,pokemon,MEG,58,I,1,Basic,M1S;M2a;MP
Purrloin [WHT 136],3,3,1,0,0.0003846153846153846,1.0,0.0007092198581560284,0.0,1.843971631205674,Purrloin,pokemon,WHT,55,I,1,Basic,SV11W
Sinistcha ex [TWM 189],3,4,0,0,0.0003846153846153846,1.3333333333333333,0.0,0.0,0.0,Sinistcha ex,pokemon,TWM,23,H,0,"Stage 1,ex",MC;SV5a;SV8a
Hyper Aroma,3,3,0,0,0.0003846153846153846,1.0,0.0,0.0,0.0,Hyper Aroma,trainer,TWM,152,H,0,"Item,ACE SPEC",MC;SV5a
Tyrogue [MEG 71],3,6,0,0,0.0003846153846153846,2.0,0.0,0.0,0.0,Tyrogue,pokemon,MEG,71,I,1,Basic,M1L
Aromatisse [POR 36],3,5,0,0,0.0003846153846153846,1.6666666666666667,0.0,0.0,0.0,Aromatisse,pokemon,POR,36,J,1,Stage 1,M3
Aurorus [POR 24],3,6,0,0,0.0003846153846153846,2.0,0.0,0.0,0.0,Aurorus,pokemon,POR,24,J,1,Stage 2,M3
Kirlia [ASC 88],3,6,0,0,0.0003846153846153846,2.0,0.0,0.0,0.0,Kirlia,pokemon,MEG,59,I,1,Stage 1,M1S;M2a;MP
Eevee [TWM 135],3,8,0,0,0.0003846153846153846,2.6666666666666665,0.0,0.0,0.0,Eevee,pokemon,TWM,135,H,0,Basic,SV5a
Snorunt [TWM 51],3,7,0,0,0.0003846153846153846,2.3333333333333335,0.0,0.0,0.0,Snorunt,pokemon,TWM,51,H,0,Basic,MC;SV6;SV8a;SVM
Steven's Skarmory [DRI 142],3,3,0,0,0.0003846153846153846,1.0,0.0,0.0,0.0,Steven's Skarmory,pokemon,DRI,142,I,1,Basic,MC;SVOD
Dipplin [DRI 17],3,5,0,0,0.0003846153846153846,1.6666666666666667,0.0,0.0,0.0,Dipplin,pokemon,DRI,17,I,1,Stage 1,SV9a
Poké Ball,3,8,0,0,0.0003846153846153846,2.6666666666666665,0.0,0.0,0.0,Poké Ball,trainer,POR,80,F/G/J,1,Item,20th;HS;HSP;HSZ;HXY;MC;SI;SMA;SMD;SN;SP;SVI;SVM;SVP;WAK
Magneton [SSP 59],3,6,0,0,0.0003846153846153846,2.0,0.0,0.0,0.0,Magneton,pokemon,SSP,59,H,0,Stage 1,M2a;MC;SV8
Misty's Staryu [DRI 46],3,7,0,0,0.0003846153846153846,2.3333333333333335,0.0,0.0,0.0,Misty's Staryu,pokemon,DRI,46,I,1,Basic,MC;SV9a
Amulet of Hope,3,3,0,0,0.0003846153846153846,1.0,0.0,0.0,0.0,Amulet of Hope,trainer,SSP,162,H,0,"Pokémon Tool,ACE SPEC",SV8
Ceruledge [SSP 197],3,3,0,0,0.0003846153846153846,1.0,0.0,0.0,0.0,Ceruledge,pokemon,SSP,35,H,0,Stage 1,SV8
Boxed Order,3,3,0,0,0.0003846153846153846,1.0,0.0,0.0,0.0,Boxed Order,trainer,TEF,143,H,0,Item,SV5K
Clemont's Quick Wit,3,3,0,0,0.0003846153846153846,1.0,0.0,0.0,0.0,Clemont's Quick Wit,trainer,SSP,167,H,0,Supporter,MC;SV8
Magnemite [MEG 45],3,6,0,0,0.0003846153846153846,2.0,0.0,0.0,0.0,Magnemite,pokemon,MEG,45,I,1,Basic,M1S
Iron Boulder [PRE 46],3,5,0,0,0.0003846153846153846,1.6666666666666667,0.0,0.0,0.0,Iron Boulder,pokemon,SCR,71,H,0,"Basic,Future",MC;SV7;SV8a
Okidogi [ASC 122],3,3,0,0,0.0003846153846153846,1.0,0.0,0.0,0.0,Okidogi,pokemon,ASC,122,I,1,Basic,M2a
Dangerous Laser,3,3,0,0,0.0003846153846153846,1.0,0.0,0.0,0.0,Dangerous Laser,trainer,SFA,58,H,0,"Item,ACE SPEC",MC;SV6a
Iono's Voltorb [JTG 47],3,7,0,0,0.0003846153846153846,2.3333333333333335,0.0,0.0,0.0,Iono's Voltorb,pokemon,JTG,47,I,1,Basic,MC;SV9
Antique Sail Fossil,3,6,0,0,0.0003846153846153846,2.0,0.0,0.0,0.0,Antique Sail Fossil,trainer,POR,69,J,1,Item,M3
Mega Heracross ex [PFL 108],3,4,0,0,0.0003846153846153846,1.3333333333333333,0.0,0.0,0.0,Mega Heracross ex,pokemon,PFL,4,I,1,"Basic,MEGA,ex",M2
Mega Gardevoir ex [ASC 89],3,6,0,0,0.0003846153846153846,2.0,0.0,0.0,0.0,Mega Gardevoir ex,pokemon,MEG,60,I,1,"Stage 2,MEGA,ex",M1S;M2a
Bergmite [CRI 23],3,11,0,0,0.0003846153846153846,3.6666666666666665,0.0,0.0,0.0,Bergmite,pokemon,CRI,23,J,1,Basic,M4
Shuckle [MEG 11],3,4,0,0,0.0003846153846153846,1.3333333333333333,0.0,0.0,0.0,Shuckle,pokemon,MEG,11,I,1,Basic,M1S;MC
Gengar ex [30C 154],3,7,0,0,0.0003846153846153846,2.3333333333333335,0.0,0.0,0.0,Gengar ex,pokemon,30C,90,J,1,"Stage 2,ex",M6a
Galvantula ex [SCR 159],3,3,0,0,0.0003846153846153846,1.0,0.0,0.0,0.0,Galvantula ex,pokemon,SCR,51,H,0,"Stage 1,Tera,ex",MC;SV7
Skrelp [CRI 58],3,7,0,0,0.0003846153846153846,2.3333333333333335,0.0,0.0,0.0,Skrelp,pokemon,CRI,58,J,1,Basic,M4
Sinistcha [TWM 22],3,9,0,0,0.0003846153846153846,3.0,0.0,0.0,0.0,Sinistcha,pokemon,TWM,22,H,0,Stage 1,SV6;SV8a
N's Vanilluxe [ASC 51],3,3,0,0,0.0003846153846153846,1.0,0.0,0.0,0.0,N's Vanilluxe,pokemon,ASC,51,I,1,Stage 2,M2a
Combusken [JTG 23],3,3,0,0,0.0003846153846153846,1.0,0.0,0.0,0.0,Combusken,pokemon,JTG,23,H,0,Stage 1,SVM
Palafin [TEF 49],3,4,0,0,0.0003846153846153846,1.3333333333333333,0.0,0.0,0.0,Palafin,pokemon,TEF,49,H,0,Stage 1,SV5K
Deoxys [CRI 32],3,3,1,0,0.0003846153846153846,1.0,0.0007092198581560284,0.0,1.843971631205674,Deoxys,pokemon,CRI,32,J,1,Basic,M4
Fezandipiti [PRE 45],3,4,0,0,0.0003846153846153846,1.3333333333333333,0.0,0.0,0.0,Fezandipiti,pokemon,TWM,96,H,0,Basic,MC;SV6;SV8a
Archaludon [PFL 75],3,3,0,0,0.0003846153846153846,1.0,0.0,0.0,0.0,Archaludon,pokemon,PFL,75,I,1,Stage 1,M2
Spritzee [POR 35],3,6,0,0,0.0003846153846153846,2.0,0.0,0.0,0.0,Spritzee,pokemon,POR,35,J,1,Basic,M3;MP
Mega Dragalge ex [CRI 104],3,6,0,0,0.0003846153846153846,2.0,0.0,0.0,0.0,Mega Dragalge ex,pokemon,CRI,65,J,1,"Stage 1,MEGA,ex",M4
Iron Thorns ex [PRE 32],3,4,0,0,0.0003846153846153846,1.3333333333333333,0.0,0.0,0.0,Iron Thorns ex,pokemon,TWM,77,H,0,"Basic,ex,Future",MC;SV5a;SV8a
Perrin,3,4,0,0,0.0003846153846153846,1.3333333333333333,0.0,0.0,0.0,Perrin,trainer,TWM,160,H,0,Supporter,MC;SV5a
Antique Cover Fossil,2,8,0,0,0.0002564102564102564,4.0,0.0,0.0,0.0,Antique Cover Fossil,trainer,SCR,129,H,0,Item,SV11B;SV7
Zorua [WHT 142],2,2,0,0,0.0002564102564102564,1.0,0.0,0.0,0.0,Zorua,pokemon,WHT,61,I,1,Basic,MC;SV11W
Antique Jaw Fossil,2,8,0,0,0.0002564102564102564,4.0,0.0,0.0,0.0,Antique Jaw Fossil,trainer,POR,68,J,1,Item,M3
Ting-Lu [TWM 110],2,2,0,0,0.0002564102564102564,1.0,0.0,0.0,0.0,Ting-Lu,pokemon,TWM,110,H,0,Basic,SV5a
Alolan Exeggutor [30C 129],2,3,1,0,0.0002564102564102564,1.5,0.0007092198581560284,0.0,2.765957446808511,Alolan Exeggutor,pokemon,30C,2,J,1,Stage 1,M6a;MP
Alolan Exeggutor ex [SSP 133],2,6,0,0,0.0002564102564102564,3.0,0.0,0.0,0.0,Alolan Exeggutor ex,pokemon,SSP,133,H,0,"Stage 1,Tera,ex",MC;SV7a;SVP
Mega Camerupt ex [MEG 156],2,5,0,0,0.0002564102564102564,2.5,0.0,0.0,0.0,Mega Camerupt ex,pokemon,MEG,22,I,1,"Stage 1,MEGA,ex",M1L
Amaura [POR 23],2,2,0,0,0.0002564102564102564,1.0,0.0,0.0,0.0,Amaura,pokemon,POR,23,J,1,Stage 1,M3
Technical Machine: Fluorite,2,3,0,0,0.0002564102564102564,1.5,0.0,0.0,0.0,Technical Machine: Fluorite,trainer,SSP,188,H,0,Pokémon Tool,SV8
Togetic [ASC 81],2,2,0,0,0.0002564102564102564,1.0,0.0,0.0,0.0,Togetic,pokemon,ASC,81,H,0,Stage 1,M2a;MC;SV8
Tirtouga [BLK 106],2,5,0,0,0.0002564102564102564,2.5,0.0,0.0,0.0,Tirtouga,pokemon,BLK,22,I,1,Stage 1,SV11B
Charcadet [PBL 11],2,3,0,0,0.0002564102564102564,1.5,0.0,0.0,0.0,Charcadet,pokemon,PBL,11,J,1,Basic,M5
Munkidori ex [SFA 37],2,5,0,0,0.0002564102564102564,2.5,0.0,0.0,0.0,Munkidori ex,pokemon,SFA,37,H,0,"Basic,ex",SV6a;SV8a
Misty's Starmie [DRI 47],2,6,0,0,0.0002564102564102564,3.0,0.0,0.0,0.0,Misty's Starmie,pokemon,DRI,47,I,1,Stage 1,MC;SV9a
Misty's Psyduck [DRI 193],2,8,0,0,0.0002564102564102564,4.0,0.0,0.0,0.0,Misty's Psyduck,pokemon,DRI,45,I,1,Basic,SV9a
Misty's Magikarp [DRI 48],2,8,0,0,0.0002564102564102564,4.0,0.0,0.0,0.0,Misty's Magikarp,pokemon,DRI,48,I,1,Basic,MC;SV9a
Misty's Lapras [DRI 194],2,7,0,0,0.0002564102564102564,3.5,0.0,0.0,0.0,Misty's Lapras,pokemon,DRI,50,I,1,Basic,MC;SV9a
Mega Charizard X ex [MEP 23],2,4,0,0,0.0002564102564102564,2.0,0.0,0.0,0.0,Mega Charizard X ex,pokemon,PFL,13,I,1,"Stage 2,MEGA,ex",M2;M2a
Mega Charizard Y ex [ASC 22],2,2,0,0,0.0002564102564102564,1.0,0.0,0.0,0.0,Mega Charizard Y ex,pokemon,ASC,22,J,1,"Stage 2,MEGA,ex",MC
Mega Clefable ex [MEP 72],2,4,0,0,0.0002564102564102564,2.0,0.0,0.0,0.0,Mega Clefable ex,pokemon,POR,31,J,1,"Stage 1,MEGA,ex",M3
Charmander [PFL 11],2,6,0,0,0.0002564102564102564,3.0,0.0,0.0,0.0,Charmander,pokemon,PFL,11,I,1,Basic,M2
Charmeleon [MEP 79],2,4,0,0,0.0002564102564102564,2.0,0.0,0.0,0.0,Charmeleon,pokemon,PFL,12,I,1,Stage 1,M2;MP
Exeggcute [SSP 1],2,8,0,0,0.0002564102564102564,4.0,0.0,0.0,0.0,Exeggcute,pokemon,SSP,1,H,0,Basic,MC;SV7a
Erika's Oddish [ASC 1],2,5,0,0,0.0002564102564102564,2.5,0.0,0.0,0.0,Erika's Oddish,pokemon,ASC,1,J,1,Basic,MC
Erika's Vileplume ex [ASC 3],2,5,0,0,0.0002564102564102564,2.5,0.0,0.0,0.0,Erika's Vileplume ex,pokemon,ASC,3,J,1,"Stage 2,ex",MC
Firebreather,2,2,0,0,0.0002564102564102564,1.0,0.0,0.0,0.0,Firebreather,trainer,PFL,89,I,1,Supporter,M2
Emma,2,3,0,0,0.0002564102564102564,1.5,0.0,0.0,0.0,Emma,trainer,CRI,77,J,1,Supporter,M4
Milotic ex [SSP 217],2,3,0,0,0.0002564102564102564,1.5,0.0,0.0,0.0,Milotic ex,pokemon,SSP,42,H,0,"Stage 1,ex",MC;SV8
Oricorio ex [MEP 24],2,4,0,0,0.0002564102564102564,2.0,0.0,0.0,0.0,Oricorio ex,pokemon,PFL,18,I,1,"Basic,ex",M2
Croconaw [TEF 40],2,4,0,0,0.0002564102564102564,2.0,0.0,0.0,0.0,Croconaw,pokemon,TEF,40,H,0,Stage 1,MC;SV5K;SV8a
Cramorant [TWM 176],2,2,0,0,0.0002564102564102564,1.0,0.0,0.0,0.0,Cramorant,pokemon,TWM,58,H,0,Basic,MC;SV5a
Duraludon [PFL 74],2,5,0,0,0.0002564102564102564,2.5,0.0,0.0,0.0,Duraludon,pokemon,PFL,74,I,1,Basic,M2
Tauros [CRI 69],2,8,0,0,0.0002564102564102564,4.0,0.0,0.0,0.0,Tauros,pokemon,CRI,69,J,1,Basic,M4
Team Rocket's Arbok [DRI 113],2,4,0,0,0.0002564102564102564,2.0,0.0,0.0,0.0,Team Rocket's Arbok,pokemon,DRI,113,I,1,Stage 1,SV10
Team Rocket's Chingling [DRI 85],2,2,0,0,0.0002564102564102564,1.0,0.0,0.0,0.0,Team Rocket's Chingling,pokemon,DRI,85,I,1,Basic,SV10
Cubchoo [BLK 109],2,2,0,0,0.0002564102564102564,1.0,0.0,0.0,0.0,Cubchoo,pokemon,BLK,25,I,1,Basic,SV11B
Misty's Gyarados [DRI 49],2,7,0,0,0.0002564102564102564,3.5,0.0,0.0,0.0,Misty's Gyarados,pokemon,DRI,49,I,1,Stage 1,MC;SV9a
Okidogi ex [SFA 36],2,2,0,0,0.0002564102564102564,1.0,0.0,0.0,0.0,Okidogi ex,pokemon,SFA,36,H,0,"Basic,ex",MC;SV6a;SV8a
Paldean Tauros [PFL 48],2,8,0,0,0.0002564102564102564,4.0,0.0,0.0,0.0,Paldean Tauros,pokemon,PFL,48,I,1,Basic,M2
Numel [ASC 223],2,5,0,0,0.0002564102564102564,2.5,0.0,0.0,0.0,Numel,pokemon,ASC,27,I,1,Basic,M2a
N's Sigilyph [JTG 64],2,2,0,0,0.0002564102564102564,1.0,0.0,0.0,0.0,N's Sigilyph,pokemon,JTG,64,I,1,Basic,SV9
Ninetales [CRI 9],2,3,0,0,0.0002564102564102564,1.5,0.0,0.0,0.0,Ninetales,pokemon,CRI,9,J,1,Stage 1,M4
Larvesta [SSP 196],2,4,0,0,0.0002564102564102564,2.0,0.0,0.0,0.0,Larvesta,pokemon,SSP,24,H,0,Basic,MC;SV8
Dialga [SSP 135],2,4,0,0,0.0002564102564102564,2.0,0.0,0.0,0.0,Dialga,pokemon,SSP,135,H,0,Basic,SV7a
Team Rocket's Ekans [DRI 112],2,4,0,0,0.0002564102564102564,2.0,0.0,0.0,0.0,Team Rocket's Ekans,pokemon,DRI,112,I,1,Basic,SV10
Feebas [SSP 198],2,3,0,0,0.0002564102564102564,1.5,0.0,0.0,0.0,Feebas,pokemon,SSP,41,H,0,Basic,MC;SV8
Phantump [CRI 38],2,6,0,0,0.0002564102564102564,3.0,0.0,0.0,0.0,Phantump,pokemon,CRI,38,J,1,Basic,M4
Jolteon ex [PRE 153],2,2,0,0,0.0002564102564102564,1.0,0.0,0.0,0.0,Jolteon ex,pokemon,PRE,30,H,0,"Stage 1,Tera,ex",MC;SV8a
Perilous Jungle,2,3,0,0,0.0002564102564102564,1.5,0.0,0.0,0.0,Perilous Jungle,trainer,TEF,156,H,0,Stadium,SV5K
Koraidon [PBL 47],2,3,0,0,0.0002564102564102564,1.5,0.0,0.0,0.0,Koraidon,pokemon,PBL,47,J,1,Basic,M5
Eevee [SFA 50],2,2,0,0,0.0002564102564102564,1.0,0.0,0.0,0.0,Eevee,pokemon,SFA,50,H,0,Basic,SV6a;SVP
Diancie [SCR 86],2,2,0,0,0.0002564102564102564,1.0,0.0,0.0,0.0,Diancie,pokemon,SCR,86,H,0,Basic,SV7
Erika's Gloom [ASC 2],2,5,0,0,0.0002564102564102564,2.5,0.0,0.0,0.0,Erika's Gloom,pokemon,ASC,2,J,1,Stage 1,MC
Deduction Kit,2,3,0,0,0.0002564102564102564,1.5,0.0,0.0,0.0,Deduction Kit,trainer,SSP,171,H,0,Item,MC;SV8
Erika's Tangela [ASC 218],2,4,0,0,0.0002564102564102564,2.0,0.0,0.0,0.0,Erika's Tangela,pokemon,ASC,7,J,1,Basic,MC
Gastly [POR 48],2,3,0,0,0.0002564102564102564,1.5,0.0,0.0,0.0,Gastly,pokemon,POR,48,J,1,Basic,M3
Rowlet [SFA 3],2,6,0,0,0.0002564102564102564,3.0,0.0,0.0,0.0,Rowlet,pokemon,SFA,3,H,0,Basic,SV6a
Scolipede [TWM 117],2,2,0,0,0.0002564102564102564,1.0,0.0,0.0,0.0,Scolipede,pokemon,TWM,117,H,0,Stage 2,MC;SV6
Scream Tail [TEF 77],2,2,0,0,0.0002564102564102564,1.0,0.0,0.0,0.0,Scream Tail,pokemon,TEF,77,H,0,"Basic,Ancient",MC;SVHK
Haunter [ASC 124],2,5,0,0,0.0002564102564102564,2.5,0.0,0.0,0.0,Haunter,pokemon,PFL,55,I,1,Stage 1,MBG;MC
Uxie [SSP 78],2,3,0,0,0.0002564102564102564,1.5,0.0,0.0,0.0,Uxie,pokemon,SSP,78,H,0,Basic,MC;SV8
Gastly [ASC 123],2,8,0,0,0.0002564102564102564,4.0,0.0,0.0,0.0,Gastly,pokemon,PFL,54,I,1,Basic,MBG;MC
Rescue Board,2,2,0,0,0.0002564102564102564,1.0,0.0,0.0,0.0,Rescue Board,trainer,TEF,159,H,0,Pokémon Tool,SV5K;SV5a;SV8a;SVK;SVN
Volcarona [BLK 100],2,4,0,0,0.0002564102564102564,2.0,0.0,0.0,0.0,Volcarona,pokemon,BLK,16,I,1,Stage 1,MC;SV11B
Trevenant [CRI 39],2,5,0,0,0.0002564102564102564,2.5,0.0,0.0,0.0,Trevenant,pokemon,CRI,39,J,1,Stage 1,M4
Tyrunt [MEP 70],2,7,0,0,0.0002564102564102564,3.5,0.0,0.0,0.0,Tyrunt,pokemon,POR,44,J,1,Stage 1,M3
Tyrantrum [MEP 66],2,7,0,0,0.0002564102564102564,3.5,0.0,0.0,0.0,Tyrantrum,pokemon,POR,45,J,1,Stage 2,M3
Vulpix [CRI 8],2,3,0,0,0.0002564102564102564,1.5,0.0,0.0,0.0,Vulpix,pokemon,CRI,8,J,1,Basic,M4
Torchic [MEP 56],2,3,0,0,0.0002564102564102564,1.5,0.0,0.0,0.0,Torchic,pokemon,MEP,56,J,1,,
Antique Plume Fossil,2,7,0,0,0.0002564102564102564,3.5,0.0,0.0,0.0,Antique Plume Fossil,trainer,WHT,79,I,1,Item,MC;SV11W
Mega Feraligatr ex [ASC 274],2,4,0,0,0.0002564102564102564,2.0,0.0,0.0,0.0,Mega Feraligatr ex,pokemon,ASC,43,J,1,"Stage 2,MEGA,ex",MC
Babiri Berry,2,2,0,0,0.0002564102564102564,1.0,0.0,0.0,0.0,Babiri Berry,trainer,SSP,163,H,0,Pokémon Tool,MC;SV8
Antique Root Fossil,2,6,0,0,0.0002564102564102564,3.0,0.0,0.0,0.0,Antique Root Fossil,trainer,SCR,130,H,0,Item,SV7
Archaludon [PRE 70],2,2,1,0,0.0002564102564102564,1.0,0.0007092198581560284,0.0,2.765957446808511,Archaludon,pokemon,SCR,107,H,0,Stage 1,MC;SV7;SV8a
Wailord [JTG 162],2,2,0,0,0.0002564102564102564,1.0,0.0,0.0,0.0,Wailord,pokemon,JTG,41,I,1,Stage 1,MC;SV9
Waitress,2,2,0,0,0.0002564102564102564,1.0,0.0,0.0,0.0,Waitress,trainer,ASC,215,J,1,Supporter,MC;MF;MP1
Walking Wake ex [PRE 178],1,1,0,0,0.0001282051282051282,1.0,0.0,0.0,0.0,Walking Wake ex,pokemon,TEF,50,H,0,"Basic,ex,Ancient",MC;SV5K;SV8a
Wash Rotom [DRI 61],1,1,0,0,0.0001282051282051282,1.0,0.0,0.0,0.0,Wash Rotom,pokemon,DRI,61,I,1,Basic,SV10
Weezing [JTG 92],1,3,0,0,0.0001282051282051282,3.0,0.0,0.0,0.0,Weezing,pokemon,JTG,92,I,1,Stage 1,SV9
Wellspring Mask Ogerpon [DRI 67],1,1,0,0,0.0001282051282051282,1.0,0.0,0.0,0.0,Wellspring Mask Ogerpon,pokemon,DRI,67,I,1,Basic,MC;SV9a
Whimsicott ex [WHT 157],1,1,0,0,0.0001282051282051282,1.0,0.0,0.0,0.0,Whimsicott ex,pokemon,WHT,5,I,1,"Stage 1,ex",MC;SV11W
Wishiwashi [30C 22],1,1,0,0,0.0001282051282051282,1.0,0.0,0.0,0.0,Wishiwashi,pokemon,30C,22,J,1,Basic,M6a
Xerneas [CRI 42],1,1,0,0,0.0001282051282051282,1.0,0.0,0.0,0.0,Xerneas,pokemon,CRI,42,J,1,Basic,M4
Yamask [WHT 122],1,2,0,0,0.0001282051282051282,2.0,0.0,0.0,0.0,Yamask,pokemon,WHT,39,I,1,Basic,MC;SV11W
Yungoos [MEG 109],1,2,0,0,0.0001282051282051282,2.0,0.0,0.0,0.0,Yungoos,pokemon,MEG,109,I,1,Basic,M1L
Yveltal [SFA 35],1,1,0,0,0.0001282051282051282,1.0,0.0,0.0,0.0,Yveltal,pokemon,SFA,35,H,0,Basic,MC;SV6a
Zacian [MEP 15],1,1,0,0,0.0001282051282051282,1.0,0.0,0.0,0.0,Zacian,pokemon,PFL,45,I,1,Basic,M2
Zangoose [SSP 149],1,2,0,0,0.0001282051282051282,2.0,0.0,0.0,0.0,Zangoose,pokemon,SSP,149,H,0,Basic,MC;SV8
Zarude [SSP 11],1,1,0,0,0.0001282051282051282,1.0,0.0,0.0,0.0,Zarude,pokemon,SSP,11,H,0,Basic,SV7a
Zorua [SFA 31],1,1,0,0,0.0001282051282051282,1.0,0.0,0.0,0.0,Zorua,pokemon,SFA,31,H,0,Basic,SV6a;SV8a
Mega Emboar ex [ASC 273],1,1,0,0,0.0001282051282051282,1.0,0.0,0.0,0.0,Mega Emboar ex,pokemon,ASC,31,J,1,"Stage 2,MEGA,ex",MC
Mega Hawlucha ex [ASC 116],1,1,1,0,0.0001282051282051282,1.0,0.0007092198581560284,0.0,5.531914893617022,Mega Hawlucha ex,pokemon,ASC,116,I,1,"Basic,MEGA,ex",M2a
Meloetta ex [BLK 159],1,1,0,0,0.0001282051282051282,1.0,0.0,0.0,0.0,Meloetta ex,pokemon,BLK,44,I,1,"Basic,ex",SV11B
Azumarill ex [ASC 84],1,1,0,0,0.0001282051282051282,1.0,0.0,0.0,0.0,Azumarill ex,pokemon,ASC,84,J,1,"Stage 1,ex",MC
Baltoy [CRI 46],1,1,0,0,0.0001282051282051282,1.0,0.0,0.0,0.0,Baltoy,pokemon,CRI,46,J,1,Basic,M4
Banette [ASC 234],1,1,0,0,0.0001282051282051282,1.0,0.0,0.0,0.0,Banette,pokemon,ASC,91,I,1,Stage 1,MC;SV9
Beheeyem [TEF 74],1,1,0,0,0.0001282051282051282,1.0,0.0,0.0,0.0,Beheeyem,pokemon,TEF,74,H,0,Stage 1,MC;SVHM
Beldum [JTG 61],1,4,0,0,0.0001282051282051282,4.0,0.0,0.0,0.0,Beldum,pokemon,JTG,61,I,1,Basic,SV9
Billy & O'Nare,1,1,0,0,0.0001282051282051282,1.0,0.0,0.0,0.0,Billy & O'Nare,trainer,JTG,142,H,0,Supporter,SVP
Treasure Tracker,1,1,0,0,0.0001282051282051282,1.0,0.0,0.0,0.0,Treasure Tracker,trainer,PRE,131,H,0,"Item,ACE SPEC",SV8a
Tremendous Bomb,1,1,0,0,0.0001282051282051282,1.0,0.0,0.0,0.0,Tremendous Bomb,trainer,PBL,82,J,1,Pokémon Tool,M5
Turtonator [POR 17],1,4,0,0,0.0001282051282051282,4.0,0.0,0.0,0.0,Turtonator,pokemon,POR,17,J,1,Basic,M3
Tyranitar [JTG 95],1,1,0,0,0.0001282051282051282,1.0,0.0,0.0,0.0,Tyranitar,pokemon,JTG,95,I,1,Stage 2,SV9
Unfezant [BLK 150],1,4,0,0,0.0001282051282051282,4.0,0.0,0.0,0.0,Unfezant,pokemon,BLK,73,I,1,Stage 2,MC;SV11B
Victini [30C 13],1,1,0,0,0.0001282051282051282,1.0,0.0,0.0,0.0,Victini,pokemon,30C,13,J,1,Basic,MF
Vigoroth [SSP 146],1,2,0,0,0.0001282051282051282,2.0,0.0,0.0,0.0,Vigoroth,pokemon,SSP,146,H,0,Stage 1,MC;SV8
Vikavolt [PBL 26],1,3,0,0,0.0001282051282051282,3.0,0.0,0.0,0.0,Vikavolt,pokemon,PBL,26,J,1,Stage 2,M5
Fletchinder [SCR 122],1,1,0,0,0.0001282051282051282,1.0,0.0,0.0,0.0,Fletchinder,pokemon,SCR,122,H,0,Stage 1,SV7
Fletchling [POR 66],1,2,0,0,0.0001282051282051282,2.0,0.0,0.0,0.0,Fletchling,pokemon,POR,66,J,1,Basic,M3
Fomantis [PBL 3],1,4,0,0,0.0001282051282051282,4.0,0.0,0.0,0.0,Fomantis,pokemon,PBL,3,J,1,Basic,M5
Frosmoth [MEG 43],1,2,0,0,0.0001282051282051282,2.0,0.0,0.0,0.0,Frosmoth,pokemon,MEG,43,I,1,Stage 1,M1S
Galarian Obstagoon [ASC 132],1,2,0,0,0.0001282051282051282,2.0,0.0,0.0,0.0,Galarian Obstagoon,pokemon,ASC,132,I,1,Stage 2,M2a
Gastrodon [SSP 107],1,1,0,0,0.0001282051282051282,1.0,0.0,0.0,0.0,Gastrodon,pokemon,SSP,107,H,0,Stage 1,SV8
Girafarig [TWM 83],1,2,0,0,0.0001282051282051282,2.0,0.0,0.0,0.0,Girafarig,pokemon,TWM,83,H,0,Basic,MC;SV5a
Remoraid [CRI 16],1,2,0,0,0.0001282051282051282,2.0,0.0,0.0,0.0,Remoraid,pokemon,CRI,16,J,1,Basic,M4
Reshiram ex [WHT 158],1,1,0,0,0.0001282051282051282,1.0,0.0,0.0,0.0,Reshiram ex,pokemon,WHT,20,I,1,"Basic,ex",M2a;MC;SV11W
Rockruff [TEF 89],1,2,0,0,0.0001282051282051282,2.0,0.0,0.0,0.0,Rockruff,pokemon,TEF,89,H,0,Basic,MC;SVHK
Rotom [ASC 92],1,2,0,0,0.0001282051282051282,2.0,0.0,0.0,0.0,Rotom,pokemon,ASC,92,I,1,Basic,M2a
Rotom [DRI 197],1,1,0,0,0.0001282051282051282,1.0,0.0,0.0,0.0,Rotom,pokemon,DRI,77,I,1,Basic,SV9a
Rotom [SSP 61],1,1,0,0,0.0001282051282051282,1.0,0.0,0.0,0.0,Rotom,pokemon,SSP,61,H,0,Basic,MC;SV8
Rotom ex [PFL 111],1,2,0,0,0.0001282051282051282,2.0,0.0,0.0,0.0,Rotom ex,pokemon,PFL,29,I,1,"Basic,ex",M2
Rowlet [MEP 43],1,3,0,0,0.0001282051282051282,3.0,0.0,0.0,0.0,Rowlet,pokemon,MEP,43,J,1,,
Rowlet [POR 10],1,3,0,0,0.0001282051282051282,3.0,0.0,0.0,0.0,Rowlet,pokemon,POR,10,J,1,Basic,M3
Salandit [POR 15],1,4,0,0,0.0001282051282051282,4.0,0.0,0.0,0.0,Salandit,pokemon,POR,15,J,1,Basic,M3
Salazzle ex [POR 101],1,4,0,0,0.0001282051282051282,4.0,0.0,0.0,0.0,Salazzle ex,pokemon,POR,16,J,1,"Stage 1,ex",M3
Sandy Shocks [TEF 98],1,1,0,0,0.0001282051282051282,1.0,0.0,0.0,0.0,Sandy Shocks,pokemon,TEF,98,H,0,"Basic,Ancient",MC;SVHK
Houndstone [MEG 145],1,1,0,0,0.0001282051282051282,1.0,0.0,0.0,0.0,Houndstone,pokemon,MEG,66,I,1,Stage 1,M1S;MC
Inteleon [MEG 142],1,4,0,0,0.0001282051282051282,4.0,0.0,0.0,0.0,Inteleon,pokemon,MEG,41,I,1,Stage 2,M1S
Iron Boulder ex [SVP 147],1,1,0,0,0.0001282051282051282,1.0,0.0,0.0,0.0,Iron Boulder ex,pokemon,TEF,99,H,0,"Basic,ex,Future",MC;SV5M
Gourgeist ex [CRI 102],1,3,0,0,0.0001282051282051282,3.0,0.0,0.0,0.0,Gourgeist ex,pokemon,CRI,41,J,1,"Stage 1,ex",M4
Grafaiai [SSP 121],1,1,0,0,0.0001282051282051282,1.0,0.0,0.0,0.0,Grafaiai,pokemon,SSP,121,H,0,Stage 1,SV8
Grubbin [PBL 2],1,4,0,0,0.0001282051282051282,4.0,0.0,0.0,0.0,Grubbin,pokemon,PBL,2,J,1,Basic,M5
Gumshoos [MEG 110],1,2,0,0,0.0001282051282051282,2.0,0.0,0.0,0.0,Gumshoos,pokemon,MEG,110,I,1,Stage 1,M1L
Gurdurr [BLK 126],1,1,0,0,0.0001282051282051282,1.0,0.0,0.0,0.0,Gurdurr,pokemon,BLK,48,I,1,Stage 1,MC;SV11B
Haunter [POR 49],1,1,0,0,0.0001282051282051282,1.0,0.0,0.0,0.0,Haunter,pokemon,POR,49,J,1,Stage 1,M3
Hawlucha [POR 46],1,4,0,0,0.0001282051282051282,4.0,0.0,0.0,0.0,Hawlucha,pokemon,POR,46,J,1,Basic,M3
Heat Rotom [DRI 43],1,1,0,0,0.0001282051282051282,1.0,0.0,0.0,0.0,Heat Rotom,pokemon,DRI,43,I,1,Basic,SV10
Heatmor [WHT 104],1,2,0,0,0.0001282051282051282,2.0,0.0,0.0,0.0,Heatmor,pokemon,WHT,19,I,1,Basic,MC;SV11W
Poliwag [TWM 41],1,1,0,0,0.0001282051282051282,1.0,0.0,0.0,0.0,Poliwag,pokemon,TWM,41,H,0,Basic,SV6
Poliwrath [TWM 43],1,1,0,0,0.0001282051282051282,1.0,0.0,0.0,0.0,Poliwrath,pokemon,TWM,43,H,0,Stage 2,SV6
Potion,1,1,0,0,0.0001282051282051282,1.0,0.0,0.0,0.0,Potion,trainer,POR,83,F/G/J,1,Item,20th;CP6;HS;HSP;HSZ;HXY;MC;MF;MP1;SAg;SD;SEF;SH;SI;SM5S;SMA;SMD;SMH;SML;SN;SP;SVAM;SVD;SVI;SVM;SVP;WAK;X30;XYE;XYP
Prinplup [PFL 28],1,1,0,0,0.0001282051282051282,1.0,0.0,0.0,0.0,Prinplup,pokemon,PFL,28,I,1,Stage 1,M2
Pumpkaboo [CRI 40],1,3,0,0,0.0001282051282051282,3.0,0.0,0.0,0.0,Pumpkaboo,pokemon,CRI,40,J,1,Basic,M4
Pupitar [PRE 48],1,1,0,0,0.0001282051282051282,1.0,0.0,0.0,0.0,Pupitar,pokemon,PRE,48,H,0,Stage 1,SVM
Qwilfish [CRI 52],1,2,0,0,0.0001282051282051282,2.0,0.0,0.0,0.0,Qwilfish,pokemon,CRI,52,J,1,Basic,M4
Rabsca ex [DRI 25],1,1,0,0,0.0001282051282051282,1.0,0.0,0.0,0.0,Rabsca ex,pokemon,DRI,25,H,0,"Stage 1,ex",SVP
Reboot Pod,1,1,0,0,0.0001282051282051282,1.0,0.0,0.0,0.0,Reboot Pod,trainer,TEF,158,H,0,"Item,Future,ACE SPEC",MC;SV5M
Relicanth [PBL 17],1,4,0,0,0.0001282051282051282,4.0,0.0,0.0,0.0,Relicanth,pokemon,PBL,17,J,1,Basic,M5
Seel [PFL 21],1,2,0,0,0.0001282051282051282,2.0,0.0,0.0,0.0,Seel,pokemon,PFL,21,I,1,Basic,M2
Shellos [SSP 46],1,1,0,0,0.0001282051282051282,1.0,0.0,0.0,0.0,Shellos,pokemon,SSP,46,H,0,Basic,SV8
Shiftry [TEF 163],1,1,0,0,0.0001282051282051282,1.0,0.0,0.0,0.0,Shiftry,pokemon,TEF,5,H,0,Stage 2,SV5M
Shinx [POR 26],1,3,0,0,0.0001282051282051282,3.0,0.0,0.0,0.0,Shinx,pokemon,POR,26,J,1,Basic,M3
Shroodle [SSP 120],1,1,0,0,0.0001282051282051282,1.0,0.0,0.0,0.0,Shroodle,pokemon,SSP,120,H,0,Basic,SV8
Slaking ex [SSP 147],1,3,0,0,0.0001282051282051282,3.0,0.0,0.0,0.0,Slaking ex,pokemon,SSP,147,H,0,"Stage 2,ex",MC;SV8
Slakoth [SSP 145],1,3,0,0,0.0001282051282051282,3.0,0.0,0.0,0.0,Slakoth,pokemon,SSP,145,H,0,Basic,MC;SV8
Slowbro [MEP 83],1,1,0,0,0.0001282051282051282,1.0,0.0,0.0,0.0,Slowbro,pokemon,PBL,30,J,1,Stage 1,M5
Espeon ex [30C 70],1,2,0,0,0.0001282051282051282,2.0,0.0,0.0,0.0,Espeon ex,pokemon,30C,70,J,1,"Stage 1,ex",MF
Ethan's Ho-Oh ex [ASC 26],1,3,0,0,0.0001282051282051282,3.0,0.0,0.0,0.0,Ethan's Ho-Oh ex,pokemon,ASC,26,I,1,"Basic,ex",M2a;SV9a;SVP
Ethan's Magcargo [ASC 222],1,3,0,0,0.0001282051282051282,3.0,0.0,0.0,0.0,Ethan's Magcargo,pokemon,ASC,24,I,1,Stage 1,M2a;SV9a
Ethan's Pinsir [DRI 1],1,1,0,0,0.0001282051282051282,1.0,0.0,0.0,0.0,Ethan's Pinsir,pokemon,DRI,1,I,1,Basic,M2a;SV9a
Ethan's Slugma [ASC 23],1,3,0,0,0.0001282051282051282,3.0,0.0,0.0,0.0,Ethan's Slugma,pokemon,ASC,23,I,1,Basic,M2a;SV9a
Exeggcute [30C 1],1,1,1,0,0.0001282051282051282,1.0,0.0007092198581560284,0.0,5.531914893617022,Exeggcute,pokemon,30C,1,J,1,Basic,M6a
Exeggcute [MEG 4],1,1,0,0,0.0001282051282051282,1.0,0.0,0.0,0.0,Exeggcute,pokemon,MEG,4,I,1,Basic,M1L
Exeggcute [PRE 1],1,1,0,0,0.0001282051282051282,1.0,0.0,0.0,0.0,Exeggcute,pokemon,PRE,1,H,0,Basic,MC;SVM
Exeggutor [SSP 3],1,1,0,0,0.0001282051282051282,1.0,0.0,0.0,0.0,Exeggutor,pokemon,SSP,3,H,0,Stage 1,SV8
Farigiraf ex [TEF 108],1,1,0,0,0.0001282051282051282,1.0,0.0,0.0,0.0,Farigiraf ex,pokemon,TEF,108,H,0,"Stage 1,Tera,ex",MC;SV5M
Iron Leaves [TWM 19],1,1,0,0,0.0001282051282051282,1.0,0.0,0.0,0.0,Iron Leaves,pokemon,TWM,19,H,0,"Basic,Future",SV5a
Kangaskhan [30C 114],1,4,0,0,0.0001282051282051282,4.0,0.0,0.0,0.0,Kangaskhan,pokemon,30C,114,J,1,Basic,MF
Keldeo ex [WHT 159],1,1,0,0,0.0001282051282051282,1.0,0.0,0.0,0.0,Keldeo ex,pokemon,WHT,30,I,1,"Basic,ex",MC;SV11W
Klefki [POR 59],1,2,0,0,0.0001282051282051282,2.0,0.0,0.0,0.0,Klefki,pokemon,POR,59,J,1,Basic,M3
Koffing [JTG 91],1,3,0,0,0.0001282051282051282,3.0,0.0,0.0,0.0,Koffing,pokemon,JTG,91,I,1,Basic,SV9
Krookodile ex [CRI 55],1,1,0,0,0.0001282051282051282,1.0,0.0,0.0,0.0,Krookodile ex,pokemon,CRI,55,I,1,"Stage 2,ex",MP
Patrat [WHT 152],1,4,0,0,0.0001282051282051282,4.0,0.0,0.0,0.0,Patrat,pokemon,WHT,72,I,1,Basic,SV11W
Pidove [TEF 133],1,4,0,0,0.0001282051282051282,4.0,0.0,0.0,0.0,Pidove,pokemon,TEF,133,H,0,Basic,SV5M
Pignite [WHT 12],1,2,0,0,0.0001282051282051282,2.0,0.0,0.0,0.0,Pignite,pokemon,WHT,12,I,1,Stage 1,M2a;MC;SV11W
Pikachu [30C 27],1,1,0,0,0.0001282051282051282,1.0,0.0,0.0,0.0,Pikachu,pokemon,30C,27,J,1,Basic,M6a
Pikachu [30C 31],1,1,0,0,0.0001282051282051282,1.0,0.0,0.0,0.0,Pikachu,pokemon,30C,31,J,1,Basic,M6a
Pikachu [30C 35],1,1,0,0,0.0001282051282051282,1.0,0.0,0.0,0.0,Pikachu,pokemon,30C,35,J,1,Basic,M6a
Pikachu [30C 38],1,1,0,0,0.0001282051282051282,1.0,0.0,0.0,0.0,Pikachu,pokemon,30C,38,J,1,Basic,M6a
Pikachu ex [30C 149],1,1,0,0,0.0001282051282051282,1.0,0.0,0.0,0.0,Pikachu ex,pokemon,30C,53,J,1,"Basic,ex",M6a;MP
Pikachu ex [30C 150],1,1,0,0,0.0001282051282051282,1.0,0.0,0.0,0.0,Pikachu ex,pokemon,30C,54,J,1,"Basic,ex",M6a;MP
Pikachu ex [ASC 276],1,1,0,0,0.0001282051282051282,1.0,0.0,0.0,0.0,Pikachu ex,pokemon,SVP,106,H,0,"Basic,ex",MC;SVI
Pikachu ex [PRE 28],1,1,0,0,0.0001282051282051282,1.0,0.0,0.0,0.0,Pikachu ex,pokemon,PRE,28,H,0,"Basic,Tera,ex",SVM
Pinsir [TWM 168],1,1,0,0,0.0001282051282051282,1.0,0.0,0.0,0.0,Pinsir,pokemon,TWM,3,H,0,Basic,SV5a
Poké Vital A,1,1,0,0,0.0001282051282051282,1.0,0.0,0.0,0.0,Poké Vital A,trainer,SFA,62,H,0,"Item,ACE SPEC",MC;SV6a
Hisuian Zoroark [30C 123],1,1,0,0,0.0001282051282051282,1.0,0.0,0.0,0.0,Hisuian Zoroark,pokemon,30C,123,J,1,Stage 1,M6a
Hisuian Zorua [30C 122],1,1,0,0,0.0001282051282051282,1.0,0.0,0.0,0.0,Hisuian Zorua,pokemon,30C,122,J,1,Basic,M6a
Ho-Oh [SSP 19],1,1,1,0,0.0001282051282051282,1.0,0.0007092198581560284,0.0,5.531914893617022,Ho-Oh,pokemon,SSP,19,H,0,Basic,SVLS
Eevee [30C 116],1,2,0,0,0.0001282051282051282,2.0,0.0,0.0,0.0,Eevee,pokemon,30C,116,J,1,Basic,M6a
Electrike [DRI 196],1,1,0,0,0.0001282051282051282,1.0,0.0,0.0,0.0,Electrike,pokemon,DRI,75,I,1,Basic,MC;SV9a
Emboar [WHT 13],1,2,0,0,0.0001282051282051282,2.0,0.0,0.0,0.0,Emboar,pokemon,WHT,13,I,1,Stage 2,M2a;MC;SV11W
Emolga [CRI 30],1,1,0,0,0.0001282051282051282,1.0,0.0,0.0,0.0,Emolga,pokemon,CRI,30,J,1,Basic,M4
Snom [MEG 42],1,2,0,0,0.0001282051282051282,2.0,0.0,0.0,0.0,Snom,pokemon,MEG,42,I,1,Basic,M1S
Sobble [MEG 39],1,4,0,0,0.0001282051282051282,4.0,0.0,0.0,0.0,Sobble,pokemon,MEG,39,I,1,Basic,M1S
Spewpa [SSP 6],1,2,0,0,0.0001282051282051282,2.0,0.0,0.0,0.0,Spewpa,pokemon,SSP,6,H,0,Stage 1,SV8
Squawkabilly [JTG 141],1,1,0,0,0.0001282051282051282,1.0,0.0,0.0,0.0,Squawkabilly,pokemon,JTG,141,H,0,Basic,MC;SVM
Swirlix [TWM 89],1,2,0,0,0.0001282051282051282,2.0,0.0,0.0,0.0,Swirlix,pokemon,TWM,89,H,0,Basic,SV6;SV8a
Sylveon ex [30C 153],1,1,0,0,0.0001282051282051282,1.0,0.0,0.0,0.0,Sylveon ex,pokemon,30C,71,J,1,"Stage 1,ex",M6a;MP
Delibird [MEG 105],1,1,0,0,0.0001282051282051282,1.0,0.0,0.0,0.0,Delibird,pokemon,MEG,105,I,1,Basic,M1S
Dewgong [POR 19],1,2,0,0,0.0001282051282051282,2.0,0.0,0.0,0.0,Dewgong,pokemon,POR,19,J,1,Stage 1,M3
Drifloon [SCR 60],1,1,0,0,0.0001282051282051282,1.0,0.0,0.0,0.0,Drifloon,pokemon,SCR,60,H,0,Basic,SV7
Larvitar [PRE 47],1,1,0,0,0.0001282051282051282,1.0,0.0,0.0,0.0,Larvitar,pokemon,PRE,47,H,0,Basic,SVM
Latias [TEF 67],1,2,0,0,0.0001282051282051282,2.0,0.0,0.0,0.0,Latias,pokemon,TEF,67,H,0,Basic,MC;SVHM
Lickitung [TEF 124],1,1,0,0,0.0001282051282051282,1.0,0.0,0.0,0.0,Lickitung,pokemon,TEF,124,H,0,Basic,SV5M
Lilligant [BLK 7],1,2,0,0,0.0001282051282051282,2.0,0.0,0.0,0.0,Lilligant,pokemon,BLK,7,I,1,Stage 1,SV11B
Lokix [PFL 10],1,2,0,0,0.0001282051282051282,2.0,0.0,0.0,0.0,Lokix,pokemon,PFL,10,I,1,Stage 1,M2
Lopunny [MEG 108],1,1,0,0,0.0001282051282051282,1.0,0.0,0.0,0.0,Lopunny,pokemon,MEG,108,I,1,Stage 1,M1S;MC
Love Ball,1,2,0,0,0.0001282051282051282,2.0,0.0,0.0,0.0,Love Ball,trainer,TWM,156,H,0,Item,SV5a
Lugia ex [PRE 82],1,4,0,0,0.0001282051282051282,4.0,0.0,0.0,0.0,Lugia ex,pokemon,PRE,82,H,0,"Basic,ex",SVM
Nitro Fire Energy,1,1,0,0,0.0001282051282051282,1.0,0.0,0.0,0.0,Nitro Fire Energy,energy,CRI,86,J,1,Special,M4;M6
Numel [MEG 21],1,1,0,0,0.0001282051282051282,1.0,0.0,0.0,0.0,Numel,pokemon,MEG,21,I,1,Basic,M1L
Nymble [JTG 19],1,2,0,0,0.0001282051282051282,2.0,0.0,0.0,0.0,Nymble,pokemon,JTG,19,H,0,Basic,SVM
Octillery [JTG 34],1,2,0,0,0.0001282051282051282,2.0,0.0,0.0,0.0,Octillery,pokemon,JTG,34,I,1,Stage 1,SV9
Ogre's Mask,1,1,0,0,0.0001282051282051282,1.0,0.0,0.0,0.0,Ogre's Mask,trainer,TWM,159,H,0,Item,MC;SV6;SV8a;SVP
Oranguru [SSP 156],1,1,0,0,0.0001282051282051282,1.0,0.0,0.0,0.0,Oranguru,pokemon,SSP,156,H,0,Basic,MC;SV8
Orthworm ex [SCR 110],1,1,0,0,0.0001282051282051282,1.0,0.0,0.0,0.0,Orthworm ex,pokemon,SCR,110,H,0,"Basic,ex",MC;SV7
Paradise Resort,1,1,0,0,0.0001282051282051282,1.0,0.0,0.0,0.0,Paradise Resort,trainer,MEP,92,G/H/J,1,,SVP
Iron Crown [SSP 132],1,1,0,0,0.0001282051282051282,1.0,0.0,0.0,0.0,Iron Crown,pokemon,SSP,132,H,0,"Basic,Future",MC;SV7a
Drizzile [MEG 40],1,2,0,0,0.0001282051282051282,2.0,0.0,0.0,0.0,Drizzile,pokemon,MEG,40,I,1,Stage 1,M1S
Conkeldurr [TWM 105],1,3,0,0,0.0001282051282051282,3.0,0.0,0.0,0.0,Conkeldurr,pokemon,TWM,105,H,0,Stage 2,SV6
Cook,1,2,0,0,0.0001282051282051282,2.0,0.0,0.0,0.0,Cook,trainer,TWM,147,H,0,Supporter,MC;S8b;SH;SI;SVI;SVM
Cottonee [MEP 18],1,1,0,0,0.0001282051282051282,1.0,0.0,0.0,0.0,Cottonee,pokemon,MEP,18,I,1,,M2
Cryogonal [BLK 111],1,1,0,0,0.0001282051282051282,1.0,0.0,0.0,0.0,Cryogonal,pokemon,BLK,27,I,1,Basic,SV11B
Talonflame [POR 14],1,2,0,0,0.0001282051282051282,2.0,0.0,0.0,0.0,Talonflame,pokemon,POR,14,J,1,Stage 2,M3
Tandemaus [SSP 157],1,4,0,0,0.0001282051282051282,4.0,0.0,0.0,0.0,Tandemaus,pokemon,SSP,157,H,0,Basic,SV8
Tangela [MEG 6],1,1,0,0,0.0001282051282051282,1.0,0.0,0.0,0.0,Tangela,pokemon,MEG,6,I,1,Basic,M1S
Tangrowth [MEG 7],1,1,0,0,0.0001282051282051282,1.0,0.0,0.0,0.0,Tangrowth,pokemon,MEG,7,I,1,Stage 1,M1S
Tapu Koko [SSP 65],1,1,0,0,0.0001282051282051282,1.0,0.0,0.0,0.0,Tapu Koko,pokemon,SSP,65,H,0,Basic,MC;SV8
Tatsugiri ex [SSP 142],1,4,0,0,0.0001282051282051282,4.0,0.0,0.0,0.0,Tatsugiri ex,pokemon,SSP,142,H,0,"Basic,Tera,ex",SV8
Teal Mask Ogerpon [DRI 26],1,2,0,0,0.0001282051282051282,2.0,0.0,0.0,0.0,Teal Mask Ogerpon,pokemon,DRI,26,I,1,Basic,MC;SV9a
Team Rocket's Ampharos [DRI 74],1,2,0,0,0.0001282051282051282,2.0,0.0,0.0,0.0,Team Rocket's Ampharos,pokemon,DRI,74,I,1,Stage 2,SV10
Team Rocket's Crobat ex [DRI 122],1,3,0,0,0.0001282051282051282,3.0,0.0,0.0,0.0,Team Rocket's Crobat ex,pokemon,DRI,122,I,1,"Stage 2,ex",M2a;MC;SV10
Team Rocket's Flaaffy [DRI 73],1,1,0,0,0.0001282051282051282,1.0,0.0,0.0,0.0,Team Rocket's Flaaffy,pokemon,DRI,73,I,1,Stage 1,SV10
Team Rocket's Golbat [DRI 121],1,4,0,0,0.0001282051282051282,4.0,0.0,0.0,0.0,Team Rocket's Golbat,pokemon,DRI,121,I,1,Stage 1,M2a;MC;SV10
Team Rocket's Hypnotizer,1,1,0,0,0.0001282051282051282,1.0,0.0,0.0,0.0,Team Rocket's Hypnotizer,trainer,ASC,206,I,1,Pokémon Tool,SVP
Team Rocket's Koffing [DRI 125],1,4,0,0,0.0001282051282051282,4.0,0.0,0.0,0.0,Team Rocket's Koffing,pokemon,DRI,125,I,1,Basic,SV10
Team Rocket's Mareep [DRI 72],1,2,0,0,0.0001282051282051282,2.0,0.0,0.0,0.0,Team Rocket's Mareep,pokemon,DRI,72,I,1,Basic,SV10
Team Rocket's Meowth [ASC 161],1,1,0,0,0.0001282051282051282,1.0,0.0,0.0,0.0,Team Rocket's Meowth,pokemon,ASC,161,I,1,Basic,MC;SV10;SVP
Meowth [30C 113],1,3,0,0,0.0001282051282051282,3.0,0.0,0.0,0.0,Meowth,pokemon,30C,113,J,1,Basic,M6a
Metang [CRI 60],1,4,0,0,0.0001282051282051282,4.0,0.0,0.0,0.0,Metang,pokemon,CRI,60,J,1,Stage 1,M4
Mewtwo ex [30C 151],1,4,0,0,0.0001282051282051282,4.0,0.0,0.0,0.0,Mewtwo ex,pokemon,30C,64,J,1,"Basic,ex",M6a
Minccino [TEF 136],1,1,0,0,0.0001282051282051282,1.0,0.0,0.0,0.0,Minccino,pokemon,TEF,136,H,0,Basic,SV5K
Miraidon [MEP 82],1,2,0,0,0.0001282051282051282,2.0,0.0,0.0,0.0,Miraidon,pokemon,PBL,28,J,1,Basic,M5
Miraidon [SVP 92],1,4,0,0,0.0001282051282051282,4.0,0.0,0.0,0.0,Miraidon,pokemon,TEF,121,H,0,"Basic,Future",MC;SV5M;SV8a;SVP
Morpeko [TWM 72],1,1,0,0,0.0001282051282051282,1.0,0.0,0.0,0.0,Morpeko,pokemon,TWM,72,H,0,Basic,MC;SV5a
Mow Rotom [DRI 9],1,2,0,0,0.0001282051282051282,2.0,0.0,0.0,0.0,Mow Rotom,pokemon,DRI,9,I,1,Basic,SV10
N's Joltik [JTG 49],1,1,0,0,0.0001282051282051282,1.0,0.0,0.0,0.0,N's Joltik,pokemon,JTG,49,I,1,Basic,SV9
Lurantis ex [PBL 4],1,3,0,0,0.0001282051282051282,3.0,0.0,0.0,0.0,Lurantis ex,pokemon,PBL,4,J,1,"Stage 1,ex",M5
Luxio [POR 27],1,2,0,0,0.0001282051282051282,2.0,0.0,0.0,0.0,Luxio,pokemon,POR,27,J,1,Stage 1,M3
Luxray [POR 28],1,1,0,0,0.0001282051282051282,1.0,0.0,0.0,0.0,Luxray,pokemon,POR,28,J,1,Stage 2,M3
Luxray ex [TWM 195],1,2,0,0,0.0001282051282051282,2.0,0.0,0.0,0.0,Luxray ex,pokemon,TWM,68,H,0,"Stage 2,ex",MC;SV6
Marill [TEF 64],1,3,0,0,0.0001282051282051282,3.0,0.0,0.0,0.0,Marill,pokemon,TEF,64,H,0,Basic,SV5K
Maushold [30C 125],1,4,0,0,0.0001282051282051282,4.0,0.0,0.0,0.0,Maushold,pokemon,30C,125,J,1,Stage 1,M6a
Maushold [SSP 158],1,1,0,0,0.0001282051282051282,1.0,0.0,0.0,0.0,Maushold,pokemon,SSP,158,H,0,Stage 1,SV8
Chansey [TWM 133],1,3,0,0,0.0001282051282051282,3.0,0.0,0.0,0.0,Chansey,pokemon,TWM,133,H,0,Basic,MC;SV6
Charcadet [SSP 33],1,2,0,0,0.0001282051282051282,2.0,0.0,0.0,0.0,Charcadet,pokemon,SSP,33,H,0,Basic,SV8
Charjabug [PBL 25],1,3,0,0,0.0001282051282051282,3.0,0.0,0.0,0.0,Charjabug,pokemon,PBL,25,J,1,Stage 1,M5
Charmander [ASC 20],1,4,0,0,0.0001282051282051282,4.0,0.0,0.0,0.0,Charmander,pokemon,ASC,20,J,1,Basic,MC
Chien-Pao [POR 54],1,1,0,0,0.0001282051282051282,1.0,0.0,0.0,0.0,Chien-Pao,pokemon,POR,54,J,1,Basic,M3
Claydol [CRI 47],1,1,0,0,0.0001282051282051282,1.0,0.0,0.0,0.0,Claydol,pokemon,CRI,47,J,1,Stage 1,M4
Clefairy [ASC 74],1,2,0,0,0.0001282051282051282,2.0,0.0,0.0,0.0,Clefairy,pokemon,ASC,74,H,0,Basic,MC;SV6
Blissey ex [TWM 134],1,2,0,0,0.0001282051282051282,2.0,0.0,0.0,0.0,Blissey ex,pokemon,TWM,134,H,0,"Stage 1,ex",MC;SV6
Bruxish [SSP 200],1,1,0,0,0.0001282051282051282,1.0,0.0,0.0,0.0,Bruxish,pokemon,SSP,49,H,0,Basic,SV7a
Bulbasaur [MEP 37],1,1,0,0,0.0001282051282051282,1.0,0.0,0.0,0.0,Bulbasaur,pokemon,MEP,37,J,1,,
Call Bell,1,3,0,0,0.0001282051282051282,3.0,0.0,0.0,0.0,Call Bell,trainer,SSP,165,H,0,Item,SV7a
Carracosta [BLK 107],1,1,0,0,0.0001282051282051282,1.0,0.0,0.0,0.0,Carracosta,pokemon,BLK,23,I,1,Stage 2,SV11B
Team Rocket's Persian ex [DRI 150],1,1,0,0,0.0001282051282051282,1.0,0.0,0.0,0.0,Team Rocket's Persian ex,pokemon,DRI,150,I,1,"Stage 1,ex",MC;SV10
Team Rocket's Venture Bomb,1,4,0,0,0.0001282051282051282,4.0,0.0,0.0,0.0,Team Rocket's Venture Bomb,trainer,DRI,179,I,1,Item,MC;SV10
Team Rocket's Weezing [DRI 126],1,4,0,0,0.0001282051282051282,4.0,0.0,0.0,0.0,Team Rocket's Weezing,pokemon,DRI,126,I,1,Stage 1,SV10
Team Rocket's Zubat [DRI 120],1,4,0,0,0.0001282051282051282,4.0,0.0,0.0,0.0,Team Rocket's Zubat,pokemon,DRI,120,I,1,Basic,M2a;MC;SV10
Tepig [WHT 11],1,3,0,0,0.0001282051282051282,3.0,0.0,0.0,0.0,Tepig,pokemon,WHT,11,I,1,Basic,M2a;MC;SV11W
Thick Scale,1,1,0,0,0.0001282051282051282,1.0,0.0,0.0,0.0,Thick Scale,trainer,ASC,211,I,1,Pokémon Tool,M2a
Timburr [BLK 125],1,4,0,0,0.0001282051282051282,4.0,0.0,0.0,0.0,Timburr,pokemon,BLK,47,I,1,Basic,MC;SV11B
Archen [WHT 131],1,1,0,0,0.0001282051282051282,1.0,0.0,0.0,0.0,Archen,pokemon,WHT,50,I,1,Stage 1,MC;SV11W
Archeops [WHT 132],1,2,0,0,0.0001282051282051282,2.0,0.0,0.0,0.0,Archeops,pokemon,WHT,51,I,1,Stage 2,MC;SV11W
Alomomola [BLK 108],1,1,0,0,0.0001282051282051282,1.0,0.0,0.0,0.0,Alomomola,pokemon,BLK,24,I,1,Basic,SV11B
Adversity Policy,1,1,0,0,0.0001282051282051282,1.0,0.0,0.0,0.0,Adversity Policy,trainer,CRI,74,I,1,Pokémon Tool,MP
Zweilous [WHT 147],1,2,0,0,0.0001282051282051282,2.0,0.0,0.0,0.0,Zweilous,pokemon,WHT,66,I,1,Stage 1,MC;SV11W
