outcome,group,card,name,avg_copies,lists,component_per_copy,measured_pts_per_copy,measured_se,info_share
d2,accel,Crispin,Crispin,2.513755225041314,10287,0.6104335212423266,-0.9111187388759,0.72592669668592,0.20609535447306984
d2,accel,Glass Trumpet,Glass Trumpet,1.6653696498054475,1542,1.2695097276264593,-2.04288774936152,1.6314507699193002,0.17648228172247865
d2,accel,Janine's Secret Art,Janine's Secret Art,1.091338582677165,635,1.2904335212423268,0.23539314137640002,1.6898387187688002,0.16996431533276912
d2,accel,Rosa's Encouragement,Rosa's Encouragement,1.0029948271167983,3673,0.7464335212423266,-2.4815209607585698,1.2076076578797499,0.11135444126667911
d2,accel,Wondrous Patch,Wondrous Patch,2.4627766599597587,1491,0.5805311871227364,-0.49923492347582,0.9949088422669,0.09923423375372911
d2,accel,Iron Leaves ex [PRE 176],Iron Leaves ex,1.006902502157032,1159,1.071165,0.77251709557668,1.93028301190602,0.08975274935183232
d2,accel,Energy Switch,Energy Switch,2.6228994588436345,3511,0.398749985759043,-1.15123304770671,0.8761448050567799,0.060370749985740074
d2,accel,Blaziken ex [JTG 24],Blaziken ex,1.9834212509419744,1327,0.9619288241425834,-1.7547335806645799,3.2493038395727503,0.025543606782905938
d2,accel,N's PP Up,N's PP Up,3.082638888888889,1440,0.5383805555555555,2.3209717101226,2.34392085869555,0.015376937010089705
d2,accel,Lillie's Determination,Lillie's Determination,3.696103767021171,20122,-0.0695664787576733,1.0112892653032999,0.49703372052656,0.005709595288555876
d2,accel,Judge,Judge,1.2382084323783311,7993,-0.0695664787576733,0.88484391245938,0.5044523049742901,0.005542897037954986
d2,accel,Team Rocket's Petrel,Team Rocket's Petrel,2.348656591099916,4764,-0.0695664787576733,-0.50796932592808,0.5568055579490601,0.0045495653709438835
d2,accel,Hilda,Hilda,2.6769928220627124,5294,-0.0695664787576733,-0.6717387301507399,0.58453212429224,0.004128195588434241
d2,accel,Boss's Orders,Boss's Orders,2.730084081516317,21051,-0.0695664787576733,0.04169786266642,0.61998560435825,0.003669558552407028
d2,accel,Dawn,Dawn,1.941396933560477,5870,-0.0695664787576733,0.81304495834052,0.62655616881671,0.0035929983067386597
d2,accel,Brock's Scouting,Brock's Scouting,1.6400638467677573,1253,-0.0695664787576733,0.28349855727281004,0.75250393485443,0.002490918296005453
d2,accel,Wally's Compassion,Wally's Compassion,2.1021034180543383,2282,-0.0695664787576733,-0.42477258155434,0.87764027462876,0.0018312344238268826
d2,accel,Xerosic's Machinations,Xerosic's Machinations,1.10868555503948,2153,-0.0695664787576733,-0.53404600027486,0.9056918124757901,0.0017195553099661552
d2,accel,Ciphermaniac's Codebreaking,Ciphermaniac's Codebreaking,1.5934489402697496,3633,-0.0695664787576733,1.02274539140781,0.92335126630049,0.0016544099552422487
d2,accel,Meganium [MEG 10],Meganium,2.003058103975535,1308,0.4013835223680002,2.8239128178129898,5.736051538276301,0.0014271511786312816
d2,accel,Cyrano,Cyrano,1.9696254792096728,3391,-0.0695664787576733,1.64233530992033,1.15604305001391,0.0010554289893959102
d2,accel,Lana's Aid,Lana's Aid,1.0278390297684674,3628,-0.0695664787576733,-0.33509769273323997,1.27432649622201,0.0008685915630806401
d2,accel,Kieran,Kieran,1.1652010050251256,1592,-0.0695664787576733,-0.96005096929701,1.30098532050267,0.0008333592118589101
d2,accel,Black Belt's Training,Black Belt's Training,1.1809136137494347,2211,-0.0695664787576733,0.04813924872117,1.37791239582221,0.0007429059194026953
d2,accel,Ethan's Adventure,Ethan's Adventure,4.0,163,-0.0695664787576733,-2.70852557865264,1.44003116671562,0.0006801947094259328
d2,accel,Hydrapple ex [PRE 11],Hydrapple ex,2.010501750291715,857,0.5468744868337971,1.9343205888515898,11.41804861739846,0.0006686033379015204
d2,accel,Surfer,Surfer,1.1159196290571871,647,-0.0695664787576733,-0.49477738604586996,1.46303398065798,0.0006589738889296829
d2,accel,Gwynn,Gwynn,2.89375,480,-0.0695664787576733,3.7269619222731,1.4714779824094602,0.0006514326123465363
d2,accel,Team Rocket's Archer,Team Rocket's Archer,2.7679290894439967,1241,-0.0695664787576733,3.6678955868780103,1.5544234569889201,0.0005837653995649654
d2,accel,Eri,Eri,1.4404096834264433,1074,-0.0695664787576733,2.31976656877355,1.61680025133543,0.0005395905025483696
d2,accel,Team Rocket's Ariana,Team Rocket's Ariana,3.4244928625093918,1331,-0.0695664787576733,-0.18571059236969,1.7653885873583801,0.0004525810895282769
d2,accel,Teal Mask Ogerpon ex [PRE 12],Teal Mask Ogerpon ex,3.259402985074627,3350,0.0559032718603468,-0.41121008057459,1.42863373104887,0.0004462822808338796
d2,accel,Briar,Briar,1.0,1136,-0.0695664787576733,1.41143797522271,1.79545351206858,0.0004375510227399132
d2,accel,Tarragon,Tarragon,1.5123674911660778,283,-0.0695664787576733,-2.4354787374018803,1.96581349357733,0.00036499961756011727
d2,accel,Ruffian,Ruffian,1.0043478260869565,230,-0.0695664787576733,-2.3896078494409,2.64673011939602,0.0002013528187821266
d2,accel,Gladion's Final Battle,Gladion's Final Battle,2.1944444444444446,288,-0.0695664787576733,0.35855876250615,3.2702351070834697,0.00013189219012002824
d2,accel,Bianca's Devotion,Bianca's Devotion,1.0145454545454546,275,-0.0695664787576733,-3.72086270543234,3.4075337592647,0.00012147773860382524
d2,accel,Pokémon Center Lady,Pokémon Center Lady,1.0282608695652171,460,-0.0695664787576733,-7.10636135100907,4.53585674859516,6.855803676033175e-05
d2,accel,Team Rocket's Spidops [ASC 19],Team Rocket's Spidops,3.9662618083670713,741,0.0081783911420005,6.02411056563869,3.3763528484525303,1.7100826156166926e-06
d2,cost,Lillie's Determination,Lillie's Determination,3.696103767021171,20122,1.464649488695071,1.0112892653032999,0.49703372052656,0.2663960491514568
d2,cost,Judge,Judge,1.2382084323783311,7993,1.464649488695071,0.88484391245938,0.5044523049742901,0.258618307802688
d2,cost,Ultra Ball,Ultra Ball,3.340971445991261,19682,1.0416278833451886,2.4796015686412,0.43306149772348,0.17748355764721374
d2,cost,Team Rocket's Petrel,Team Rocket's Petrel,2.348656591099916,4764,-0.5753505113049292,-0.50796932592808,0.5568055579490601,0.032755932085655165
d2,cost,Hilda,Hilda,2.6769928220627124,5294,-0.5753505113049292,-0.6717387301507399,0.58453212429224,0.029722156581079958
d2,cost,Boss's Orders,Boss's Orders,2.730084081516317,21051,-0.5753505113049292,0.04169786266642,0.61998560435825,0.02642006453949297
d2,cost,Dawn,Dawn,1.941396933560477,5870,-0.5753505113049292,0.81304495834052,0.62655616881671,0.025868846565224392
d2,cost,Secret Box,Secret Box,1.0,2887,2.04,5.06302796521385,2.4968561160577,0.020478841309395663
d2,cost,Crispin,Crispin,2.513755225041314,10287,-0.5753505113049292,-0.9111187388759,0.72592669668592,0.01927132380828071
d2,cost,Brock's Scouting,Brock's Scouting,1.6400638467677573,1253,-0.5753505113049292,0.28349855727281004,0.75250393485443,0.017934097849426615
d2,cost,Wally's Compassion,Wally's Compassion,2.1021034180543383,2282,-0.5753505113049292,-0.42477258155434,0.87764027462876,0.013184510063945424
d2,cost,Xerosic's Machinations,Xerosic's Machinations,1.10868555503948,2153,-0.5753505113049292,-0.53404600027486,0.9056918124757901,0.012380443483790055
d2,cost,Ciphermaniac's Codebreaking,Ciphermaniac's Codebreaking,1.5934489402697496,3633,-0.5753505113049292,1.02274539140781,0.92335126630049,0.011911410369405002
d2,cost,Unfair Stamp,Unfair Stamp,1.0,10539,1.36,4.9806631721845696,2.34883913492584,0.010284977521660443
d2,cost,Team Rocket's Archer,Team Rocket's Archer,2.7679290894439967,1241,0.784649488695071,3.6678955868780103,1.5544234569889201,0.007817084167283017
d2,cost,Cyrano,Cyrano,1.9696254792096728,3391,-0.5753505113049292,1.64233530992033,1.15604305001391,0.007598870986375484
d2,cost,Rosa's Encouragement,Rosa's Encouragement,1.0029948271167983,3673,-0.5753505113049292,-2.4815209607585698,1.2076076578797499,0.006963785230514775
d2,cost,Lana's Aid,Lana's Aid,1.0278390297684674,3628,-0.5753505113049292,-0.33509769273323997,1.27432649622201,0.0062536800618692425
d2,cost,Kieran,Kieran,1.1652010050251256,1592,-0.5753505113049292,-0.96005096929701,1.30098532050267,0.006000014401582773
d2,cost,Black Belt's Training,Black Belt's Training,1.1809136137494347,2211,-0.5753505113049292,0.04813924872117,1.37791239582221,0.005348769356607196
d2,cost,Ethan's Adventure,Ethan's Adventure,4.0,163,-0.5753505113049292,-2.70852557865264,1.44003116671562,0.004897261582232274
d2,cost,Gwynn,Gwynn,2.89375,480,0.5806494886950708,3.7269619222731,1.4714779824094602,0.004776971367080676
d2,cost,Surfer,Surfer,1.1159196290571871,647,-0.5753505113049292,-0.49477738604586996,1.46303398065798,0.004744476052560275
d2,cost,Eri,Eri,1.4404096834264433,1074,-0.5753505113049292,2.31976656877355,1.61680025133543,0.003884940299664713
d2,cost,Janine's Secret Art,Janine's Secret Art,1.091338582677165,635,-0.5753505113049292,0.23539314137640002,1.6898387187688002,0.003556367001294481
d2,cost,Team Rocket's Ariana,Team Rocket's Ariana,3.4244928625093918,1331,-0.5753505113049292,-0.18571059236969,1.7653885873583801,0.003258490476149466
d2,cost,Briar,Briar,1.0,1136,-0.5753505113049292,1.41143797522271,1.79545351206858,0.003150277096008417
d2,cost,Tarragon,Tarragon,1.5123674911660778,283,-0.5753505113049292,-2.4354787374018803,1.96581349357733,0.0026279219462251304
d2,cost,Ruffian,Ruffian,1.0043478260869565,230,-0.5753505113049292,-2.3896078494409,2.64673011939602,0.001449698755710861
d2,cost,Lunatone [ASC 105],Lunatone,2.007692307692308,1300,0.7402311600691664,5.63148669982063,3.43478629847492,0.0014248441399392607
d2,cost,Mega Greninja ex [CRI 100],Mega Greninja ex,2.15267175572519,262,0.6154292880659997,-5.438330271768059,3.08839271993701,0.0012182133631341973
d2,cost,Gladion's Final Battle,Gladion's Final Battle,2.1944444444444446,288,-0.5753505113049292,0.35855876250615,3.2702351070834697,0.0009495965592211405
d2,cost,Bianca's Devotion,Bianca's Devotion,1.0145454545454546,275,-0.5753505113049292,-3.72086270543234,3.4075337592647,0.0008746146568282709
d2,cost,Pokémon Center Lady,Pokémon Center Lady,1.0282608695652171,460,-0.5753505113049292,-7.10636135100907,4.53585674859516,0.0004936037210036553
d2,damage_100hp,Lillie's Clefairy ex [ASC 280],Lillie's Clefairy ex,1.2402798112900602,6147,1.260365216075245,-1.36701007438918,0.9299306070334299,0.4333895201215851
d2,damage_100hp,Munkidori [ASC 99],Munkidori,1.8413041343415495,10183,0.9215905110827998,1.23904769586097,0.79782276463692,0.31481093731614634
d2,damage_100hp,Dusknoir [PRE 37],Dusknoir,1.3478093774019984,2602,0.8729174999999999,-0.53000452305528,1.66882545512534,0.06455222865596298
d2,damage_100hp,Gravity Mountain,Gravity Mountain,1.4978514426028238,1629,0.3876876611418048,-0.74020353675229,1.1068321085467399,0.028945904908168278
d2,damage_100hp,Risky Ruins,Risky Ruins,1.681283821608509,5359,0.2534690800522485,-1.67794000031199,0.7962525438636601,0.02390754506559549
d2,damage_100hp,Seaking [PRE 21],Seaking,1.1782437745740495,763,1.0985913286096778,5.18285923857002,4.00577116739526,0.01774543837673995
d2,damage_100hp,Yveltal [MEG 88],Yveltal,1.0314595152140278,1939,0.3660904612077343,0.40407344289867003,1.4107516909993,0.015887747855405653
d2,damage_100hp,Dusclops [PRE 36],Dusclops,1.785075787019044,2573,0.3355453124999999,0.51448889956822,1.36032852480587,0.014354941075605167
d2,damage_100hp,Brave Bangle,Brave Bangle,1.5320056899004268,2109,0.2897206258890469,0.7176519744293299,1.24656187629683,0.012744353803269909
d2,damage_100hp,Pecharunt [SVP 129],Pecharunt,1.255681818181818,176,0.66884483881425,2.9121970200461402,2.99126484156902,0.01179580811014837
d2,damage_100hp,Binding Mochi,Binding Mochi,1.7581653926337737,1439,0.3770668519805421,-0.78967291955851,1.8262822117948398,0.010057443553084135
d2,damage_100hp,Black Belt's Training,Black Belt's Training,1.1809136137494347,2211,0.2679858061599708,0.04813924872117,1.37791239582221,0.008924153708271071
d2,damage_100hp,Maximum Belt,Maximum Belt,1.0,993,0.51,-0.35884174818101,2.67203113850834,0.008594962654340831
d2,damage_100hp,Iron Crown ex [PRE 158],Iron Crown ex,1.0184757505773672,433,0.541765482421867,-1.58840367946716,2.92351366910782,0.008102127564498964
d2,damage_100hp,Froslass [SVP 117],Froslass,2.151468315301391,647,0.5435296721052287,1.68049894211033,2.99651080900036,0.007762497798939999
d2,damage_100hp,Gladion's Final Battle,Gladion's Final Battle,2.1944444444444446,288,0.5399858061599709,0.35855876250615,3.2702351070834697,0.0064327016187258335
d2,damage_100hp,Pecharunt ex [PRE 163],Pecharunt ex,1.153191489361702,1880,-0.2433380362433099,-2.28017156216292,1.93291337078649,0.0037392274985092065
d2,damage_100hp,Premium Power Pro,Premium Power Pro,3.239827373612824,1622,0.1583075215782984,-0.43059090515862997,1.31521542527583,0.003418188301551993
d2,damage_100hp,Mega Greninja ex [CRI 100],Mega Greninja ex,2.15267175572519,262,0.3692575728395998,-5.438330271768059,3.08839271993701,0.003372721280674651
d2,damage_100hp,Kieran,Kieran,1.1652010050251256,1592,0.0979858061599708,-0.96005096929701,1.30098532050267,0.0013383454263003742
d2,damage_100hp,Lillie's Determination,Lillie's Determination,3.696103767021171,20122,-0.0040141938400291,1.0112892653032999,0.49703372052656,1.5389044101986838e-05
d2,damage_100hp,Judge,Judge,1.2382084323783311,7993,-0.0040141938400291,0.88484391245938,0.5044523049742901,1.493974312694873e-05
d2,damage_100hp,Team Rocket's Petrel,Team Rocket's Petrel,2.348656591099916,4764,-0.0040141938400291,-0.50796932592808,0.5568055579490601,1.226242116996632e-05
d2,damage_100hp,Hilda,Hilda,2.6769928220627124,5294,-0.0040141938400291,-0.6717387301507399,0.58453212429224,1.1126705267425422e-05
d2,damage_100hp,Boss's Orders,Boss's Orders,2.730084081516317,21051,-0.0040141938400291,0.04169786266642,0.61998560435825,9.890543119755499e-06
d2,damage_100hp,Dawn,Dawn,1.941396933560477,5870,-0.0040141938400291,0.81304495834052,0.62655616881671,9.684190666121703e-06
d2,damage_100hp,Crispin,Crispin,2.513755225041314,10287,-0.0040141938400291,-0.9111187388759,0.72592669668592,7.214360086655149e-06
d2,damage_100hp,Brock's Scouting,Brock's Scouting,1.6400638467677573,1253,-0.0040141938400291,0.28349855727281004,0.75250393485443,6.713759833119332e-06
d2,damage_100hp,Wally's Compassion,Wally's Compassion,2.1021034180543383,2282,-0.0040141938400291,-0.42477258155434,0.87764027462876,4.935717136700269e-06
d2,damage_100hp,Xerosic's Machinations,Xerosic's Machinations,1.10868555503948,2153,-0.0040141938400291,-0.53404600027486,0.9056918124757901,4.63470897033893e-06
d2,damage_100hp,Ciphermaniac's Codebreaking,Ciphermaniac's Codebreaking,1.5934489402697496,3633,-0.0040141938400291,1.02274539140781,0.92335126630049,4.459123016130371e-06
d2,damage_100hp,Cyrano,Cyrano,1.9696254792096728,3391,-0.0040141938400291,1.64233530992033,1.15604305001391,2.844692564617334e-06
d2,damage_100hp,Rosa's Encouragement,Rosa's Encouragement,1.0029948271167983,3673,-0.0040141938400291,-2.4815209607585698,1.2076076578797499,2.6069435975891326e-06
d2,damage_100hp,Lana's Aid,Lana's Aid,1.0278390297684674,3628,-0.0040141938400291,-0.33509769273323997,1.27432649622201,2.341110568318846e-06
d2,damage_100hp,Ethan's Adventure,Ethan's Adventure,4.0,163,-0.0040141938400291,-2.70852557865264,1.44003116671562,1.8333254551814916e-06
d2,damage_100hp,Surfer,Surfer,1.1159196290571871,647,-0.0040141938400291,-0.49477738604586996,1.46303398065798,1.7761290820599677e-06
d2,damage_100hp,Gwynn,Gwynn,2.89375,480,-0.0040141938400291,3.7269619222731,1.4714779824094602,1.755803116372709e-06
d2,damage_100hp,Team Rocket's Archer,Team Rocket's Archer,2.7679290894439967,1241,-0.0040141938400291,3.6678955868780103,1.5544234569889201,1.5734200105435904e-06
d2,damage_100hp,Eri,Eri,1.4404096834264433,1074,-0.0040141938400291,2.31976656877355,1.61680025133543,1.4543556278627885e-06
d2,damage_100hp,Janine's Secret Art,Janine's Secret Art,1.091338582677165,635,-0.0040141938400291,0.23539314137640002,1.6898387187688002,1.331351826313656e-06
d2,damage_100hp,Team Rocket's Ariana,Team Rocket's Ariana,3.4244928625093918,1331,-0.0040141938400291,-0.18571059236969,1.7653885873583801,1.2198395848539218e-06
d2,damage_100hp,Briar,Briar,1.0,1136,-0.0040141938400291,1.41143797522271,1.79545351206858,1.1793291197557134e-06
d2,damage_100hp,Tarragon,Tarragon,1.5123674911660778,283,-0.0040141938400291,-2.4354787374018803,1.96581349357733,9.837816741756624e-07
d2,damage_100hp,Ruffian,Ruffian,1.0043478260869565,230,-0.0040141938400291,-2.3896078494409,2.64673011939602,5.427052622290579e-07
d2,damage_100hp,Bianca's Devotion,Bianca's Devotion,1.0145454545454546,275,-0.0040141938400291,-3.72086270543234,3.4075337592647,3.2741835144268663e-07
d2,damage_100hp,Pokémon Center Lady,Pokémon Center Lady,1.0282608695652171,460,-0.0040141938400291,-7.10636135100907,4.53585674859516,1.8478413931808313e-07
d2,disruption,Special Red Card,Special Red Card,1.0428553315582605,7887,1.692714593635096,-1.3446629890986699,0.77573783492356,0.262256319332587
d2,disruption,Judge,Judge,1.2382084323783311,7993,0.9543810771591807,0.88484391245938,0.5044523049742901,0.19714776156328964
d2,disruption,Xerosic's Machinations,Xerosic's Machinations,1.10868555503948,2153,1.634381077159181,-0.53404600027486,0.9056918124757901,0.17936355359004866
d2,disruption,Team Rocket's Watchtower,Team Rocket's Watchtower,1.5065687789799074,5176,0.9683299845440494,1.05472340497119,0.66615502272035,0.11638166844097672
d2,disruption,Unfair Stamp,Unfair Stamp,1.0,10539,2.04,4.9806631721845696,2.34883913492584,0.04154724381959452
d2,disruption,Team Rocket's Archer,Team Rocket's Archer,2.7679290894439967,1241,1.2943810771591808,3.6678955868780103,1.5544234569889201,0.038192145845618905
d2,disruption,Jamming Tower,Jamming Tower,1.0814099874108267,2383,0.6744641208560639,-2.49518577179718,0.98516057820808,0.025816186255399304
d2,disruption,Tool Scrapper,Tool Scrapper,1.0025236593059936,1585,0.6798283911671924,-1.24513805806494,1.0396259676822899,0.023552271026581695
d2,disruption,Crushing Hammer,Crushing Hammer,3.749531208143584,3733,0.2465159389231181,0.3358661335899,0.40850377712959,0.02005793818285015
d2,disruption,Genesect [SFA 40],Genesect,1.056677524429967,1535,0.9162296601873752,0.64295074851154,1.6479683411460297,0.017025481261796364
d2,disruption,Enhanced Hammer,Enhanced Hammer,1.8754633061527055,1349,0.6204684951816161,-1.33812064840764,1.1374515411215,0.01638936377301067
d2,disruption,Chien-Pao [SSP 56],Chien-Pao,1.0021701388888888,2304,0.79759125,-0.41023797107029997,1.71627290396928,0.011895330199735403
d2,disruption,Eri,Eri,1.4404096834264433,1074,0.7503810771591807,2.31976656877355,1.61680025133543,0.011864226890214673
d2,disruption,Handheld Fan,Handheld Fan,1.6657342657342658,1430,0.380838041958042,-0.019468807041419997,0.8599054904493401,0.010803578594074425
d2,disruption,Flutter Mane [PRE 43],Flutter Mane,1.0,221,1.184424693698276,-1.24471950148243,2.94541714875108,0.008906554234422897
d2,disruption,Ruffian,Ruffian,1.0043478260869565,230,0.9543810771591807,-2.3896078494409,2.64673011939602,0.007161644395617462
d2,disruption,Nighttime Mine,Nighttime Mine,2.482962962962963,675,0.2895792592592593,-0.7418006795426101,0.95076337479158,0.005109500558260892
d2,disruption,Lillie's Determination,Lillie's Determination,3.696103767021171,20122,-0.0656189228408193,1.0112892653032999,0.49703372052656,0.0009600081470663076
d2,disruption,Team Rocket's Petrel,Team Rocket's Petrel,2.348656591099916,4764,-0.0656189228408193,-0.50796932592808,0.5568055579490601,0.0007649613678348077
d2,disruption,Hilda,Hilda,2.6769928220627124,5294,-0.0656189228408193,-0.6717387301507399,0.58453212429224,0.0006941124891152216
d2,disruption,Boss's Orders,Boss's Orders,2.730084081516317,21051,-0.0656189228408193,0.04169786266642,0.61998560435825,0.0006169975153070112
d2,disruption,Dawn,Dawn,1.941396933560477,5870,-0.0656189228408193,0.81304495834052,0.62655616881671,0.0006041247185730029
d2,disruption,Crispin,Crispin,2.513755225041314,10287,-0.0656189228408193,-0.9111187388759,0.72592669668592,0.0004500503353658438
d2,disruption,Brock's Scouting,Brock's Scouting,1.6400638467677573,1253,-0.0656189228408193,0.28349855727281004,0.75250393485443,0.00041882160415726945
d2,disruption,Wally's Compassion,Wally's Compassion,2.1021034180543383,2282,-0.0656189228408193,-0.42477258155434,0.87764027462876,0.00030790272816459696
d2,disruption,Ciphermaniac's Codebreaking,Ciphermaniac's Codebreaking,1.5934489402697496,3633,-0.0656189228408193,1.02274539140781,0.92335126630049,0.00027817156126697703
d2,disruption,Cyrano,Cyrano,1.9696254792096728,3391,-0.0656189228408193,1.64233530992033,1.15604305001391,0.00017745923787293628
d2,disruption,Rosa's Encouragement,Rosa's Encouragement,1.0029948271167983,3673,-0.0656189228408193,-2.4815209607585698,1.2076076578797499,0.00016262784589101296
d2,disruption,Lana's Aid,Lana's Aid,1.0278390297684674,3628,-0.0656189228408193,-0.33509769273323997,1.27432649622201,0.0001460444978826826
d2,disruption,Kieran,Kieran,1.1652010050251256,1592,-0.0656189228408193,-0.96005096929701,1.30098532050267,0.00014012055012390594
d2,disruption,Black Belt's Training,Black Belt's Training,1.1809136137494347,2211,-0.0656189228408193,0.04813924872117,1.37791239582221,0.0001249117843010483
d2,disruption,Ethan's Adventure,Ethan's Adventure,4.0,163,-0.0656189228408193,-2.70852557865264,1.44003116671562,0.00011436755665487042
d2,disruption,Surfer,Surfer,1.1159196290571871,647,-0.0656189228408193,-0.49477738604586996,1.46303398065798,0.00011079949980771261
d2,disruption,Gwynn,Gwynn,2.89375,480,-0.0656189228408193,3.7269619222731,1.4714779824094602,0.00010953151379588234
d2,disruption,Janine's Secret Art,Janine's Secret Art,1.091338582677165,635,-0.0656189228408193,0.23539314137640002,1.6898387187688002,8.30531507611772e-05
d2,disruption,Team Rocket's Ariana,Team Rocket's Ariana,3.4244928625093918,1331,-0.0656189228408193,-0.18571059236969,1.7653885873583801,7.609673036303506e-05
d2,disruption,Briar,Briar,1.0,1136,-0.0656189228408193,1.41143797522271,1.79545351206858,7.35695833694993e-05
d2,disruption,Tarragon,Tarragon,1.5123674911660778,283,-0.0656189228408193,-2.4354787374018803,1.96581349357733,6.137083082510848e-05
d2,disruption,Gladion's Final Battle,Gladion's Final Battle,2.1944444444444446,288,-0.0656189228408193,0.35855876250615,3.2702351070834697,2.217627881671991e-05
d2,disruption,Bianca's Devotion,Bianca's Devotion,1.0145454545454546,275,-0.0656189228408193,-3.72086270543234,3.4075337592647,2.0425198784336267e-05
d2,disruption,Pokémon Center Lady,Pokémon Center Lady,1.0282608695652171,460,-0.0656189228408193,-7.10636135100907,4.53585674859516,1.1527309819788776e-05
d2,draw,Lillie's Determination,Lillie's Determination,3.696103767021171,20122,3.1288215082355806,1.0112892653032999,0.49703372052656,0.3067172037631647
d2,draw,Fezandipiti ex [ASC 142],Fezandipiti ex,1.004408945686901,15650,5.082791603940141,3.0626333347893,0.92148822374998,0.23549044795245855
d2,draw,Judge,Judge,1.2382084323783311,7993,1.4968215082355805,0.88484391245938,0.5044523049742901,0.06814720927647351
d2,draw,Team Rocket's Petrel,Team Rocket's Petrel,2.348656591099916,4764,-1.22317849176442,-0.50796932592808,0.5568055579490601,0.03735259813792557
d2,draw,Hilda,Hilda,2.6769928220627124,5294,-1.22317849176442,-0.6717387301507399,0.58453212429224,0.03389309049922504
d2,draw,Boss's Orders,Boss's Orders,2.730084081516317,21051,-1.22317849176442,0.04169786266642,0.61998560435825,0.0301276132500566
d2,draw,Dawn,Dawn,1.941396933560477,5870,-1.22317849176442,0.81304495834052,0.62655616881671,0.029499042418201924
d2,draw,Crispin,Crispin,2.513755225041314,10287,-1.22317849176442,-0.9111187388759,0.72592669668592,0.021975684035313543
d2,draw,Dudunsparce [PRE 80],Dudunsparce,2.0035094560343145,5129,2.407320000000001,-2.16550750516078,1.43902549928135,0.021661021615704667
d2,draw,Brock's Scouting,Brock's Scouting,1.6400638467677573,1253,-1.22317849176442,0.28349855727281004,0.75250393485443,0.020450804092038984
d2,draw,Alakazam [MEG 56],Alakazam,3.023303632625085,1459,2.3976675000000007,-2.76858710725535,1.5935782125761602,0.017521828015737418
d2,draw,Gwynn,Gwynn,2.89375,480,2.1768215082355806,3.7269619222731,1.4714779824094602,0.01693894549004607
d2,draw,Unfair Stamp,Unfair Stamp,1.0,10539,3.4000000000000004,4.9806631721845696,2.34883913492584,0.01621808426815468
d2,draw,Team Rocket's Archer,Team Rocket's Archer,2.7679290894439967,1241,2.1768215082355806,3.6678955868780103,1.5544234569889201,0.01517942162365321
d2,draw,Wally's Compassion,Wally's Compassion,2.1021034180543383,2282,-1.22317849176442,-0.42477258155434,0.87764027462876,0.015034702867748929
d2,draw,Xerosic's Machinations,Xerosic's Machinations,1.10868555503948,2153,-1.22317849176442,-0.53404600027486,0.9056918124757901,0.014117800983652264
d2,draw,Ciphermaniac's Codebreaking,Ciphermaniac's Codebreaking,1.5934489402697496,3633,-1.22317849176442,1.02274539140781,0.92335126630049,0.013582948078560399
d2,draw,Cyrano,Cyrano,1.9696254792096728,3391,-1.22317849176442,1.64233530992033,1.15604305001391,0.008665226607315103
d2,draw,Rosa's Encouragement,Rosa's Encouragement,1.0029948271167983,3673,-1.22317849176442,-2.4815209607585698,1.2076076578797499,0.007941018761244544
d2,draw,Lana's Aid,Lana's Aid,1.0278390297684674,3628,-1.22317849176442,-0.33509769273323997,1.27432649622201,0.007131263968411272
d2,draw,Kieran,Kieran,1.1652010050251256,1592,-1.22317849176442,-0.96005096929701,1.30098532050267,0.0068420012038746016
d2,draw,Lucky Helmet,Lucky Helmet,1.3352891869237218,1193,0.9858005029337804,2.3113011897752997,1.0653868749791,0.006626918864911278
d2,draw,Seaking [PRE 21],Seaking,1.1782437745740495,763,3.661971095365593,5.18285923857002,4.00577116739526,0.006468533304356872
d2,draw,Black Belt's Training,Black Belt's Training,1.1809136137494347,2211,-1.22317849176442,0.04813924872117,1.37791239582221,0.006099366422770602
d2,draw,Ethan's Adventure,Ethan's Adventure,4.0,163,-1.22317849176442,-2.70852557865264,1.44003116671562,0.005584498202618156
d2,draw,Alakazam [TWM 82],Alakazam,1.0,170,2.4133950000000004,5.79052537100137,3.10391816504392,0.004679339538433672
d2,draw,Eri,Eri,1.4404096834264433,1074,-1.22317849176442,2.31976656877355,1.61680025133543,0.0044301170677648796
d2,draw,Janine's Secret Art,Janine's Secret Art,1.091338582677165,635,-1.22317849176442,0.23539314137640002,1.6898387187688002,0.004055434816599425
d2,draw,Briar,Briar,1.0,1136,-1.22317849176442,1.41143797522271,1.79545351206858,0.003592357991297868
d2,draw,Team Rocket's Ariana,Team Rocket's Ariana,3.4244928625093918,1331,1.1568215082355802,-0.18571059236969,1.7653885873583801,0.003323535691208281
d2,draw,Lunatone [ASC 105],Lunatone,2.007692307692308,1300,2.2206934802075,5.63148669982063,3.43478629847492,0.003235385676426693
d2,draw,Tarragon,Tarragon,1.5123674911660778,283,-1.22317849176442,-2.4354787374018803,1.96581349357733,0.002996700327088837
d2,draw,Ruffian,Ruffian,1.0043478260869565,230,-1.22317849176442,-2.3896078494409,2.64673011939602,0.0016531361373420509
d2,draw,Gladion's Final Battle,Gladion's Final Battle,2.1944444444444446,288,-1.22317849176442,0.35855876250615,3.2702351070834697,0.0010828542010953024
d2,draw,Bianca's Devotion,Bianca's Devotion,1.0145454545454546,275,-1.22317849176442,-3.72086270543234,3.4075337592647,0.0009973500285877352
d2,draw,Pokémon Center Lady,Pokémon Center Lady,1.0282608695652171,460,-1.22317849176442,-7.10636135100907,4.53585674859516,0.0005628715245171904
d2,draw,Surfer,Surfer,1.1159196290571871,647,0.1368215082355801,-0.49477738604586996,1.46303398065798,6.769368990135512e-05
d2,draw,Mega Kangaskhan ex [MEG 104],Mega Kangaskhan ex,2.9029209621993126,3492,0.0649774999999993,5.108692984546781,0.8608513870604099,4.409789872752099e-05
d2,draw,Teal Mask Ogerpon ex [PRE 12],Teal Mask Ogerpon ex,3.259402985074627,3350,0.0559032718603468,-0.41121008057459,1.42863373104887,1.1851707390957963e-05
d2,evo_tempo,Rare Candy,Rare Candy,2.4156071201525746,6292,0.583738715829625,-2.19144223629292,0.53729529668684,0.7371431281514922
d2,evo_tempo,Forest of Vitality,Forest of Vitality,3.2823403113258185,1863,0.7872012882447665,-2.50956085987335,1.21337929442981,0.2628568718485078
d2,gust,Boss's Orders,Boss's Orders,2.730084081516317,21051,0.5423833571385158,0.04169786266642,0.61998560435825,0.36566345786038046
d2,gust,Yveltal [MEG 88],Yveltal,1.0314595152140278,1939,1.098271383623203,0.40407344289867003,1.4107516909993,0.2895677822253567
d2,gust,Lillie's Determination,Lillie's Determination,3.696103767021171,20122,-0.1376166428614842,1.0112892653032999,0.49703372052656,0.036627078041306646
d2,gust,Judge,Judge,1.2382084323783311,7993,-0.1376166428614842,0.88484391245938,0.5044523049742901,0.03555770805525071
d2,gust,Prime Catcher,Prime Catcher,1.0,923,0.68,1.0044216672594202,2.70958541429307,0.030091524944852833
d2,gust,Team Rocket's Petrel,Team Rocket's Petrel,2.348656591099916,4764,-0.1376166428614842,-0.50796932592808,0.5568055579490601,0.029185481189812196
d2,gust,Hilda,Hilda,2.6769928220627124,5294,-0.1376166428614842,-0.6717387301507399,0.58453212429224,0.026482392244232537
d2,gust,Dawn,Dawn,1.941396933560477,5870,-0.1376166428614842,0.81304495834052,0.62655616881671,0.023049099407619362
d2,gust,Pokémon Catcher,Pokémon Catcher,2.4423076923076925,156,0.2909615384615385,1.80988391713311,1.34558371701567,0.022339928864943303
d2,gust,Crispin,Crispin,2.513755225041314,10287,-0.1376166428614842,-0.9111187388759,0.72592669668592,0.017170717567694182
d2,gust,Brock's Scouting,Brock's Scouting,1.6400638467677573,1253,-0.1376166428614842,0.28349855727281004,0.75250393485443,0.015979251455033747
d2,gust,Wally's Compassion,Wally's Compassion,2.1021034180543383,2282,-0.1376166428614842,-0.42477258155434,0.87764027462876,0.01174737661141638
d2,gust,Xerosic's Machinations,Xerosic's Machinations,1.10868555503948,2153,-0.1376166428614842,-0.53404600027486,0.9056918124757901,0.011030954621374519
d2,gust,Ciphermaniac's Codebreaking,Ciphermaniac's Codebreaking,1.5934489402697496,3633,-0.1376166428614842,1.02274539140781,0.92335126630049,0.01061304689395928
d2,gust,Hariyama [MEG 73],Hariyama,1.9408672798948752,761,0.7088499999999998,6.31040436934686,5.34026825938859,0.008418110135239382
d2,gust,Cyrano,Cyrano,1.9696254792096728,3391,-0.1376166428614842,1.64233530992033,1.15604305001391,0.0067705814524445865
d2,gust,Rosa's Encouragement,Rosa's Encouragement,1.0029948271167983,3673,-0.1376166428614842,-2.4815209607585698,1.2076076578797499,0.006204721096734924
d2,gust,Briar,Briar,1.0,1136,0.2023833571385158,1.41143797522271,1.79545351206858,0.0060706238665741204
d2,gust,Lana's Aid,Lana's Aid,1.0278390297684674,3628,-0.1376166428614842,-0.33509769273323997,1.27432649622201,0.005572018568591368
d2,gust,Kieran,Kieran,1.1652010050251256,1592,-0.1376166428614842,-0.96005096929701,1.30098532050267,0.005346002885769929
d2,gust,Black Belt's Training,Black Belt's Training,1.1809136137494347,2211,-0.1376166428614842,0.04813924872117,1.37791239582221,0.004765744630245678
d2,gust,Ethan's Adventure,Ethan's Adventure,4.0,163,-0.1376166428614842,-2.70852557865264,1.44003116671562,0.004363451951728247
d2,gust,Surfer,Surfer,1.1159196290571871,647,-0.1376166428614842,-0.49477738604586996,1.46303398065798,0.0042273202980583945
d2,gust,Gwynn,Gwynn,2.89375,480,-0.1376166428614842,3.7269619222731,1.4714779824094602,0.004178942976727824
d2,gust,Team Rocket's Archer,Team Rocket's Archer,2.7679290894439967,1241,-0.1376166428614842,3.6678955868780103,1.5544234569889201,0.00374485751915502
d2,gust,Eri,Eri,1.4404096834264433,1074,-0.1376166428614842,2.31976656877355,1.61680025133543,0.003461475367054572
d2,gust,Janine's Secret Art,Janine's Secret Art,1.091338582677165,635,-0.1376166428614842,0.23539314137640002,1.6898387187688002,0.0031687171028726003
d2,gust,Team Rocket's Ariana,Team Rocket's Ariana,3.4244928625093918,1331,-0.1376166428614842,-0.18571059236969,1.7653885873583801,0.0029033096127491958
d2,gust,Tarragon,Tarragon,1.5123674911660778,283,-0.1376166428614842,-2.4354787374018803,1.96581349357733,0.0023414740978607742
d2,gust,Ruffian,Ruffian,1.0043478260869565,230,-0.1376166428614842,-2.3896078494409,2.64673011939602,0.001291679188217099
d2,gust,Gladion's Final Battle,Gladion's Final Battle,2.1944444444444446,288,-0.1376166428614842,0.35855876250615,3.2702351070834697,0.0008460889601488701
d2,gust,Bianca's Devotion,Bianca's Devotion,1.0145454545454546,275,-0.1376166428614842,-3.72086270543234,3.4075337592647,0.000779280209412029
d2,gust,Pokémon Center Lady,Pokémon Center Lady,1.0282608695652171,460,-0.1376166428614842,-7.10636135100907,4.53585674859516,0.00043980009718246895
d2,heal_100hp,Wally's Compassion,Wally's Compassion,2.1021034180543383,2282,1.337430492919225,-0.42477258155434,0.87764027462876,0.346624575498834
d2,heal_100hp,Shaymin [DRI 10],Shaymin,1.000178380306814,5606,1.1048263302744257,-2.54706685288267,0.76929425955963,0.30785984521728654
d2,heal_100hp,Munkidori [ASC 99],Munkidori,1.8413041343415495,10183,0.9215905110827998,1.23904769586097,0.79782276463692,0.19916505448711558
d2,heal_100hp,Psyduck [ASC 226],Psyduck,1.0020689655172417,2900,0.50263568938908,-3.1440406609541602,0.87401915936661,0.04936449939333548
d2,heal_100hp,Battle Cage,Battle Cage,2.554311774461028,2412,0.3445840796019901,-1.35451203554217,0.71312732740828,0.0348502788224474
d2,heal_100hp,Jumbo Ice Cream,Jumbo Ice Cream,3.258812615955473,1078,0.4211205936920223,0.76375129247645,1.2344900888161099,0.01736951704861807
d2,heal_100hp,Hero's Cape,Hero's Cape,1.0,1969,0.68,0.79266864969346,2.44399839744823,0.011554894654448622
d2,heal_100hp,Patrat [CRI 70],Patrat,1.0,524,0.4907338940334373,0.9733901715696001,2.02676473719611,0.008750551581975427
d2,heal_100hp,Bianca's Devotion,Bianca's Devotion,1.0145454545454546,275,0.7934304929192245,-3.72086270543234,3.4075337592647,0.008092588145734844
d2,heal_100hp,Rabsca [TEF 24],Rabsca,1.0544354838709675,992,0.5813644274802281,-0.21364495169616998,3.21848776912494,0.004870159465590621
d2,heal_100hp,Annihilape [SSP 100],Annihilape,1.0,451,0.55950160993875,-6.21878590559546,3.11465171844868,0.004816523661843724
d2,heal_100hp,Annihilape [PBL 41],Annihilape,1.0,248,0.55950160993875,7.789974308097861,3.8662953164507803,0.0031258104079564825
d2,heal_100hp,Pokémon Center Lady,Pokémon Center Lady,1.0282608695652171,460,0.3854304929192244,-7.10636135100907,4.53585674859516,0.0010777635185533427
d2,heal_100hp,Lillie's Determination,Lillie's Determination,3.696103767021171,20122,-0.0225695070807755,1.0112892653032999,0.49703372052656,0.00030776727501660706
d2,heal_100hp,Judge,Judge,1.2382084323783311,7993,-0.0225695070807755,0.88484391245938,0.5044523049742901,0.00029878165278865275
d2,heal_100hp,Team Rocket's Petrel,Team Rocket's Petrel,2.348656591099916,4764,-0.0225695070807755,-0.50796932592808,0.5568055579490601,0.0002452375809423564
d2,heal_100hp,Hilda,Hilda,2.6769928220627124,5294,-0.0225695070807755,-0.6717387301507399,0.58453212429224,0.00022252426709377815
d2,heal_100hp,Boss's Orders,Boss's Orders,2.730084081516317,21051,-0.0225695070807755,0.04169786266642,0.61998560435825,0.0001978021171573874
d2,heal_100hp,Dawn,Dawn,1.941396933560477,5870,-0.0225695070807755,0.81304495834052,0.62655616881671,0.00019367525054195774
d2,heal_100hp,Crispin,Crispin,2.513755225041314,10287,-0.0225695070807755,-0.9111187388759,0.72592669668592,0.0001442808227816935
d2,heal_100hp,Brock's Scouting,Brock's Scouting,1.6400638467677573,1253,-0.0225695070807755,0.28349855727281004,0.75250393485443,0.0001342692603427081
d2,heal_100hp,Xerosic's Machinations,Xerosic's Machinations,1.10868555503948,2153,-0.0225695070807755,-0.53404600027486,0.9056918124757901,9.269008138797113e-05
d2,heal_100hp,Ciphermaniac's Codebreaking,Ciphermaniac's Codebreaking,1.5934489402697496,3633,-0.0225695070807755,1.02274539140781,0.92335126630049,8.91785175572468e-05
d2,heal_100hp,Cyrano,Cyrano,1.9696254792096728,3391,-0.0225695070807755,1.64233530992033,1.15604305001391,5.6891336009573614e-05
d2,heal_100hp,Rosa's Encouragement,Rosa's Encouragement,1.0029948271167983,3673,-0.0225695070807755,-2.4815209607585698,1.2076076578797499,5.213656688711489e-05
d2,heal_100hp,Lana's Aid,Lana's Aid,1.0278390297684674,3628,-0.0225695070807755,-0.33509769273323997,1.27432649622201,4.6820141351797646e-05
d2,heal_100hp,Kieran,Kieran,1.1652010050251256,1592,-0.0225695070807755,-0.96005096929701,1.30098532050267,4.492099365744636e-05
d2,heal_100hp,Black Belt's Training,Black Belt's Training,1.1809136137494347,2211,-0.0225695070807755,0.04813924872117,1.37791239582221,4.0045242938069076e-05
d2,heal_100hp,Ethan's Adventure,Ethan's Adventure,4.0,163,-0.0225695070807755,-2.70852557865264,1.44003116671562,3.6664888073648535e-05
d2,heal_100hp,Surfer,Surfer,1.1159196290571871,647,-0.0225695070807755,-0.49477738604586996,1.46303398065798,3.5521011184363915e-05
d2,heal_100hp,Gwynn,Gwynn,2.89375,480,-0.0225695070807755,3.7269619222731,1.4714779824094602,3.511450984287766e-05
d2,heal_100hp,Team Rocket's Archer,Team Rocket's Archer,2.7679290894439967,1241,-0.0225695070807755,3.6678955868780103,1.5544234569889201,3.146700898979698e-05
d2,heal_100hp,Hydrapple ex [PRE 11],Hydrapple ex,2.010501750291715,857,0.1640623460501391,1.9343205888515898,11.41804861739846,3.081655293314143e-05
d2,heal_100hp,Eri,Eri,1.4404096834264433,1074,-0.0225695070807755,2.31976656877355,1.61680025133543,2.9085826613142807e-05
d2,heal_100hp,Janine's Secret Art,Janine's Secret Art,1.091338582677165,635,-0.0225695070807755,0.23539314137640002,1.6898387187688002,2.662585934236395e-05
d2,heal_100hp,Team Rocket's Ariana,Team Rocket's Ariana,3.4244928625093918,1331,-0.0225695070807755,-0.18571059236969,1.7653885873583801,2.4395713112512972e-05
d2,heal_100hp,Briar,Briar,1.0,1136,-0.0225695070807755,1.41143797522271,1.79545351206858,2.3585539629981903e-05
d2,heal_100hp,Tarragon,Tarragon,1.5123674911660778,283,-0.0225695070807755,-2.4354787374018803,1.96581349357733,1.9674763621817724e-05
d2,heal_100hp,Ruffian,Ruffian,1.0043478260869565,230,-0.0225695070807755,-2.3896078494409,2.64673011939602,1.085362538351852e-05
d2,heal_100hp,Gladion's Final Battle,Gladion's Final Battle,2.1944444444444446,288,-0.0225695070807755,0.35855876250615,3.2702351070834697,7.1094531044213985e-06
d2,heal_100hp,Crustle [DRI 12],Crustle,2.9495798319327733,595,0.0004305000000001,-0.22119961717681,3.51577163052253,2.237973786653384e-09
d2,item_lock,Budew [ASC 16],Budew,1.31640242708945,10218,1.513275625,-0.59063377282152,0.75894169290154,1.0
d2,recover,Lana's Aid,Lana's Aid,1.0278390297684674,3628,2.011678333738528,-0.33509769273323997,1.27432649622201,0.32182654592833704
d2,recover,Tarragon,Tarragon,1.5123674911660778,283,2.691678333738528,-2.4354787374018803,1.96581349357733,0.24211846251485752
d2,recover,Night Stretcher,Night Stretcher,1.9697713598074609,20775,0.6140555475330927,0.25936977301909997,0.48867368203524,0.20391239771747294
d2,recover,Energy Retrieval,Energy Retrieval,1.2052785923753666,682,1.3320821114369503,0.97695078008584,1.27683125222676,0.14055982173988524
d2,recover,Sacred Ash,Sacred Ash,1.0096638655462185,2380,1.0190142857142857,-1.34738684632163,1.4070224045042001,0.06773680884227389
d2,recover,Energy Recycler,Energy Recycler,1.2085308056872035,633,0.5326559241706161,-2.06810453850055,1.45841571326346,0.01722650073465599
d2,recover,Miracle Headset,Miracle Headset,1.0,580,1.36,-3.2171323805690397,8.60261861756652,0.003227622178368259
d2,recover,Lillie's Determination,Lillie's Determination,3.696103767021171,20122,-0.028321666261472,1.0112892653032999,0.49703372052656,0.0004193069950526514
d2,recover,Judge,Judge,1.2382084323783311,7993,-0.028321666261472,0.88484391245938,0.5044523049742901,0.0004070648414485083
d2,recover,Team Rocket's Petrel,Team Rocket's Petrel,2.348656591099916,4764,-0.028321666261472,-0.50796932592808,0.5568055579490601,0.00033411555251731083
d2,recover,Hilda,Hilda,2.6769928220627124,5294,-0.028321666261472,-0.6717387301507399,0.58453212429224,0.00030317057509233537
d2,recover,Boss's Orders,Boss's Orders,2.730084081516317,21051,-0.028321666261472,0.04169786266642,0.61998560435825,0.00026948872766229345
d2,recover,Dawn,Dawn,1.941396933560477,5870,-0.028321666261472,0.81304495834052,0.62655616881671,0.00026386621942321725
d2,recover,Crispin,Crispin,2.513755225041314,10287,-0.028321666261472,-0.9111187388759,0.72592669668592,0.00019657047111669543
d2,recover,Brock's Scouting,Brock's Scouting,1.6400638467677573,1253,-0.028321666261472,0.28349855727281004,0.75250393485443,0.0001829305603696986
d2,recover,Wally's Compassion,Wally's Compassion,2.1021034180543383,2282,-0.028321666261472,-0.42477258155434,0.87764027462876,0.00013448403340090946
d2,recover,Xerosic's Machinations,Xerosic's Machinations,1.10868555503948,2153,-0.028321666261472,-0.53404600027486,0.9056918124757901,0.00012628243043669502
d2,recover,Ciphermaniac's Codebreaking,Ciphermaniac's Codebreaking,1.5934489402697496,3633,-0.028321666261472,1.02274539140781,0.92335126630049,0.00012149822042698184
d2,recover,Cyrano,Cyrano,1.9696254792096728,3391,-0.028321666261472,1.64233530992033,1.15604305001391,7.750965447972921e-05
d2,recover,Rosa's Encouragement,Rosa's Encouragement,1.0029948271167983,3673,-0.028321666261472,-2.4815209607585698,1.2076076578797499,7.10316819506495e-05
d2,recover,Kieran,Kieran,1.1652010050251256,1592,-0.028321666261472,-0.96005096929701,1.30098532050267,6.120107105041196e-05
d2,recover,Black Belt's Training,Black Belt's Training,1.1809136137494347,2211,-0.028321666261472,0.04813924872117,1.37791239582221,5.455827128342057e-05
d2,recover,Ethan's Adventure,Ethan's Adventure,4.0,163,-0.028321666261472,-2.70852557865264,1.44003116671562,4.995282244115718e-05
d2,recover,Surfer,Surfer,1.1159196290571871,647,-0.028321666261472,-0.49477738604586996,1.46303398065798,4.83943865056594e-05
d2,recover,Gwynn,Gwynn,2.89375,480,-0.028321666261472,3.7269619222731,1.4714779824094602,4.7840562659461736e-05
d2,recover,Team Rocket's Archer,Team Rocket's Archer,2.7679290894439967,1241,-0.028321666261472,3.6678955868780103,1.5544234569889201,4.2871149904077924e-05
d2,recover,Eri,Eri,1.4404096834264433,1074,-0.028321666261472,2.31976656877355,1.61680025133543,3.962698943583673e-05
d2,recover,Janine's Secret Art,Janine's Secret Art,1.091338582677165,635,-0.028321666261472,0.23539314137640002,1.6898387187688002,3.627549118384585e-05
d2,recover,Team Rocket's Ariana,Team Rocket's Ariana,3.4244928625093918,1331,-0.028321666261472,-0.18571059236969,1.7653885873583801,3.323710474683317e-05
d2,recover,Briar,Briar,1.0,1136,-0.028321666261472,1.41143797522271,1.79545351206858,3.213331160179162e-05
d2,recover,Ruffian,Ruffian,1.0043478260869565,230,-0.028321666261472,-2.3896078494409,2.64673011939602,1.4787150598596815e-05
d2,recover,Gladion's Final Battle,Gladion's Final Battle,2.1944444444444446,288,-0.028321666261472,0.35855876250615,3.2702351070834697,9.686031165990028e-06
d2,recover,Bianca's Devotion,Bianca's Devotion,1.0145454545454546,275,-0.028321666261472,-3.72086270543234,3.4075337592647,8.921204212469629e-06
d2,recover,Pokémon Center Lady,Pokémon Center Lady,1.0282608695652171,460,-0.028321666261472,-7.10636135100907,4.53585674859516,5.034833981719016e-06
d2,retreat,Air Balloon,Air Balloon,1.5823529411764703,5100,1.2808000000000002,-0.9015217940017899,0.70640359374421,0.39539386576214186
d2,retreat,Pecharunt ex [PRE 163],Pecharunt ex,1.153191489361702,1880,2.4333803624331,-2.28017156216292,1.93291337078649,0.19061993046079784
d2,retreat,Switch,Switch,1.159241489604752,4377,0.8030058944482523,-1.8364161867662099,0.72559702973028,0.14730570379288632
d2,retreat,Latias ex [SSP 220],Latias ex,1.6161705908485118,4502,1.0566282636532591,-2.27314175234695,1.26907423419052,0.0833764659124628
d2,retreat,N's Castle,N's Castle,1.848903330625508,1231,1.244549147034931,-1.53423781946373,1.8303415296471999,0.05560744294188201
d2,retreat,Surfer,Surfer,1.1159196290571871,647,0.8003634717072875,-0.49477738604586996,1.46303398065798,0.0359947185215851
d2,retreat,Abra [TWM 80],Abra,1.2011834319526626,507,0.98236707852,-0.93928363762838,1.83075649075954,0.03463056075476998
d2,retreat,Kieran,Kieran,1.1652010050251256,1592,0.5283634717072875,-0.96005096929701,1.30098532050267,0.01983781642771397
d2,retreat,Mew ex [30C 152],Mew ex,1.3582554517133956,321,0.62387861727075,-1.72564895098594,1.8134851106423802,0.014234601151792358
d2,retreat,Prime Catcher,Prime Catcher,1.0,923,0.8160000000000001,1.0044216672594202,2.70958541429307,0.01090806495218431
d2,retreat,Iron Leaves ex [PRE 176],Iron Leaves ex,1.006902502157032,1159,0.5355825000000001,0.77251709557668,1.93028301190602,0.009259421808496423
d2,retreat,Dunsparce [JTG 120],Dunsparce,2.0325288562434416,4765,0.1197967340099997,2.0246095896786502,1.33521990145395,0.0009681829983146008
d2,retreat,Dunsparce [PRE 79],Dunsparce,1.5056737588652482,1410,0.1197967340099997,0.48883608970767,1.38050191632028,0.0009057096980928576
d2,retreat,Lillie's Determination,Lillie's Determination,3.696103767021171,20122,-0.0156365282927125,1.0112892653032999,0.49703372052656,0.0001190370215673221
d2,retreat,Judge,Judge,1.2382084323783311,7993,-0.0156365282927125,0.88484391245938,0.5044523049742901,0.00011556159778522216
d2,retreat,Team Rocket's Petrel,Team Rocket's Petrel,2.348656591099916,4764,-0.0156365282927125,-0.50796932592808,0.5568055579490601,9.48520313284704e-05
d2,retreat,Hilda,Hilda,2.6769928220627124,5294,-0.0156365282927125,-0.6717387301507399,0.58453212429224,8.606706473215936e-05
d2,retreat,Boss's Orders,Boss's Orders,2.730084081516317,21051,-0.0156365282927125,0.04169786266642,0.61998560435825,7.650512837940737e-05
d2,retreat,Dawn,Dawn,1.941396933560477,5870,-0.0156365282927125,0.81304495834052,0.62655616881671,7.490895506864892e-05
d2,retreat,Crispin,Crispin,2.513755225041314,10287,-0.0156365282927125,-0.9111187388759,0.72592669668592,5.580437170354996e-05
d2,retreat,Brock's Scouting,Brock's Scouting,1.6400638467677573,1253,-0.0156365282927125,0.28349855727281004,0.75250393485443,5.1932138783699116e-05
d2,retreat,Wally's Compassion,Wally's Compassion,2.1021034180543383,2282,-0.0156365282927125,-0.42477258155434,0.87764027462876,3.8178659009479114e-05
d2,retreat,Xerosic's Machinations,Xerosic's Machinations,1.10868555503948,2153,-0.0156365282927125,-0.53404600027486,0.9056918124757901,3.585030675097407e-05
d2,retreat,Ciphermaniac's Codebreaking,Ciphermaniac's Codebreaking,1.5934489402697496,3633,-0.0156365282927125,1.02274539140781,0.92335126630049,3.4492117842064226e-05
d2,retreat,Cyrano,Cyrano,1.9696254792096728,3391,-0.0156365282927125,1.64233530992033,1.15604305001391,2.200420818360223e-05
d2,retreat,Rosa's Encouragement,Rosa's Encouragement,1.0029948271167983,3673,-0.0156365282927125,-2.4815209607585698,1.2076076578797499,2.0165177199729056e-05
d2,retreat,Lana's Aid,Lana's Aid,1.0278390297684674,3628,-0.0156365282927125,-0.33509769273323997,1.27432649622201,1.8108910947657672e-05
d2,retreat,Black Belt's Training,Black Belt's Training,1.1809136137494347,2211,-0.0156365282927125,0.04813924872117,1.37791239582221,1.5488542266328877e-05
d2,retreat,Ethan's Adventure,Ethan's Adventure,4.0,163,-0.0156365282927125,-2.70852557865264,1.44003116671562,1.4181101847656953e-05
d2,retreat,Gwynn,Gwynn,2.89375,480,-0.0156365282927125,3.7269619222731,1.4714779824094602,1.3581452626069567e-05
d2,retreat,Team Rocket's Archer,Team Rocket's Archer,2.7679290894439967,1241,-0.0156365282927125,3.6678955868780103,1.5544234569889201,1.2170686527914515e-05
d2,retreat,Eri,Eri,1.4404096834264433,1074,-0.0156365282927125,2.31976656877355,1.61680025133543,1.1249702131798278e-05
d2,retreat,Janine's Secret Art,Janine's Secret Art,1.091338582677165,635,-0.0156365282927125,0.23539314137640002,1.6898387187688002,1.0298245622814961e-05
d2,retreat,Team Rocket's Ariana,Team Rocket's Ariana,3.4244928625093918,1331,-0.0156365282927125,-0.18571059236969,1.7653885873583801,9.43567839617682e-06
d2,retreat,Briar,Briar,1.0,1136,-0.0156365282927125,1.41143797522271,1.79545351206858,9.122322668839923e-06
d2,retreat,Tarragon,Tarragon,1.5123674911660778,283,-0.0156365282927125,-2.4354787374018803,1.96581349357733,7.609728037056264e-06
d2,retreat,Ruffian,Ruffian,1.0043478260869565,230,-0.0156365282927125,-2.3896078494409,2.64673011939602,4.197922728437627e-06
d2,retreat,Gladion's Final Battle,Gladion's Final Battle,2.1944444444444446,288,-0.0156365282927125,0.35855876250615,3.2702351070834697,2.7497664346451697e-06
d2,retreat,Bianca's Devotion,Bianca's Devotion,1.0145454545454546,275,-0.0156365282927125,-3.72086270543234,3.4075337592647,2.532639786066257e-06
d2,retreat,Pokémon Center Lady,Pokémon Center Lady,1.0282608695652171,460,-0.0156365282927125,-7.10636135100907,4.53585674859516,1.4293385236621584e-06
d2,select,Prism Tower,Prism Tower,1.8469945355191255,549,0.6224043715846995,0.09294675590487,1.47201442472617,0.9139093769330892
d2,select,Academy at Night,Academy at Night,3.957647058823529,850,0.47888,-1.6169842351256802,3.69011390613043,0.0860906230669108
d2,tutor,Hilda,Hilda,2.6769928220627124,5294,1.0698549694584576,-0.6717387301507399,0.58453212429224,0.1256649244662459
d2,tutor,Dawn,Dawn,1.941396933560477,5870,1.0698549694584576,0.81304495834052,0.62655616881671,0.1093731755560824
d2,tutor,Buddy-Buddy Poffin,Buddy-Buddy Poffin,3.7020145841057968,16182,0.9925260165616118,1.6054496029139598,0.5827805164169599,0.1088064839982047
d2,tutor,Cyrano,Cyrano,1.9696254792096728,3391,1.4098549694584577,1.64233530992033,1.15604305001391,0.05579327955278324
d2,tutor,Ethan's Adventure,Ethan's Adventure,4.0,163,1.7498549694584575,-2.70852557865264,1.44003116671562,0.05539127381590051
d2,tutor,Ultra Ball,Ultra Ball,3.340971445991261,19682,0.5208139416725943,2.4796015686412,0.43306149772348,0.054255913632756676
d2,tutor,Brock's Scouting,Brock's Scouting,1.6400638467677573,1253,0.8658549694584575,0.28349855727281004,0.75250393485443,0.04966538230223249
d2,tutor,Poké Pad,Poké Pad,3.5840119575301514,19402,0.5042871868879497,0.91949522028257,0.4542565443231,0.04623112982820258
d2,tutor,Secret Box,Secret Box,1.0,2887,2.72,5.06302796521385,2.4968561160577,0.04451760592929769
d2,tutor,Fan Rotom [ASC 171],Fan Rotom,1.2313030069390902,1297,1.68305625,1.6180174741198199,1.62072406831322,0.040453874625631124
d2,tutor,Bug Catching Set,Bug Catching Set,3.32085020242915,2964,0.8354914979757085,0.94967959880546,0.82595967700737,0.038383750145220226
d2,tutor,Meowth ex [POR 107],Meowth ex,1.3534263523266203,14549,0.7433675,1.47932045468539,0.75669980971969,0.03620269618222142
d2,tutor,Pokégear 3.0,Pokégear 3.0,2.4128824476650563,3105,0.467139194847021,1.07479780254769,0.48547550417075996,0.03473273624417583
d2,tutor,Noctowl [PRE 78],Noctowl,1.9576427255985267,543,1.4285200000000002,0.56391547033672,1.7780725298280402,0.0242133417009243
d2,tutor,Ciphermaniac's Codebreaking,Ciphermaniac's Codebreaking,1.5934489402697496,3633,0.7298549694584575,1.02274539140781,0.92335126630049,0.023437984680944723
d2,tutor,Precious Trolley,Precious Trolley,1.0,299,2.72,2.83020908677191,3.54570103546172,0.022075706182826435
d2,tutor,Team Rocket's Petrel,Team Rocket's Petrel,2.348656591099916,4764,0.3898549694584575,-0.50796932592808,0.5568055579490601,0.018389928943035053
d2,tutor,Tatsugiri [SVP 118],Tatsugiri,1.1169811320754717,795,1.2144843856831875,1.5790467454121297,1.89702350028386,0.01537515401040915
d2,tutor,Lillie's Determination,Lillie's Determination,3.696103767021171,20122,-0.2901450305415425,1.0112892653032999,0.49703372052656,0.012783200215426204
d2,tutor,Judge,Judge,1.2382084323783311,7993,-0.2901450305415425,0.88484391245938,0.5044523049742901,0.012409979872249932
d2,tutor,Crispin,Crispin,2.513755225041314,10287,0.3898549694584575,-0.9111187388759,0.72592669668592,0.01081936165167786
d2,tutor,Team Rocket's Transceiver,Team Rocket's Transceiver,3.7966932026944273,1633,0.489824862216779,2.5677945188176303,1.02051810378297,0.00864213902855794
d2,tutor,Boss's Orders,Boss's Orders,2.730084081516317,21051,-0.2901450305415425,0.04169786266642,0.61998560435825,0.008215766496037091
d2,tutor,Mega Signal,Mega Signal,1.2457142857142858,175,0.6632914285714286,-1.84084905304587,1.51850294865208,0.007157453193661523
d2,tutor,Fighting Gong,Fighting Gong,3.706095041322314,1936,0.4959855371900827,0.82383590814178,1.42530953469089,0.00454255997795616
d2,tutor,Mew ex [30C 152],Mew ex,1.3582554517133956,321,0.62387861727075,-1.72564895098594,1.8134851106423802,0.004439696054389052
d2,tutor,Wally's Compassion,Wally's Compassion,2.1021034180543383,2282,-0.2901450305415425,-0.42477258155434,0.87764027462876,0.004099946685902587
d2,tutor,Xerosic's Machinations,Xerosic's Machinations,1.10868555503948,2153,-0.2901450305415425,-0.53404600027486,0.9056918124757901,0.0038499085658234757
d2,tutor,Rosa's Encouragement,Rosa's Encouragement,1.0029948271167983,3673,-0.2901450305415425,-2.4815209607585698,1.2076076578797499,0.0021655069501037333
d2,tutor,Lana's Aid,Lana's Aid,1.0278390297684674,3628,-0.2901450305415425,-0.33509769273323997,1.27432649622201,0.001944687722183229
d2,tutor,Lumiose City,Lumiose City,1.15748031496063,381,0.5354330708661418,3.17466486179072,2.37925067145157,0.0018998136683438449
d2,tutor,Kieran,Kieran,1.1652010050251256,1592,-0.2901450305415425,-0.96005096929701,1.30098532050267,0.0018658060892537773
d2,tutor,Black Belt's Training,Black Belt's Training,1.1809136137494347,2211,-0.2901450305415425,0.04813924872117,1.37791239582221,0.001663290413592858
d2,tutor,Surfer,Surfer,1.1159196290571871,647,-0.2901450305415425,-0.49477738604586996,1.46303398065798,0.0014753751769079923
d2,tutor,Gwynn,Gwynn,2.89375,480,-0.2901450305415425,3.7269619222731,1.4714779824094602,0.0014584910295087027
d2,tutor,Team Rocket's Archer,Team Rocket's Archer,2.7679290894439967,1241,-0.2901450305415425,3.6678955868780103,1.5544234569889201,0.0013069910570429745
d2,tutor,Eri,Eri,1.4404096834264433,1074,-0.2901450305415425,2.31976656877355,1.61680025133543,0.0012080879781871336
d2,tutor,Janine's Secret Art,Janine's Secret Art,1.091338582677165,635,-0.2901450305415425,0.23539314137640002,1.6898387187688002,0.0011059125466242267
d2,tutor,Team Rocket's Ariana,Team Rocket's Ariana,3.4244928625093918,1331,-0.2901450305415425,-0.18571059236969,1.7653885873583801,0.0010132827965498414
d2,tutor,Briar,Briar,1.0,1136,-0.2901450305415425,1.41143797522271,1.79545351206858,0.0009796320133862804
d2,tutor,Tarragon,Tarragon,1.5123674911660778,283,-0.2901450305415425,-2.4354787374018803,1.96581349357733,0.0008171968334037748
d2,tutor,Ruffian,Ruffian,1.0043478260869565,230,-0.2901450305415425,-2.3896078494409,2.64673011939602,0.0004508083789391275
d2,tutor,Gladion's Final Battle,Gladion's Final Battle,2.1944444444444446,288,-0.2901450305415425,0.35855876250615,3.2702351070834697,0.00029529313164012693
d2,tutor,Bianca's Devotion,Bianca's Devotion,1.0145454545454546,275,-0.2901450305415425,-3.72086270543234,3.4075337592647,0.00027197623926207814
d2,tutor,Pokémon Center Lady,Pokémon Center Lady,1.0282608695652171,460,-0.2901450305415425,-7.10636135100907,4.53585674859516,0.0001534944362940189
wr,accel,Crispin,Crispin,2.513755225041314,10287,0.6104335212423266,-0.59922123946122,0.31483891082722,0.2058816569284387
wr,accel,Glass Trumpet,Glass Trumpet,1.6653696498054475,1542,1.2695097276264593,0.17244307275604,0.7036550194492,0.1782666875028052
wr,accel,Janine's Secret Art,Janine's Secret Art,1.091338582677165,635,1.2904335212423268,0.77542470671787,0.7606378808382399,0.15762789669970634
wr,accel,Iron Leaves ex [PRE 176],Iron Leaves ex,1.006902502157032,1159,1.071165,0.23826823486101997,0.70025160606985,0.1281510677503475
wr,accel,Rosa's Encouragement,Rosa's Encouragement,1.0029948271167983,3673,0.7464335212423266,-1.5494439468604,0.48870038959514994,0.12776579674376146
wr,accel,Wondrous Patch,Wondrous Patch,2.4627766599597587,1491,0.5805311871227364,0.74958480127641,0.49285941925671,0.07598409551810623
wr,accel,Energy Switch,Energy Switch,2.6228994588436345,3511,0.398749985759043,0.13673460770595,0.40997904496318005,0.05180787161935515
wr,accel,Blaziken ex [JTG 24],Blaziken ex,1.9834212509419744,1327,0.9619288241425834,-0.29044640630347,1.76537996624389,0.016260249230984142
wr,accel,N's PP Up,N's PP Up,3.082638888888889,1440,0.5383805555555555,1.41645096693041,1.02297763157208,0.015169252000037482
wr,accel,Judge,Judge,1.2382084323783311,7993,-0.0695664787576733,0.7303168580681,0.21473622810558002,0.005747872294140366
wr,accel,Lillie's Determination,Lillie's Determination,3.696103767021171,20122,-0.0695664787576733,0.74131427844561,0.24726941230462002,0.004334878784535643
wr,accel,Dawn,Dawn,1.941396933560477,5870,-0.0695664787576733,0.32217754952448996,0.25961199338068003,0.0039324956190236356
wr,accel,Hilda,Hilda,2.6769928220627124,5294,-0.0695664787576733,0.22332973130855002,0.26793983181375,0.0036918427146351556
wr,accel,Boss's Orders,Boss's Orders,2.730084081516317,21051,-0.0695664787576733,0.43850258357067,0.27188146413782,0.0035855728531485266
wr,accel,Team Rocket's Petrel,Team Rocket's Petrel,2.348656591099916,4764,-0.0695664787576733,-0.28036612075521,0.28676797617202,0.003222971375792291
wr,accel,Brock's Scouting,Brock's Scouting,1.6400638467677573,1253,-0.0695664787576733,0.48100752685747,0.3420713496544,0.002265084190199872
wr,accel,Ciphermaniac's Codebreaking,Ciphermaniac's Codebreaking,1.5934489402697496,3633,-0.0695664787576733,0.5562704980718,0.37793402163929,0.001855606022450699
wr,accel,Hydrapple ex [PRE 11],Hydrapple ex,2.010501750291715,857,0.5468744868337971,1.0340805334388299,3.00587390188642,0.0018128067885198294
wr,accel,Xerosic's Machinations,Xerosic's Machinations,1.10868555503948,2153,-0.0695664787576733,-0.8702145763103301,0.40140933386741,0.0016449125629955446
wr,accel,Wally's Compassion,Wally's Compassion,2.1021034180543383,2282,-0.0695664787576733,-0.50137984000181,0.41201734808769,0.001561301389321781
wr,accel,Cyrano,Cyrano,1.9696254792096728,3391,-0.0695664787576733,0.91541202687527,0.44546864862075,0.001335621686760062
wr,accel,Meganium [MEG 10],Meganium,2.003058103975535,1308,0.4013835223680002,2.66792885333993,3.1387633938481403,0.0008956114358638782
wr,accel,Kieran,Kieran,1.1652010050251256,1592,-0.0695664787576733,-0.54347126825529,0.5646761707879899,0.0008312254450701898
wr,accel,Lana's Aid,Lana's Aid,1.0278390297684674,3628,-0.0695664787576733,0.46549856405935,0.5703287617254,0.0008148303632390283
wr,accel,Surfer,Surfer,1.1159196290571871,647,-0.0695664787576733,-0.6149167708543201,0.57620043686581,0.0007983081898174733
wr,accel,Black Belt's Training,Black Belt's Training,1.1809136137494347,2211,-0.0695664787576733,0.17710773798464,0.58634224547181,0.0007709307690867479
wr,accel,Eri,Eri,1.4404096834264433,1074,-0.0695664787576733,0.77793758364752,0.6554062990078,0.0006170161465613556
wr,accel,Gwynn,Gwynn,2.89375,480,-0.0695664787576733,2.8070404876340502,0.70822045389968,0.0005284219148459754
wr,accel,Teal Mask Ogerpon ex [PRE 12],Teal Mask Ogerpon ex,3.259402985074627,3350,0.0559032718603468,-0.7115020985838499,0.6067067070568399,0.0004649803176896114
wr,accel,Briar,Briar,1.0,1136,-0.0695664787576733,0.8529814309673299,0.76456194075743,0.0004534113635080018
wr,accel,Team Rocket's Archer,Team Rocket's Archer,2.7679290894439967,1241,-0.0695664787576733,2.1556948971118604,0.7917721754627001,0.00042278276996839825
wr,accel,Team Rocket's Ariana,Team Rocket's Ariana,3.4244928625093918,1331,-0.0695664787576733,1.26718599580314,0.87243343798481,0.0003482195468805359
wr,accel,Ethan's Adventure,Ethan's Adventure,4.0,163,-0.0695664787576733,-2.0756322000654,0.89229990787965,0.00033288640178734597
wr,accel,Ruffian,Ruffian,1.0043478260869565,230,-0.0695664787576733,-0.58795969332854,1.0511580750834901,0.0002398731781480079
wr,accel,Tarragon,Tarragon,1.5123674911660778,283,-0.0695664787576733,-0.57028918007478,1.13371638183465,0.00020620961288643578
wr,accel,Bianca's Devotion,Bianca's Devotion,1.0145454545454546,275,-0.0695664787576733,1.23493298007263,1.23546114124117,0.00017364391575429224
wr,accel,Pokémon Center Lady,Pokémon Center Lady,1.0282608695652171,460,-0.0695664787576733,-0.52703832148681,1.43768038011886,0.00012823100886979707
wr,accel,Gladion's Final Battle,Gladion's Final Battle,2.1944444444444446,288,-0.0695664787576733,2.83082618765576,1.98326449089603,6.738395207208698e-05
wr,accel,Team Rocket's Spidops [ASC 19],Team Rocket's Spidops,3.9662618083670713,741,0.0081783911420005,2.57156503046122,2.72477276914859,4.933928852716133e-07
wr,cost,Judge,Judge,1.2382084323783311,7993,1.464649488695071,0.7303168580681,0.21473622810558002,0.30110576661843835
wr,cost,Lillie's Determination,Lillie's Determination,3.696103767021171,20122,1.464649488695071,0.74131427844561,0.24726941230462002,0.22708524699587457
wr,cost,Ultra Ball,Ultra Ball,3.340971445991261,19682,1.0416278833451886,1.9458912787717002,0.2044166475515,0.1680563689806741
wr,cost,Dawn,Dawn,1.941396933560477,5870,-0.5753505113049292,0.32217754952448996,0.25961199338068003,0.031789068934890106
wr,cost,Hilda,Hilda,2.6769928220627124,5294,-0.5753505113049292,0.22332973130855002,0.26793983181375,0.029843705860617614
wr,cost,Boss's Orders,Boss's Orders,2.730084081516317,21051,-0.5753505113049292,0.43850258357067,0.27188146413782,0.028984653421714093
wr,cost,Team Rocket's Petrel,Team Rocket's Petrel,2.348656591099916,4764,-0.5753505113049292,-0.28036612075521,0.28676797617202,0.026053496091542106
wr,cost,Crispin,Crispin,2.513755225041314,10287,-0.5753505113049292,-0.59922123946122,0.31483891082722,0.021614764553407672
wr,cost,Brock's Scouting,Brock's Scouting,1.6400638467677573,1253,-0.5753505113049292,0.48100752685747,0.3420713496544,0.018310234629955142
wr,cost,Secret Box,Secret Box,1.0,2887,2.04,3.87754352062746,1.2902636754594001,0.016179522421941372
wr,cost,Ciphermaniac's Codebreaking,Ciphermaniac's Codebreaking,1.5934489402697496,3633,-0.5753505113049292,0.5562704980718,0.37793402163929,0.015000140744804723
wr,cost,Xerosic's Machinations,Xerosic's Machinations,1.10868555503948,2153,-0.5753505113049292,-0.8702145763103301,0.40140933386741,0.013296960485849139
wr,cost,Wally's Compassion,Wally's Compassion,2.1021034180543383,2282,-0.5753505113049292,-0.50137984000181,0.41201734808769,0.01262107381714326
wr,cost,Cyrano,Cyrano,1.9696254792096728,3391,-0.5753505113049292,0.91541202687527,0.44546864862075,0.010796749439708559
wr,cost,Rosa's Encouragement,Rosa's Encouragement,1.0029948271167983,3673,-0.5753505113049292,-1.5494439468604,0.48870038959514994,0.008971022404345283
wr,cost,Unfair Stamp,Unfair Stamp,1.0,10539,1.36,3.02554664444652,1.25552068315849,0.00759438095265771
wr,cost,Kieran,Kieran,1.1652010050251256,1592,-0.5753505113049292,-0.54347126825529,0.5646761707879899,0.006719367428140077
wr,cost,Lana's Aid,Lana's Aid,1.0278390297684674,3628,-0.5753505113049292,0.46549856405935,0.5703287617254,0.00658683469650709
wr,cost,Surfer,Surfer,1.1159196290571871,647,-0.5753505113049292,-0.6149167708543201,0.57620043686581,0.006453274596068269
wr,cost,Team Rocket's Archer,Team Rocket's Archer,2.7679290894439967,1241,0.784649488695071,2.1556948971118604,0.7917721754627001,0.006356429373096867
wr,cost,Black Belt's Training,Black Belt's Training,1.1809136137494347,2211,-0.5753505113049292,0.17710773798464,0.58634224547181,0.006231964059660196
wr,cost,Eri,Eri,1.4404096834264433,1074,-0.5753505113049292,0.77793758364752,0.6554062990078,0.004987766222063602
wr,cost,Gwynn,Gwynn,2.89375,480,0.5806494886950708,2.8070404876340502,0.70822045389968,0.004350643223779875
wr,cost,Janine's Secret Art,Janine's Secret Art,1.091338582677165,635,-0.5753505113049292,0.77542470671787,0.7606378808382399,0.0037031509178803304
wr,cost,Briar,Briar,1.0,1136,-0.5753505113049292,0.8529814309673299,0.76456194075743,0.003665236146911968
wr,cost,Team Rocket's Ariana,Team Rocket's Ariana,3.4244928625093918,1331,-0.5753505113049292,1.26718599580314,0.87243343798481,0.0028148982866533787
wr,cost,Ethan's Adventure,Ethan's Adventure,4.0,163,-0.5753505113049292,-2.0756322000654,0.89229990787965,0.002690949920634066
wr,cost,Ruffian,Ruffian,1.0043478260869565,230,-0.5753505113049292,-0.58795969332854,1.0511580750834901,0.0019390600103634508
wr,cost,Tarragon,Tarragon,1.5123674911660778,283,-0.5753505113049292,-0.57028918007478,1.13371638183465,0.0016669342407840864
wr,cost,Bianca's Devotion,Bianca's Devotion,1.0145454545454546,275,-0.5753505113049292,1.23493298007263,1.23546114124117,0.0014036832949881203
wr,cost,Pokémon Center Lady,Pokémon Center Lady,1.0282608695652171,460,-0.5753505113049292,-0.52703832148681,1.43768038011886,0.0010365795096714087
wr,cost,Lunatone [ASC 105],Lunatone,2.007692307692308,1300,0.7402311600691664,1.65029104220142,1.96539039335921,0.0009181198408989306
wr,cost,Mega Greninja ex [CRI 100],Mega Greninja ex,2.15267175572519,262,0.6154292880659997,-4.3335320954974605,1.97693363117919,0.0006272410114838351
wr,cost,Gladion's Final Battle,Gladion's Final Battle,2.1944444444444446,288,-0.5753505113049292,2.83082618765576,1.98326449089603,0.0005447108668506897
wr,damage_100hp,Lillie's Clefairy ex [ASC 280],Lillie's Clefairy ex,1.2402798112900602,6147,1.260365216075245,-1.52360204812083,0.40478304430085,0.4265067111457004
wr,damage_100hp,Munkidori [ASC 99],Munkidori,1.8413041343415495,10183,0.9215905110827998,0.7544499626947601,0.34472596911732,0.31441674167426237
wr,damage_100hp,Dusknoir [PRE 37],Dusknoir,1.3478093774019984,2602,0.8729174999999999,-0.53156137070984,0.7752510138673501,0.05577497583129096
wr,damage_100hp,Risky Ruins,Risky Ruins,1.681283821608509,5359,0.2534690800522485,-0.28045651253243997,0.31539638347104,0.028412813133464908
wr,damage_100hp,Seaking [PRE 21],Seaking,1.1782437745740495,763,1.0985913286096778,-0.5149195035769301,1.47534816836563,0.024392761298502284
wr,damage_100hp,Gravity Mountain,Gravity Mountain,1.4978514426028238,1629,0.3876876611418048,0.27565178870687,0.5385821919714601,0.022794898101286664
wr,damage_100hp,Yveltal [MEG 88],Yveltal,1.0314595152140278,1939,0.3660904612077343,0.78705643702723,0.5198470746807601,0.021817415044901083
wr,damage_100hp,Pecharunt [SVP 129],Pecharunt,1.255681818181818,176,0.66884483881425,1.6795463268622701,1.00759241699571,0.019384680871867666
wr,damage_100hp,Dusclops [PRE 36],Dusclops,1.785075787019044,2573,0.3355453124999999,0.80285433445514,0.57436053124557,0.015014499211282782
wr,damage_100hp,Iron Crown ex [PRE 158],Iron Crown ex,1.0184757505773672,433,0.541765482421867,0.18659016989476,1.00839743998549,0.012698045234510652
wr,damage_100hp,Binding Mochi,Binding Mochi,1.7581653926337737,1439,0.3770668519805421,-0.57900606183189,0.75613453626296,0.010939972665064811
wr,damage_100hp,Brave Bangle,Brave Bangle,1.5320056899004268,2109,0.2897206258890469,0.61824553450039,0.58355893507762,0.0108434394689389
wr,damage_100hp,Black Belt's Training,Black Belt's Training,1.1809136137494347,2211,0.2679858061599708,0.17710773798464,0.58634224547181,0.009189648263418136
wr,damage_100hp,Froslass [SVP 117],Froslass,2.151468315301391,647,0.5435296721052287,0.31613397849354,1.3767599139615099,0.0068565834625026155
wr,damage_100hp,Maximum Belt,Maximum Belt,1.0,993,0.51,0.27052055291512,1.39033235486023,0.005919441996741698
wr,damage_100hp,Pecharunt ex [PRE 163],Pecharunt ex,1.153191489361702,1880,-0.2433380362433099,-1.3198668703852101,0.71273828058783,0.005127875873043941
wr,damage_100hp,Premium Power Pro,Premium Power Pro,3.239827373612824,1622,0.1583075215782984,-0.56558792150814,0.54771059842518,0.003675178913355898
wr,damage_100hp,Gladion's Final Battle,Gladion's Final Battle,2.1944444444444446,288,0.5399858061599709,2.83082618765576,1.98326449089603,0.0032612274740214053
wr,damage_100hp,Mega Greninja ex [CRI 100],Mega Greninja ex,2.15267175572519,262,0.3692575728395998,-4.3335320954974605,1.97693363117919,0.0015348018653662115
wr,damage_100hp,Kieran,Kieran,1.1652010050251256,1592,0.0979858061599708,-0.54347126825529,0.5646761707879899,0.0013246620493544857
wr,damage_100hp,Judge,Judge,1.2382084323783311,7993,-0.0040141938400291,0.7303168580681,0.21473622810558002,1.537318012409906e-05
wr,damage_100hp,Lillie's Determination,Lillie's Determination,3.696103767021171,20122,-0.0040141938400291,0.74131427844561,0.24726941230462002,1.1594007131776168e-05
wr,damage_100hp,Dawn,Dawn,1.941396933560477,5870,-0.0040141938400291,0.32217754952448996,0.25961199338068003,1.0517798655706259e-05
wr,damage_100hp,Hilda,Hilda,2.6769928220627124,5294,-0.0040141938400291,0.22332973130855002,0.26793983181375,9.874151709979361e-06
wr,damage_100hp,Boss's Orders,Boss's Orders,2.730084081516317,21051,-0.0040141938400291,0.43850258357067,0.27188146413782,9.589923801147344e-06
wr,damage_100hp,Team Rocket's Petrel,Team Rocket's Petrel,2.348656591099916,4764,-0.0040141938400291,-0.28036612075521,0.28676797617202,8.620114880663054e-06
wr,damage_100hp,Crispin,Crispin,2.513755225041314,10287,-0.0040141938400291,-0.59922123946122,0.31483891082722,7.151506765702146e-06
wr,damage_100hp,Brock's Scouting,Brock's Scouting,1.6400638467677573,1253,-0.0040141938400291,0.48100752685747,0.3420713496544,6.058162998452541e-06
wr,damage_100hp,Ciphermaniac's Codebreaking,Ciphermaniac's Codebreaking,1.5934489402697496,3633,-0.0040141938400291,0.5562704980718,0.37793402163929,4.962978327054837e-06
wr,damage_100hp,Xerosic's Machinations,Xerosic's Machinations,1.10868555503948,2153,-0.0040141938400291,-0.8702145763103301,0.40140933386741,4.399460500384322e-06
wr,damage_100hp,Wally's Compassion,Wally's Compassion,2.1021034180543383,2282,-0.0040141938400291,-0.50137984000181,0.41201734808769,4.175835206102041e-06
wr,damage_100hp,Cyrano,Cyrano,1.9696254792096728,3391,-0.0040141938400291,0.91541202687527,0.44546864862075,3.5722353798896044e-06
wr,damage_100hp,Rosa's Encouragement,Rosa's Encouragement,1.0029948271167983,3673,-0.0040141938400291,-1.5494439468604,0.48870038959514994,2.968171467305031e-06
wr,damage_100hp,Lana's Aid,Lana's Aid,1.0278390297684674,3628,-0.0040141938400291,0.46549856405935,0.5703287617254,2.179334074180588e-06
wr,damage_100hp,Surfer,Surfer,1.1159196290571871,647,-0.0040141938400291,-0.6149167708543201,0.57620043686581,2.1351440965587635e-06
wr,damage_100hp,Eri,Eri,1.4404096834264433,1074,-0.0040141938400291,0.77793758364752,0.6554062990078,1.6502628929726153e-06
wr,damage_100hp,Gwynn,Gwynn,2.89375,480,-0.0040141938400291,2.8070404876340502,0.70822045389968,1.4133099802391217e-06
wr,damage_100hp,Janine's Secret Art,Janine's Secret Art,1.091338582677165,635,-0.0040141938400291,0.77542470671787,0.7606378808382399,1.225232353477665e-06
wr,damage_100hp,Briar,Briar,1.0,1136,-0.0040141938400291,0.8529814309673299,0.76456194075743,1.2126877920770394e-06
wr,damage_100hp,Team Rocket's Archer,Team Rocket's Archer,2.7679290894439967,1241,-0.0040141938400291,2.1556948971118604,0.7917721754627001,1.130768977368481e-06
wr,damage_100hp,Team Rocket's Ariana,Team Rocket's Ariana,3.4244928625093918,1331,-0.0040141938400291,1.26718599580314,0.87243343798481,9.313432071871126e-07
wr,damage_100hp,Ethan's Adventure,Ethan's Adventure,4.0,163,-0.0040141938400291,-2.0756322000654,0.89229990787965,8.903333883665281e-07
wr,damage_100hp,Ruffian,Ruffian,1.0043478260869565,230,-0.0040141938400291,-0.58795969332854,1.0511580750834901,6.415615006562939e-07
wr,damage_100hp,Tarragon,Tarragon,1.5123674911660778,283,-0.0040141938400291,-0.57028918007478,1.13371638183465,5.515253923535589e-07
wr,damage_100hp,Bianca's Devotion,Bianca's Devotion,1.0145454545454546,275,-0.0040141938400291,1.23493298007263,1.23546114124117,4.6442562703871846e-07
wr,damage_100hp,Pokémon Center Lady,Pokémon Center Lady,1.0282608695652171,460,-0.0040141938400291,-0.52703832148681,1.43768038011886,3.4296489134944477e-07
wr,disruption,Special Red Card,Special Red Card,1.0428553315582605,7887,1.692714593635096,-0.08028768985531999,0.30387017505855,0.2984751294413188
wr,disruption,Judge,Judge,1.2382084323783311,7993,0.9543810771591807,0.7303168580681,0.21473622810558002,0.18999834734455517
wr,disruption,Xerosic's Machinations,Xerosic's Machinations,1.10868555503948,2153,1.634381077159181,-0.8702145763103301,0.40140933386741,0.15945881838015272
wr,disruption,Team Rocket's Watchtower,Team Rocket's Watchtower,1.5065687789799074,5176,0.9683299845440494,0.8285812725685701,0.26164303745327,0.13174836065408016
wr,disruption,Jamming Tower,Jamming Tower,1.0814099874108267,2383,0.6744641208560639,-0.7030136205419,0.40718582052672997,0.02639059825702501
wr,disruption,Team Rocket's Archer,Team Rocket's Archer,2.7679290894439967,1241,1.2943810771591808,2.1556948971118604,0.7917721754627001,0.025706364637301752
wr,disruption,Unfair Stamp,Unfair Stamp,1.0,10539,2.04,3.02554664444652,1.25552068315849,0.025393900646553582
wr,disruption,Tool Scrapper,Tool Scrapper,1.0025236593059936,1585,0.6798283911671924,-0.9466810175481001,0.43317408123826,0.023691387381526936
wr,disruption,Crushing Hammer,Crushing Hammer,3.749531208143584,3733,0.2465159389231181,0.26040803855734,0.15954254072633,0.022964332463732386
wr,disruption,Genesect [SFA 40],Genesect,1.056677524429967,1535,0.9162296601873752,1.29200126882762,0.70711668667807,0.016148914895498436
wr,disruption,Chien-Pao [SSP 56],Chien-Pao,1.0021701388888888,2304,0.79759125,-0.33742931914349,0.66050867077996,0.014025570639531025
wr,disruption,Enhanced Hammer,Enhanced Hammer,1.8754633061527055,1349,0.6204684951816161,-0.79442285328286,0.52399674750587,0.013486495482492405
wr,disruption,Eri,Eri,1.4404096834264433,1074,0.7503810771591807,0.77793758364752,0.6554062990078,0.01260838174833066
wr,disruption,Handheld Fan,Handheld Fan,1.6657342657342658,1430,0.380838041958042,0.40940935224106,0.33961951795928996,0.012095175912857518
wr,disruption,Flutter Mane [PRE 43],Flutter Mane,1.0,221,1.184424693698276,-0.52835833671022,1.1753457186295602,0.009767883508503558
wr,disruption,Ruffian,Ruffian,1.0043478260869565,230,0.9543810771591807,-0.58795969332854,1.0511580750834901,0.007929109257849941
wr,disruption,Nighttime Mine,Nighttime Mine,2.482962962962963,675,0.2895792592592593,-0.39337244823693,0.42025827523934,0.004566875607454826
wr,disruption,Lillie's Determination,Lillie's Determination,3.696103767021171,20122,-0.0656189228408193,0.74131427844561,0.24726941230462002,0.0006773828939121968
wr,disruption,Dawn,Dawn,1.941396933560477,5870,-0.0656189228408193,0.32217754952448996,0.25961199338068003,0.0006145051326957959
wr,disruption,Hilda,Hilda,2.6769928220627124,5294,-0.0656189228408193,0.22332973130855002,0.26793983181375,0.0005768998918331022
wr,disruption,Boss's Orders,Boss's Orders,2.730084081516317,21051,-0.0656189228408193,0.43850258357067,0.27188146413782,0.0005602938020466326
wr,disruption,Team Rocket's Petrel,Team Rocket's Petrel,2.348656591099916,4764,-0.0656189228408193,-0.28036612075521,0.28676797617202,0.0005036324626466393
wr,disruption,Crispin,Crispin,2.513755225041314,10287,-0.0656189228408193,-0.59922123946122,0.31483891082722,0.00041782865007103376
wr,disruption,Brock's Scouting,Brock's Scouting,1.6400638467677573,1253,-0.0656189228408193,0.48100752685747,0.3420713496544,0.0003539497549933712
wr,disruption,Ciphermaniac's Codebreaking,Ciphermaniac's Codebreaking,1.5934489402697496,3633,-0.0656189228408193,0.5562704980718,0.37793402163929,0.00028996330461018914
wr,disruption,Wally's Compassion,Wally's Compassion,2.1021034180543383,2282,-0.0656189228408193,-0.50137984000181,0.41201734808769,0.00024397426224253982
wr,disruption,Cyrano,Cyrano,1.9696254792096728,3391,-0.0656189228408193,0.91541202687527,0.44546864862075,0.0002087087847939295
wr,disruption,Rosa's Encouragement,Rosa's Encouragement,1.0029948271167983,3673,-0.0656189228408193,-1.5494439468604,0.48870038959514994,0.00017341619297785244
wr,disruption,Kieran,Kieran,1.1652010050251256,1592,-0.0656189228408193,-0.54347126825529,0.5646761707879899,0.00012989011353299335
wr,disruption,Lana's Aid,Lana's Aid,1.0278390297684674,3628,-0.0656189228408193,0.46549856405935,0.5703287617254,0.00012732816231619384
wr,disruption,Surfer,Surfer,1.1159196290571871,647,-0.0656189228408193,-0.6149167708543201,0.57620043686581,0.00012474635133547201
wr,disruption,Black Belt's Training,Black Belt's Training,1.1809136137494347,2211,-0.0656189228408193,0.17710773798464,0.58634224547181,0.0001204682625112612
wr,disruption,Gwynn,Gwynn,2.89375,480,-0.0656189228408193,2.8070404876340502,0.70822045389968,8.25730046159375e-05
wr,disruption,Janine's Secret Art,Janine's Secret Art,1.091338582677165,635,-0.0656189228408193,0.77542470671787,0.7606378808382399,7.158452016463494e-05
wr,disruption,Briar,Briar,1.0,1136,-0.0656189228408193,0.8529814309673299,0.76456194075743,7.085160088937197e-05
wr,disruption,Team Rocket's Ariana,Team Rocket's Ariana,3.4244928625093918,1331,-0.0656189228408193,1.26718599580314,0.87243343798481,5.441397005706556e-05
wr,disruption,Ethan's Adventure,Ethan's Adventure,4.0,163,-0.0656189228408193,-2.0756322000654,0.89229990787965,5.201796068465743e-05
wr,disruption,Tarragon,Tarragon,1.5123674911660778,283,-0.0656189228408193,-0.57028918007478,1.13371638183465,3.2223015053577945e-05
wr,disruption,Bianca's Devotion,Bianca's Devotion,1.0145454545454546,275,-0.0656189228408193,1.23493298007263,1.23546114124117,2.7134188522987292e-05
wr,disruption,Pokémon Center Lady,Pokémon Center Lady,1.0282608695652171,460,-0.0656189228408193,-0.52703832148681,1.43768038011886,2.0037813326493832e-05
wr,disruption,Gladion's Final Battle,Gladion's Final Battle,2.1944444444444446,288,-0.0656189228408193,2.83082618765576,1.98326449089603,1.0529645401081396e-05
wr,draw,Lillie's Determination,Lillie's Determination,3.696103767021171,20122,3.1288215082355806,0.74131427844561,0.24726941230462002,0.2723617164209009
wr,draw,Fezandipiti ex [ASC 142],Fezandipiti ex,1.004408945686901,15650,5.082791603940141,1.5743116390289298,0.44528743818296,0.22164043783974377
wr,draw,Judge,Judge,1.2382084323783311,7993,1.4968215082355805,0.7303168580681,0.21473622810558002,0.08265224764534448
wr,draw,Dawn,Dawn,1.941396933560477,5870,-1.22317849176442,0.32217754952448996,0.25961199338068003,0.03776203991935493
wr,draw,Hilda,Hilda,2.6769928220627124,5294,-1.22317849176442,0.22332973130855002,0.26793983181375,0.03545115506082767
wr,draw,Boss's Orders,Boss's Orders,2.730084081516317,21051,-1.22317849176442,0.43850258357067,0.27188146413782,0.03443069194008839
wr,draw,Dudunsparce [PRE 80],Dudunsparce,2.0035094560343145,5129,2.407320000000001,-0.42929558194652,0.56407167473831,0.030983062501676643
wr,draw,Team Rocket's Petrel,Team Rocket's Petrel,2.348656591099916,4764,-1.22317849176442,-0.28036612075521,0.28676797617202,0.030948788134142678
wr,draw,Crispin,Crispin,2.513755225041314,10287,-1.22317849176442,-0.59922123946122,0.31483891082722,0.025676046177539928
wr,draw,Brock's Scouting,Brock's Scouting,1.6400638467677573,1253,-1.22317849176442,0.48100752685747,0.3420713496544,0.021750615359175864
wr,draw,Ciphermaniac's Codebreaking,Ciphermaniac's Codebreaking,1.5934489402697496,3633,-1.22317849176442,0.5562704980718,0.37793402163929,0.017818575144853212
wr,draw,Gwynn,Gwynn,2.89375,480,2.1768215082355806,2.8070404876340502,0.70822045389968,0.016070670175422606
wr,draw,Xerosic's Machinations,Xerosic's Machinations,1.10868555503948,2153,-1.22317849176442,-0.8702145763103301,0.40140933386741,0.015795377766525835
wr,draw,Wally's Compassion,Wally's Compassion,2.1021034180543383,2282,-1.22317849176442,-0.50137984000181,0.41201734808769,0.014992496140237666
wr,draw,Team Rocket's Archer,Team Rocket's Archer,2.7679290894439967,1241,2.1768215082355806,2.1556948971118604,0.7917721754627001,0.012857911947111675
wr,draw,Cyrano,Cyrano,1.9696254792096728,3391,-1.22317849176442,0.91541202687527,0.44546864862075,0.012825392406949932
wr,draw,Unfair Stamp,Unfair Stamp,1.0,10539,3.4000000000000004,3.02554664444652,1.25552068315849,0.012474851078875387
wr,draw,Lucky Helmet,Lucky Helmet,1.3352891869237218,1193,0.9858005029337804,0.94595938736828,0.37983828876643,0.011457922179534992
wr,draw,Rosa's Encouragement,Rosa's Encouragement,1.0029948271167983,3673,-1.22317849176442,-1.5494439468604,0.48870038959514994,0.010656622464916025
wr,draw,Seaking [PRE 21],Seaking,1.1782437745740495,763,3.661971095365593,-0.5149195035769301,1.47534816836563,0.01048011526510924
wr,draw,Alakazam [MEG 56],Alakazam,3.023303632625085,1459,2.3976675000000007,-1.27938298085234,1.042198743004,0.00900330788481155
wr,draw,Kieran,Kieran,1.1652010050251256,1592,-1.22317849176442,-0.54347126825529,0.5646761707879899,0.00798189533559285
wr,draw,Lana's Aid,Lana's Aid,1.0278390297684674,3628,-1.22317849176442,0.46549856405935,0.5703287617254,0.007824460516951365
wr,draw,Alakazam [TWM 82],Alakazam,1.0,170,2.4133950000000004,0.5452600994946399,1.13681898248915,0.007666541000577946
wr,draw,Black Belt's Training,Black Belt's Training,1.1809136137494347,2211,-1.22317849176442,0.17710773798464,0.58634224547181,0.007402911865046325
wr,draw,Eri,Eri,1.4404096834264433,1074,-1.22317849176442,0.77793758364752,0.6554062990078,0.005924936888581036
wr,draw,Janine's Secret Art,Janine's Secret Art,1.091338582677165,635,-1.22317849176442,0.77542470671787,0.7606378808382399,0.004398950251572578
wr,draw,Briar,Briar,1.0,1136,-1.22317849176442,0.8529814309673299,0.76456194075743,0.004353911527797027
wr,draw,Ethan's Adventure,Ethan's Adventure,4.0,163,-1.22317849176442,-2.0756322000654,0.89229990787965,0.003196562898148934
wr,draw,Team Rocket's Ariana,Team Rocket's Ariana,3.4244928625093918,1331,1.1568215082355802,1.26718599580314,0.87243343798481,0.002990841396597851
wr,draw,Ruffian,Ruffian,1.0043478260869565,230,-1.22317849176442,-0.58795969332854,1.0511580750834901,0.0023033974875874275
wr,draw,Lunatone [ASC 105],Lunatone,2.007692307692308,1300,2.2206934802075,1.65029104220142,1.96539039335921,0.0021717251264073184
wr,draw,Tarragon,Tarragon,1.5123674911660778,283,-1.22317849176442,-0.57028918007478,1.13371638183465,0.001980140955759196
wr,draw,Bianca's Devotion,Bianca's Devotion,1.0145454545454546,275,-1.22317849176442,1.23493298007263,1.23546114124117,0.0016674267726443652
wr,draw,Pokémon Center Lady,Pokémon Center Lady,1.0282608695652171,460,-1.22317849176442,-0.52703832148681,1.43768038011886,0.0012313464387387351
wr,draw,Gladion's Final Battle,Gladion's Final Battle,2.1944444444444446,288,-1.22317849176442,2.83082618765576,1.98326449089603,0.0006470586962031537
wr,draw,Surfer,Surfer,1.1159196290571871,647,0.1368215082355801,-0.6149167708543201,0.57620043686581,9.591507251869757e-05
wr,draw,Mega Kangaskhan ex [MEG 104],Mega Kangaskhan ex,2.9029209621993126,3492,0.0649774999999993,2.42008221510911,0.35344561154297,5.749182398186233e-05
wr,draw,Teal Mask Ogerpon ex [PRE 12],Teal Mask Ogerpon ex,3.259402985074627,3350,0.0559032718603468,-0.7115020985838499,0.6067067070568399,1.444249214994202e-05
wr,evo_tempo,Rare Candy,Rare Candy,2.4156071201525746,6292,0.583738715829625,-1.05847696121799,0.23456225106762,0.7171989609441378
wr,evo_tempo,Forest of Vitality,Forest of Vitality,3.2823403113258185,1863,0.7872012882447665,-0.23175389519124,0.50373803541141,0.28280103905586224
wr,gust,Yveltal [MEG 88],Yveltal,1.0314595152140278,1939,1.098271383623203,0.78705643702723,0.5198470746807601,0.37161186066545604
wr,gust,Boss's Orders,Boss's Orders,2.730084081516317,21051,0.5423833571385158,0.43850258357067,0.27188146413782,0.33134082534263193
wr,gust,Judge,Judge,1.2382084323783311,7993,-0.1376166428614842,0.7303168580681,0.21473622810558002,0.034194221253588106
wr,gust,Lillie's Determination,Lillie's Determination,3.696103767021171,20122,-0.1376166428614842,0.74131427844561,0.24726941230462002,0.025788291158974918
wr,gust,Dawn,Dawn,1.941396933560477,5870,-0.1376166428614842,0.32217754952448996,0.25961199338068003,0.023394504678321288
wr,gust,Pokémon Catcher,Pokémon Catcher,2.4423076923076925,156,0.2909615384615385,1.1503364259337698,0.55173923030684,0.023153938712270197
wr,gust,Hilda,Hilda,2.6769928220627124,5294,-0.1376166428614842,0.22332973130855002,0.26793983181375,0.02196285515013549
wr,gust,Prime Catcher,Prime Catcher,1.0,923,0.68,1.2494861751897302,1.35589710832097,0.02094043968799477
wr,gust,Team Rocket's Petrel,Team Rocket's Petrel,2.348656591099916,4764,-0.1376166428614842,-0.28036612075521,0.28676797617202,0.019173529034417262
wr,gust,Crispin,Crispin,2.513755225041314,10287,-0.1376166428614842,-0.59922123946122,0.31483891082722,0.015906936799602655
wr,gust,Brock's Scouting,Brock's Scouting,1.6400638467677573,1253,-0.1376166428614842,0.48100752685747,0.3420713496544,0.013475036673423946
wr,gust,Ciphermaniac's Codebreaking,Ciphermaniac's Codebreaking,1.5934489402697496,3633,-0.1376166428614842,0.5562704980718,0.37793402163929,0.011039041865257606
wr,gust,Xerosic's Machinations,Xerosic's Machinations,1.10868555503948,2153,-0.1376166428614842,-0.8702145763103301,0.40140933386741,0.009785621747236191
wr,gust,Wally's Compassion,Wally's Compassion,2.1021034180543383,2282,-0.1376166428614842,-0.50137984000181,0.41201734808769,0.009288216998910888
wr,gust,Hariyama [MEG 73],Hariyama,1.9408672798948752,761,0.7088499999999998,0.55218154712639,2.22130734089464,0.008478378945689717
wr,gust,Cyrano,Cyrano,1.9696254792096728,3391,-0.1376166428614842,0.91541202687527,0.44546864862075,0.007945643384374191
wr,gust,Rosa's Encouragement,Rosa's Encouragement,1.0029948271167983,3673,-0.1376166428614842,-1.5494439468604,0.48870038959514994,0.006602037512883401
wr,gust,Briar,Briar,1.0,1136,0.2023833571385158,0.8529814309673299,0.76456194075743,0.005833721344265504
wr,gust,Kieran,Kieran,1.1652010050251256,1592,-0.1376166428614842,-0.54347126825529,0.5646761707879899,0.00494497882448051
wr,gust,Lana's Aid,Lana's Aid,1.0278390297684674,3628,-0.1376166428614842,0.46549856405935,0.5703287617254,0.004847444114779854
wr,gust,Surfer,Surfer,1.1159196290571871,647,-0.1376166428614842,-0.6149167708543201,0.57620043686581,0.004749153334356157
wr,gust,Black Belt's Training,Black Belt's Training,1.1809136137494347,2211,-0.1376166428614842,0.17710773798464,0.58634224547181,0.004586284444110744
wr,gust,Eri,Eri,1.4404096834264433,1074,-0.1376166428614842,0.77793758364752,0.6554062990078,0.003670642901037304
wr,gust,Gwynn,Gwynn,2.89375,480,-0.1376166428614842,2.8070404876340502,0.70822045389968,0.0031435938286082463
wr,gust,Janine's Secret Art,Janine's Secret Art,1.091338582677165,635,-0.1376166428614842,0.77542470671787,0.7606378808382399,0.002725256963339265
wr,gust,Team Rocket's Archer,Team Rocket's Archer,2.7679290894439967,1241,-0.1376166428614842,2.1556948971118604,0.7917721754627001,0.0025151441853087236
wr,gust,Team Rocket's Ariana,Team Rocket's Ariana,3.4244928625093918,1331,-0.1376166428614842,1.26718599580314,0.87243343798481,0.0020715658980447176
wr,gust,Ethan's Adventure,Ethan's Adventure,4.0,163,-0.1376166428614842,-2.0756322000654,0.89229990787965,0.001980348673826914
wr,gust,Ruffian,Ruffian,1.0043478260869565,230,-0.1376166428614842,-0.58795969332854,1.0511580750834901,0.001427010919285054
wr,gust,Tarragon,Tarragon,1.5123674911660778,283,-0.1376166428614842,-0.57028918007478,1.13371638183465,0.0012267456141716682
wr,gust,Bianca's Devotion,Bianca's Devotion,1.0145454545454546,275,-0.1376166428614842,1.23493298007263,1.23546114124117,0.0010330115511951701
wr,gust,Pokémon Center Lady,Pokémon Center Lady,1.0282608695652171,460,-0.1376166428614842,-0.52703832148681,1.43768038011886,0.0007628491491250904
wr,gust,Gladion's Final Battle,Gladion's Final Battle,2.1944444444444446,288,-0.1376166428614842,2.83082618765576,1.98326449089603,0.00040086864289644406
wr,heal_100hp,Shaymin [DRI 10],Shaymin,1.000178380306814,5606,1.1048263302744257,-0.9435050619950199,0.31041196008778,0.357245290278418
wr,heal_100hp,Wally's Compassion,Wally's Compassion,2.1021034180543383,2282,1.337430492919225,-0.50137984000181,0.41201734808769,0.29714389316042766
wr,heal_100hp,Munkidori [ASC 99],Munkidori,1.8413041343415495,10183,0.9215905110827998,0.7544499626947601,0.34472596911732,0.2015502584079648
wr,heal_100hp,Psyduck [ASC 226],Psyduck,1.0020689655172417,2900,0.50263568938908,-1.61252851460575,0.3819019906711,0.048849280658583634
wr,heal_100hp,Battle Cage,Battle Cage,2.554311774461028,2412,0.3445840796019901,-0.8018824275665399,0.33627450851393,0.029611328770810883
wr,heal_100hp,Jumbo Ice Cream,Jumbo Ice Cream,3.258812615955473,1078,0.4211205936920223,0.5800069786418399,0.59269626660162,0.014236523494048999
wr,heal_100hp,Bianca's Devotion,Bianca's Devotion,1.0145454545454546,275,0.7934304929192245,1.23493298007263,1.23546114124117,0.011630944052225948
wr,heal_100hp,Patrat [CRI 70],Patrat,1.0,524,0.4907338940334373,0.65522249973247,0.83138079133085,0.00982533824491989
wr,heal_100hp,Annihilape [SSP 100],Annihilape,1.0,451,0.55950160993875,-1.97927774408646,1.0530826856289,0.007960367337689926
wr,heal_100hp,Hero's Cape,Hero's Cape,1.0,1969,0.68,-0.11801195397768,1.30828139721516,0.007618524454219963
wr,heal_100hp,Rabsca [TEF 24],Rabsca,1.0544354838709675,992,0.5813644274802281,-0.69280133678341,1.3559213237682899,0.005184218536800806
wr,heal_100hp,Annihilape [PBL 41],Annihilape,1.0,248,0.55950160993875,2.28299481452975,1.3645451142535001,0.0047411342848343654
wr,heal_100hp,Pokémon Center Lady,Pokémon Center Lady,1.0282608695652171,460,0.3854304929192244,-0.52703832148681,1.43768038011886,0.0020268556574346325
wr,heal_100hp,Judge,Judge,1.2382084323783311,7993,-0.0225695070807755,0.7303168580681,0.21473622810558002,0.0003115221132702372
wr,heal_100hp,Lillie's Determination,Lillie's Determination,3.696103767021171,20122,-0.0225695070807755,0.74131427844561,0.24726941230462002,0.00023494095390837563
wr,heal_100hp,Dawn,Dawn,1.941396933560477,5870,-0.0225695070807755,0.32217754952448996,0.25961199338068003,0.00021313266596285937
wr,heal_100hp,Hilda,Hilda,2.6769928220627124,5294,-0.0225695070807755,0.22332973130855002,0.26793983181375,0.00020008980462160337
wr,heal_100hp,Boss's Orders,Boss's Orders,2.730084081516317,21051,-0.0225695070807755,0.43850258357067,0.27188146413782,0.00019433021043907441
wr,heal_100hp,Team Rocket's Petrel,Team Rocket's Petrel,2.348656591099916,4764,-0.0225695070807755,-0.28036612075521,0.28676797617202,0.000174678003027285
wr,heal_100hp,Crispin,Crispin,2.513755225041314,10287,-0.0225695070807755,-0.59922123946122,0.31483891082722,0.00014491812902299513
wr,heal_100hp,Brock's Scouting,Brock's Scouting,1.6400638467677573,1253,-0.0225695070807755,0.48100752685747,0.3420713496544,0.00012276261154678262
wr,heal_100hp,Ciphermaniac's Codebreaking,Ciphermaniac's Codebreaking,1.5934489402697496,3633,-0.0225695070807755,0.5562704980718,0.37793402163929,0.00010056978998996258
wr,heal_100hp,Xerosic's Machinations,Xerosic's Machinations,1.10868555503948,2153,-0.0225695070807755,-0.8702145763103301,0.40140933386741,8.915066507158214e-05
wr,heal_100hp,Hydrapple ex [PRE 11],Hydrapple ex,2.010501750291715,857,0.1640623460501391,1.0340805334388299,3.00587390188642,8.401013688262367e-05
wr,heal_100hp,Cyrano,Cyrano,1.9696254792096728,3391,-0.0225695070807755,0.91541202687527,0.44546864862075,7.238777570149204e-05
wr,heal_100hp,Rosa's Encouragement,Rosa's Encouragement,1.0029948271167983,3673,-0.0225695070807755,-1.5494439468604,0.48870038959514994,6.0147024921265144e-05
wr,heal_100hp,Kieran,Kieran,1.1652010050251256,1592,-0.0225695070807755,-0.54347126825529,0.5646761707879899,4.50506020316838e-05
wr,heal_100hp,Lana's Aid,Lana's Aid,1.0278390297684674,3628,-0.0225695070807755,0.46549856405935,0.5703287617254,4.416202443672076e-05
wr,heal_100hp,Surfer,Surfer,1.1159196290571871,647,-0.0225695070807755,-0.6149167708543201,0.57620043686581,4.326655875538556e-05
wr,heal_100hp,Black Belt's Training,Black Belt's Training,1.1809136137494347,2211,-0.0225695070807755,0.17710773798464,0.58634224547181,4.178276239988572e-05
wr,heal_100hp,Eri,Eri,1.4404096834264433,1074,-0.0225695070807755,0.77793758364752,0.6554062990078,3.34409263223547e-05
wr,heal_100hp,Gwynn,Gwynn,2.89375,480,-0.0225695070807755,2.8070404876340502,0.70822045389968,2.8639312633813994e-05
wr,heal_100hp,Janine's Secret Art,Janine's Secret Art,1.091338582677165,635,-0.0225695070807755,0.77542470671787,0.7606378808382399,2.4828107712346024e-05
wr,heal_100hp,Briar,Briar,1.0,1136,-0.0225695070807755,0.8529814309673299,0.76456194075743,2.457390472727561e-05
wr,heal_100hp,Team Rocket's Archer,Team Rocket's Archer,2.7679290894439967,1241,-0.0225695070807755,2.1556948971118604,0.7917721754627001,2.291390191272466e-05
wr,heal_100hp,Team Rocket's Ariana,Team Rocket's Ariana,3.4244928625093918,1331,-0.0225695070807755,1.26718599580314,0.87243343798481,1.887273821946537e-05
wr,heal_100hp,Ethan's Adventure,Ethan's Adventure,4.0,163,-0.0225695070807755,-2.0756322000654,0.89229990787965,1.8041715274265424e-05
wr,heal_100hp,Ruffian,Ruffian,1.0043478260869565,230,-0.0225695070807755,-0.58795969332854,1.0511580750834901,1.3000601883534236e-05
wr,heal_100hp,Tarragon,Tarragon,1.5123674911660778,283,-0.0225695070807755,-0.57028918007478,1.13371638183465,1.1176110236218702e-05
wr,heal_100hp,Gladion's Final Battle,Gladion's Final Battle,2.1944444444444446,288,-0.0225695070807755,2.83082618765576,1.98326449089603,3.6520628983696575e-06
wr,heal_100hp,Crustle [DRI 12],Crustle,2.9495798319327733,595,0.0004305000000001,2.0855470841637103,1.8999624810404,1.447810208096532e-09
wr,item_lock,Budew [ASC 16],Budew,1.31640242708945,10218,1.513275625,-0.31392594296191,0.30597577413914,1.0
wr,recover,Lana's Aid,Lana's Aid,1.0278390297684674,3628,2.011678333738528,0.46549856405935,0.5703287617254,0.35387409586417023
wr,recover,Night Stretcher,Night Stretcher,1.9697713598074609,20775,0.6140555475330927,0.23519610370865002,0.20515739040317,0.2548139670271137
wr,recover,Tarragon,Tarragon,1.5123674911660778,283,2.691678333738528,-0.57028918007478,1.13371638183465,0.1603318177432258
wr,recover,Energy Retrieval,Energy Retrieval,1.2052785923753666,682,1.3320821114369503,-0.15002245704122,0.60098395077263,0.13973927533447877
wr,recover,Sacred Ash,Sacred Ash,1.0096638655462185,2380,1.0190142857142857,-0.72629506285907,0.6412504341037301,0.07182695306147321
wr,recover,Energy Recycler,Energy Recycler,1.2085308056872035,633,0.5326559241706161,-2.81727733962656,0.8824473965112999,0.010363301038850962
wr,recover,Miracle Headset,Miracle Headset,1.0,580,1.36,1.00994427699433,3.1394254319551598,0.005337768268922386
wr,recover,Judge,Judge,1.2382084323783311,7993,-0.028321666261472,0.7303168580681,0.21473622810558002,0.000494776659376376
wr,recover,Lillie's Determination,Lillie's Determination,3.696103767021171,20122,-0.028321666261472,0.74131427844561,0.24726941230462002,0.0003731462242124918
wr,recover,Dawn,Dawn,1.941396933560477,5870,-0.028321666261472,0.32217754952448996,0.25961199338068003,0.0003385090944654925
wr,recover,Hilda,Hilda,2.6769928220627124,5294,-0.028321666261472,0.22332973130855002,0.26793983181375,0.00031779370031452303
wr,recover,Boss's Orders,Boss's Orders,2.730084081516317,21051,-0.028321666261472,0.43850258357067,0.27188146413782,0.00030864599410811573
wr,recover,Team Rocket's Petrel,Team Rocket's Petrel,2.348656591099916,4764,-0.028321666261472,-0.28036612075521,0.28676797617202,0.0002774332707784496
wr,recover,Crispin,Crispin,2.513755225041314,10287,-0.028321666261472,-0.59922123946122,0.31483891082722,0.00023016699202625296
wr,recover,Brock's Scouting,Brock's Scouting,1.6400638467677573,1253,-0.028321666261472,0.48100752685747,0.3420713496544,0.00019497837312353622
wr,recover,Ciphermaniac's Codebreaking,Ciphermaniac's Codebreaking,1.5934489402697496,3633,-0.028321666261472,0.5562704980718,0.37793402163929,0.000159730505815657
wr,recover,Xerosic's Machinations,Xerosic's Machinations,1.10868555503948,2153,-0.028321666261472,-0.8702145763103301,0.40140933386741,0.00014159401970618892
wr,recover,Wally's Compassion,Wally's Compassion,2.1021034180543383,2282,-0.028321666261472,-0.50137984000181,0.41201734808769,0.00013439677260676812
wr,recover,Cyrano,Cyrano,1.9696254792096728,3391,-0.028321666261472,0.91541202687527,0.44546864862075,0.00011497027118007955
wr,recover,Rosa's Encouragement,Rosa's Encouragement,1.0029948271167983,3673,-0.028321666261472,-1.5494439468604,0.48870038959514994,9.552883340951066e-05
wr,recover,Kieran,Kieran,1.1652010050251256,1592,-0.028321666261472,-0.54347126825529,0.5646761707879899,7.155185916704126e-05
wr,recover,Surfer,Surfer,1.1159196290571871,647,-0.028321666261472,-0.6149167708543201,0.57620043686581,6.871834290983737e-05
wr,recover,Black Belt's Training,Black Belt's Training,1.1809136137494347,2211,-0.028321666261472,0.17710773798464,0.58634224547181,6.636169542737696e-05
wr,recover,Eri,Eri,1.4404096834264433,1074,-0.028321666261472,0.77793758364752,0.6554062990078,5.311272974664608e-05
wr,recover,Gwynn,Gwynn,2.89375,480,-0.028321666261472,2.8070404876340502,0.70822045389968,4.5486541173730324e-05
wr,recover,Janine's Secret Art,Janine's Secret Art,1.091338582677165,635,-0.028321666261472,0.77542470671787,0.7606378808382399,3.943337461214202e-05
wr,recover,Briar,Briar,1.0,1136,-0.028321666261472,0.8529814309673299,0.76456194075743,3.9029635364111375e-05
wr,recover,Team Rocket's Archer,Team Rocket's Archer,2.7679290894439967,1241,-0.028321666261472,2.1556948971118604,0.7917721754627001,3.639312703243343e-05
wr,recover,Team Rocket's Ariana,Team Rocket's Ariana,3.4244928625093918,1331,-0.028321666261472,1.26718599580314,0.87243343798481,2.997472722397605e-05
wr,recover,Ethan's Adventure,Ethan's Adventure,4.0,163,-0.028321666261472,-2.0756322000654,0.89229990787965,2.865485059507534e-05
wr,recover,Ruffian,Ruffian,1.0043478260869565,230,-0.028321666261472,-0.58795969332854,1.0511580750834901,2.064827534165242e-05
wr,recover,Bianca's Devotion,Bianca's Devotion,1.0145454545454546,275,-0.028321666261472,1.23493298007263,1.23546114124117,1.4947262597592342e-05
wr,recover,Pokémon Center Lady,Pokémon Center Lady,1.0282608695652171,460,-0.028321666261472,-0.52703832148681,1.43768038011886,1.1038121055984486e-05
wr,recover,Gladion's Final Battle,Gladion's Final Battle,2.1944444444444446,288,-0.028321666261472,2.83082618765576,1.98326449089603,5.800408393866596e-06
wr,retreat,Air Balloon,Air Balloon,1.5823529411764703,5100,1.2808000000000002,-0.17638887801001002,0.31387611600820997,0.3538772326821013
wr,retreat,Pecharunt ex [PRE 163],Pecharunt ex,1.153191489361702,1880,2.4333803624331,-1.3198668703852101,0.71273828058783,0.24772301221487755
wr,retreat,Switch,Switch,1.159241489604752,4377,0.8030058944482523,-0.8320592217485301,0.33773611533608,0.12014037501444215
wr,retreat,Latias ex [SSP 220],Latias ex,1.6161705908485118,4502,1.0566282636532591,-1.09934644058038,0.55350456627906,0.07744770539505619
wr,retreat,N's Castle,N's Castle,1.848903330625508,1231,1.244549147034931,-0.61342372291472,0.69601469996409,0.06795067937651353
wr,retreat,Surfer,Surfer,1.1159196290571871,647,0.8003634717072875,-0.6149167708543201,0.57620043686581,0.04100472245767894
wr,retreat,Abra [TWM 80],Abra,1.2011834319526626,507,0.98236707852,-0.49106660837499005,0.77496364748673,0.034150059315625036
wr,retreat,Kieran,Kieran,1.1652010050251256,1592,0.5283634717072875,-0.54347126825529,0.5646761707879899,0.018606863542901766
wr,retreat,Mew ex [30C 152],Mew ex,1.3582554517133956,321,0.62387861727075,-0.93761889522769,0.71318948025957,0.016262857967464104
wr,retreat,Iron Leaves ex [PRE 176],Iron Leaves ex,1.006902502157032,1159,0.5355825000000001,0.23826823486101997,0.70025160606985,0.012432287750075861
wr,retreat,Prime Catcher,Prime Catcher,1.0,923,0.8160000000000001,1.2494861751897302,1.35589710832097,0.007697210663344148
wr,retreat,Dunsparce [JTG 120],Dunsparce,2.0325288562434416,4765,0.1197967340099997,0.90488906501943,0.55333160007826,0.0009961518246713243
wr,retreat,Dunsparce [PRE 79],Dunsparce,1.5056737588652482,1410,0.1197967340099997,-0.56646451809625,0.5896701294421299,0.0008771587976594234
wr,retreat,Judge,Judge,1.2382084323783311,7993,-0.0156365282927125,0.7303168580681,0.21473622810558002,0.00011268771007174435
wr,retreat,Lillie's Determination,Lillie's Determination,3.696103767021171,20122,-0.0156365282927125,0.74131427844561,0.24726941230462002,8.498580668987615e-05
wr,retreat,Dawn,Dawn,1.941396933560477,5870,-0.0156365282927125,0.32217754952448996,0.25961199338068003,7.709703756409144e-05
wr,retreat,Hilda,Hilda,2.6769928220627124,5294,-0.0156365282927125,0.22332973130855002,0.26793983181375,7.237900916507879e-05
wr,retreat,Boss's Orders,Boss's Orders,2.730084081516317,21051,-0.0156365282927125,0.43850258357067,0.27188146413782,7.029557607405867e-05
wr,retreat,Team Rocket's Petrel,Team Rocket's Petrel,2.348656591099916,4764,-0.0156365282927125,-0.28036612075521,0.28676797617202,6.318673160763572e-05
wr,retreat,Crispin,Crispin,2.513755225041314,10287,-0.0156365282927125,-0.59922123946122,0.31483891082722,5.242161442746968e-05
wr,retreat,Brock's Scouting,Brock's Scouting,1.6400638467677573,1253,-0.0156365282927125,0.48100752685747,0.3420713496544,4.4407241053971424e-05
wr,retreat,Ciphermaniac's Codebreaking,Ciphermaniac's Codebreaking,1.5934489402697496,3633,-0.0156365282927125,0.5562704980718,0.37793402163929,3.63793735776762e-05
wr,retreat,Xerosic's Machinations,Xerosic's Machinations,1.10868555503948,2153,-0.0156365282927125,-0.8702145763103301,0.40140933386741,3.2248703608320845e-05
wr,retreat,Wally's Compassion,Wally's Compassion,2.1021034180543383,2282,-0.0156365282927125,-0.50137984000181,0.41201734808769,3.060949674784266e-05
wr,retreat,Cyrano,Cyrano,1.9696254792096728,3391,-0.0156365282927125,0.91541202687527,0.44546864862075,2.6185019725749057e-05
wr,retreat,Rosa's Encouragement,Rosa's Encouragement,1.0029948271167983,3673,-0.0156365282927125,-1.5494439468604,0.48870038959514994,2.175714088112236e-05
wr,retreat,Lana's Aid,Lana's Aid,1.0278390297684674,3628,-0.0156365282927125,0.46549856405935,0.5703287617254,1.5974844782814763e-05
wr,retreat,Black Belt's Training,Black Belt's Training,1.1809136137494347,2211,-0.0156365282927125,0.17710773798464,0.58634224547181,1.5114188093705202e-05
wr,retreat,Eri,Eri,1.4404096834264433,1074,-0.0156365282927125,0.77793758364752,0.6554062990078,1.2096673877770914e-05
wr,retreat,Gwynn,Gwynn,2.89375,480,-0.0156365282927125,2.8070404876340502,0.70822045389968,1.0359773580290525e-05
wr,retreat,Janine's Secret Art,Janine's Secret Art,1.091338582677165,635,-0.0156365282927125,0.77542470671787,0.7606378808382399,8.981136440519237e-06
wr,retreat,Briar,Briar,1.0,1136,-0.0156365282927125,0.8529814309673299,0.76456194075743,8.889182928839833e-06
wr,retreat,Team Rocket's Archer,Team Rocket's Archer,2.7679290894439967,1241,-0.0156365282927125,2.1556948971118604,0.7917721754627001,8.288705762321238e-06
wr,retreat,Team Rocket's Ariana,Team Rocket's Ariana,3.4244928625093918,1331,-0.0156365282927125,1.26718599580314,0.87243343798481,6.826885033648201e-06
wr,retreat,Ethan's Adventure,Ethan's Adventure,4.0,163,-0.0156365282927125,-2.0756322000654,0.89229990787965,6.526276926799545e-06
wr,retreat,Ruffian,Ruffian,1.0043478260869565,230,-0.0156365282927125,-0.58795969332854,1.0511580750834901,4.702741774671462e-06
wr,retreat,Tarragon,Tarragon,1.5123674911660778,283,-0.0156365282927125,-0.57028918007478,1.13371638183465,4.042763631795095e-06
wr,retreat,Bianca's Devotion,Bianca's Devotion,1.0145454545454546,275,-0.0156365282927125,1.23493298007263,1.23546114124117,3.4043093222843675e-06
wr,retreat,Pokémon Center Lady,Pokémon Center Lady,1.0282608695652171,460,-0.0156365282927125,-0.52703832148681,1.43768038011886,2.5139839596746075e-06
wr,retreat,Gladion's Final Battle,Gladion's Final Battle,2.1944444444444446,288,-0.0156365282927125,2.83082618765576,1.98326449089603,1.3210702788801766e-06
wr,select,Prism Tower,Prism Tower,1.8469945355191255,549,0.6224043715846995,0.5254062897692799,0.7609958182623,0.8917214598409294
wr,select,Academy at Night,Academy at Night,3.957647058823529,850,0.47888,-0.71672260541324,1.68027261245395,0.10827854015907053
wr,tutor,Dawn,Dawn,1.941396933560477,5870,1.0698549694584576,0.32217754952448996,0.25961199338068003,0.13275201055535665
wr,tutor,Hilda,Hilda,2.6769928220627124,5294,1.0698549694584576,0.22332973130855002,0.26793983181375,0.12462812180923553
wr,tutor,Buddy-Buddy Poffin,Buddy-Buddy Poffin,3.7020145841057968,16182,0.9925260165616118,1.7014335284153599,0.30402232645136,0.08331316577965843
wr,tutor,Cyrano,Cyrano,1.9696254792096728,3391,1.4098549694584577,0.91541202687527,0.44546864862075,0.07829885014337297
wr,tutor,Bug Catching Set,Bug Catching Set,3.32085020242915,2964,0.8354914979757085,1.12457396783886,0.31805891879941,0.053939846652107735
wr,tutor,Ultra Ball,Ultra Ball,3.340971445991261,19682,0.5208139416725943,1.9458912787717002,0.2044166475515,0.05074268852519295
wr,tutor,Brock's Scouting,Brock's Scouting,1.6400638467677573,1253,0.8658549694584575,0.48100752685747,0.3420713496544,0.050083849256315045
wr,tutor,Fan Rotom [ASC 171],Fan Rotom,1.2313030069390902,1297,1.68305625,1.2637599795288799,0.6775116595092,0.048239690098090704
wr,tutor,Poké Pad,Poké Pad,3.5840119575301514,19402,0.5042871868879497,1.0973168980703198,0.21894663024108002,0.04146867228131214
wr,tutor,Meowth ex [POR 107],Meowth ex,1.3534263523266203,14549,0.7433675,1.06332989502189,0.32630801644643,0.040568826689272974
wr,tutor,Pokégear 3.0,Pokégear 3.0,2.4128824476650563,3105,0.467139194847021,0.7727624665699,0.21892689211493,0.03559058990046505
wr,tutor,Secret Box,Secret Box,1.0,2887,2.72,3.87754352062746,1.2902636754594001,0.034739347802198776
wr,tutor,Ethan's Adventure,Ethan's Adventure,4.0,163,1.7498549694584575,-2.0756322000654,0.89229990787965,0.03006236950042423
wr,tutor,Ciphermaniac's Codebreaking,Ciphermaniac's Codebreaking,1.5934489402697496,3633,0.7298549694584575,0.5562704980718,0.37793402163929,0.029152912919093586
wr,tutor,Tatsugiri [SVP 118],Tatsugiri,1.1169811320754717,795,1.2144843856831875,1.5666905002258198,0.7635364684859101,0.01977721321489915
wr,tutor,Noctowl [PRE 78],Noctowl,1.9576427255985267,543,1.4285200000000002,-0.09544615456022999,0.93499718194398,0.018247057504092064
wr,tutor,Precious Trolley,Precious Trolley,1.0,299,2.72,4.2270408233519,1.8204396303878798,0.0174512298894132
wr,tutor,Team Rocket's Petrel,Team Rocket's Petrel,2.348656591099916,4764,0.3898549694584575,-0.28036612075521,0.28676797617202,0.014447265056999671
wr,tutor,Judge,Judge,1.2382084323783311,7993,-0.2901450305415425,0.7303168580681,0.21473622810558002,0.014271197841574094
wr,tutor,Crispin,Crispin,2.513755225041314,10287,0.3898549694584575,-0.59922123946122,0.31483891082722,0.011985885945997747
wr,tutor,Lillie's Determination,Lillie's Determination,3.696103767021171,20122,-0.2901450305415425,0.74131427844561,0.24726941230462002,0.010762924015625262
wr,tutor,Boss's Orders,Boss's Orders,2.730084081516317,21051,-0.2901450305415425,0.43850258357067,0.27188146413782,0.008902497645054727
wr,tutor,Team Rocket's Transceiver,Team Rocket's Transceiver,3.7966932026944273,1633,0.489824862216779,1.65458631942474,0.48381117360611997,0.008012548217170668
wr,tutor,Mew ex [30C 152],Mew ex,1.3582554517133956,321,0.62387861727075,-0.93761889522769,0.71318948025957,0.005981789678386949
wr,tutor,Xerosic's Machinations,Xerosic's Machinations,1.10868555503948,2153,-0.2901450305415425,-0.8702145763103301,0.40140933386741,0.004084097804770549
wr,tutor,Wally's Compassion,Wally's Compassion,2.1021034180543383,2282,-0.2901450305415425,-0.50137984000181,0.41201734808769,0.003876502447705827
wr,tutor,Fighting Gong,Fighting Gong,3.706095041322314,1936,0.4959855371900827,1.1427347423611,0.71749587038316,0.0037354248901171664
wr,tutor,Mega Signal,Mega Signal,1.2457142857142858,175,0.6632914285714286,-1.7531413501781299,1.0447802464793199,0.003150646358293104
wr,tutor,Rosa's Encouragement,Rosa's Encouragement,1.0029948271167983,3673,-0.2901450305415425,-1.5494439468604,0.48870038959514994,0.002755406616957715
wr,tutor,Kieran,Kieran,1.1652010050251256,1592,-0.2901450305415425,-0.54347126825529,0.5646761707879899,0.0020638215622223195
wr,tutor,Lana's Aid,Lana's Aid,1.0278390297684674,3628,-0.2901450305415425,0.46549856405935,0.5703287617254,0.0020231147676959644
wr,tutor,Surfer,Surfer,1.1159196290571871,647,-0.2901450305415425,-0.6149167708543201,0.57620043686581,0.0019820924217555046
wr,tutor,Lumiose City,Lumiose City,1.15748031496063,381,0.5354330708661418,1.3059104104558101,1.0724706143735,0.0019484101130764846
wr,tutor,Black Belt's Training,Black Belt's Training,1.1809136137494347,2211,-0.2901450305415425,0.17710773798464,0.58634224547181,0.0019141179491774518
wr,tutor,Eri,Eri,1.4404096834264433,1074,-0.2901450305415425,0.77793758364752,0.6554062990078,0.0015319685352090297
wr,tutor,Gwynn,Gwynn,2.89375,480,-0.2901450305415425,2.8070404876340502,0.70822045389968,0.001312000911759675
wr,tutor,Janine's Secret Art,Janine's Secret Art,1.091338582677165,635,-0.2901450305415425,0.77542470671787,0.7606378808382399,0.0011374050897229005
wr,tutor,Briar,Briar,1.0,1136,-0.2901450305415425,0.8529814309673299,0.76456194075743,0.0011257597491922536
wr,tutor,Team Rocket's Archer,Team Rocket's Archer,2.7679290894439967,1241,-0.2901450305415425,2.1556948971118604,0.7917721754627001,0.0010497130495363749
wr,tutor,Team Rocket's Ariana,Team Rocket's Ariana,3.4244928625093918,1331,-0.2901450305415425,1.26718599580314,0.87243343798481,0.0008645825431615016
wr,tutor,Ruffian,Ruffian,1.0043478260869565,230,-0.2901450305415425,-0.58795969332854,1.0511580750834901,0.0005955730063326577
wr,tutor,Tarragon,Tarragon,1.5123674911660778,283,-0.2901450305415425,-0.57028918007478,1.13371638183465,0.000511990877970064
wr,tutor,Bianca's Devotion,Bianca's Devotion,1.0145454545454546,275,-0.2901450305415425,1.23493298007263,1.23546114124117,0.000431134609278188
wr,tutor,Pokémon Center Lady,Pokémon Center Lady,1.0282608695652171,460,-0.2901450305415425,-0.52703832148681,1.43768038011886,0.0003183804377266887
wr,tutor,Gladion's Final Battle,Gladion's Final Battle,2.1944444444444446,288,-0.2901450305415425,2.83082618765576,1.98326449089603,0.00016730533702849452
