window,deck_id,lists,day2_rate,effect_hand,effect_fitted,effect_data,power_hand,power_fitted,power_data,power_H_hand,power_H_fitted,power_H_data,offense_prizes,liability_prizes,prize_race,offense_H,dmgheal_units,wr,games,name
CRI,alakazam-dudunsparce,337,0.18100890207715134,84.68899331367179,68.62528133542959,19.042525236410103,78.95517002337665,62.891458045134456,13.308701946114976,13.112333861322913,11.096417656066762,-3.0266930306452675,3.1915479401699,3.7649302691994135,-0.5733823290295131,0.1159732537919185,1.8619863073644833,0.4773151854817187,2498,Alakazam Dudunsparce
CRI,archaludon-dudunsparce,23,0.08695652173913043,57.082378309040195,61.83545843259367,37.041913516739896,27.182229694653874,31.935309818207354,7.141764902353578,2.958560383161382,-0.3868780347906808,-10.044418423360645,1.2663186504555126,4.2563335118941446,-2.990014861438632,0.23948100702553246,1.510098963531359,0.4227642276422764,164,Archaludon Dudunsparce
CRI,archaludon-ex,5,0.2,46.38605546356841,49.317386773489815,29.084308817900784,16.0759151466794,19.007246456600804,-1.2258314989882249,-4.044772594428898,-14.876489598437473,-21.494548308655947,1.6383347429945148,4.6693487746834155,-3.031014031688901,1.6383347429945148,1.7459773713788955,0.41880341880341876,39,Archaludon
CRI,basic-box-m,177,0.23728813559322035,101.05034243375172,68.62073749677278,18.6305646695029,90.42769211759904,57.99808718062009,8.007914353350207,60.0277002748883,35.06984889519119,0.052760568562057304,4.394249986537685,5.456515018152954,-1.062265031615269,2.042709384683481,3.314725043958845,0.5037140204271123,1436,Basic Box
CRI,beedrill-ex-cri,143,0.0979020979020979,75.70525843946244,84.39931746663765,33.061770357658524,75.0258912347701,83.7199502619453,32.38240315296617,23.767930623753056,25.582249755191107,7.977276177616298,4.385573570618432,4.453510291087666,-0.06793672046923471,0.06576713089872334,0.30212772443428154,0.44046400545888775,977,Beedrill
CRI,blaziken-ex-jtg,1,0.0,99.59426843348297,71.38504050598166,22.24367858887085,92.23603624436788,64.02680831686658,14.885446399755764,50.33951343581636,20.4836205957194,-1.4450298078276382,2.338632188447238,3.0744554073587467,-0.7358232189115088,0.7987519956508556,5.752445453922304,0.3888888888888889,6,Blaziken
CRI,blaziken-zoroark,1,0.0,103.83526863049912,77.41176499791865,26.521622404710342,99.75364642888722,73.33014279630676,22.44000020309845,49.11709515594599,15.709989833569724,-10.736746358688974,3.875926514765703,4.284088734926893,-0.4081622201611901,0.3129741038686393,4.98073972343375,0.2916666666666667,8,Blaziken Zoroark
CRI,blissey-ex,1,0.0,79.960761820425,58.04058378148885,28.19700907743271,63.59059814314341,41.670420104207246,11.826845400151113,37.13721687107862,3.5041826185599287,-14.14076576260204,3.1206562278497945,4.757672595577954,-1.63701636772816,1.62778480062601,5.207966064000001,0.4583333333333333,8,Blissey
CRI,bronzong-tef,3,0.0,124.1193693616407,72.66628966566047,23.22027495111119,106.89602170753159,55.44294201155136,5.996927297002082,55.89215662077002,5.536108111453443,-20.982814878024417,3.3846244114535318,5.106959176864442,-1.7223347654109105,0.7371146852042251,9.318297518341081,0.3111111111111111,15,Bronzong
CRI,ceruledge-ex,33,0.030303030303030304,38.384868452179546,52.48820405257786,36.627515505240574,34.096463467154635,48.199799067552945,32.33911052021566,12.226711946220679,9.969321578616649,7.101099483847582,4.04294353432878,4.471784032831271,-0.4288404985024916,4.030688536708312,0.3763775972795691,0.41741741741741745,222,Ceruledge
CRI,clefairy-ogerpon,12,0.16666666666666666,103.62219500981779,73.19890544968489,22.63508091122995,92.12223981532206,61.698950255189175,11.135125716734235,49.75552706018025,25.456707865705273,-6.523562673307972,4.322279680392725,5.472275199842296,-1.1499955194495712,1.6876680351184488,3.324303936807033,0.456140350877193,95,Clefairy Ogerpon
CRI,crustle-dri,155,0.2967741935483871,76.04447518913558,42.62057750092038,18.238491958806698,74.19755894159556,40.773661253380375,16.391575711266686,10.25749022805676,5.085375785338219,-0.0633269417081347,3.8092754462055325,3.993967070959533,-0.18469162475400056,0.011245715176686445,5.762168656713954,0.535067584799796,1307,Crustle
CRI,cynthia-garchomp-ex,103,0.07766990291262135,61.60628628618274,68.96149087555803,39.482425987158955,66.69268499134375,74.04788958071904,44.56882469231997,10.465467615447968,13.368599820666377,6.369822710378122,4.245381799390307,3.736741928874206,0.5086398705161013,0.0038300929202512127,1.7152981909706533,0.4178537511870845,702,Cynthia's Garchomp
CRI,decidueye-ex,5,0.2,62.342548314189955,64.39313831132722,20.04908507638606,26.095895994583287,28.14648599172055,-16.197567243220607,9.487951318025678,10.926770890066434,-1.689052854718296,0.9436931265744427,4.568358358535109,-3.624665231960667,0.5319252065267458,0.23644996349153283,0.34074074074074073,45,Decidueye
CRI,diancie-dusknoir,19,0.15789473684210525,93.12572319470712,73.78759234252986,29.4599653638015,74.06499290626121,54.726862054083945,10.399235075355586,7.719744870188643,-14.738540683709056,-29.119241653764544,4.093926971155409,6.0,-1.9060730288445915,0.15228627948567908,4.917950344008803,0.4534313725490196,136,Diancie Dusknoir
CRI,doublade-por,7,0.0,75.26243443943498,62.8042569157431,25.41622869904385,52.35869748905596,39.90051996536409,2.512491748664832,11.532707519575894,12.085064064162031,0.2604110631535601,2.25679152087432,4.547165215912221,-2.2903736950379012,0.6226471440830567,2.8139386507715014,0.3333333333333333,51,Doublade
CRI,dragapult-blaziken,270,0.16296296296296298,115.91791908266865,86.95094279678644,29.482070078071335,119.46154830486516,90.49457201898294,33.02569930026784,82.92363609189515,53.59261647104867,18.473081820162765,5.217283247954198,4.862920325734548,0.35436292221964977,4.766495908288752,6.251232843904564,0.4829461196243203,2023,Dragapult Blaziken
CRI,dragapult-dudunsparce,65,0.15384615384615385,100.81186227489121,80.78059781319132,34.212796537819344,107.3006309638302,87.2693665021303,40.70156522675833,78.1650182381563,51.300979453044505,20.047998983344254,5.1607397511818025,4.511862882287903,0.6488768688938986,4.7481331653991345,4.902080886459253,0.44729907773386035,506,Dragapult Dudunsparce
CRI,dragapult-dusknoir,575,0.16869565217391305,93.54938189810724,81.42147466178218,33.94037878760719,89.41760917162354,77.28970193529848,29.80860606112349,64.51532437657501,39.02240746866588,8.778358929425558,5.5840781317034605,5.99725540435183,-0.4131772726483695,5.497607567185078,4.25423105791483,0.478486646884273,4044,Dragapult Dusknoir
CRI,dragapult-ex,1019,0.3169774288518155,95.16589709895838,82.41967378509074,37.37539431276585,101.40223210926409,88.65600879539645,43.61172932307155,76.6531630082379,50.61520713940191,19.61439229263967,5.347400422707265,4.7237669216766935,0.6236335010305709,5.143529289683083,4.455092197711116,0.5564352702766389,7073,Dragapult
CRI,dragapult-froslass,2,0.5,98.10118789522224,72.29604729068276,28.888598489277193,107.70808165337563,81.90294104883614,38.49549224743059,76.24655894187453,43.16192071376305,11.303465246720924,5.378963876210743,4.418274500395404,0.9606893758153392,3.952317182211568,6.369101803291111,0.5757575757575757,22,Dragapult Froslass
CRI,dudunsparce-control,1,0.0,71.47828691329381,51.23197160301473,16.731251394380806,16.59726255880074,-3.6490527514783455,-38.14977296011227,-19.84862142019643,-34.68034029559659,-56.4500785014499,0.0,5.488102435449308,-5.488102435449308,0.0,2.2122498735461344,0.1111111111111111,6,Dudunsparce Control
CRI,eelektrik-blk,6,0.0,78.18020174246779,66.06067652365404,25.660892737304014,74.79163810274657,62.67211288393282,22.272329097582798,8.748259053714987,7.17133764822027,-5.385364396650286,4.7095755551036325,5.048431919075754,-0.33885636397212143,0.2849261756246763,1.903387438604222,0.24166666666666664,40,Eelektrik
CRI,ethan-typhlosion,62,0.11290322580645161,85.91314012983592,92.52093879187181,46.30681203050019,89.69119133217367,96.29898999420956,50.08486323283794,15.985725546331606,16.97218078811234,-0.26964260451088107,4.055276877616431,3.6774717573826567,0.3778051202337743,0.19660708386018355,2.9808221334148106,0.39984882842025704,441,Ethan's Typhlosion
CRI,feraligatr-tef,1,0.0,83.83591796146138,52.27880770235176,21.19489864780512,69.61503767027385,38.05792741116422,6.974018356617595,43.64974777643533,12.068116609982225,-8.318487412451198,1.7971919902144249,3.219280019333177,-1.4220880291187523,1.7971919902144249,6.295193114197103,0.3333333333333333,6,Feraligatr
CRI,festival-lead,131,0.22137404580152673,87.1719204814443,77.1313253635958,39.35216301291393,93.67054654831436,83.62995143046585,45.85078907978398,56.20904823447608,56.32039601141058,32.568754528028315,4.168072847204527,3.518210240517521,0.6498626066870069,4.168072847204527,3.901127637516802,0.5101721439749609,1065,Festival Lead
CRI,flareon-ex,1,0.0,61.83965318927622,62.72854556195253,25.942891149115106,74.4935403372604,75.38243270993671,38.59677829709928,52.51962960970212,54.31777435245317,33.61843518508088,5.74339130767732,4.478002592878903,1.2653887147984166,5.74339130767732,0.408,0.16666666666666666,6,Flareon
CRI,flareon-noctowl,10,0.0,68.92660848671707,59.45444082594548,25.745992366890665,53.16145627023826,43.68928860946667,9.980840150411854,28.134889567434197,22.305540540064815,-0.9516968886832213,3.853907958095622,5.430423179743504,-1.576515221647881,1.9821924542675842,2.3638182281187055,0.35220125786163525,53,Flareon Noctowl
CRI,froslass-munkidori,3,0.0,95.3324303472556,61.752747221635474,27.921379328399922,80.72485518356719,47.14517205794706,13.313804164711511,49.21573680263137,8.551803692379373,-12.03415836838285,2.9437241241372654,4.4044816405061065,-1.4607575163688413,0.8334980362081338,7.046419305573263,0.3174603174603175,21,Froslass Munkidori
CRI,galvantula-ex,1,0.0,74.54368794379138,43.5944809925154,7.438432683708761,58.87964481199551,27.93043786071952,-8.225610448087123,23.42458565231187,11.483290565783005,-8.792257634804702,4.004570385969773,5.570974699149361,-1.5664043131795884,1.1702610676512195,3.9774541518237942,0.3333333333333333,6,Galvantula
CRI,greninja-blaziken,1,0.0,82.73510021611062,77.48320860722974,30.45078262420895,82.55147045793066,77.29957884904978,30.267152866028987,45.179673963511775,39.35894491634503,18.75181026204417,4.855644463660556,4.874007439478552,-0.018362975817995952,4.855644463660556,1.5237279587307009,0.5833333333333334,8,Greninja Blaziken
CRI,greninja-ex,61,0.09836065573770492,72.21600917468793,63.76100486300704,25.920540366990256,60.89568398329254,52.440679671611655,14.600215175594874,26.835996484193654,6.839059473065572,-10.599158218118966,4.771902255997039,5.903934775136578,-1.132032519139538,2.825424753558881,2.7539986352069605,0.4125490196078432,425,Greninja
CRI,grimmsnarl-froslass,32,0.09375,110.85270790194869,64.25642059389264,15.928420326860133,108.13412299212332,61.53783568406729,13.209835417034776,49.414464306483374,11.507992717284628,-8.735778972660654,3.8471291606143065,4.118987651596842,-0.2718584909825356,0.31706726511103883,7.474715697124384,0.4556040756914119,229,Grimmsnarl Froslass
CRI,hop-zacian,2,0.0,71.81602590591227,66.89050065764692,36.19821065430459,65.36747113709329,60.44194588882796,29.749655885485602,8.64950074826281,4.150552995692573,-6.193584439235933,3.9539680557853276,4.598823532667225,-0.6448554768818981,0.20925192818586655,2.850202828094261,0.2424242424242424,11,Hop's Zacian
CRI,hops-trevenant,63,0.12698412698412698,78.61778981274084,65.39980032117488,33.2276973492251,73.04034584849137,59.82235635692542,27.650253384975628,7.003288801656063,8.48379072503589,2.287763517487738,3.1891869629122143,3.746931359337162,-0.5577443964249471,0.027943455844350058,4.510807031628694,0.4586033117350612,463,Hop's Trevenant
CRI,hydrapple-ex,1,0.0,101.09312873100792,74.91323016348508,13.31597319662422,98.38876728586972,72.20886871834688,10.611611751486016,55.30373710143255,39.452114596676594,7.4660795617754685,4.419096052859758,4.689532197373579,-0.2704361445138206,4.419096052859758,2.1906048269487104,0.0,3,Hydrapple
CRI,hydreigon-ex,3,0.0,66.40652833758797,66.50405128337101,29.471739750838704,57.513146896275885,57.61066984205893,20.578358309526617,21.5818362005665,20.893792254958147,5.426159905374078,3.6357770493559554,4.525115193487164,-0.8893381441312086,2.779517804152217,1.3004219687733107,0.42857142857142855,21,Hydreigon
CRI,iono-bellibolt,1,0.0,44.59987620507494,55.53790703566639,35.376160617284114,0.2656128686480019,11.203643699239452,-8.958102719142827,10.778,19.32506180303161,12.65538237068078,0.0,4.433426333642695,-4.433426333642695,0.0,1.4646451687104922,0.25,8,Iono's Bellibolt
CRI,jellicent-dusknoir,2,0.0,100.13300288860867,80.33665187094286,35.663948110865554,76.1000108381113,56.3036598204455,11.630956060368197,11.278404026281262,-13.971138104298952,-30.683707384878012,3.596700794950264,6.0,-2.4032992050497355,0.6329398491123536,4.820471015266582,0.42857142857142855,14,Jellicent Dusknoir
CRI,joltik-box,3,0.3333333333333333,77.8098837624216,55.56373006041422,20.224490919807646,60.869445966747115,38.62329226473972,3.284053124133146,29.585999004149674,8.014152917755236,-12.866977734424097,3.8384827514340767,5.532526531001527,-1.6940437795674503,1.7478408082120505,3.1996591316453693,0.4,25,Joltik Box
CRI,kangaskhan-bouffalant,20,0.15,97.80811698755227,45.65996302080303,9.96216707411121,84.45431572212101,32.30616175537177,-3.3916341913200534,33.015178554591124,0.15836399852474697,-18.612658843896437,4.173742790879869,5.509122917422995,-1.3353801265431262,0.9504222632561691,7.201948835517186,0.4302600472813239,141,Kangaskhan Bouffalant
CRI,lillie-clefairy,44,0.20454545454545456,74.3344229681475,53.92465926780274,19.894169585745228,62.76992712368688,42.36016342334211,8.329673741284596,27.798301775218125,15.453218234606629,-3.9500075133564065,4.29630333450505,5.452752918951113,-1.1564495844460625,0.6698908165763767,2.6386829397025826,0.5266272189349113,338,Lillie's Clefairy
CRI,lopunny-dudunsparce,105,0.06666666666666667,93.32299839748323,62.76814108640939,27.077400577040546,82.7513403717558,52.19648306068196,16.505742551313116,18.18549756481659,17.10659381652368,6.179175637249931,4.308698576938767,5.3658643795115095,-1.057165802572743,0.0,5.607794604832288,0.39904761904761904,700,Lopunny Dudunsparce
CRI,lopunny-dusknoir,1,0.0,89.20284138796428,86.66004983466662,33.17982877888472,73.24950855637927,70.70671700308161,17.2264959472997,12.017208669470527,-13.13804485264336,-32.04058751002449,4.404666716841498,6.0,-1.595333283158502,0.0,2.7,0.26666666666666666,5,Lopunny Dusknoir
CRI,lucario-hariyama,121,0.08264462809917356,75.33228101857735,69.45430955590844,41.42543446312827,73.22029189860766,67.34232043593875,39.313445343158584,8.945259247166598,2.768752760929963,-0.7594864517685863,4.470896369486424,4.682095281483394,-0.21119891199696933,0.006253039261678047,3.4080334424149754,0.41982622432859396,844,Lucario Hariyama
CRI,manectric-eelektrik,4,0.0,58.21983009458091,52.95844526873226,22.547265798016706,49.08377326929333,43.82238844344469,13.411208972729131,10.997370247878857,10.119387734746622,1.1622296127046337,4.411491876346163,5.32509755887492,-0.9136056825287575,0.050557407302369274,1.1390605439562882,0.13888888888888887,12,Manectric Eelektrik
CRI,marnie-grimmsnarl-ex,1,0.0,107.82347899015716,69.00306508057922,17.31944467145942,92.35906324837816,53.53864933880019,1.855028929680396,26.98736752475944,-6.711232251480512,-26.83418360680239,4.453558425822099,6.0,-1.5464415741779014,0.1382455377088018,6.567788358622003,0.3888888888888889,6,Marnie's Grimmsnarl
CRI,mega-abomasnow-ex,4,0.0,22.05153024859392,34.12128277987404,24.958089874478755,-23.380608977200634,-11.310856445920512,-20.474049351315795,4.188071428571429,3.8589339061877754,2.331100876651858,0.0,4.543213922579455,-4.543213922579455,0.0,0.5887617348031489,0.3055555555555555,24,Mega Abomasnow
CRI,mega-absol-box,12,0.08333333333333333,97.4136581000253,52.71410185852289,13.474051148722703,78.27987763917378,33.580321397671355,-5.659729312128833,47.21506348208368,5.506114861330634,-17.6410586016778,3.472405343057241,5.385783389142394,-1.9133780460851535,0.6748416932129419,5.589852039637724,0.446969696969697,88,Mega Absol Box
CRI,mega-camerupt-ex,1,0.0,80.43389504274286,68.20632282298493,36.533934731957565,74.6041949752782,62.37662275552027,30.70423466449291,24.44581422403942,14.485104483592371,3.3977649298359798,4.611342974632624,5.19431298137909,-0.582970006746466,0.0,4.096,0.041666666666666664,8,Mega Camerupt
CRI,mega-charizard-x-ex,3,0.0,62.148593674826316,62.42538154460096,27.058607055744385,55.30761492464831,55.58440279442297,20.217628305566386,0.9854506411072829,1.21482590399853,-2.788073080946306,4.39366805001315,5.077765925030949,-0.6840978750177994,0.11941178105702453,1.8207245498825042,0.23809523809523808,21,Mega Charizard X
CRI,mega-diancie-ex,2,0.0,58.13157796107869,46.96479456471725,22.470732691026882,19.871258718482444,8.70447532212101,-15.789586551569366,5.712400843633009,0.2710984091385953,-5.893864123021385,1.7204023995551836,5.546434323814808,-3.826031924259625,0.39181990659336174,2.3997412421295357,0.0,4,Mega Diancie
CRI,mega-dragonite-ex,1,0.0,91.33647868686876,64.81984492108606,16.409645671213884,88.58767231594332,62.07103855016063,13.660839300288451,19.79954746773328,11.636492842995468,-6.403461673478305,4.750198345515426,5.02507898260797,-0.2748806370925436,0.1279411939896692,3.660349326438729,0.0,2,Mega Dragonite
CRI,mega-froslass-dudunsparce,2,0.0,101.20271071054998,62.698480722953974,23.02086862753117,90.4995342107041,51.99530422310809,12.317692127685284,53.03020950361724,11.369965186902903,-11.51488165513257,4.244347737149088,5.314665387133676,-1.0703176499845881,0.1815345444661035,6.71940641137007,0.3555555555555555,15,Froslass Dudunsparce
CRI,mega-froslass-ex,3,0.0,87.6133972423806,65.40038472662069,28.935442928103097,75.33237888082611,53.11936636506616,16.654424566548588,34.71288352351707,4.382349228440774,-12.726242250660375,4.41422366651247,5.64232550266792,-1.2281018361554505,0.5792898503569056,5.8035035974994,0.3157894736842105,19,Mega Froslass
CRI,mega-greninja-ex,186,0.07526881720430108,71.85628487692803,71.03151981062486,29.66172457134663,73.39325108546518,72.568486019162,31.198690779883783,23.132662726869814,20.89497818478911,6.652581326026388,5.112566152383937,4.958869531530221,0.15369662085371527,2.1960580995125834,1.680728578565857,0.3854251012145749,1235,Mega Greninja
CRI,mega-lucario-ex,86,0.11627906976744186,80.43725437727959,67.96092625118091,36.597476687504084,76.94369155292269,64.46736342682402,33.10391386314719,14.44482565878607,5.837870520999511,-1.3813233656772284,4.355614389552546,4.704970671988236,-0.3493562824356896,0.009933020788574587,3.5288969447872987,0.45846313603322947,642,Mega Lucario
CRI,mega-manectric-ex-meg,1,0.0,68.16721328427985,63.35298452434801,30.84867187045669,55.50364485722351,50.689416097291655,18.185103443400344,27.729410915680795,16.65078623496572,-3.861987873259777,4.337697459926814,5.6040543026324485,-1.2663568427056342,1.010631309871567,2.0698883852092043,0.25,8,Mega Manectric
CRI,mega-starmie-ex,18,0.05555555555555555,87.9128917325901,61.62483489990362,28.90837677015334,77.08128566934687,50.793228836660376,18.0767707069101,38.116407246288446,14.973098852691319,-1.7546334692909848,4.345909090569565,5.4290696968938885,-1.0831606063243235,0.17911667507133971,6.335939729615134,0.4528301886792453,106,Mega Starmie
CRI,mega-venusaur-ex,19,0.0,100.2108053220726,75.4244599384291,12.658426591579149,91.5940358110862,66.80769042744271,4.041657080592749,34.29678562956799,21.658663980779174,-3.3987007599885564,4.215252523875481,5.076929474974121,-0.86167695109864,1.808043073037713,2.1695287823715588,0.3063063063063063,111,Mega Venusaur
CRI,mega-zygarde-ex,1,0.0,50.80819327731093,33.71789285270169,16.60258821458884,-8.765503555824205,-25.855803980433446,-42.97110861854629,0.7668714769207039,-4.161106377094934,-5.930527827180123,0.0,5.957369683313513,-5.957369683313513,0.0,3.468,0.25,4,Mega Zygarde
CRI,metagross-cri,50,0.14,68.36498834033897,65.28372918985154,29.413487640205823,69.84091752984749,66.75965837936008,30.889416829714357,20.650388187649465,11.570945372474972,-6.3309655439027015,4.043169631219428,3.895576712268574,0.14759291895085366,0.20816688370806294,1.951145238919739,0.44505494505494503,364,Metagross
CRI,misty-gyarados,1,0.0,44.35174919851273,49.475678074189645,25.197320374096428,12.240078970636183,17.364007846313104,-6.914349853780113,17.34,20.67060117786104,8.867730062679529,0.0,3.2111670227876545,-3.2111670227876545,0.0,0.5210448877917819,0.2,5,Misty's Gyarados
CRI,n-zoroark,285,0.25263157894736843,98.80956422400028,86.69518137011691,44.41755450415319,92.56492484552516,80.4505419916418,38.172915125678074,38.415637961980536,17.253090614448652,-5.6645102915505054,3.9759101100597793,4.600374047907292,-0.6244639378475121,0.12152003153859353,3.6834839971409523,0.4972259709101814,2223,N's Zoroark
CRI,ogerpon-meganium,5,0.0,89.28090797737592,75.16413653106252,16.130376593523714,75.39903263378412,61.28226118747072,2.2485012499319215,42.46085830112933,29.1451577699447,-0.7490413464302271,4.06749284507622,5.4556803794354,-1.3881875343591796,4.06749284507622,0.21760000000000002,0.32407407407407407,36,Ogerpon Meganium
CRI,ogerpon-meganium-arboliva,36,0.19444444444444445,92.32904653564421,86.55121049805373,22.39302998782051,73.66518909641569,67.88735305882521,3.7291725485919867,41.370487168961944,27.736360203942564,-2.2340842562596372,3.430867687196036,5.297253431118889,-1.8663857439228524,2.421508929151862,0.09894822256947149,0.4072769953051643,284,Ogerpon Meganium Arboliva
CRI,ogerpon-meganium-hydrapple,346,0.15606936416184972,101.05428967504166,84.70338710848317,18.261980339587662,98.22578688446661,81.87488431790813,15.433477549012625,70.96641159405073,47.64593367671186,12.794377320559887,4.364416200568195,4.647266479625698,-0.2828502790575037,4.351940525299769,1.160976327315079,0.46480372588157015,2505,Ogerpon Meganium Hydrapple
CRI,okidogi-barbaracle,20,0.05,66.21047394092054,52.228507567907926,24.104064911614053,60.13159302180135,46.14962664878874,18.025183992494867,2.2900014206419916,-0.959013043741779,-3.6153381290433657,2.674193175379897,3.282081267291816,-0.6078880919119184,0.11767328507356356,2.2300968465673288,0.4589041095890411,146,Okidogi Barbaracle
CRI,other,66,0.030303030303030304,74.56723704127359,57.50284577912324,22.186178543392924,56.83197589934981,39.76758463719946,4.450917401469141,14.922692287371321,-0.09597703790027784,-13.589855253681288,3.0562799402832015,4.82980605447558,-1.773526114192378,0.6130826864932768,3.5549326190957853,0.33858267716535434,381,Other
CRI,palafin-ex,3,0.0,67.71681746519965,53.975215183078966,24.964151078453565,49.723519988398074,35.9819177062774,6.970853601651996,13.159408779180822,-0.6296868801852055,-12.112929004051056,2.4862282108230103,4.2855579585031665,-1.7993297476801562,0.10434109467501829,2.658450306432413,0.5,16,Palafin
CRI,paldean-tauros-pfl,1,0.0,55.59131865064315,56.01932914481166,27.783298582683788,27.66961604726128,28.097626541429776,-0.1384040206980917,-7.342603387533456,-4.963453694406626,-13.841402678963732,2.08970616849793,4.881876428836118,-2.792170260338188,2.08970616849793,1.088,0.0,1,Paldean Tauros
CRI,raging-bolt-ogerpon,260,0.15384615384615385,98.03338256637961,70.21614135422273,17.64594928311026,91.60831928789844,63.79107807574156,11.220886004629092,66.64271346132121,42.353891026253116,3.273536354593608,4.729652973854128,5.3721593017022435,-0.6425063278481167,3.1391733264587507,1.9890063622009821,0.4454132606721163,1835,Raging Bolt Ogerpon
CRI,reging-bolt-bellibolt,1,0.0,42.602,65.60581332871956,44.13023917789763,53.824555964068736,76.8283692927883,55.35279514196637,36.51790186669707,46.277983342502736,38.39528423737785,5.583175914823261,4.460920318416387,1.1222555964068741,5.583175914823261,0.0,0.0,3,Raging Bolt Bellibolt
CRI,rocket-mewtwo-ex,130,0.08461538461538462,74.0294461710922,68.19445696011408,32.74574554799642,71.17619356414829,65.34120435317017,29.892492941052513,7.893938241758243,9.748531849079846,5.4801002720992615,3.784353737831254,4.069678998525644,-0.2853252606943907,0.0,2.295178805361485,0.4218637992831541,930,Rocket's Mewtwo
CRI,rocket-spidops,5,0.0,73.23034161755363,70.03708285040386,32.51034263505816,68.25099293847501,65.05773417132525,27.530993955979547,8.761923809523811,15.443527279557546,10.120065334752667,3.4441054040208945,3.9420402719287564,-0.4979348679078616,0.0,1.8897284931241736,0.40625,32,Rocket's Spidops
CRI,rockets-honchkrow,173,0.16184971098265896,43.880964135634315,46.56177196062568,23.856965830710926,50.33572601339554,53.016533838386906,30.311727708472162,4.1920250050783405,2.458957824587191,-0.6315121755452588,3.842105127084227,3.1966289393081038,0.6454761877761234,0.0007105427298530872,0.05083569058357302,0.4645110410094637,1268,Rocket's Honchkrow
CRI,sharpedo-toxtricity,5,0.2,102.02358701659153,73.75235961296633,33.04671775054607,89.25234910998492,60.981121706359716,20.275479843939443,47.98333613122262,7.847879164016516,-14.09292819411596,4.059307314383037,5.336431105043701,-1.2771237906606632,0.1246589529920608,6.006421480495442,0.4912280701754386,38,Sharpedo Toxtricity
CRI,slowking-scr,250,0.224,91.29945007025626,81.2042483517219,36.58415123146949,87.38461622949877,77.28941451096443,32.66931739071202,36.475454063426305,24.846803058249186,4.238768944047221,3.9933580380241622,4.38484142209991,-0.3914833840757476,2.2773589150352365,2.8183108879936896,0.4978114478114478,1980,Slowking
CRI,starmie-dusknoir,47,0.02127659574468085,95.00595451369834,70.97837175737972,33.70393012478808,75.02974843259436,51.00216567627572,13.7277240436841,23.383373496741726,-9.236403068504007,-29.373822541428265,4.002379391889602,6.0,-1.9976206081103987,0.4781033605012589,6.289826539675323,0.37542662116040953,293,Starmie Dusknoir
CRI,starmie-froslass,56,0.125,102.17084486249475,64.7241409740259,27.863712741048236,90.11327695653439,52.666573068065546,15.80614483508788,50.436227516176075,12.988499927582854,-7.2129043938604145,4.17887005521301,5.384626845809046,-1.2057567905960358,0.15202387633581044,8.017949726678117,0.4341880341880342,390,Starmie Froslass
CRI,stevens-metagross,26,0.07692307692307693,93.2016063588422,74.10216731670555,20.169290331227277,84.16364255530516,65.06420351316851,11.131326527690247,11.674798050495232,4.762539287549762,-6.800107930395685,3.740018090053011,4.6438144704067135,-0.9037963803537031,0.05545978277155864,3.024132167505033,0.4283246977547496,193,Steven's Metagross
CRI,sylveon-pre,3,0.6666666666666666,58.408039557670726,33.96815515891225,14.558795712785837,44.03876427366091,19.598879874902437,0.18952042877601719,13.952844654281124,-3.5499783027884306,-13.461641826131471,1.7971919902144249,3.234119518615407,-1.4369275284009824,1.7971919902144249,4.743856538073902,0.5913978494623655,31,Sylveon
CRI,tera-box,14,0.07142857142857142,87.28925399210279,69.85169619081495,25.694567851764067,74.32265477572953,56.88509697444168,12.727968635390795,42.47517959042444,29.943783481055213,0.7363792290283294,4.173237004422364,5.4698969260596915,-1.296659921637327,2.3307575062387444,2.6334783765935543,0.47115384615384615,104,Tera Box
CRI,terapagos-noctowl,2,0.0,93.24904784774154,68.86227491567553,23.792757986118794,79.1267369251289,54.73996399306289,9.670447063506138,47.210877745368066,30.539544886383542,0.07289239136963555,3.9187458904238,5.3309769826850655,-1.4122310922612653,1.9226225347989438,3.5866069365510675,0.4375,16,Terapagos Noctowl
CRI,toxtricity-box,4,0.25,96.43189233729296,66.43643113227014,21.893085012751314,78.84117182197211,48.8457106169493,4.302364497430464,36.733490454672356,1.490562956916079,-16.851821099242585,2.8347190896965317,4.593791141228618,-1.7590720515320855,0.4389078360609411,4.262284680017907,0.44086021505376344,31,Toxtricity Box
CRI,toxtricity-pfl,2,0.0,80.24582779608707,63.90486421466591,24.72467691216724,65.12429986092798,48.78333627950682,9.603148977008145,22.014914825528017,-1.1744426205668779,-17.93713956710539,3.034065863304378,4.546218656820287,-1.512152793515909,0.3021530898822602,2.692013888408081,0.2222222222222222,12,Toxtricity
CRI,ursaluna-lunatone,6,0.0,100.44476518855954,68.18550261475998,27.788881058415996,84.70565231266335,52.44638973886378,12.049768182519799,30.26549067063979,3.6347334202981187,-11.207141257440282,2.248309766866047,3.8222210544556674,-1.5739112875896197,1.6063187545664188,5.669312320199778,0.42857142857142855,42,Ursaluna Lunatone
CRI,yanmega-ex,1,0.0,88.23982426112806,59.21995899321221,22.29331828707084,74.2986933974904,45.27882812957455,8.352187423433167,16.852553085086207,8.512206530568486,-10.720434693964332,4.015973334598064,5.410086420961831,-1.3941130863637676,0.1160947871387738,3.861759821695789,0.2916666666666667,8,Yanmega
CRI,zygarde-barbaracle,1,0.0,63.29709153161679,64.48563130231751,35.66625170972657,10.652365574258637,11.840905344959356,-16.97847424763158,-0.0258865479177101,5.571070032856367,3.7976494075417,0.0,5.264472595735815,-5.264472595735815,0.0,1.4913333333333334,0.25,8,Zygarde Barbaracle
CUR,alakazam-dudunsparce,467,0.12205567451820129,93.31185648106087,68.40620079393791,16.273975925206788,88.461709858938,63.55605417181505,11.423829303083924,13.43598323090123,11.369816867184156,-2.313005113445563,3.3788725104293,3.8638871726415864,-0.48501466221228645,0.10585281667349433,2.6709942580412585,0.43746295198577356,3374,Alakazam Dudunsparce
CUR,alakazam-dusknoir,99,0.26262626262626265,103.08571947478245,74.75357511276546,18.38515791935727,76.45610395345336,48.12395959143635,-8.244457601971833,-6.031256016888693,-26.51165472501647,-42.462752708487166,3.33703844786709,6.0,-2.66296155213291,0.12671487299706866,3.655508059357583,0.5126984126984128,840,Alakazam Dusknoir
CUR,alakazam-meg,3,0.0,79.19395361379456,65.68176130006734,15.907642760306237,78.44366640014336,64.93147408641612,15.157355546655024,7.116453130378093,6.385509410008922,-2.9778363615424897,3.482538451490335,3.5575671728554563,-0.07502872136512106,0.026158638802339,1.5660180158398607,0.22222222222222224,21,Alakazam
CUR,alolan-exeggutor-ex,2,0.0,76.05310606937974,57.69286777163055,25.038286084239758,69.35468935770143,50.99445105995224,18.339869372561434,28.881498093848744,12.613926701700535,-8.762406593750066,3.7314904039534635,4.401332075121297,-0.6698416711678332,0.8603399120158918,3.7841915163798303,0.25,12,Alolan Exeggutor ex
CUR,archaludon-dudunsparce,4,0.0,56.104260860037456,57.649839399389535,33.62793410133614,25.279744996272857,26.825323535624936,2.8034182375715417,-3.5790935412369396,-11.0742871038624,-20.38327724156551,1.2798873936612165,4.362338980037676,-3.0824515863764597,0.5427917551485345,1.7820000000000003,0.5208333333333334,32,Archaludon Dudunsparce
CUR,archaludon-ex,4,0.0,50.819203957213176,53.19386130778346,31.566930946066506,25.746801564804315,28.1214589153746,6.494528553657651,-4.247597101593506,-11.943634159407296,-20.52472822593828,2.109584315275886,4.616824554516772,-2.507240239240886,1.145893705313573,1.833484076659087,0.19230769230769232,26,Archaludon
CUR,azumarill-ssp,3,0.0,83.35562104437298,67.53221035373052,31.832554645121814,69.05513120577287,53.23172051513041,17.532064806521703,11.035046659396892,12.50680445407688,-0.9605892762701368,3.609003140376373,5.039052124236385,-1.4300489838600112,1.0408309887494338,3.655543500998965,0.375,24,Azumarill
CUR,basic-box-m,444,0.2545045045045045,100.95908292289381,66.20237990748238,14.566217480993595,91.27359009227784,56.51688707686643,4.880724650377646,64.13658782440365,36.61725521231293,-0.5384341203248355,4.640466991466325,5.609016274527921,-0.968549283061595,2.1250249014755402,3.0986300190650526,0.5154723127035831,3684,Basic Box
CUR,beedrill-ex-cri,37,0.08108108108108109,74.12254925392558,78.656278188422,28.042078406621318,73.94347331291362,78.47720224741005,27.863002465609373,23.365682020905027,24.192872967224435,7.300863841400116,4.5227775561567745,4.540685150257969,-0.017907594101194316,0.12598914067323574,0.4564031542430187,0.37610062893081764,265,Beedrill
CUR,blaziken-ex-jtg,1,0.0,68.44989582371063,67.33490674455477,31.75238776446936,56.38517055850291,55.270181479347045,19.68766249926164,24.0327839006393,27.60856645947024,8.96292689587816,3.6669117407281338,4.873384267248906,-1.2064725265207725,2.255838345717579,2.3775676641041787,0.3333333333333333,8,Blaziken
CUR,blaziken-zoroark,1,0.0,107.76539698853888,92.03401787218824,38.57153639441231,102.14046944568474,86.4090903293341,32.94660885155816,39.983901539430434,21.10624968334253,-1.3792942282505918,4.102662090953199,4.665154845238613,-0.5624927542854135,0.2216211727308399,4.424783264122966,0.5833333333333334,8,Blaziken Zoroark
CUR,bronzong-tef,2,0.0,71.15735708913348,54.823090917042464,24.603671093001584,48.92904647821988,32.594780306128854,2.3753604820879843,9.682160880804279,-7.657999287559393,-22.589730113064384,2.197175595542961,4.420006656634321,-2.2228310610913606,0.1778929080699342,3.893694778762536,0.26666666666666666,10,Bronzong
CUR,ceruledge-ex,30,0.1,36.68145034051004,47.71684620077324,32.54294371297105,34.61446578088783,45.64986164115103,30.475959153348846,13.104326778800175,10.661175561771993,7.172897174325009,4.211848294096079,4.418546750058299,-0.20669845596222056,4.175893445767922,0.5254297509635093,0.38028169014084506,213,Ceruledge
CUR,cinccino-ex,12,0.08333333333333333,63.21468752524475,66.689527694871,34.57739045549173,65.49614751281038,68.97098768243664,36.85885044305737,18.408012435319982,13.117170404782911,-1.9699161775698188,4.167647209812395,3.939501211055832,0.22814599875656372,0.10563422036224003,1.4038064397076955,0.3855421686746988,83,Cinccino
CUR,clefairy-ogerpon,14,0.5,96.17595133334544,68.12659033502885,19.56188714899177,84.46825247345296,56.41889147513638,7.854188289099306,49.05091956064313,26.53977127669324,-5.1931724967816795,4.444143180860162,5.614913066849409,-1.1707698859892464,1.4917747085006856,2.8303436697035758,0.5955555555555555,150,Clefairy Ogerpon
CUR,conkeldurr-twm,1,0.0,65.59000742761143,65.82709408413163,37.97477012385039,57.89377680612124,58.13086346264144,30.2785395023602,31.424949923987523,26.49895282484244,13.710178593251731,3.3837575185763686,4.153380580725388,-0.7696230621490194,3.3837575185763686,2.04,0.0,1,Conkeldurr
CUR,cornerstone-mask-ogerpon-ex,1,0.0,66.99932936170337,52.01935121914827,23.768993939775243,10.437147494829397,-4.542830647725708,-32.793187927098735,-35.755129772460684,-41.88125508271789,-53.96688431704355,0.0,5.656218186687397,-5.656218186687397,0.0,2.55,0.25,8,Cornerstone Mask Ogerpon
CUR,crustle-dri,288,0.1875,73.88738082964431,42.36032550181155,17.04690332935953,73.65488089840011,42.12782557056734,16.814403398115317,12.260113324751384,7.564617577898365,1.6589968403542885,3.9845301892470064,4.0077801823714285,-0.023249993124421848,0.017311029338889453,5.316345510197227,0.4936801881246326,2268,Crustle
CUR,cynthia-garchomp-ex,106,0.18867924528301888,63.9718046763253,69.1720031257055,39.09115332385363,70.05265335232697,75.25285180170718,45.17200199985531,9.988167363805953,12.981484594017925,6.245107997790777,4.38360471615809,3.7755198485579218,0.6080848676001681,0.0026713155905923264,2.0249801302126533,0.4625930278104191,851,Cynthia's Garchomp
CUR,decidueye-ex,3,0.0,57.64137818774312,60.2885532552354,18.60333192668463,25.745791053076214,28.392966120568484,-13.292255207982288,-2.2628327303489297,0.005691051799300517,-11.048671126434447,2.171167020594138,5.360725734060829,-3.1895587134666914,2.171167020594138,0.4114072559279787,0.15384615384615385,13,Decidueye
CUR,dhelmise-pbl,246,0.15040650406504066,75.33264963392304,65.71909396269523,34.32153710050093,68.43879235770231,58.825236686474504,27.427679824280215,10.00488832438672,3.6001153145105875,-4.0717268405828735,3.512319968134756,4.201705695756828,-0.6893857276220722,0.16028243084245813,3.3492589032879896,0.4717398706162751,1958,Dhelmise
CUR,diancie-dusknoir,9,0.1111111111111111,91.82432992799514,73.66428340443002,31.274092031009445,72.04160545581176,53.881558932246634,11.491367558826063,9.550280235522633,-12.861713055086348,-27.72278909102586,4.021727552781662,6.0,-1.978272447218338,0.2226837969840141,4.884117911492009,0.4166666666666667,60,Diancie Dusknoir
CUR,doublade-por,13,0.0,67.48295122553844,62.013659043903836,23.305701971580927,54.22598550398948,48.75669332235487,10.048736250031968,7.100336296743176,5.651589631232993,-4.877852141250755,3.15974187175916,4.485438443914056,-1.3256965721548957,0.6342926041833188,1.2430670878359575,0.26190476190476186,70,Doublade
CUR,dragapult-blaziken,358,0.17318435754189945,109.36831952022848,86.78981987065393,30.54628854063034,115.1379492595822,92.55944961000766,36.315918279984054,84.23794853396953,55.35173974382832,20.123263591697988,5.383150862953724,4.806187889018353,0.5769629739353718,5.115280137394343,5.293305815259096,0.48256966305234933,2859,Dragapult Blaziken
CUR,dragapult-dudunsparce,37,0.16216216216216217,99.83288979266531,78.13626044907066,31.838282184233876,105.49217460662835,83.79554526303372,37.49756699819693,75.66419074009627,49.53320392509724,19.447068717098208,5.259027546310659,4.693099064914352,0.5659284813963058,4.738345119949659,4.8246185205459655,0.45454545454545453,286,Dragapult Dudunsparce
CUR,dragapult-dusknoir,510,0.17647058823529413,86.73930472496926,80.62297377002042,36.288807348844976,83.14379315605444,77.0274622011056,32.69329577993016,57.76036859926076,38.21827553360726,9.142418068370835,5.638502595857003,5.9980537527484845,-0.3595511568914821,5.447592610004064,3.4051225873597137,0.4701233281222859,3838,Dragapult Dusknoir
CUR,dragapult-ex,1360,0.2213235294117647,95.38091481808885,79.77957919822437,34.932665513712486,103.04850307823955,87.44716745837509,42.600253773863194,77.39413194217248,51.422752823238376,20.544729099476232,5.468622848991262,4.701864022976191,0.766758826015071,5.266348364110009,4.315511277342569,0.5154873543620346,9384,Dragapult
CUR,dragapult-froslass,2,0.0,100.56765840982426,81.3994249421198,38.176889162589745,103.8398585905983,84.67162512289383,41.44908934336378,80.73719782862938,46.3445685031795,14.541093542795316,5.166262573541118,4.839042555463713,0.32722001807740453,4.498498518497787,5.734322724839179,0.5128205128205129,13,Dragapult Froslass
CUR,dragonite-eelektrik,1,0.0,82.61748195710862,62.222347582082,18.39593840611086,79.62486114729157,59.22972677226493,15.4033175962938,9.214518985339716,9.811431269887104,0.6706922285418511,4.893682051213848,5.192944132195554,-0.2992620809817055,0.1447444680396092,3.018031453868476,0.19047619047619047,7,Dragonite Eelektrik
CUR,dudunsparce-control,2,0.0,58.3547083216422,46.12154613378969,19.37699230250755,31.059282857173937,18.82612066932142,-7.9184331619607216,0.040710551116264426,-9.544565192750607,-25.025366089818746,1.6918787592881843,4.421421305735011,-2.729542546446827,1.6918787592881843,2.013008405944919,0.23333333333333334,10,Dudunsparce Control
CUR,eelektrik-blk,2,0.0,58.80638903642198,66.32171897522284,35.443962528484946,24.715581044882725,32.23091098368357,1.3531545369456817,-1.9230861885869075,-5.62075912805362,-13.652277183063333,2.171167020594138,5.580247819748065,-3.4090807991539265,2.171167020594138,0.544,0.15384615384615385,13,Eelektrik
CUR,ethan-magcargo,1,0.0,67.8478886303347,60.40035338727112,23.18703520860058,56.32716189373963,48.87962665067605,11.66630847200552,1.1795718381672025,-8.965295637733345,-20.30371957040865,4.51997769611308,5.672050369772586,-1.1520726736595064,0.310166717227734,0.0,0.42857142857142855,7,Ethan's Magcargo
CUR,ethan-typhlosion,47,0.0425531914893617,86.35090749394834,90.49253564831345,44.18864616425377,91.06277039559511,95.20439854996022,48.900509065900536,15.426398069727972,15.747575017804472,-0.48709921156235586,4.171314246037578,3.700127955872902,0.4711862901646758,0.1171300051160816,3.1246350641684595,0.376984126984127,336,Ethan's Typhlosion
CUR,festival-lead,253,0.2134387351778656,90.98306580814958,81.37842199874719,42.51968891394035,99.46459962079314,89.85995581139075,51.00122272658391,52.68125166446184,54.6437724268778,34.114435735712775,4.350143852371874,3.5019904711075167,0.8481533812643562,4.340986145009561,4.487253014094892,0.5027870680044593,2093,Festival Lead
CUR,flareon-ex,2,0.0,76.32023002521345,61.83682704044925,26.782582021600707,66.49236543658884,52.008962451824644,16.95471743297611,18.921119634877364,19.36633168626438,2.036172621623672,3.996039198943799,4.978825657806259,-0.9827864588624597,0.4112098535215833,3.3931870557330255,0.3958333333333333,16,Flareon
CUR,flareon-noctowl,6,0.0,66.10646839697803,62.8114999259384,29.505735439029383,49.45000835270016,46.155039881660514,12.849275394751501,20.758103294755212,20.920658113225294,0.8034912314467161,3.7429785320220987,5.408624536449888,-1.6656460044277888,1.6350470787167437,1.9541532456195048,0.3333333333333333,36,Flareon Noctowl
CUR,froslass-munkidori,1,0.0,113.26199776664782,65.93905282620679,24.97088708715525,102.77190550017598,55.448960559734935,14.480794820683396,60.559337458965125,17.088447313001314,-4.455211117846193,4.3804407094323405,5.429449936079526,-1.0490092266471853,1.1660723497814007,8.862690296529959,0.5416666666666666,8,Froslass Munkidori
CUR,gengar-ex,2,0.0,88.32492816957836,66.62042131577572,17.924744768576794,73.25323904775942,51.548732193956766,2.8530556467578547,26.313589660927796,6.475986175244455,-10.102537271937162,3.091991862004071,4.599160774185965,-1.5071689121818936,0.10324470686619655,3.0811559974305354,0.3095238095238095,14,Gengar
CUR,greninja-ex,33,0.09090909090909091,70.9706941306354,63.23250548989761,25.76165443553713,61.010629951615215,53.27244131087743,15.801590256516954,26.166994636771413,8.179340424202662,-8.506627162149421,4.892946945371306,5.888953363273324,-0.996006417902018,2.93384549762605,2.70082382497031,0.4716459197786999,241,Greninja
CUR,greninja-froslass,1,0.0,105.00887025496466,72.90529011253257,27.17731645367097,107.3280118610278,75.22443171859571,29.49645805973411,52.234796138080064,13.869318938846767,-7.423228154363603,4.85871641835178,4.626802257745466,0.23191416060631376,0.1284095192035892,7.307317535695052,0.25,8,Greninja Froslass
CUR,grimmsnarl-froslass,99,0.10101010101010101,108.39884621644133,65.05990776798112,20.19272032898168,106.19203997379725,62.853101525337046,17.985914086337615,44.75697027403181,8.827404337292716,-10.004780889413347,3.8465270462627665,4.067207670527172,-0.22068062426440585,0.35298868370402103,7.246424787550667,0.43273231622746183,721,Grimmsnarl Froslass
CUR,heatran-metang,1,0.0,57.40277465693621,55.23708114991945,22.66163176568322,66.0500310249121,63.88433751789533,31.308888133659107,22.297136713186735,18.960349698616703,1.971259803498886,4.336607744830411,3.471882108032822,0.8647256367975884,0.0,1.4601394105495045,0.125,8,Heatran Metang
CUR,hop-zacian,8,0.0,72.183646324683,68.35939792398412,36.92611850243891,62.74182919825664,58.91758079755776,27.484301376012553,7.479592270057513,0.6056285942680386,-9.667032541131064,3.898429178622113,4.842610891264749,-0.9441817126426353,0.3639994048081599,2.957839218010676,0.3563218390804598,58,Hop's Zacian
CUR,hops-trevenant,35,0.2,78.80281839785138,64.850241366124,31.88085158855964,73.18971636812874,59.237139336401356,26.267749558837007,7.3554304162866275,7.611732635336016,0.9609657502995564,3.258715906078856,3.8200261090511196,-0.5613102029722636,0.030288680613162366,4.279285725210126,0.4511904761904762,280,Hop's Trevenant
CUR,hydreigon-ex,5,0.0,71.48211094534852,59.73021118818948,22.592847570964047,63.1579613714243,51.40606161426524,14.268697997039814,32.562601263681934,16.01532104132827,1.2690448310006417,3.5916750105216204,4.424089967914044,-0.8324149573924234,2.7774708253560165,2.132407420644925,0.3076923076923077,39,Hydreigon
CUR,iono-bellibolt,3,0.0,25.90185108244205,43.45949013375682,30.050220899968462,-16.118462949809448,1.439176101505321,-11.970093132283042,9.293333333333333,13.686109493719796,7.99589761014758,0.0,4.20203140322515,-4.20203140322515,0.0,0.2880058182085538,0.21212121212121213,11,Iono's Bellibolt
CUR,jellicent-dusknoir,1,0.0,92.86798567772064,64.18713832923265,18.39110773664177,75.20018752803728,46.5193401795493,0.7233095869584218,7.134635755640301,-21.22403494083872,-34.2271978099896,4.233220185031665,6.0,-1.7667798149683351,0.0,4.683866437152553,0.0,2,Jellicent Dusknoir
CUR,joltik-box,6,0.0,69.21690938225426,51.42326541028759,17.15607010723275,53.504903167601476,35.71125919563482,1.4440638925799743,25.19355951978349,9.644003332231105,-11.213883937163965,4.199202778618161,5.770403400083438,-1.5712006214652776,1.9165392212236974,2.13296412429445,0.37719298245614036,38,Joltik Box
CUR,kangaskhan-bouffalant,34,0.14705882352941177,104.02958318459423,48.46418421439714,12.21018299367387,92.3230478420709,36.75764887187383,0.5036476511505564,44.800725995520935,6.043237059102784,-11.637929579175992,4.4421652357075985,5.61281876995993,-1.1706535342523314,0.3739213218179436,8.313885762417586,0.4432367149758454,276,Kangaskhan Bouffalant
CUR,lillie-clefairy,14,0.21428571428571427,80.20617821098573,56.35589555709273,17.686249555798945,67.48628668311456,43.63600402922157,4.966358027927781,33.94964999961936,19.240122836376656,-3.3003178790599423,4.361175292953731,5.633164445740848,-1.2719891527871166,0.7755526502088356,2.738691737852061,0.48148148148148145,99,Lillie's Clefairy
CUR,lopunny-dudunsparce,139,0.1366906474820144,101.69879830238624,67.84643382099021,28.70834453833185,88.63614554080253,54.783781059406515,15.64569177674815,19.488495078587704,19.78555509462041,8.558598106204963,4.197137054254527,5.503402330412897,-1.30626527615837,0.00639269702241355,6.254021840874085,0.4566420664206642,1084,Lopunny Dudunsparce
CUR,lopunny-dusknoir,104,0.22115384615384615,94.41026800676615,73.16886067366269,21.481476526243327,78.59726202049522,57.355854687391755,5.668470539972395,8.561744098940688,-20.37225486711193,-35.53533639983357,4.418699401372907,6.0,-1.5813005986270936,0.365297800360992,3.2404990250813412,0.4944635357006491,873,Lopunny Dusknoir
CUR,lucario-hariyama,205,0.12682926829268293,76.83716644368302,73.51246451062639,44.493370877981256,70.10486597445247,66.78016404139582,37.76107040875069,9.992281376913533,4.631649507969044,0.4129612770048731,4.620417514543336,5.2936475614663925,-0.6732300469230563,0.015160372406721743,3.213772141236077,0.4419753086419753,1485,Lucario Hariyama
CUR,manectric-eelektrik,16,0.0625,66.6637255328923,56.38661651980103,24.407529748066864,56.27720281603594,46.00009380294466,14.0210070312105,11.070338816861398,10.452678598128795,2.302005587951838,4.436582646596451,5.475234918282087,-1.0386522716856361,0.08336839277487273,2.0798839697376685,0.27936507936507937,105,Manectric Eelektrik
CUR,marnie-grimmsnarl-ex,3,0.3333333333333333,99.1951537661909,72.42688216214275,23.450130030786326,91.00891651599534,64.2406449119472,15.263892780590785,30.016507623563896,3.8348574755625635,-13.936513099248385,4.274628106946046,5.093251831965599,-0.8186237250195539,0.2156219635794772,5.263731938275687,0.48717948717948717,26,Marnie's Grimmsnarl
CUR,mega-abomasnow-ex,5,0.0,22.96058863293282,29.000739167478436,17.952711435305154,-11.552988113069496,-5.51283757852388,-16.56086531069716,2.6034285714285716,2.6398897080621344,1.4782867551148022,1.5770968317036558,5.028454506303888,-3.4513576746002315,0.0,0.8450909090909089,0.09523809523809523,21,Mega Abomasnow
CUR,mega-absol-box,14,0.14285714285714285,103.56102773812783,60.9226990868978,18.787028644213944,84.52868022154925,41.89035157031922,-0.24531887236463862,45.695244448356924,-2.1247963811136334,-25.48184708186159,3.67777388740313,5.581008639060989,-1.9032347516578585,0.3603872141061372,5.834680135892381,0.4423076923076923,104,Mega Absol Box
CUR,mega-camerupt-ex,2,0.0,86.30066077163325,65.80776471675787,31.43446079938397,78.26085637388873,57.76796031901337,23.394656401639452,16.64967065862667,8.59911263265522,-3.126010613377404,4.272511650414705,5.076492090189156,-0.8039804397744512,0.14864143448682943,4.472242508675336,0.20833333333333331,16,Mega Camerupt
CUR,mega-chandelure-ex,46,0.15217391304347827,64.18177476211191,55.03914097955951,20.429437248337877,52.393978937346844,43.251345154794436,8.641641423572803,4.92473479044196,2.8138143058183407,-2.6221062121611483,4.324424928312539,5.503204510789047,-1.1787795824765075,0.057679792967495216,2.3961179652387714,0.4287011807447775,367,Mega Chandelure
CUR,mega-charizard-x-ex,2,0.0,71.6917777540965,58.92046538596385,18.34776851236834,65.92248239841454,53.151170030281904,12.578473156686382,15.299202904454262,9.137808187703545,-2.188683590825884,4.592464459345381,5.169393994913576,-0.5769295355681954,0.0740170575202547,1.8048732851796927,0.40476190476190477,14,Mega Charizard X
CUR,mega-darkrai-ex,7,0.14285714285714285,82.34477964137713,51.745116113706395,13.147917667036086,66.30185206882085,35.702188541150115,-2.895009905520191,36.89585860977861,4.268244964320628,-19.159187954112838,4.316420406963522,5.920713164219151,-1.604292757255628,0.2490800976088548,3.0415532371376712,0.33333333333333337,56,Mega Darkrai
CUR,mega-dragonite-ex,5,0.0,69.65568282388827,58.649433498242274,22.608686027122122,62.78015869732857,51.773909371682564,15.733161900562425,12.410683964120897,7.176036730013548,-7.521173471947778,4.6111557975173,5.29870821017327,-0.68755241265597,0.15628490381227622,2.209913648993683,0.41111111111111115,30,Mega Dragonite
CUR,mega-excadrill-ex,384,0.13802083333333334,72.43592519974787,61.33228949332486,25.136968680913316,70.10517957332138,59.001543866898366,22.806223054486825,23.068480105305156,13.799733954794554,-4.303205520716777,4.47341577771842,4.706490340361069,-0.23307456264264936,0.07709957367551855,2.5886829425051054,0.4469083655989675,2841,Mega Excadrill
CUR,mega-feraligatr-ex,2,0.0,96.96295837597538,67.25358246696382,26.366786886441403,77.99418032529115,48.2848044162796,7.398008835757181,43.49893707341367,9.207774523188634,-13.304642228617826,2.91729252117013,4.8141703262385525,-1.8968778050684223,1.3422520249411696,6.398247893271245,0.1875,16,Mega Feraligatr
CUR,mega-froslass-dudunsparce,1,0.0,66.44111534875064,67.27301441597042,29.591620049806373,64.37602045401654,65.20791952123633,27.52652515507228,14.568776029442803,16.065025207971324,8.091184056543314,4.9220015507155015,5.128511040188911,-0.20650948947340986,0.0,2.056196148825088,0.4,5,Froslass Dudunsparce
CUR,mega-froslass-ex,3,0.0,59.144433049187064,52.01528039517757,23.609122615750806,50.699701270226974,43.57054861621748,15.164390836790716,19.255787380840953,7.166044654629347,-5.200372283596997,4.6506547224665775,5.495127900362586,-0.8444731778960088,0.18530946100923393,2.849538471737873,0.42028985507246375,23,Mega Froslass
CUR,mega-greninja-ex,60,0.05,71.03823413822228,70.12853415695274,29.894790315624267,73.0964760561223,72.18677607485277,31.9530322335243,19.62447651457447,17.830601817264633,4.781172925024603,5.208368194378161,5.002544002588158,0.20582419179000322,1.7878423158070331,1.7728146898484285,0.38455476753349094,423,Mega Greninja
CUR,mega-lopunny-ex,2,0.0,91.90172488961679,63.07602188439236,19.950849601131736,82.79214418580725,53.966441180582834,10.841268897322202,29.679190592515077,17.764685124401765,1.7217799236158342,4.596971205992704,5.507929276373657,-0.910958070380953,0.8865626198994423,4.469682828743743,0.5208333333333334,16,Mega Lopunny
CUR,mega-lucario-ex,93,0.10752688172043011,80.50692474024012,70.30854771115209,38.64684321550564,70.33043474692877,60.13205771784074,28.47035322219429,15.548531680793122,8.514090669047684,0.7992401406488007,4.487201124951142,5.504850124282276,-1.0176489993311348,0.016268369110490576,3.402793066162988,0.44093735054997607,697,Mega Lucario
CUR,mega-manectric-ex-meg,3,0.0,59.36124112826625,61.22735697692131,34.19939142527241,46.66442156443966,48.53053741309472,21.50257186144582,8.538205927017877,10.174194712636902,0.5144968278204303,4.449409960524801,5.71909191690746,-1.2696819563826587,0.048248156013203064,2.0161071801059154,0.26666666666666666,20,Mega Manectric
CUR,mega-starmie-ex,23,0.08695652173913043,85.77226496237562,60.16436327453311,25.707180983495686,74.45024223733989,48.842340549497386,14.385158258459967,24.801006993868402,11.710694046864361,-4.163540039415626,4.418754752187288,5.55095702469086,-1.132202272503572,0.11178772064620171,5.421728211496927,0.4457831325301205,166,Mega Starmie
CUR,mega-venusaur-ex,46,0.06521739130434782,97.73851199768276,79.27539724496086,16.658387360022875,88.5395830618385,70.07646830911658,7.4594584241785915,36.652228875095986,23.53668059075321,-2.209788988064965,4.351564886307726,5.271457779892154,-0.9198928935844286,1.9967147378768615,1.5927382953538294,0.37367303609341823,314,Mega Venusaur
CUR,metagross-cri,11,0.18181818181818182,70.84447843038576,64.89864225026355,26.435822723340756,73.36122618802739,67.41539000790519,28.952570480982384,18.47096769775065,9.915437146830174,-8.318176824262473,4.1879249463447366,3.936250170580574,0.25167477576416253,0.16053948154661482,1.8695774257895197,0.4868913857677903,89,Metagross
CUR,mew-ex-30c,19,0.3157894736842105,86.90603198248157,66.26165679799827,24.721665401486653,71.57967807977039,50.9353028952871,9.39531149877548,37.273639275468355,20.568782148204527,-0.8562800645453233,4.274473288716685,5.8071086789878015,-1.5326353902711172,0.6655082489262378,2.9965450406840963,0.5166666666666667,180,Mew Box
CUR,misty-gyarados,2,0.0,40.75329270849451,44.72313539622079,25.672572776209215,8.526145234749551,12.49598792247583,-6.554574697535748,12.18375,14.719778639063822,6.552394630487436,0.0,3.2227147473744964,-3.2227147473744964,0.0,0.6441109791892315,0.23809523809523808,7,Misty's Gyarados
CUR,n-zoroark,564,0.2322695035460993,96.62210948249295,90.32404105133905,47.63460390058051,90.78277024922001,84.4847018180661,41.795264667307556,35.06643947497777,18.176174367726638,-4.891796312204951,4.106682452627895,4.690616375955192,-0.5839339233272951,0.12470089432363363,3.233737221902881,0.49803655037003475,4414,N's Zoroark
CUR,ogerpon-meganium,5,0.2,92.61935614730116,71.95471094471455,12.611576281984485,80.75693518810857,60.09228998552195,0.7491553227918917,42.69911057952849,26.99246483397575,0.17398066508211513,4.421876541125634,5.608118637044893,-1.1862420959192592,3.5344704151403668,1.079176009064421,0.47407407407407404,45,Ogerpon Meganium
CUR,ogerpon-meganium-arboliva,32,0.1875,90.62856993758868,84.1476099085823,20.414396405312413,73.43497529406297,66.95401526505658,3.2208017617866944,42.15507494265095,28.947865088038927,-0.8658468265952841,3.59814347907482,5.3175029434273915,-1.7193594643525716,2.552815386460322,0.061584418724621046,0.5232974910394266,279,Ogerpon Meganium Arboliva
CUR,ogerpon-meganium-hydrapple,226,0.18584070796460178,101.52178280362867,84.61916419909645,18.605648003495805,99.72348178338696,82.82086317885471,16.80734698325408,72.04836823776863,48.79390491454855,13.500331157947311,4.524025267916542,4.7038553699407135,-0.17983010202417227,4.499041456713474,1.152862868901572,0.4726284214473191,1778,Ogerpon Meganium Hydrapple
CUR,okidogi-barbaracle,12,0.08333333333333333,66.59077106959111,55.29400039073491,27.297644855242947,49.85179314402432,38.555022465168115,10.558666929676159,-5.823035132381533,-8.175752293850298,-10.367522315871833,1.9415906159162137,3.6154884084728924,-1.673897792556679,0.4127394100954553,2.1979485515311317,0.39583333333333337,80,Okidogi Barbaracle
CUR,okidogi-twm,2,0.0,55.13655137418275,43.69306477461909,20.00273776054542,52.102681509459806,40.659194909896144,16.96886789582247,7.385712396955009,-0.05441514820997195,-7.00369637813745,3.236565191918393,3.5399521783906875,-0.3033869864722949,1.5632770028999965,2.484195824388096,0.3541666666666667,16,Okidogi
CUR,other,80,0.025,71.16189545780789,57.61419822358391,23.746995018962508,50.893738519085296,37.34604128486132,3.478838080239919,15.633196107788233,4.335626627128815,-8.074756423560942,2.785490070919228,4.812305764791487,-2.0268156938722592,0.49527252205324784,2.9560171373835518,0.35654416505480335,517,Other
CUR,palafin-ex,4,0.0,67.20771664134386,61.88552396686501,28.212504105661683,46.72066516002545,41.398472485546606,7.72545262434327,3.4945195673787253,1.6237488494189583,-9.90333542978985,2.9556621551090805,5.0043673032409215,-2.048705148131841,0.5427917551485345,1.1589518667948606,0.39285714285714285,28,Palafin
CUR,paldean-tauros-pfl,2,0.0,56.39720805539777,53.91398585452407,26.033670658562905,27.167307530919636,24.68408533004593,-3.196229865915232,-1.7665707325002566,1.92112702018491,-4.16290301353774,1.085583510297069,4.008573562744882,-2.922990052447813,1.085583510297069,1.7000000000000002,0.5128205128205129,13,Paldean Tauros
CUR,raging-bolt-ogerpon,78,0.1282051282051282,95.97450852337012,68.2121393840128,17.118427943218528,90.30067721688428,62.53830807752696,11.44459663673269,65.70183859134022,40.72804989275914,3.0066385790865158,4.876407820525354,5.443790951173938,-0.5673831306485834,3.3357247465700968,2.041930715162945,0.41681363903586127,567,Raging Bolt Ogerpon
CUR,rocket-mewtwo-ex,80,0.1375,72.28375516122577,65.58592511402341,30.870651127666104,69.91438830387547,63.21655825667309,28.5012842703158,9.163598741701332,9.15563311657991,4.3493474541332855,3.897831979115326,4.134768664850357,-0.23693668573503063,0.0027139587757426726,2.227234580481704,0.42646223736513345,587,Rocket's Mewtwo
CUR,rocket-spidops,10,0.0,68.5509467860615,65.82615905053822,31.04150414745477,65.22928979825716,62.50450206273388,27.71984715965042,8.82708,13.294776222371615,8.121079677885636,3.5597213348234993,3.891887033603934,-0.3321656987804347,0.0,1.4685638500486098,0.41545893719806765,69,Rocket's Spidops
CUR,rockets-honchkrow,150,0.2,43.99695042900675,45.73114402198472,23.02510234582783,51.314488712080546,53.04868230505852,30.342640628901627,4.60606967698238,2.6307741553290795,-0.6294092570379022,3.951184779152828,3.219430950845448,0.7317538283073795,0.002350985652969947,0.03264,0.48429246594384207,1199,Rocket's Honchkrow
CUR,seaking-pre,43,0.2558139534883721,96.99392126632917,84.64500414470258,45.58480907976295,89.38257334527223,77.03365622364565,37.973461158706,35.0744142304364,36.35279461450289,17.613440264218152,2.80202410178512,3.5631588938908147,-0.7611347921056943,1.4706095466136642,5.498876964604202,0.5,358,Seaking Festival Lead
CUR,sharpedo-toxtricity,116,0.1724137931034483,94.0607329114363,77.81710069436862,36.38539718990427,82.90083452333779,66.6572023062701,25.225498801805742,44.16171761729658,8.160326809366461,-15.458721840887232,4.244876287286766,5.360866126096618,-1.1159898388098528,0.18574208780466775,4.188419737719023,0.4556040756914119,916,Sharpedo Toxtricity
CUR,sinistcha-ogerpon,3,0.0,75.01290114309714,65.10810353819362,20.974257153965667,62.31561115125515,52.41081354635164,8.276967162123677,34.836415728256036,21.95675075593042,-4.664536679362274,4.276220478803336,5.545949477987535,-1.2697289991841993,4.276220478803336,0.3663782486823253,0.4385964912280702,19,Sinistcha Ogerpon
CUR,slaking-ex,1,0.0,59.779909534543954,42.13866752792053,3.90062549960014,27.81830023503916,10.177058228415731,-28.06098379990465,-6.32952589677077,-14.41540977385487,-28.000221428721904,2.171167020594138,5.367327950544617,-3.1961609299504787,2.171167020594138,1.1965714285714286,0.0,7,Slaking
CUR,slowking-scr,440,0.2431818181818182,92.98364935398057,79.71754497314524,35.2242758358084,88.93641928374504,75.67031490290971,31.177045765572878,39.131894856553565,25.441389036945747,4.700398177648437,4.142147063568607,4.546870070592158,-0.4047230070235522,2.174448346685959,3.020134993529059,0.4991563554555681,3556,Slowking
CUR,starmie-dusknoir,20,0.2,89.46544539816364,70.34190701453015,34.29678685451808,70.64505528102899,51.5215168973955,15.476396737383428,19.988330189593828,-8.257646881658088,-26.92851865191152,4.1179609882865345,6.0,-1.8820390117134653,0.2525190597607498,5.397611164046824,0.4261603375527426,158,Starmie Dusknoir
CUR,starmie-froslass,34,0.029411764705882353,100.35415835060891,63.95982851046269,27.639536636052384,88.6730250518716,52.278695211725385,15.958403337315076,48.318556559128375,12.86238970031389,-7.159073932268983,4.30712065871742,5.4752339885911505,-1.1681133298737312,0.15280555656047737,7.798915628262317,0.40486409155937053,233,Starmie Froslass
CUR,stevens-metagross,9,0.2222222222222222,88.60880784697848,71.80098261044992,18.223577405544923,79.01531635485594,62.2074911183274,8.630085913422393,9.142946294573322,3.1630471219051923,-8.770548518822967,3.9433498194029304,4.902698968615183,-0.959349149212253,0.022975312387239544,2.383234389750687,0.4219409282700422,79,Steven's Metagross
CUR,sylveon-pre,2,0.0,69.33663433457008,35.78700827806787,11.736385118574619,54.97379461155755,21.424168555055346,-2.6264546044379116,15.31187634022728,-3.247011460122878,-14.284522413903677,2.6950663501729535,4.131350322474207,-1.436283972301253,1.1832019983759299,5.980429606839811,0.4166666666666667,12,Sylveon
CUR,tera-box,8,0.375,86.74095492160617,68.01679820879023,22.797191626787157,75.27837548126236,56.55421876844642,11.33461218644334,44.1220785600872,29.711591988871433,0.2986056925767665,4.349237488155655,5.495495432190037,-1.1462579440343814,2.2243390396152125,2.3961046687094685,0.4658119658119658,78,Tera Box
CUR,toucannon-pbl,23,0.08695652173913043,86.76804035495819,73.39565255285939,27.914208192503985,84.2737104875325,70.9013226854337,25.419878325078304,20.088154210986485,19.3544311084523,1.6216532577072937,3.7967315450397705,4.046164531782339,-0.24943298674256792,0.4181296782810917,2.453130285501314,0.4024390243902439,164,Toucannon
CUR,toxtricity-box,23,0.08695652173913043,100.07301434123245,66.28344975073792,21.94301966511486,82.32695044920318,48.537385858708646,4.196955773085592,37.20148013918331,2.54574525939692,-15.616934657785313,2.895050332210636,4.6696567214135625,-1.7746063892029267,0.45001610803317066,4.879617452924273,0.434108527131783,172,Toxtricity Box
CUR,toxtricity-brute-bonnet,1,0.0,101.0836965779836,67.40547340586033,24.49117977922861,84.45767246400085,50.7794492918776,7.865155665245863,38.477079889278265,0.6867746525536305,-18.20492706709991,2.298437548292121,3.961039959690396,-1.6626024113982751,0.7022687885316438,5.437790007333373,0.13333333333333333,5,Toxtricity Brute Bonnet
CUR,toxtricity-pfl,6,0.0,91.08124401435475,66.09745036719359,25.477657121085343,76.59387790719697,51.61008426003582,10.990291013927573,37.222629116754995,-0.10283058930034968,-19.295635556814126,3.8883411153434655,5.337077726059243,-1.4487366107157778,0.22797083866374004,4.114483019793535,0.26495726495726496,39,Toxtricity
CUR,ursaluna-lunatone,3,0.0,83.04631270590431,62.95095320247589,29.306357937812788,48.00465841943213,27.909298916003703,-5.735296348659399,8.369467927277457,-5.578624656799881,-14.311452174029618,1.340383350158141,4.84454877880536,-3.504165428647219,1.340383350158141,3.9044785450493102,0.3157894736842105,19,Ursaluna Lunatone
CUR,wailord-ex-pbl,3,0.0,72.17296349430642,54.81618271717944,24.900044926838174,43.6889982528823,26.332217475755314,-3.5839203145859524,15.102307420972087,5.485376629961312,-1.97105118704177,0.9016542964746453,3.7500508206170573,-2.8483965241424123,0.9016542964746453,4.058421230092459,0.18518518518518517,18,Wailord
CUR,yanmega-ex,7,0.0,62.483542764589096,62.06809481179507,29.243824133143615,41.266472293409734,40.851024340615716,8.026753661964259,11.250296108786431,10.330646623948562,-2.0546423093861668,2.8907838469400278,5.012490894057963,-2.1217070471179356,0.8383968182952449,0.9615146684899584,0.3106060606060606,44,Yanmega
CUR,zygarde-barbaracle,2,0.0,72.14305572935547,68.07749732977688,36.49186346423492,16.996212261369532,12.930653861790944,-18.654980003751014,1.0566027746443318,3.682842616015213,2.4818323561793796,0.0,5.514684346798593,-5.514684346798593,0.0,2.243688321016747,0.3541666666666667,16,Zygarde Barbaracle
POR,alakazam-dudunsparce,496,0.18951612903225806,95.84753370594252,71.84001486078242,19.555334990963633,91.06923058909095,67.06171174393084,14.777031874112062,15.008266375429233,11.984878492828614,-2.8088888730159107,3.2778616247901526,3.7556919364753103,-0.47783031168515755,0.10514616094696799,2.7778761353336567,0.4905938448201127,3845,Alakazam Dudunsparce
POR,alakazam-meg,2,0.0,92.9326776809207,62.73649218626455,21.69113925079563,89.5143382535106,59.31815275885443,18.272799823385512,27.515469002916042,15.293565005679156,4.059158433192855,3.595767386822744,3.937601329563756,-0.3418339427410122,0.0722248582524103,4.987075378141389,0.4,15,Alakazam
POR,archaludon-dudunsparce,20,0.2,56.55626763008428,63.520963396869625,39.82035364753704,37.26636934371352,44.231065110498875,20.530455361166283,9.989292566480627,8.841574305477197,-0.9177902126791591,2.5001860880865214,4.4291759167235965,-1.9289898286370755,0.2765248528998896,1.4250040500485057,0.41818181818181815,165,Archaludon Dudunsparce
POR,archaludon-ex,15,0.06666666666666667,58.107672038320395,48.47341276209981,27.516898644284254,31.244084838499354,21.609825562278772,0.653311444463215,6.354445367678287,-12.43020138113231,-21.517392324295837,1.6410072773365323,4.327365997318637,-2.686358719982104,1.339868915671549,3.599477640839018,0.4358974358974359,117,Archaludon
POR,archaludon-zoroark,7,0.0,58.077241733765774,71.00881913145462,45.135445559992284,55.55645369908615,68.48803109677499,42.614657525312666,1.6408747402601136,-8.06464422331035,-16.121142043161644,4.420283384443243,4.672362187911205,-0.2520788034679629,0.10156039784383766,0.4347656235164433,0.43137254901960786,51,Archaludon Zoroark
POR,azumarill-ssp,5,0.0,82.30227271309761,75.63348755651768,38.21354718466411,70.49889534060905,63.83011018402912,26.410169812175546,23.316320455022247,18.1860364027277,2.674790444375293,3.734791884944253,4.915129622193108,-1.180337737248856,1.5864208050533968,3.056436566356946,0.34375,32,Azumarill
POR,basic-box-m,222,0.27927927927927926,101.48943527733033,69.44154124568196,20.418464615269865,91.16819624666664,59.12030221501829,10.097225584606187,62.90604057511684,36.242944550602964,1.3896076571880147,4.4116492355332735,5.443773138599641,-1.0321239030663678,2.235648832073017,3.446112358656839,0.520699500356888,1868,Basic Box
POR,blaziken-ex-jtg,4,0.0,81.22352082854212,67.20717781018922,25.47205526427895,56.10554806349724,42.08920504514434,0.3540824992340803,14.549612928226091,3.301721978801522,-15.821169463308715,2.435833496834062,4.947630773338548,-2.5117972765044865,0.6571812778483307,3.248717724911114,0.32098765432098764,27,Blaziken
POR,blaziken-zoroark,2,0.0,102.8041846193959,85.95796453922341,37.06055052782821,100.21166228986942,83.36544220969691,34.46802819830172,43.08920672697178,16.225403353136713,-8.151156496835238,4.021922124934946,4.281174357887595,-0.25925223295264876,0.27217562084079133,4.719265796116282,0.40476190476190477,14,Blaziken Zoroark
POR,blissey-ex,1,0.0,87.07801084675326,56.55875424356826,27.120045135910534,81.97241276532075,51.45315616213576,22.01444705447804,37.47278675039887,-2.416097612575281,-17.724357182791227,3.9359410434854993,4.446500851628749,-0.5105598081432499,0.6259487715208897,6.891336064000001,0.3333333333333333,6,Blissey
POR,bloodmoon-ursaluna-sfa,2,0.0,62.02889850386532,35.12609477474666,9.681912844039452,52.14214711263656,25.239343383517895,-0.20483854718931127,16.165163124970668,-6.4135864149926,-16.25556149420292,3.275146885153644,4.26382202427652,-0.9886751391228761,0.9689133979505744,3.7149180320000004,0.22916666666666666,16,Bloodmoon Ursaluna
POR,bronzong-tef,2,0.0,94.71168718367866,64.01148147895321,26.154194285569616,91.66037315928307,60.960167454557634,23.102880261174022,49.71414242095137,14.667746719308496,-6.251259141216765,4.123040564296666,4.428171966736226,-0.3051314024395597,0.512139903971637,6.317482939048347,0.4166666666666667,16,Bronzong
POR,ceruledge-ex,49,0.04081632653061224,35.68741643759121,50.20473181140182,35.74708333459537,32.5211105296467,47.03842590345732,32.58077742665086,13.247634743624825,11.05453776335819,7.529552590376142,4.107615406663072,4.424245997457523,-0.3166305907944507,4.064309969232825,0.2506046878095377,0.33544973544973544,315,Ceruledge
POR,clefairy-ogerpon,76,0.17105263157894737,102.86689280561511,74.31148997189547,23.759963418140156,92.19646024030456,63.64105740658493,13.08953085282961,50.670533452701,26.19593575594249,-6.130205449359496,4.408694546968959,5.475737803500013,-1.0670432565310548,1.7373330572552392,3.054852777387798,0.48425624321389793,614,Clefairy Ogerpon
POR,crustle-dri,138,0.2826086956521739,78.02821242848889,44.94294419952695,19.638240566137682,77.64080936259437,44.555541133632424,19.250837500243158,12.789878485260106,3.0720064510073857,-3.876008270217065,3.6123196552449883,3.651059961834441,-0.038740306589452767,0.04828486104809663,6.19995066722459,0.5220125786163522,1166,Crustle
POR,cynthia-garchomp-ex,446,0.14573991031390135,59.71580306308648,68.20163694175248,39.93838954601494,67.0077246457787,75.49355852444471,47.23031112870716,11.094519483901742,14.464105591067868,7.14023002740702,4.382691666056199,3.653499507786978,0.7291921582692215,0.008296262490760362,1.5342140700319418,0.45356021472703334,3291,Cynthia's Garchomp
POR,decidueye-ex,16,0.0,63.00925767299582,62.849062371519295,19.38597654779062,32.12897016744262,31.968774865966086,-11.494310957762591,0.004656025347955811,0.6661596964683268,-10.5818463597668,1.9571587967984727,5.045187547353794,-3.0880287505553206,1.9571587967984727,0.8499214713437743,0.2755102040816326,98,Decidueye
POR,diancie-dusknoir,31,0.06451612903225806,90.21333460960956,70.47627440342765,27.385381977307564,71.4325047358383,51.69544452965639,8.604552103536307,8.059727131843333,-15.483726316664981,-30.597379966136803,4.121917012622874,6.0,-1.8780829873771256,0.22436763905149448,4.79354986340985,0.4612954186413902,211,Diancie Dusknoir
POR,doublade-por,10,0.0,75.4764112764602,65.10735743033682,26.698455575237073,53.83503379777028,43.465979951646915,5.057078096547171,8.469238428901082,3.6891813204847863,-11.7862864703316,2.9523809559442475,5.116518703813239,-2.164137747868991,1.2743981582782844,2.0839274024718057,0.2450980392156863,68,Doublade
POR,dragapult-blaziken,593,0.178752107925801,116.37142549485742,86.52448046723909,29.860925855804375,121.80905338918635,91.96210836156801,35.29855375013331,85.55042421984925,55.335629356046,20.278776334443442,5.298124021867489,4.7543612324345945,0.5437627894328932,4.815020148829512,6.465686669404026,0.4699136133452488,4476,Dragapult Blaziken
POR,dragapult-dudunsparce,514,0.2490272373540856,100.28315632548231,80.50424232964298,34.65236419319079,109.4058798662405,89.62696587040116,43.775087733948965,81.45169741183369,53.388126418923065,22.305310573486807,5.3023668023879855,4.390094448312169,0.9122723540758175,4.884785565642825,5.015305788053521,0.5150997150997151,4095,Dragapult Dudunsparce
POR,dragapult-dusknoir,751,0.2197070572569907,99.78012714738952,82.10317863468443,31.822554438233126,96.12508876493473,78.44814025222963,28.16751605577834,71.27871163036103,40.51733015320597,8.470945802801992,5.61371667896725,5.979220517212728,-0.3655038382454789,5.5275974796307015,4.9734013506116055,0.48964748665610885,5683,Dragapult Dusknoir
POR,dragapult-ex,1320,0.2628787878787879,101.56859237875395,81.9763964464747,34.785172433931415,107.57726543988674,87.9850695076075,40.79384549506423,80.04767046166486,50.755254665847765,18.127539479316454,5.308323317700282,4.707456011587,0.6008673061132815,4.9594131544545625,5.019479254925351,0.5223097112860893,9398,Dragapult
POR,dragapult-froslass,9,0.1111111111111111,112.30993875275567,77.98899483534963,30.74371744416517,116.23877755547203,81.91783363806599,34.67255624688153,82.50575690331945,45.72741413231086,13.028368387822056,5.1664741706319655,4.773590290360329,0.39288388027163584,4.031136383812677,7.4670668773331705,0.4351851851851852,72,Dragapult Froslass
POR,dragonite-eelektrik,2,0.0,82.10711264803061,65.13405316900273,23.296510790413564,76.25000855766518,59.276949078637315,17.439406700048142,12.118953504330527,9.273046855530536,-5.1420205538347865,4.754431245864204,5.340141654900746,-0.5857104090365421,0.3425961014633264,2.2189133269102594,0.2,15,Dragonite Eelektrik
POR,dudunsparce-control,2,0.0,81.0145658485689,64.30572655569696,15.77979068462743,79.11995325297379,62.411113960101844,13.885178089032312,16.083946805401183,14.725378262527862,0.47225024829025886,3.286903473979754,3.476364733539265,-0.18946125955951154,0.06169925723932625,1.911930053208604,0.28205128205128205,13,Dudunsparce Control
POR,eelektrik-blk,8,0.0,79.1069031637299,66.73606942424367,25.382162903610975,71.93623683224219,59.565403092755965,18.211496572123266,9.006009039649932,7.700173163002967,-5.554825302898734,4.464669731290444,5.181736364439214,-0.7170666331487704,0.5082438429917303,2.017576385077129,0.28654970760233917,57,Eelektrik
POR,ethan-magcargo,1,0.0,65.7803344460493,71.68026114339924,35.946367723107215,35.19687326906139,41.09679996641134,5.362906546119324,-10.38212019383166,-21.3249265973851,-30.94312276812194,2.0977747461370937,5.156120863835882,-3.0583461176987887,2.0977747461370937,0.0,0.25,8,Ethan's Magcargo
POR,ethan-typhlosion,56,0.07142857142857142,84.22609501173523,88.49694965808472,44.53588434960705,89.13077017514313,93.40162482149262,49.44055951301497,18.290427440400258,18.748350628263363,1.6812146970106918,4.221208974361834,3.7307414580210425,0.49046751634079155,0.4196896430281695,3.023876563277851,0.3767361111111111,384,Ethan's Typhlosion
POR,farigiraf-milotic,1,0.0,88.94634080030121,50.79003261167904,17.265980476353377,69.511879327225,31.35557113860282,-2.16848099672284,39.42204296645426,11.076526569260055,-8.329380423699497,2.807300316910614,4.750746464218236,-1.9434461473076219,1.2543144375562352,6.741828883526561,0.16666666666666666,8,Farigiraf Milotic
POR,feraligatr-tef,3,0.0,91.38996370783015,60.39038059764213,21.716486852912738,75.98675585933124,44.98717274914321,6.313279004413814,39.11952208942039,7.673418626478205,-11.3855754569704,2.581459556038998,4.12178034088889,-1.5403207848498919,1.3943230054958775,5.666170735677153,0.3333333333333333,24,Feraligatr
POR,festival-lead,409,0.24449877750611246,86.33145878175164,77.05144268448758,39.61209438431573,95.74407720524414,86.46406110798007,49.024712807808235,58.45154991560701,58.07774726257685,34.60033038956079,4.341811004562872,3.400549162213622,0.9412618423492503,4.341811004562872,3.7992377171785177,0.5026340254105981,3227,Festival Lead
POR,flareon-ex,5,0.0,66.25918231402751,56.141514974744,24.555022673685304,48.978845314087025,38.86117797480351,7.274685673744813,20.66048394641286,13.197504185213841,-5.832639270196735,3.662434493130635,5.3904681931246845,-1.728033699994049,1.028613120764844,1.9571986024123063,0.303921568627451,34,Flareon
POR,flareon-noctowl,63,0.047619047619047616,65.74428833901406,60.28893944195773,27.80531535285066,52.505069088996365,47.04972019194003,14.566096102832958,26.95020493660585,23.87387843945905,2.058915686652112,4.005324824906911,5.329246749908681,-1.3239219250017704,1.8981819040035919,1.997539035649556,0.35390946502057613,405,Flareon Noctowl
POR,froslass-munkidori,6,0.0,98.63816946230035,55.683828641542476,19.772377896885036,88.51038335973239,45.55604253897453,9.644591794317082,45.88833724838418,6.1126104247684045,-15.234648418644127,3.404873288803923,4.417651899060718,-1.012778610256795,0.6523766213814672,7.826197230950496,0.3333333333333333,33,Froslass Munkidori
POR,greninja-blaziken,2,0.0,75.6064961915275,74.55642820578574,28.75769611060418,76.8928491840013,75.84278119825953,30.044049103077988,37.80778013115137,25.180229894238714,4.748669686015103,4.812398296989658,4.683762997742276,0.12863529924738115,3.7090737644759804,1.555767031072003,0.2727272727272727,11,Greninja Blaziken
POR,greninja-ex,100,0.18,71.60038961849814,63.78351088517189,25.597071504561107,61.045740315644686,53.228861582318444,15.042422201707657,29.609821916508228,8.050359406017629,-10.551065446163285,4.876463534898108,5.931928465183454,-1.0554649302853454,3.1883460223702946,2.5939980062038637,0.46592317224287483,807,Greninja
POR,greninja-froslass,4,0.0,52.19515554654334,46.05817083830396,18.627239647438785,55.29474739807323,49.15776268983384,21.726831498968664,25.872594795922723,12.749394333724055,1.9214963902497444,4.989420969812293,4.6794617846593045,0.3099591851529886,2.790182827558921,2.597826419392313,0.32142857142857145,28,Greninja Froslass
POR,grimmsnarl-froslass,137,0.11678832116788321,107.67501176110291,63.26721499370977,16.105568782507255,106.54998343418846,62.14218666679534,14.980540455592811,49.09831044071411,10.388768899159539,-10.387410087001006,3.931764247343522,4.044267080034966,-0.11250283269144402,0.3735670584929903,7.105457377877752,0.4511657214870825,1058,Grimmsnarl Froslass
POR,hop-zacian,10,0.0,84.83899706963224,65.92950315836326,30.733230966446875,78.98299439321747,60.07350048194847,24.877228290032086,25.4632110715958,5.542901209147186,-10.20030427286081,4.099687868724719,4.685288136366198,-0.5856002676414789,0.513508567845887,4.776748209601904,0.3476190476190476,70,Hop's Zacian
POR,hops-trevenant,48,0.10416666666666667,82.2558737067091,65.01229821250968,30.93081697702372,76.21522404147181,58.9716485472724,24.890167311786445,9.10578189433952,3.8318495894179736,-5.644911468580471,3.46697773500613,4.071042701529858,-0.6040649665237273,0.13303581513006646,4.378657532622699,0.44413665743305636,361,Hop's Trevenant
POR,hydrapple-ogerpon,1,0.0,98.0096076873447,79.36548015819851,25.085786614814623,97.00031055218494,78.35618302303875,24.076489479654864,68.45031055218494,39.779177343816656,2.0465406019168197,4.576639050205785,4.677568763721762,-0.1009297135159768,4.576639050205785,1.92387111497728,0.0,2,Hydrapple Ogerpon
POR,hydreigon-ex,10,0.0,81.97232585222238,70.75212536141058,26.081353743754022,69.23244304684358,58.01224255603179,13.341470938375235,32.644166440399054,17.80208215574532,-3.0057995360221317,3.7504462045926217,5.0244344851305005,-1.2739882805378788,2.6644841229702623,2.486424009204268,0.31050228310502287,73,Hydreigon
POR,iono-bellibolt,4,0.0,32.39680357142858,44.78189225189136,28.767927627257826,-7.18811910691678,5.196969573546004,-10.816995051087526,10.61368949977518,13.797895916651468,7.310323944819219,0.0,3.958492267834535,-3.958492267834535,0.0,0.24537500000000004,0.358974358974359,26,Iono's Bellibolt
POR,jellicent-dusknoir,11,0.0,96.60370094168094,76.43189657426717,31.92408514960639,75.46115111566911,55.289346748255326,10.781535323594559,11.621168210127967,-13.635746931094955,-29.235718053492995,3.8857450173988166,6.0,-2.114254982601183,0.7308563198277563,4.8949289762775114,0.3703703703703704,72,Jellicent Dusknoir
POR,joltik-box,6,0.0,69.42290732711214,52.057715887132645,19.973750597160407,54.413992414988115,37.048800975008625,4.964835685036385,28.56824815860756,9.043969743615556,-10.110314579694197,3.917078960178617,5.41797045139102,-1.5008914912124025,2.3733117762572817,2.6228705557126397,0.42028985507246375,46,Joltik Box
POR,kangaskhan-bouffalant,24,0.2916666666666667,106.16092448948416,48.34902487857617,11.119035289499559,93.62051187824123,35.808612267333245,-1.4213773217433674,44.54849775238332,6.320070088439053,-14.459653922243142,4.221573238100487,5.47561449922478,-1.2540412611242928,0.9571648203232224,8.368896898797264,0.466996699669967,202,Kangaskhan Bouffalant
POR,lillie-clefairy,2,1.0,86.9842755933382,67.44672790754414,28.67195832772135,73.81097258092336,54.273424895129295,15.4986553153065,33.656205462974526,14.449870156354763,-6.3572969571733156,4.076713168859101,5.394043470100586,-1.3173303012414843,0.47690460199721224,3.6794641262113803,0.6794871794871795,26,Lillie's Clefairy
POR,lopunny-dudunsparce,460,0.1891304347826087,91.21774401299076,63.8710209129568,29.524571456900443,82.5557114741358,55.208988374101835,20.862538918045477,19.039743170616465,17.839811127432043,6.730613615461956,4.419389881339927,5.285593135225423,-0.8662032538854969,0.0009453298706714487,5.451287555399532,0.48018849778803613,3466,Lopunny Dudunsparce
POR,lopunny-dusknoir,2,0.0,87.46346735320455,62.483747780903656,19.455026942534317,69.76428339772701,44.784563825426105,1.755842987056769,8.020404755940211,-15.83484927896313,-31.937076416966654,4.230081604452245,6.0,-1.7699183955477547,0.0,3.583614556917212,0.375,16,Lopunny Dusknoir
POR,lucario-hariyama,406,0.10591133004926108,74.45219142727079,69.00552529979738,41.739924980912456,74.12847830000318,68.68181217252976,41.41621185364485,8.91759440202889,2.6517596585884027,-0.9447482155369455,4.603738634778042,4.636109947504803,-0.032371312726760956,0.007905495014579893,3.3587311381843308,0.42874720357941837,2980,Lucario Hariyama
POR,manectric-eelektrik,9,0.0,71.34699093933594,57.51172178994208,25.881025294764797,60.32013623169691,46.48486708230306,14.854170587125774,9.103648142692046,8.153446004540271,-0.3634765757881401,4.466034825489026,5.568720296252929,-1.1026854707639022,0.09825211276748741,2.8596266184891115,0.24183006535947713,51,Manectric Eelektrik
POR,marnie-grimmsnarl-ex,3,0.0,104.63942167390428,67.0515120343971,16.896034448702434,98.19359873986491,60.60568910035772,10.450211514663042,36.12607611821357,3.273969647528979,-15.273076792588535,4.089978619226296,4.734560912630235,-0.6445822934039387,0.19986418074644494,5.6874827749130725,0.33333333333333337,20,Marnie's Grimmsnarl
POR,mega-abomasnow-ex,12,0.0,18.273194471340936,31.37473648510814,22.903405444857942,-20.672214099272765,-7.570672085505561,-16.04200312575576,4.28335886945121,5.7032091251780175,3.0647515652626094,0.723411335487214,4.617952192548584,-3.89454085706137,0.0,0.37826316702308455,0.31140350877192985,76,Mega Abomasnow
POR,mega-absol-box,31,0.0967741935483871,112.12797896725549,62.48389374428773,16.134907926294428,97.00204843794745,47.35796321497969,1.008977396986392,63.85339555767511,17.511085471275088,-14.061601825417808,3.9715432333786094,5.484136286309414,-1.5125930529308038,1.042443955800642,6.466772774364416,0.4351032448377581,226,Mega Absol Box
POR,mega-camerupt-ex,2,0.0,57.113695117847,50.24097473167953,24.713803390767012,49.1172204853152,42.24450009914772,16.717328758235205,6.818281848422243,-2.834553900778829,-11.098840617242912,4.598404142596224,5.398051605849403,-0.7996474632531796,0.06992582487123646,2.170830735365719,0.41025641025641024,13,Mega Camerupt
POR,mega-charizard-x-ex,9,0.0,69.4449210633067,64.46303939007,23.662730501234687,63.73875781897553,58.75687614573883,17.956567256903526,7.716965292348066,3.417705367445209,-5.864168177713913,4.484442967913431,5.055059292346547,-0.5706163244331159,0.11110763069526294,1.3858915964783762,0.21568627450980393,51,Mega Charizard X
POR,mega-diancie-ex,1,0.0,57.332874523503946,51.929271792904,23.668717954158907,45.227986601900575,39.82438387130063,11.563830032555533,8.53851633470239,-3.479578799553811,-13.369991933997792,4.348360462192261,5.558849254352598,-1.2104887921603371,0.0,2.007829638975553,0.3333333333333333,6,Mega Diancie
POR,mega-dragonite-ex,4,0.0,90.4078000442752,69.69718582953834,21.92744926027668,88.44394795632888,67.73333374159202,19.963597172330356,23.531378322694003,12.494481910902827,-10.167500861650211,4.647340822162342,4.843726030956974,-0.1963852087946325,0.2127705643879593,3.3830858749782187,0.36666666666666664,30,Mega Dragonite
POR,mega-feraligatr-ex,3,0.0,84.89147695722703,61.49203676290653,23.403940055367528,68.53852174445285,45.13908155013235,7.050984842593344,43.08891631511409,11.701757436894928,-8.883384040544739,2.7325025534995766,4.367798074776995,-1.6352955212774178,1.4085056447137323,4.742758918042436,0.12698412698412698,21,Mega Feraligatr
POR,mega-froslass-dudunsparce,4,0.25,94.83340660790533,54.14679084300775,20.26239462495832,92.49300194044878,51.8063861755512,17.92198995750177,41.19379591642335,14.12955133175727,-3.630798387900234,4.515994609850977,4.750035076596632,-0.23404046674565415,0.11665408923798397,7.421401600052345,0.4215686274509804,34,Froslass Dudunsparce
POR,mega-froslass-ex,16,0.0,84.03177951950423,57.95700093660065,24.248128383613313,77.0890701448739,51.01429156197034,17.305419008982998,31.784584474466687,2.7460922274255823,-14.695893301913275,4.6144889766732575,5.30875991413629,-0.6942709374630316,0.19322778906726304,5.8083444851331905,0.41666666666666663,112,Mega Froslass
POR,mega-lopunny-ex,4,0.0,94.49027435711291,60.300394921385156,23.95048241288334,83.39461087673804,49.204731441010296,12.854818932508481,27.914298929245223,8.078391848368073,-4.906215282860662,4.2755967968863775,5.385163144923863,-1.1095663480374856,0.15270445674943683,6.52169840478439,0.34722222222222227,24,Mega Lopunny
POR,mega-lucario-ex,147,0.19047619047619047,78.96652017807124,68.39542954927676,38.64328591991491,77.23848433730583,66.66739370851136,36.91525007914951,14.7502511525999,5.461597317975807,-1.5917056618335856,4.458292622290527,4.631096206367066,-0.1728035840765396,0.02261025053599538,3.578292656737369,0.47833474936278675,1177,Mega Lucario
POR,mega-manectric-ex-meg,1,0.0,37.0369880952381,48.70308929600432,33.67333933927496,30.037170779395424,41.70327198016165,26.67352202343229,7.871666666666666,10.15657067623695,5.177780893776681,4.635355161599606,5.335336893183873,-0.6999817315842671,0.0,1.4444444444444446,0.2916666666666667,8,Mega Manectric
POR,mega-starmie-ex,29,0.10344827586206896,90.07304381580539,60.92969579049875,27.67992773773581,83.68874832287682,54.54540029757017,21.295632244807226,36.58383423627829,14.847041099541757,-1.9728676755980723,4.39985384308654,5.038283392379399,-0.6384295492928584,0.1437644091201025,6.305266918499598,0.40224358974358976,208,Mega Starmie
POR,mega-venusaur-ex,76,0.02631578947368421,97.01270684031812,79.91945344375608,17.413441601657635,89.4761486983213,72.38289530175926,9.876883459660812,35.80522446370577,22.75854473472417,-3.402770224139422,4.3610290443175055,5.114684858517188,-0.7536558141996824,1.9273279198159496,1.4285201293318799,0.357096981374438,519,Mega Venusaur
POR,mega-zygarde-ex,2,0.0,80.32739431671138,40.178438426355214,9.694872268993354,69.11943042215484,28.970474531798672,-1.5130916255631912,15.273889732097746,5.238870422566038,-5.308085497927634,4.490808273012383,5.611604662468038,-1.1207963894556547,0.0,5.6432485307427385,0.28888888888888886,15,Mega Zygarde
POR,milotic-ex,3,0.3333333333333333,69.62584740578136,44.388976928602226,21.632555295438184,67.58503054487059,42.34816006769146,19.591738434527418,2.399355778605175,-0.3957911620937902,-6.245412652964099,3.8095522590571043,4.01363394514818,-0.20408168609107621,0.0,5.106112371425708,0.48148148148148145,27,Milotic
POR,misty-gyarados,1,0.0,45.77735714285714,56.73543393183596,29.343732998466137,14.490366240212229,25.44844302919105,-1.9432579041787776,20.5725,23.15229687311869,9.039944436194643,0.0,3.128699090264492,-3.128699090264492,0.0,0.0,0.375,8,Misty's Gyarados
POR,n-zoroark,556,0.13489208633093525,97.20360408814396,83.41599033859946,42.56579961882616,91.81146500093814,78.02385125139362,37.173660531620335,38.61781145671031,15.199455519483717,-7.980639289840727,4.086108399266167,4.62532230798675,-0.539213908720583,0.12195042971439897,3.708843165360711,0.44066099148723087,3994,N's Zoroark
POR,ogerpon-meganium,45,0.1111111111111111,92.78860969912752,83.39877959005942,23.064761993789425,81.29842293778758,71.90859282871946,11.574575232449465,45.3307397843253,34.21560621149266,4.086299738437822,4.1955504629338085,5.344569139067804,-1.1490186761339956,3.778701662635837,0.3594174252598215,0.4113475177304965,329,Ogerpon Meganium
POR,ogerpon-meganium-arboliva,224,0.19642857142857142,91.74226041897475,86.82138118682649,23.165986017761412,75.50995466438816,70.58907543223991,6.9336802631748204,43.12533694857468,29.999132081679498,-0.16835775930970448,3.5566056088005893,5.1798361842592495,-1.6232305754586596,2.5062791273058713,0.05151638674870658,0.48644520809469266,1746,Ogerpon Meganium Arboliva
POR,ogerpon-meganium-hydrapple,297,0.21548821548821548,101.65850314517216,85.934507498912,19.728907139941647,100.88047724413626,85.15648159787607,18.950881238905726,73.31305631760321,49.761287749258315,14.622990418595167,4.5381295539027375,4.6159321440063295,-0.07780259010359271,4.512178262199017,1.1818713720780574,0.5062731679498147,2338,Ogerpon Meganium Hydrapple
POR,okidogi-barbaracle,115,0.16521739130434782,69.47804901503447,52.89483146445794,24.245074564618065,63.5659490951825,46.982731544605976,18.3329746447661,6.642954614014794,-2.953070451057347,-7.389565225997908,2.6460375058057366,3.2372474977909333,-0.5912099919851967,0.4408686375763072,2.6856629676399235,0.4690684133915575,916,Okidogi Barbaracle
POR,okidogi-twm,4,0.0,68.4984514352174,50.43677937444331,22.473094664263044,59.48091473023386,41.41924266945978,13.455557959279508,12.634731956334742,-1.7831431320843019,-10.650125636095932,3.8373330414859956,4.73908671198435,-0.9017536704983543,0.7358525530476873,3.1148953149874985,0.3655913978494624,31,Okidogi
POR,other,96,0.041666666666666664,77.81860149084903,60.55303497382126,23.05734578783144,62.9703817342834,45.704815217255636,8.209126031265814,18.944194496029187,4.4135749284262085,-9.746625591749895,3.3240112196750022,4.808833195331565,-1.4848219756565628,1.0304082254490925,3.350921704256374,0.3543638275499474,634,Other
POR,palafin-ex,3,0.0,75.96645314857888,61.83379008300392,29.074924292067493,58.224778080626955,44.092115015051995,11.333249224115571,22.082210025974366,8.271919889064307,-8.508322038065632,2.43134232070461,4.205509827499802,-1.7741675067951925,0.3067713221480435,3.237519856133241,0.4166666666666667,24,Palafin
POR,paldean-tauros-pfl,1,0.0,62.28401662450526,45.89505827614891,19.93295483853776,31.933280889398624,15.544322541042272,-10.417780896568878,12.4570756302521,13.526885694369769,6.053382476806588,0.0,3.0350735735106635,-3.0350735735106635,0.0,3.019934092136619,0.16666666666666666,4,Paldean Tauros
POR,raging-bolt-ogerpon,667,0.2128935532233883,95.29809053561712,70.75418497224307,18.89462803930909,90.72903206232516,66.18512649895112,14.325569566017137,69.02402415682968,44.29036592239749,4.427749881158738,4.897023269937335,5.35392911726653,-0.4569058473291955,3.3641067690728383,1.4715185419307035,0.5056172478732386,5133,Raging Bolt Ogerpon
POR,reging-bolt-bellibolt,1,0.0,46.07040916666666,61.85580476452099,36.36804932496858,54.3701825536789,70.15557815153322,44.66782271198082,40.441812852661215,41.60181980343536,28.26499061152825,5.762270202665771,4.932292863964547,0.8299773387012239,5.762270202665771,0.0,0.3888888888888889,6,Raging Bolt Bellibolt
POR,rocket-mewtwo-ex,547,0.15356489945155394,73.69465779265896,68.15119142104062,33.140914147879606,72.87780716124928,67.33434078963093,32.32406351646992,8.001319814710989,8.985982975751304,4.723242873694332,3.9193039585453198,4.000989021686288,-0.08168506314096832,0.0014808854565691034,2.2649448379940647,0.46061936113143137,4101,Rocket's Mewtwo
POR,rocket-porygon-z,1,0.0,42.188,47.86667975202836,27.477777741929707,50.48595219626875,56.16463194829711,35.77572993819845,4.692,2.343927924606195,0.016331458648156,3.951376703442952,3.1215814838160774,0.8297952196268747,0.0,0.0,0.3333333333333333,4,Rocket's Porygon-Z
POR,rocket-spidops,24,0.08333333333333333,74.63284264503697,71.75750577995055,35.35681627529092,71.64071235519269,68.76537549010627,32.364685985446634,8.49457619047619,12.652509629981756,7.483168838436337,3.6473153444058983,3.946528373390327,-0.2992130289844284,0.0,2.09025121159058,0.450191570881226,174,Rocket's Spidops
POR,rockets-honchkrow,281,0.15658362989323843,44.270157535286785,46.831078337498326,24.000877565037936,52.197412729740066,54.75833353195161,31.928132759491213,3.6795168381938055,2.042940747546135,-0.9323602192826855,3.9477493906133216,3.155023871167994,0.7927255194453277,0.004220993430937071,0.05194864092511888,0.4738344433872502,2102,Rocket's Honchkrow
POR,sharpedo-toxtricity,14,0.07142857142857142,100.14398350250623,72.85176909276407,31.82697294326369,89.75027098797686,62.45805657823472,21.433260428734336,44.44568562039463,6.503132527041395,-14.609071880601018,4.248778091767986,5.288149343220921,-1.0393712514529354,0.11290200884456807,5.453955370088242,0.4204204204204204,111,Sharpedo Toxtricity
POR,slaking-ex,2,0.0,60.32525425693274,52.64639703422918,20.476379623254726,46.82704110298985,39.14818388028628,6.978166469311836,15.47710752923086,5.822517349201291,-10.18832625882563,3.524573663878223,4.874394979272511,-1.3498213153942882,1.8695775278959177,2.016958664382593,0.0,6,Slaking
POR,slowking-scr,122,0.23770491803278687,87.9764893793471,77.09538074383316,34.05441918962073,84.2208241168436,73.33971548132966,30.29875392711723,39.789520319578855,26.012421950382993,6.272138166140353,4.023240656169354,4.398807182419704,-0.37556652625035003,3.00119763418291,2.771569703339053,0.49878850813430253,963,Slowking
POR,starmie-dusknoir,167,0.059880239520958084,106.64113267224452,72.55052196525678,32.373279665688955,85.89270869728664,51.802097990298876,11.624855690731057,35.29361251081136,-8.867565634299186,-32.78551230595261,3.92515760250421,6.0,-2.0748423974957895,0.7469268707210391,7.666953865288174,0.4184829991281604,1147,Starmie Dusknoir
POR,starmie-froslass,252,0.13095238095238096,99.65500765992327,63.48861163160988,28.233222354920606,92.58603463941465,56.419638611101256,21.16424933441198,49.91763453721708,12.758194599765416,-7.439469671786869,4.3182599677630025,5.025157269813865,-0.7068973020508628,0.18278790600521114,8.08256899003071,0.46470999301187976,1908,Starmie Froslass
POR,stevens-metagross,64,0.046875,92.51447604913437,74.625662555241,21.16625695374741,84.54956695730309,66.6607534634097,13.201347861916123,9.826118711266831,2.8058927079532947,-9.013807683902268,3.86397177187254,4.660462681055669,-0.7964909091831288,0.05772181353768249,3.002996540762987,0.4142538975501114,449,Steven's Metagross
POR,tera-box,42,0.19047619047619047,86.8937066819858,68.70093245017854,25.756756592185535,74.8056537262759,56.61287949446866,13.66870363647565,46.16082973011274,30.92790700805942,1.4252661432418299,4.183338863773232,5.39214415934422,-1.2088052955709887,2.5832058595739196,2.665440117120902,0.4889558232931727,332,Tera Box
POR,terapagos-noctowl,5,0.0,92.49213908512282,69.02173552262266,27.482646482836266,69.13197817333167,45.66157461083152,4.122485571045123,38.134653518908486,18.843939116120893,-6.227014939706155,2.918557101335311,5.2545731925144255,-2.336016091179114,2.037440615888244,4.847207960899765,0.29333333333333333,25,Terapagos Noctowl
POR,toxtricity-box,19,0.05263157894736842,96.53774457560306,65.399720774367,22.527728089610278,78.8888909959823,47.75086719474623,4.878874509989513,35.56289427584097,-0.0015402494683076171,-18.571895335983,2.8386150741043874,4.603500432066464,-1.7648853579620765,0.4096038640458996,4.334431468508656,0.4088541666666667,128,Toxtricity Box
POR,toxtricity-pfl,3,0.0,94.94440126701478,63.10521498105228,21.81341502320241,82.7836195473328,50.94443326137028,9.65263330352042,42.19106347940747,6.277746774156242,-15.732393893446206,3.596236467875307,4.812314639843506,-1.2160781719681988,0.3545329200691771,5.300167023732543,0.3157894736842105,19,Toxtricity
POR,ursaluna-lunatone,30,0.1,99.97689427112704,69.46108083397844,29.599465747734094,81.16223905383983,50.646425616691225,10.784810530446881,30.40762692912907,2.5422022660431844,-13.275608383117683,2.100334076988655,3.981799598717376,-1.881465521728721,1.9245328583707006,5.4579554085143664,0.42727272727272725,220,Ursaluna Lunatone
POR,yanmega-ex,30,0.03333333333333333,63.63252874214202,64.6729257567036,34.41772547695065,51.05028184731255,52.090678861874125,21.835478582121166,18.665495232784853,15.64480771486317,1.339978202447779,3.308910125999259,4.567134815482207,-1.258224689482948,0.6354361367899493,1.187901398554931,0.3862179487179487,208,Yanmega
POR,zoroark-crustle,1,0.0,76.91904915679783,69.3783960259219,36.317050446648246,81.63763925466942,74.09698612379349,41.03564054451983,16.895647058823528,25.887643144567264,14.848989565088814,4.049670239087747,3.5778112293005884,0.47185900978715845,0.0,3.021289560968192,0.26666666666666666,5,Zoroark Crustle
POR,zygarde-barbaracle,5,0.0,56.59635120091891,53.90352626565984,26.424683757183367,7.881743594200316,5.1889186589412555,-22.289923849535228,0.611083034675031,-0.35187981404408963,-4.849884136650693,0.41955494922741876,5.291015709899279,-4.87146076067186,0.41955494922741876,0.8952969696969697,0.2,25,Zygarde Barbaracle
WORLDS,alakazam-dudunsparce,54,0.25925925925925924,93.73797694381726,69.84705816438671,13.757613002313429,86.96846487089758,63.07754609146702,6.988100929393755,14.194704649057512,11.211340114096974,-2.562732644379541,3.0991287710609585,3.776079978352926,-0.676951207291968,0.11423693689138334,2.1590142344123766,0.5378610460577673,427,Alakazam Dudunsparce
WORLDS,alakazam-dusknoir,4,0.5,106.880380560708,76.29569976462562,19.761220507976624,77.54100492176698,46.9563241256846,-9.578155130964397,-9.534903487146542,-28.79847323117862,-44.14523913960525,3.066062436105897,6.0,-2.933937563894103,0.1196714014888058,4.143982483140149,0.6754385964912281,38,Alakazam Dusknoir
WORLDS,basic-box-m,74,0.24324324324324326,112.45834498556265,71.60149742443204,18.165913292459294,102.0449237805994,61.18807621946881,7.752492087496063,65.09040858556095,35.356351647265235,-1.9866149900678773,4.2623142531987135,5.303656373695037,-1.0413421204963234,2.0973931273778654,4.40004115352629,0.49909584086799275,553,Basic Box
WORLDS,clefairy-ogerpon,11,0.2727272727272727,101.40151488565927,68.72181881149078,19.275217126830128,90.25297305191401,57.573276977745515,8.126675293084862,48.86815833232197,27.31060722418977,-5.049352398965748,4.175171855623867,5.290026038998394,-1.1148541833745271,1.464847799715487,3.624997867696483,0.5333333333333333,90,Clefairy Ogerpon
WORLDS,crustle-dri,20,0.4,77.70858249669274,42.80917789930937,17.072306428172958,75.83601970706226,40.936615109678904,15.1997436385425,14.804278827124515,5.839718914028511,-1.3658593345645174,3.6539227930888885,3.841179072051935,-0.18725627896304614,0.025209164544188395,5.925234292455802,0.5901639344262295,183,Crustle
WORLDS,cynthia-garchomp-ex,4,0.0,59.629740870609886,70.2236869444072,42.86079125655562,65.54076721526528,76.1347132890626,48.77181760121101,9.989493338783994,14.118702764443771,6.9482302000618095,4.227615563853674,3.6365129293881346,0.5911026344655393,0.0,1.525176677342464,0.2857142857142857,21,Cynthia's Garchomp
WORLDS,dhelmise-pbl,8,0.25,84.06538392474845,64.98505977852263,31.381652617987296,74.59993894777537,55.51961480154955,21.91620764101422,9.844790611917258,-0.3152578647370738,-9.082032980706172,3.28275851028026,4.229303007977568,-0.9465444976973074,0.0749769340569563,4.566489838747798,0.4838709677419355,62,Dhelmise
WORLDS,dragapult-blaziken,78,0.14102564102564102,115.22968574866793,87.82402026887439,30.1128211384399,119.37158291665266,91.96591743685912,34.25471830642463,83.58631541360587,54.05022417031571,18.66118743496557,5.202056892733203,4.78786717593473,0.4141897167984722,4.893502846570321,6.088228525675246,0.46858168761220825,557,Dragapult Blaziken
WORLDS,dragapult-dudunsparce,5,0.2,103.63833914799586,79.26170745914003,33.53372753787073,106.97659598941797,82.59996430056214,36.87198437929284,75.91028220830317,48.887594941832894,18.91553602555212,4.973100783630011,4.639275099487801,0.3338256841422108,4.403827386786409,5.567196098238217,0.5,36,Dragapult Dudunsparce
WORLDS,dragapult-dusknoir,83,0.0963855421686747,90.96810343710628,81.49512603105566,35.567167677996416,85.1288881695952,75.65591076354458,29.727952410485333,60.7012836962193,37.40880944628781,7.168528288163202,5.41097636105272,5.994897887803829,-0.5839215267511082,5.2446257837700685,3.9406033037546613,0.426981008513425,509,Dragapult Dusknoir
WORLDS,dragapult-ex,178,0.12359550561797752,94.70306544229975,80.53350231493667,35.9563852854128,100.30287602345578,86.1333128960927,41.556195866568835,74.64839380432501,49.313257476964935,18.44713031626913,5.248255716450409,4.688274658334804,0.5599810581156038,5.034055890514701,4.28438612528002,0.4541871921182266,1015,Dragapult
WORLDS,dudunsparce-control,1,0.0,70.00895893426723,49.12894909821398,14.300207488272736,36.539652770528136,15.659642934474885,-19.16909867546636,-2.377614832138651,-12.263458105635143,-22.88448920560543,0.0,3.346930616373909,-3.346930616373909,0.0,2.8417702507974125,0.625,8,Dudunsparce Control
WORLDS,ethan-typhlosion,2,0.0,89.7832486849842,96.46805757742501,49.37671989734534,93.60786325288376,100.29267214532456,53.20133446524491,15.784790559553748,17.239842598227206,0.8443124045638559,3.8696409578092243,3.487179501019268,0.38246145678995624,0.09660221565963839,2.845185799477618,0.5238095238095238,14,Ethan's Typhlosion
WORLDS,festival-lead,23,0.21739130434782608,90.06827285882319,82.08014669377471,43.42333209254237,96.08263123697557,88.09450507192707,49.43769047069474,49.76644624669144,51.45462738577486,30.85094194577505,4.088781013506863,3.487345175691626,0.6014358378152374,4.088781013506863,4.2962562521821965,0.4697855750487329,171,Festival Lead
WORLDS,froslass-munkidori,2,0.0,106.73743738440405,61.298303198836294,22.985321781777607,91.08719262149734,45.6480584359296,7.3350770188709085,43.99191947115091,3.44841222896862,-18.42813382076614,3.54450428457122,5.10952876086189,-1.5650244762906695,0.5926203044080752,7.727313314621187,0.3541666666666667,16,Froslass Munkidori
WORLDS,greninja-ex,1,0.0,68.781659882841,62.90119722839417,23.700309432964392,56.36734166572698,50.48687901128016,11.28599121585038,27.83241580629807,7.783855081296277,-10.637654644430304,4.758568178288599,6.0,-1.2414318217114007,3.2871741549788145,1.9714125,0.5,8,Greninja
WORLDS,grimmsnarl-froslass,7,0.0,108.56603426820973,65.19686465481614,20.228291467979847,108.00356421937472,64.6343946059811,19.665821419144812,44.25481373376048,7.970551638357648,-10.698177154810704,3.948019489318537,4.0042664942020405,-0.05624700488350287,0.22341099748003024,7.203866809513191,0.26515151515151514,44,Grimmsnarl Froslass
WORLDS,kangaskhan-bouffalant,7,0.14285714285714285,113.66897820615121,45.750536784234825,9.357537960935693,104.05012741820504,36.13168599628865,-0.26131282701047126,46.818188411231,5.586701094338695,-9.123130801674174,4.163522443611813,5.125407522406429,-0.9618850787946166,0.2173587945789038,10.35875109174811,0.45652173913043476,46,Kangaskhan Bouffalant
WORLDS,lillie-clefairy,4,0.25,82.88177187305449,54.8746560171932,17.188445764708852,72.25285593742079,44.24574008155951,6.55952982907516,28.734841057868543,16.348624290338364,-3.6057205195236746,4.273294721402483,5.336186314965852,-1.0628915935633698,0.6888369509018035,3.627555130946746,0.5287356321839081,29,Lillie's Clefairy
WORLDS,lopunny-dudunsparce,3,0.6666666666666666,100.47275280978754,65.23268124186195,28.66048842082256,94.33381531793634,59.09374375001078,22.52155092897138,15.965036013621614,14.429986865267864,2.8174851664943965,4.18337395061192,4.797267699797039,-0.613893749185118,0.0,6.588434881535232,0.5432098765432098,27,Lopunny Dudunsparce
WORLDS,lopunny-dusknoir,4,0.5,89.93124104661965,72.1584134911516,19.777046781303937,73.93116217352161,56.15833461805357,3.776967908205906,5.186268449981472,-24.00003242525932,-40.16125939855961,4.399992112690197,6.0,-1.6000078873098036,0.18325892988283576,2.628328125,0.49074074074074076,36,Lopunny Dusknoir
WORLDS,lucario-hariyama,3,0.6666666666666666,71.77238300432153,72.67552648133953,46.08031932219172,70.42920581541472,71.33234929243274,44.73714213328493,10.016634002070516,5.50663892349952,1.4990318098788773,4.471446825880404,4.605764544771083,-0.1343177188906791,0.0,2.7295526135444477,0.47311827956989244,31,Lucario Hariyama
WORLDS,mega-absol-box,1,0.0,107.99569451673008,63.11272920650778,19.997475549317446,89.28668758781714,44.40372227759484,1.2884686204045042,46.92855975653953,-6.821640327133438,-30.660056003382017,3.2553394537457856,5.12624014663708,-1.8709006928912948,0.2402241268654217,6.038828295283933,0.5416666666666666,8,Mega Absol Box
WORLDS,mega-chandelure-ex,2,0.5,70.22355859871232,57.254049481507245,21.214882478825558,59.21043843812621,46.24092932092114,10.201762318239448,6.411212062510311,5.133038722079301,-0.05545852483864944,4.094072608278369,5.19538462433698,-1.101312016058611,0.0,3.089867078819725,0.4666666666666667,20,Mega Chandelure
WORLDS,mega-dragonite-ex,1,0.0,60.59959098032733,59.29676767890003,20.51679455592317,54.838308490608135,53.53548518918084,14.75551206620397,20.306169482773495,6.799918136725376,-11.081528508839222,4.730928446393915,5.3070566953658345,-0.5761282489719193,1.7232711514077468,0.0,0.2916666666666667,8,Mega Dragonite
WORLDS,mega-excadrill-ex,32,0.25,73.11802003236824,62.895978930212245,27.14679669271015,70.19697980576187,59.974938703605886,24.22575646610379,21.908342712547544,12.153154586263511,-6.532395321674116,4.233931622303017,4.5260356449636525,-0.29210402266063595,0.09807994888968277,2.5547722968688293,0.4630404463040447,239,Mega Excadrill
WORLDS,mega-greninja-ex,1,0.0,72.46542041518711,74.87511213275037,28.92199517803735,80.95738347717466,83.36707519473792,37.4139582400249,39.59684470394424,40.89143262138765,21.06502800149251,5.273481474110602,4.424285167911847,0.8491963061987544,3.207821339862725,1.1864925627105285,0.5,8,Mega Greninja
WORLDS,mega-lucario-ex,6,0.0,68.73711458360266,73.88516402030513,45.98273735539674,66.3495151604596,71.49756459716205,43.59513793225367,12.639426892367263,7.895955149209488,0.9245737137082769,4.32641836123815,4.565178303552457,-0.23875994231430728,0.021191810680309366,1.8553669218703346,0.5038759689922481,43,Mega Lucario
WORLDS,mega-venusaur-ex,3,0.3333333333333333,96.51792943858408,84.08451380927103,21.212701998073467,87.86404552454844,75.4306298952354,12.558818084037839,39.92047895831143,27.437530459910263,0.6954714867107125,4.085069788033513,4.950458179437075,-0.8653883914035628,1.961657213842714,0.9454545454545454,0.42857142857142855,28,Mega Venusaur
WORLDS,metagross-cri,3,0.0,63.94495326123498,60.95156579658269,26.646096168680966,64.99555829785491,62.002170833202634,27.696701205300897,18.527650676155943,9.463343842420715,-7.061423339539914,4.110645939634883,4.005585435972889,0.10506050366199353,0.2621657906463415,1.3503595525142529,0.4333333333333333,20,Metagross
WORLDS,n-zoroark,60,0.2,101.63322973092016,90.71563814581916,47.98133646122186,94.44159537969259,83.52400379459158,40.78970210999429,39.84413474085741,19.737736078909265,-3.933189851289046,3.868794717699287,4.587958152822044,-0.7191634351227577,0.12968741986400498,3.8159931554263817,0.48299319727891155,441,N's Zoroark
WORLDS,ogerpon-meganium,1,0.0,111.8022127761814,77.85560679855905,5.060008508648576,105.24492068910256,71.29831471148022,-1.4972835784302525,65.00989394489834,34.79904110342473,-4.38181635964711,4.373586030372538,5.02931523908042,-0.6557292087078821,2.600714476390832,1.4754325765148262,0.375,8,Ogerpon Meganium
WORLDS,ogerpon-meganium-arboliva,6,0.0,90.32749591928503,84.76064742197121,21.15423729885083,71.31352473670691,65.7466762393931,2.140266116272706,42.54526120278952,28.63112731170055,-2.1474791737861776,3.3462469171383837,5.2476440353961955,-1.901397118257812,2.3982386923729595,0.0,0.40151515151515155,44,Ogerpon Meganium Arboliva
WORLDS,ogerpon-meganium-hydrapple,12,0.08333333333333333,102.68924709752103,84.99632904433207,18.08882175790372,99.1748026341665,81.48188458097755,14.574377294549203,70.51796064068411,45.73306743378537,10.960989257383707,4.251837754158369,4.603282200493821,-0.3514444463354518,4.159500694055155,1.29788211497728,0.5243055555555556,96,Ogerpon Meganium Hydrapple
WORLDS,other,4,0.0,65.80862114104013,50.221706044482595,18.903291597245893,48.11645315907617,32.52953806251864,1.211123615281932,17.875766959507057,1.23079502869217,-10.780724565340337,2.9948580315064404,4.764074829702837,-1.7692167981963962,0.473117890063921,3.2583079215474156,0.5294117647058824,17,Other
WORLDS,raging-bolt-ogerpon,25,0.12,103.78674551560862,69.7648643456902,15.73001861879351,97.36730930392523,63.345428134006816,9.31058240711012,67.91236566404848,42.92785910521116,2.9209811317383516,4.575014060096103,5.216957681264443,-0.6419436211683393,2.810585577619025,2.88412914074681,0.46083788706739526,183,Raging Bolt Ogerpon
WORLDS,rocket-mewtwo-ex,3,0.3333333333333333,75.66784927968426,67.94957216486732,32.557125084853304,72.41847110667409,64.70019399185715,29.30774691184314,10.076304761904764,10.875493882073593,5.437525720586739,3.65041390304692,3.9753517203479363,-0.3249378173010163,0.0,2.8362273436002403,0.5,26,Rocket's Mewtwo
WORLDS,rockets-honchkrow,1,0.0,44.16,45.073519601228,22.586067202805467,50.147746943203884,51.06126654443189,28.573814146009354,3.4000000000000004,2.0220924078707445,-0.4923071695572618,3.750662847325254,3.151888153004865,0.5987746943203893,0.0,0.0,0.5416666666666666,8,Rocket's Honchkrow
WORLDS,seaking-pre,4,0.25,99.82775320105375,84.65187842624998,44.66453203874142,98.68359460924827,83.5077198344445,43.52037344693595,39.552672914211755,40.688940437463344,22.3969877466689,3.423011959511883,3.5374278186924304,-0.11441585918054775,2.0443905067534316,5.838047860418074,0.5483870967741935,31,Seaking Festival Lead
WORLDS,sharpedo-toxtricity,1,1.0,90.385298024961,78.45558903120451,38.49092476015986,80.58935621464548,68.659647220889,28.694982949844345,44.44118550363655,8.821093054734174,-15.158678983014308,4.1919652779444085,5.17155945897596,-0.9795941810315512,0.1636022056102381,3.7958514347984247,0.6944444444444445,12,Sharpedo Toxtricity
WORLDS,slowking-scr,47,0.23404255319148937,97.02114589245342,80.52050523686741,35.32705824615662,92.79767768934941,76.2970370337634,31.103590043052613,37.99200520841828,24.27209072793716,3.842304793786697,3.8978988306934084,4.320245651003808,-0.4223468203103999,1.9985598904993545,3.6378790762337436,0.5055555555555555,360,Slowking
WORLDS,starmie-froslass,2,0.0,99.50273457130244,66.33310092772575,31.131734023211358,84.90570739618437,51.73607375260767,16.534706848093272,50.987576618935876,10.606857825794993,-11.912890023050121,3.821507629900772,5.281210347412582,-1.4597027175118096,0.22855824403703745,7.714856851064489,0.36363636363636365,11,Starmie Froslass
WORLDS,tera-box,1,0.0,99.25127969247244,71.07667508316587,21.913122816846204,90.97742685915108,62.80282224984451,13.639269983524848,56.77535987462553,39.63893662739297,5.26274204532055,4.464607927019213,5.2919932103513485,-0.8273852833321351,2.6124499468700773,3.332999923920397,0.5,8,Tera Box
WORLDS,toucannon-pbl,2,0.0,86.93195727779823,68.09624989420851,23.58573860812189,88.07434827336542,69.2386408897757,24.728129603689066,18.192318084868965,21.24965790233456,5.383429582395793,3.700085886288268,3.58584678673155,0.11423909955671796,0.04554657817857535,2.626844447386694,0.3958333333333333,16,Toucannon
WORLDS,toxtricity-box,2,0.5,100.19782156859374,65.4250420249087,21.128916563855565,83.32837102795001,48.555591484264966,4.259466023211829,37.014117573728036,2.128466812975274,-15.13228040765826,2.730651141122625,4.417596195186999,-1.6869450540643736,0.4414929899148291,5.067957731269838,0.65,20,Toxtricity Box
WORLDS,toxtricity-brute-bonnet,1,0.0,94.92405087110184,58.0048925451799,15.933654537188382,77.84325035175277,40.92409202583082,-1.1471459821606895,32.99426936491605,-0.1108573681901798,-16.625595335254943,2.1087319682098404,3.8168120201447473,-1.7080800519349069,0.6534096250739471,4.865736566028832,0.29166666666666663,8,Toxtricity Brute Bonnet
