cat,name,lists,copies,legal_post,hp,prizes,q_board,effect_hand,effect_fitted,offense,liability,lia_active,lia_gust,lia_spread,power_hand,power_fitted,inclusion,power_per_copy,prize_race,top_archetype
pokemon,Dragapult ex,2296,2.7460801393728222,0,320.0,2.0,0.7782926829268293,0.0,0.0,5.001981797029555,1.6500680332662547,2.625427996955238,0.0024494421413940055,0.06358232440146946,33.519137637633,33.519137637633,0.29435897435897435,12.206176053291891,3.3519137637633003,Dragapult
pokemon,Steven's Metagross ex,19,2.526315789473684,1,340.0,2.0,0.7263157894736841,15.34271392883072,7.501014470341623,2.9170937979378797,1.650568134399492,2.587282146376724,0.0021226524845322685,0.06570649080572406,28.0079705642146,20.1662711057255,0.002435897435897436,11.086488348334946,1.2665256635383877,Steven's Metagross
pokemon,N's Zoroark ex,584,3.9297945205479454,1,280.0,2.0,0.9112071917808219,12.035597249745496,18.0597980992823,3.406190956949615,2.1266708773721654,3.2254280542705893,0.026020562310002625,0.12632520670726807,24.830798045519995,30.8549988950568,0.07487179487179488,6.318599589796809,1.2795200795774497,N's Zoroark
pokemon,Marnie's Grimmsnarl ex,102,2.4019607843137254,1,320.0,2.0,0.6964705882352941,9.260126470588236,4.527252673502038,3.3589326434858173,1.863171748143318,2.472568859723889,0.011596958811473856,0.09766914043297749,24.217735424013227,19.48486162692703,0.013076923076923076,10.082485768364691,1.4957608953424992,Grimmsnarl Froslass
pokemon,Munkidori,3083,1.802465131365553,0,110.0,1.0,0.785018345415115,23.681245790285903,1.7087169628846224,0.11534940841287886,0.16180917077236878,0.1643433401870109,0.029065200408940787,0.06415549039791706,23.216648166691,1.2441193392897232,0.39525641025641023,12.880497804194414,-0.046459762359489926,Dragapult
pokemon,Hydrapple ex,227,2.0088105726872247,0,330.0,2.0,0.6021145374449339,15.1760199026975,3.8846461983158918,1.392772801532487,0.6635927018964565,1.0274806006368786,0.0009454396037825952,0.06851731139084005,22.467820899057806,11.176447194676198,0.029102564102564104,11.184638912469564,0.7291800996360305,Ogerpon Meganium Hydrapple
pokemon,Teal Mask Ogerpon ex,872,2.9208715596330275,0,210.0,2.0,0.8451705539699409,20.542366908093324,10.70596305039743,1.1881956006475198,1.0684098220166778,1.4407586623398934,0.24346193273138056,0.08306155178076419,21.740224694401743,11.903820836705851,0.1117948717948718,7.443060829806957,0.11978577863084205,Basic Box
pokemon,Ethan's Typhlosion,48,3.1875,1,170.0,1.0,0.8558333333333333,0.0,0.0,3.878009009998582,1.7657678845485625,2.5496261163438194,0.037641194516523785,0.09083930274039874,21.122411254500197,21.122411254500197,0.006153846153846154,6.626638824941238,2.1122411254500193,Ethan's Typhlosion
pokemon,Beedrill ex,37,4.0,1,310.0,2.0,0.9400000000000001,0.0,0.0,4.275568148242174,2.2871458758187897,3.594972636540752,0.007975487866611059,0.1006423271864679,19.884222724233844,19.884222724233844,0.004743589743589744,4.971055681058461,1.9884222724233842,Beedrill
pokemon,Team Rocket's Honchkrow,150,3.0933333333333333,1,130.0,1.0,0.8259666666666666,0.0,0.0,3.948833793499858,2.0493646823710505,3.0178690696454784,0.22507596048285616,0.1602119158461942,18.994691111288073,18.994691111288073,0.019230769230769232,6.140525143735369,1.8994691111288073,Rocket's Honchkrow
pokemon,Alakazam,602,3.117940199335548,0,140.0,1.0,0.8432558139534884,4.273120016611296,2.5027666508720454,2.916657600186059,1.5395336207816226,2.50230986686046,0.01497130862402648,0.058217760351601075,18.044359810655656,16.274006444916406,0.07717948717948718,5.787269369214015,1.3771239794044363,Alakazam Dudunsparce
pokemon,Crustle,293,2.9590443686006824,1,150.0,1.0,0.8208873720136518,14.014484220992781,0.5406247813864951,1.9810455184041744,1.6094718493293447,1.7734556929695349,0.6667119844155105,0.23272436818908296,17.73022091174108,4.256361472134793,0.037564102564102565,5.991873964406155,0.3715736690748297,Crustle
pokemon,Dipplin,495,2.587878787878788,0,80.18181818181819,1.0,0.5091111111111111,0.0,0.0,3.0881290392210063,1.466189926268752,2.1718244616426503,0.12524528123894874,0.10127007694020368,16.219391129522545,16.219391129522545,0.06346153846153846,6.267446221009883,1.6219391129522542,Festival Lead
pokemon,Cynthia's Garchomp ex,106,3.0,1,330.0,2.0,0.84,0.0,0.0,4.375015599484547,2.7600396988593103,3.9193885957949557,0.2924713902930507,0.21316212652459962,16.149759006252367,16.149759006252367,0.01358974358974359,5.383253002084122,1.6149759006252364,Cynthia's Garchomp
pokemon,Mega Dragonite ex,7,2.2857142857142856,1,370.0,3.0,0.6399999999999999,4.183963207204322,-0.5859946006172018,2.695304439888282,1.6256549940672922,2.5364136233117223,0.009034160760995738,0.08366303790278669,14.880457665414216,10.110499857592691,0.0008974358974358974,6.51020022861872,1.0696494458209898,Mega Dragonite
pokemon,Toucannon,129,2.0310077519379846,1,150.0,1.0,0.5893023255813953,6.303184372876202,3.691775466499235,1.651253971974458,0.8179663553565667,1.2812044722370686,0.004914168362714193,0.04141157478897219,14.636060539055114,12.024651632678149,0.01653846153846154,7.20630461655767,0.8332876166178912,Alakazam Dudunsparce
pokemon,Team Rocket's Spidops,90,3.9444444444444446,1,130.0,1.0,0.9344444444444444,11.97087475591289,5.852530731086443,1.3340702982911015,1.108142688638754,1.3275773428310507,0.35944926609030337,0.15530054196143414,14.230150852436363,8.111806827609916,0.011538461538461539,3.6076438780824582,0.22592760965234748,Rocket's Mewtwo
trainer,Wally's Compassion,555,1.7945945945945947,1,,,,13.755233059644826,0.5306238708843456,0.0,0.0,0.0,0.0,0.0,13.755233059644826,0.5306238708843456,0.07115384615384615,7.66481360251293,0.0,Lucario Hariyama
pokemon,Dhelmise,253,3.758893280632411,1,140.0,1.0,0.22800395256916994,0.0,0.0,2.8810358288895266,1.506307703547708,2.486961509879073,0.00023749647091803936,0.014770478676551386,13.747281253418189,13.747281253418189,0.032435897435897434,3.657268304011358,1.3747281253418187,Dhelmise
pokemon,Ceruledge ex,30,3.0,0,270.0,2.0,0.84,0.0,0.0,4.104537854192645,2.7765365863065603,4.355130757933537,0.05323524379802246,0.18585229867264927,13.280012678860851,13.280012678860851,0.0038461538461538464,4.426670892953617,1.3280012678860849,Ceruledge
pokemon,Metang,408,3.965686274509804,0,100.0,1.0,0.5663092320261438,13.981315432301052,6.835430150009538,0.0,0.12464203815786985,0.0,0.05860799507393105,0.148613884738038,12.734895050722354,5.589009768430839,0.052307692307692305,3.211271434298344,-0.12464203815786985,Mega Excadrill
pokemon,Mega Charizard X ex,2,2.0,1,360.0,3.0,0.6,0.0,0.0,4.016140410026306,2.781418344129645,4.517085704296097,0.00560596654566425,0.10151655242249845,12.347220658966608,12.347220658966608,0.0002564102564102564,6.173610329483304,1.2347220658966611,Mega Charizard X
trainer,Jumbo Ice Cream,722,3.110803324099723,1,,,,12.087692916501782,0.46629659981792254,0.0,0.0,0.0,0.0,0.0,12.087692916501782,0.46629659981792254,0.09256410256410257,3.885714285714286,0.0,Mega Excadrill
pokemon,Mega Venusaur ex,46,2.0869565217391304,1,380.0,3.0,0.6208695652173912,4.57440072331152,2.2364130738450054,2.334156229216434,1.6043005650554505,2.524794254401123,0.005844416700983006,0.1024086873331119,11.872957364921357,9.53496971545484,0.005897435897435898,5.689125404024817,0.7298556641609835,Mega Venusaur
pokemon,Greninja ex,90,1.9111111111111112,0,309.22222222222223,2.0,0.5595555555555556,0.0,0.0,2.051387440845288,0.8671320498125215,1.373516023474298,0.005255367658527881,0.05316413404464874,11.842553910327666,11.842553910327666,0.011538461538461539,6.19668518563657,1.1842553910327664,Mega Greninja
pokemon,Seaking,293,1.4436860068259385,0,110.0,1.0,0.663037542662116,12.45427794262128,3.218810412819615,0.0,0.09296753535854133,0.0831071298091359,0.001972129049936623,0.06948261868405599,11.524602589035867,2.289135059234201,0.037564102564102565,7.982762549852268,-0.09296753535854133,Festival Lead
pokemon,Mega Kangaskhan ex,1473,3.2423625254582484,1,300.0,3.0,0.4746164290563476,7.9624534058721546,4.663609438974514,1.700649399829273,1.453185798711556,2.1556992404470625,0.19296421295986893,0.10325409017836834,10.437089417049325,7.138245450151683,0.18884615384615386,3.2189766983487553,0.24746360111771715,Basic Box
pokemon,Lillie's Clefairy ex,1926,1.3499480789200415,1,190.0,2.0,0.47415001428263065,14.41040198694278,1.5236632988336565,0.4245816640698235,0.8245416845451559,0.5639590784086705,0.7619426733123076,0.05630413737855075,10.410801782189457,-2.475936905919667,0.2469230769230769,7.712001627883421,-0.39996002047533236,Basic Box
trainer,Lillie's Determination,6418,3.770021813649112,1,,,,10.363270244363234,14.752047485453316,0.0,0.0,0.0,0.0,0.0,10.363270244363234,14.752047485453316,0.8228205128205128,2.748862143673468,0.0,Dragapult
trainer,Ethan's Adventure,49,3.9591836734693877,1,,,,10.299032600053009,16.423017479663603,0.0,0.0,0.0,0.0,0.0,10.299032600053009,16.423017479663603,0.006282051282051282,2.601302048466997,0.0,Ethan's Typhlosion
pokemon,Eelektrik,20,2.75,1,90.0,1.0,0.5954583333333334,11.287682201588336,5.518519599823129,0.0,0.11136716233317359,0.0,0.05429113051937161,0.1308607898846821,10.174010578256597,4.404847976491394,0.002564102564102564,3.6996402102751262,-0.11136716233317359,Manectric Eelektrik
pokemon,Mega Camerupt ex,2,2.5,1,340.0,3.0,0.72,0.0,0.0,3.681673476963002,2.66679455437377,4.305917674064647,0.0007316408330995,0.1269927275222956,10.148789225892326,10.148789225892326,0.0002564102564102564,4.05951569035693,1.014878922589232,Mega Camerupt
pokemon,Bouffalant,36,2.9444444444444446,0,100.0,1.0,0.7057870370370369,11.556151947428571,0.44579179809480834,0.0,0.179014518069632,0.0,0.07563313725306116,0.22198494968032104,9.766006766732252,-1.3443533826015124,0.004615384615384616,3.3167570151166137,-0.179014518069632,Kangaskhan Bouffalant
pokemon,Hop's Trevenant,42,2.9523809523809526,1,140.0,1.0,0.8003571428571429,0.0,0.0,2.4908441816358087,1.5289733904714713,2.4047628706282302,0.04610936185445859,0.09343890803038275,9.618707911643375,9.618707911643375,0.005384615384615384,3.2579494539437235,0.9618707911643374,Hop's Trevenant
pokemon,Lunatone,352,2.0142045454545454,1,110.0,1.0,0.8567775938831672,10.424636538932278,11.749932812006968,0.0,0.11561631473533235,0.0,0.08661224827677307,0.10560404111062179,9.268473391578953,10.593769664653648,0.04512820512820513,4.60155519581917,-0.11561631473533235,Lucario Hariyama
pokemon,Froslass,158,2.3734177215189876,0,90.0,1.0,0.4153691983122363,9.74345037840428,1.03020982752828,0.0,0.07477787789921085,0.0,0.04497896079879082,0.0795942815206761,8.995671599412171,0.282431048536171,0.020256410256410257,3.7901763005523277,-0.07477787789921085,Grimmsnarl Froslass
pokemon,Mega Greninja ex,70,2.2,1,350.0,3.0,0.6411428571428571,-1.4179303966975714,2.5893244457615423,2.468681289783016,1.4325615132920078,2.106019505759973,0.04305968676572622,0.09754131683613332,8.943267368212512,12.950522210671625,0.008974358974358974,4.065121531005687,1.0361197764910082,Mega Greninja
pokemon,Hop's Snorlax,45,1.8666666666666667,1,150.0,1.0,0.21599999999999997,8.921048208060954,0.9432543071362277,0.0,0.01595544175760645,0.0,0.002707816607809558,0.023887879777659816,8.761493790484888,0.7836998895601628,0.0057692307692307696,4.693657387759761,-0.01595544175760645,Hop's Trevenant
trainer,Misty's Vitality,10,2.7,1,,,,8.753181818181819,4.279408700721101,0.0,0.0,0.0,0.0,0.0,8.753181818181819,4.279408700721101,0.001282051282051282,3.241919191919192,0.0,Wailord
pokemon,Hydreigon ex,7,2.2857142857142856,0,330.0,2.0,0.66,0.0,0.0,2.4803436042366127,1.6118254190550931,2.4830833809339685,0.0022875179162581178,0.0755286394772784,8.685181851815196,8.685181851815196,0.0008974358974358974,3.7997670601691484,0.8685181851815196,Hydreigon
pokemon,Mega Excadrill ex,392,1.9872448979591837,1,340.0,3.0,0.21627551020408164,0.0,0.0,2.9756578501453226,2.1122543305657535,3.4335684337538694,0.014900762580716922,0.05983350336652954,8.634035195795688,8.634035195795688,0.050256410256410255,4.34472631161991,0.8634035195795691,Mega Excadrill
pokemon,Team Rocket's Mewtwo ex,91,1.9230769230769231,1,280.0,2.0,0.1462087912087912,0.0,0.0,2.182157888225381,1.3324263356184343,2.1616834845354154,0.005287482533139057,0.047188222713925615,8.497315526069466,8.497315526069466,0.011666666666666667,4.418604073556122,0.8497315526069467,Rocket's Mewtwo
pokemon,Thwackey,298,3.3624161073825505,0,100.0,1.0,0.9361269574944071,9.876535527048565,15.74929625899061,0.0,0.1423767032781209,0.0,0.0396207767295874,0.19708562289903825,8.452768494267357,14.3255292262094,0.038205128205128204,2.513897216857956,-0.1423767032781209,Festival Lead
trainer,Gladion's Final Battle,288,2.1944444444444446,1,,,,8.276118326118327,0.8750635660085698,0.0,0.0,0.0,0.0,0.0,8.276118326118327,0.8750635660085698,0.036923076923076927,3.7713956929146804,0.0,Festival Lead
trainer,Forest of Vitality,470,3.025531914893617,1,,,,7.715106382978723,1.541916476902261,0.0,0.0,0.0,0.0,0.0,7.715106382978723,1.541916476902261,0.06025641025641026,2.55,0.0,Ogerpon Meganium Hydrapple
pokemon,Blaziken ex,371,1.994609164420485,0,320.0,2.0,0.8379514824797843,7.90086843626417,3.86271481978935,0.0,0.035792675719425994,0.0,0.0013917582950483257,0.058140855929104944,7.542941679069909,3.50478806259509,0.04756410256410257,3.7816640039661302,-0.035792675719425994,Dragapult Blaziken
pokemon,Drakloak,2345,3.937313432835821,0,90.0,1.0,0.25347228144989337,7.759017665652386,7.66817334519952,0.0,0.03688357382185112,0.0,0.007670901217714287,0.05498096561396921,7.390181927433875,7.299337606981007,0.3006410256410256,1.8769605350192176,-0.03688357382185112,Dragapult
trainer,Buddy-Buddy Poffin,5480,3.6105839416058396,0,,,,7.365591240875913,11.745300592245881,0.0,0.0,0.0,0.0,0.0,7.365591240875913,11.745300592245881,0.7025641025641025,2.04,0.0,Dragapult
trainer,Battle Cage,859,2.4528521536670547,1,,,,7.148311990686846,0.2757543229067743,0.0,0.0,0.0,0.0,0.0,7.148311990686846,0.2757543229067743,0.11012820512820513,2.9142857142857146,0.0,Alakazam Dudunsparce
pokemon,Ethan's Quilava,48,3.9375,1,100.0,1.0,0.24708333333333332,7.57990445506848,12.08704819121836,0.0,0.05230099081920537,0.0,0.01677689431375778,0.07017538754685433,7.056894546876426,11.564038283026306,0.006153846153846154,1.7922271865082986,-0.05230099081920537,Ethan's Typhlosion
pokemon,Latias ex,1424,1.7745786516853932,0,210.0,2.0,0.7421196366993257,8.889911168702021,-1.2450969778739602,0.0,0.19020367721068157,0.0,0.25397201648447315,0.08305612338667379,6.987874396595205,-3.1471337499807768,0.18256410256410258,3.937765390087682,-0.19020367721068157,Basic Box
energy,Telepathic Psychic Energy,1606,3.8069738480697386,1,,,,6.8525529265255285,10.927200724859294,0.0,0.0,0.0,0.0,0.0,6.8525529265255285,10.927200724859294,0.2058974358974359,1.7999999999999998,0.0,Alakazam Dudunsparce
pokemon,Hariyama,220,1.9363636363636363,1,150.0,1.0,0.5806363636363636,2.73976,3.1455975028565253,0.7612090641182537,0.35438847407919377,0.5333528818997493,0.004123361928607697,0.051171789196929066,6.807965900390601,7.213803403247124,0.028205128205128206,3.5158509344740194,0.40682059003905996,Lucario Hariyama
trainer,Gwynn,503,2.8767395626242545,1,,,,6.719639656474825,7.663416484961589,0.0,0.0,0.0,0.0,0.0,6.719639656474825,7.663416484961589,0.06448717948717948,2.3358526241927,0.0,Dhelmise
pokemon,Cynthia's Roserade,106,3.2264150943396226,1,130.0,1.0,0.23554245283018865,7.268694401289349,0.7685450343243249,0.0,0.06694724987273337,0.0,0.08136083145286305,0.029941383850276875,6.599221902562016,0.09907253559699061,0.01358974358974359,2.0453728703847185,-0.06694724987273337,Cynthia's Garchomp
pokemon,Mega Starmie ex,115,2.0695652173913044,1,330.0,3.0,0.4232173913043478,0.0,0.0,2.159602953808913,1.5015700758294996,2.5235826414887783,0.006226287680608973,0.06687763370979531,6.580328779794136,6.580328779794136,0.014743589743589743,3.179570628892124,0.6580328779794136,Starmie Froslass
pokemon,Shaymin,2143,1.0,1,80.0,1.0,0.5895347424726252,7.664344930472565,0.29566088463681583,0.0,0.12437789450824607,0.0,0.1419927178031772,0.06626715630444593,6.4205659853901045,-0.9481180604456452,0.27474358974358976,6.4205659853901045,-0.12437789450824607,Alakazam Dudunsparce
pokemon,Cynthia's Gabite,106,3.9716981132075473,1,100.0,1.0,0.2422877358490566,7.494684877238291,11.951155562205074,0.0,0.11308492199075953,0.0,0.11505273127631738,0.0729550264565457,6.363835657330696,10.82030634229748,0.01358974358974359,1.602295913722218,-0.11308492199075953,Cynthia's Garchomp
pokemon,Metagross,845,1.4627218934911244,1,180.0,1.0,0.4387455621301775,0.0,0.0,1.1032424614689038,0.47057451865126254,0.7331789783119184,0.008596609391755109,0.035238408293056585,6.326679428176412,6.326679428176412,0.10833333333333334,4.325278411657822,0.6326679428176413,Slowking
pokemon,Mega Sharpedo ex,119,3.2857142857142856,1,330.0,3.0,0.8615126050420168,0.0,0.0,3.5356416839915705,2.9238355827646805,4.315255537629789,0.3717374899333219,0.17032779842614867,6.118061012268903,6.118061012268903,0.015256410256410256,1.8620185689514055,0.61180610122689,Sharpedo Toxtricity
pokemon,Slowking,441,2.997732426303855,0,120.0,1.0,0.24682539682539684,0.0,0.0,1.4118660251107478,0.8011201094470989,1.2854476775715256,0.0031043033028244913,0.02072902767766878,6.107459156636488,6.107459156636488,0.05653846153846154,2.037359673280402,0.6107459156636489,Slowking
pokemon,Meganium,307,2.0,1,160.0,1.0,0.84,6.233417327349969,3.047502142646916,0.0,0.03144770148193137,0.0,0.006273833354605362,0.04600910355146128,5.918940312530655,2.733025127827602,0.03935897435897436,2.9594701562653274,-0.03144770148193137,Ogerpon Meganium Hydrapple
trainer,Team Rocket's Archer,211,3.1943127962085307,1,,,,5.762837050872868,6.303237529771321,0.0,0.0,0.0,0.0,0.0,5.762837050872868,6.303237529771321,0.02705128205128205,1.8040929046501115,0.0,Rocket's Honchkrow
trainer,Binding Mochi,656,1.9009146341463414,0,,,,5.539808362369338,0.5857437351131584,0.0,0.0,0.0,0.0,0.0,5.539808362369338,0.5857437351131584,0.0841025641025641,2.914285714285714,0.0,N's Zoroark
trainer,Team Rocket's Proton,242,3.384297520661157,1,,,,5.519771964452277,8.801924896857814,0.0,0.0,0.0,0.0,0.0,5.519771964452277,8.801924896857814,0.031025641025641027,1.6309948905951783,0.0,Rocket's Honchkrow
trainer,Team Rocket's Giovanni,242,3.615702479338843,1,,,,5.346328715953937,2.6947409356956467,0.0,0.0,0.0,0.0,0.0,5.346328715953937,2.6947409356956467,0.031025641025641027,1.4786417705838317,0.0,Rocket's Honchkrow
trainer,Bug Catching Set,630,3.257142857142857,0,,,,5.315657142857143,8.476439833056963,0.0,0.0,0.0,0.0,0.0,5.315657142857143,8.476439833056963,0.08076923076923077,1.6320000000000001,0.0,Ogerpon Meganium Hydrapple
trainer,Premium Power Pro,392,3.4591836734693877,1,,,,5.040524781341109,0.5329526978601894,0.0,0.0,0.0,0.0,0.0,5.040524781341109,0.5329526978601894,0.050256410256410255,1.4571428571428573,0.0,Lucario Hariyama
trainer,Team Rocket's Ariana,241,3.8132780082987554,1,,,,5.00951976496787,2.9340760277986924,0.0,0.0,0.0,0.0,0.0,5.00951976496787,2.9340760277986924,0.030897435897435897,1.313704312684719,0.0,Rocket's Honchkrow
trainer,Crispin,3064,2.3198433420365534,0,,,,4.955616653475121,4.771156181906197,0.0,0.0,0.0,0.0,0.0,4.955616653475121,4.771156181906197,0.39282051282051283,2.1361859069003617,0.0,Dragapult
trainer,Hero's Cape,901,1.0,0,,,,4.857142857142858,0.1873698492144591,0.0,0.0,0.0,0.0,0.0,4.857142857142858,0.1873698492144591,0.11551282051282051,4.857142857142858,0.0,Crustle
pokemon,Kyurem,441,1.9523809523809523,0,130.0,1.0,0.33634068975632525,0.0,0.0,0.6902786086434426,0.2056116908287172,0.31207327143123803,0.0015110672831198356,0.02265205500383747,4.846669178147254,4.846669178147254,0.05653846153846154,2.4824403107583497,0.4846669178147254,Slowking
trainer,N's Castle,372,1.717741935483871,1,,,,4.67225806451613,-0.6543838611635584,0.0,0.0,0.0,0.0,0.0,4.67225806451613,-0.6543838611635584,0.047692307692307694,2.72,0.0,N's Zoroark
pokemon,Pecharunt,100,1.1,0,80.0,1.0,0.3747,5.255313782152233,0.5556631064820722,0.0,0.06173295732220582,0.0,0.011551495267005475,0.09108177077808963,4.637984208930174,-0.06166646673998659,0.01282051282051282,4.216349280845613,-0.06173295732220582,Basic Box
pokemon,Hop's Zacian ex,16,1.75,1,230.0,2.0,0.164375,0.0,0.0,1.6363079252519588,1.1744517566377655,1.8629786080806894,0.07622549327046119,0.03180056627404519,4.618561686141934,4.618561686141934,0.0020512820512820513,2.6391781063668196,0.4618561686141933,Hop's Zacian
trainer,Hop's Bag,45,2.2222222222222223,1,,,,4.533333333333333,7.228932606164563,0.0,0.0,0.0,0.0,0.0,4.533333333333333,7.228932606164563,0.0057692307692307696,2.04,0.0,Hop's Trevenant
pokemon,Mega Manectric ex,22,2.090909090909091,1,330.0,3.0,0.39,0.0,0.0,3.44794479087988,3.0044569140559934,4.3095874530949905,0.5630742546644097,0.08583717169581365,4.434878768238858,4.434878768238858,0.0028205128205128207,2.1210289761142365,0.4434878768238866,Manectric Eelektrik
trainer,Hilda,1720,2.8098837209302325,1,,,,4.423902409229908,7.054432141008539,0.0,0.0,0.0,0.0,0.0,4.423902409229908,7.054432141008539,0.2205128205128205,1.5744076440876147,0.0,Alakazam Dudunsparce
pokemon,Raging Bolt ex,448,1.2232142857142858,0,240.0,2.0,0.3575,0.0,0.0,0.9907593483004521,0.5488470912855336,0.8747798729733461,0.003086651699793045,0.03461154184777932,4.419122570149186,4.419122570149186,0.057435897435897436,3.6127133420197723,0.44191225701491854,Basic Box
trainer,Gravity Mountain,601,1.5091514143094842,0,,,,4.398098407416212,0.4650266615817374,0.0,0.0,0.0,0.0,0.0,4.398098407416212,0.4650266615817374,0.07705128205128205,2.914285714285715,0.0,Lucario Hariyama
trainer,Cyrano,1143,2.0,0,,,,4.317567816545361,6.884869140077535,0.0,0.0,0.0,0.0,0.0,4.317567816545361,6.884869140077535,0.14653846153846153,2.1587839082726803,0.0,N's Zoroark
trainer,Air Balloon,1982,1.5857719475277496,1,,,,4.31329969727548,-0.6041091205331456,0.0,0.0,0.0,0.0,0.0,4.31329969727548,-0.6041091205331456,0.2541025641025641,2.7200000000000006,0.0,Alakazam Dudunsparce
trainer,Rare Candy,1862,2.4543501611170786,1,,,,4.172395273899033,0.8338815696913485,0.0,0.0,0.0,0.0,0.0,4.172395273899033,0.8338815696913485,0.2387179487179487,1.6999999999999997,0.0,Alakazam Dudunsparce
trainer,N's PP Up,562,3.0427046263345194,1,,,,4.138078291814947,2.0230961282529765,0.0,0.0,0.0,0.0,0.0,4.138078291814947,2.0230961282529765,0.07205128205128206,1.36,0.0,N's Zoroark
trainer,Unfair Stamp,2909,1.0,0,,,,4.08,4.234276162712552,0.0,0.0,0.0,0.0,0.0,4.08,4.234276162712552,0.3729487179487179,4.08,0.0,Dragapult
trainer,Precious Trolley,194,1.0,0,,,,4.08,6.506039345548106,0.0,0.0,0.0,0.0,0.0,4.08,6.506039345548106,0.02487179487179487,4.08,0.0,Mega Excadrill
trainer,Tarragon,54,1.3518518518518519,1,,,,3.8357906799083272,2.281271532948232,0.0,0.0,0.0,0.0,0.0,3.8357906799083272,2.281271532948232,0.006923076923076923,2.837434201576023,0.0,Lucario Hariyama
trainer,AZ's Tranquility,78,1.064102564102564,1,,,,3.831509161559361,-0.09789000929886263,0.0,0.0,0.0,0.0,0.0,3.831509161559361,-0.09789000929886263,0.01,3.6006953566461464,0.0,Kangaskhan Bouffalant
trainer,Fighting Gong,468,3.713675213675214,1,,,,3.787948717948718,6.040329264189428,0.0,0.0,0.0,0.0,0.0,3.787948717948718,6.040329264189428,0.06,1.02,0.0,Lucario Hariyama
pokemon,Yveltal,612,1.0326797385620916,0,110.55555555555556,1.0,0.08651960784313725,4.660718961111952,2.71071925809064,0.07914580777169394,0.16928780815318387,0.24502759021980372,0.0018497987330383157,0.007371377340706027,3.759298957297053,1.8092992542757407,0.07846153846153846,3.6403338004205636,-0.09014200038148992,N's Zoroark
pokemon,Toxtricity,151,2.3311258278145695,1,140.0,1.0,0.647682119205298,2.901340486161589,4.197680633323996,0.40089807431013225,0.3211437014010394,0.48134630313195453,0.0030184987093617084,0.04730056025655882,3.698884215252517,4.995224362414925,0.019358974358974358,1.5867372627929832,0.07975437290909282,Sharpedo Toxtricity
trainer,Glass Trumpet,455,1.3582417582417583,0,,,,3.6944175824175827,1.8061915169470109,0.0,0.0,0.0,0.0,0.0,3.6944175824175827,1.8061915169470109,0.058333333333333334,2.72,0.0,Basic Box
trainer,Poké Pad,6338,3.5990848848217105,1,,,,3.6710665825181445,5.853946967154381,0.0,0.0,0.0,0.0,0.0,3.6710665825181445,5.853946967154381,0.8125641025641026,1.02,0.0,Dragapult
trainer,Dawn,1682,2.064803804994055,1,,,,3.6551186948674186,5.82851618663134,0.0,0.0,0.0,0.0,0.0,3.6551186948674186,5.82851618663134,0.21564102564102564,1.77020145256752,0.0,Alakazam Dudunsparce
trainer,Maximum Belt,138,1.0,0,,,,3.6428571428571432,0.3851723037632636,0.0,0.0,0.0,0.0,0.0,3.6428571428571432,0.3851723037632636,0.01769230769230769,3.6428571428571432,0.0,Lucario Hariyama
pokemon,Iron Crown ex,377,1.0212201591511936,0,220.0,2.0,0.5970026525198939,3.931544569863841,0.41569625706889546,0.0,0.032564640375089354,0.0,0.0023385905192374705,0.05180129754468923,3.605898166112947,0.0900498533180014,0.04833333333333333,3.5309704120118988,-0.032564640375089354,Basic Box
pokemon,Mega Lopunny ex,311,1.9389067524115755,1,330.0,3.0,0.41538585209003215,0.0,0.0,2.1668257684322416,1.8065546661882095,2.6800622181188225,0.4649030147294187,0.07678869136621709,3.602711022440321,3.602711022440321,0.039871794871794874,1.8581146400977444,0.36027110224403214,Lopunny Dudunsparce
pokemon,Annihilape,335,1.328358208955224,0,145.28358208955223,1.0,0.6788059701492537,3.907528986393391,0.15073740643740008,0.0,0.031543475261544794,0.0,0.007144059415933663,0.04530125582580108,3.5920942337779422,-0.16469734617804824,0.04294871794871795,2.7041608276755293,-0.031543475261544794,Slowking
trainer,Firebreather,2,1.0,1,,,,3.575,5.700757514787863,0.0,0.0,0.0,0.0,0.0,3.575,5.700757514787863,0.0002564102564102564,3.575,0.0,Mega Charizard X
trainer,Brave Bangle,653,1.6278713629402757,1,,,,3.5580616932837468,0.3762065778563699,0.0,0.0,0.0,0.0,0.0,3.5580616932837468,0.3762065778563699,0.08371794871794871,2.1857142857142864,0.0,Festival Lead
trainer,Team Rocket's Factory,541,1.7301293900184842,1,,,,3.529463955637708,2.067207251208952,0.0,0.0,0.0,0.0,0.0,3.529463955637708,2.067207251208952,0.06935897435897435,2.04,0.0,Crustle
trainer,Team Rocket's Transceiver,476,3.44327731092437,1,,,,3.512142857142857,5.600524415626758,0.0,0.0,0.0,0.0,0.0,3.512142857142857,5.600524415626758,0.06102564102564102,1.0199999999999998,0.0,Rocket's Honchkrow
trainer,Wondrous Patch,699,2.5550786838340485,1,,,,3.4749070100143062,1.698873347056879,0.0,0.0,0.0,0.0,0.0,3.4749070100143062,1.698873347056879,0.08961538461538461,1.36,0.0,Slowking
trainer,Brock's Scouting,393,2.2544529262086512,1,,,,3.41377850228596,5.443670895308515,0.0,0.0,0.0,0.0,0.0,3.41377850228596,5.443670895308515,0.05038461538461538,1.5142380941290998,0.0,Mega Excadrill
trainer,Risky Ruins,1660,1.7319277108433735,1,,,,3.3648881239242687,0.3557816460463881,0.0,0.0,0.0,0.0,0.0,3.3648881239242687,0.3557816460463881,0.2128205128205128,1.942857142857143,0.0,Dragapult
trainer,Academy at Night,447,3.9395973154362416,0,,,,3.3486577181208057,3.309450881902532,0.0,0.0,0.0,0.0,0.0,3.3486577181208057,3.309450881902532,0.05730769230769231,0.8500000000000001,0.0,Slowking
pokemon,Iron Leaves ex,488,1.0081967213114753,0,220.0,2.0,0.4590967888804702,3.211690573770492,0.8968514203337029,0.2306602394731849,0.22673980999055562,0.33587942752174516,0.0005471847892007602,0.040482792844190846,3.2508948685967844,0.9360557151599955,0.06256410256410257,3.224464829014697,0.003920429482629273,Basic Box
pokemon,Dudunsparce,1891,1.7006874669487044,0,140.0,1.0,0.6834056049197906,3.4835904019037547,2.040339108026451,0.0,0.02483780010017731,0.0013749674106514388,0.002422983075708287,0.03699991502790077,3.235212400901981,1.7919611070246768,0.24243589743589744,1.9022968439383228,-0.02483780010017731,Dragapult
pokemon,Patrat,451,1.0088691796008868,1,69.97782705099779,1.0,0.3795654511799339,3.466324943860162,0.1337174551298758,0.0,0.02846538209269957,0.0,0.020257024537839344,0.029532168609437796,3.1816711229331665,-0.15093636579712033,0.05782051282051282,3.1537003877865013,-0.02846538209269957,Dragapult Dusknoir
pokemon,Kadabra,600,3.8133333333333335,1,80.0,1.0,0.24009166666666668,3.4630199999999998,2.02829102239356,0.0,0.039217076372560826,0.0,0.009481982570194497,0.05678887735458123,3.0708492362743915,1.6361202586679513,0.07692307692307693,0.8052926318901377,-0.039217076372560826,Alakazam Dudunsparce
trainer,Boss's Orders,7101,2.639628221377271,1,,,,3.009815461055806,3.455655969265959,0.0,0.0,0.0,0.0,0.0,3.009815461055806,3.455655969265959,0.9103846153846153,1.1402421889115066,0.0,Dragapult
trainer,Prime Catcher,585,1.0,0,,,,2.992,1.3328817206708226,0.0,0.0,0.0,0.0,0.0,2.992,1.3328817206708226,0.075,2.992,0.0,Basic Box
trainer,Secret Box,1425,1.0,0,,,,2.958,8.554956580774077,0.0,0.0,0.0,0.0,0.0,2.958,8.554956580774077,0.18269230769230768,2.958,0.0,N's Zoroark
trainer,Super Potion,12,1.0,1,,,,2.9142857142857146,0.11242190952867541,0.0,0.0,0.0,0.0,0.0,2.9142857142857146,0.11242190952867541,0.0015384615384615385,2.9142857142857146,0.0,Kangaskhan Bouffalant
trainer,Ciphermaniac's Codebreaking,1231,1.9813160032493908,0,,,,2.8956140103935497,4.61739673557372,0.0,0.0,0.0,0.0,0.0,2.8956140103935497,4.61739673557372,0.15782051282051282,1.4614599617853463,0.0,Slowking
trainer,Surfer,242,1.012396694214876,0,,,,2.8149510723819757,0.5343689399101078,0.0,0.0,0.0,0.0,0.0,2.8149510723819757,0.5343689399101078,0.031025641025641027,2.7804822837405636,0.0,Slowking
pokemon,Psyduck,812,1.0049261083743843,1,70.0,1.0,0.19450660353663501,3.0665933729570867,0.11829735191915293,0.0,0.030050285474852573,0.0,0.025973374911298856,0.024056263978414864,2.7660905182085607,-0.18220550282937323,0.1041025641025641,2.75253125096244,-0.030050285474852573,Alakazam Dudunsparce
trainer,Energy Switch,889,2.901012373453318,1,,,,2.761763779527559,1.3502194051193113,0.0,0.0,0.0,0.0,0.0,2.761763779527559,1.3502194051193113,0.11397435897435898,0.9520000000000001,0.0,Basic Box
pokemon,Noctowl,97,1.8041237113402062,0,100.0,1.0,0.3324914089347079,3.179480412371134,5.070055064040716,0.0,0.0423301984579927,0.0,0.0042528972871169884,0.06620242317454449,2.756178427791207,4.6467530794607885,0.012435897435897436,1.5277103285471263,-0.0423301984579927,Ogerpon Meganium Hydrapple
trainer,Bianca's Devotion,158,1.0063291139240507,0,,,,2.732332464207293,0.10540285449282472,0.0,0.0,0.0,0.0,0.0,2.732332464207293,0.10540285449282472,0.020256410256410257,2.7151479833003287,0.0,Crustle
pokemon,Tyranitar,1,1.0,1,190.0,1.0,0.6,3.040502169744,0.8972882617079063,0.0,0.0329214600789341,0.0,0.0156021271963324,0.0391309864829442,2.7112875689546585,0.5680736609185645,0.0001282051282051282,2.7112875689546585,-0.0329214600789341,Hydreigon
pokemon,Dunsparce,1893,1.93026941362916,0,68.63180137348125,1.0,0.7017175267218047,3.8303185458379296,-0.5364640832978882,0.0,0.11771614145823814,0.0,0.07784904975430962,0.11826748748271819,2.6531571312555475,-1.7136254978802699,0.24269230769230768,1.3745009440248361,-0.11771614145823814,Dragapult
pokemon,Mega Froslass ex,132,1.6515151515151516,1,310.0,3.0,0.3821212121212121,0.0,0.0,1.8926922890837294,1.6298621946471874,2.133630832923777,0.5322514336579452,0.06227012726877927,2.628300944365418,2.628300944365418,0.016923076923076923,1.5914482782396109,0.26283009443654204,Starmie Froslass
pokemon,Rabsca,325,1.0707692307692307,0,70.0,1.0,0.406499748727466,4.151402244061355,0.16014509669083532,0.0,0.155517482087783,0.0,0.21791005751018014,0.040838803326468234,2.596227423183525,-1.395029724186995,0.041666666666666664,2.4246376796972577,-0.155517482087783,Festival Lead
trainer,Judge,3059,1.2677345537757436,1,,,,2.4519463789070386,4.327491245876215,0.0,0.0,0.0,0.0,0.0,2.4519463789070386,4.327491245876215,0.3921794871794872,1.934116547982628,0.0,Dragapult
energy,Enriching Energy,696,1.0,0,,,,2.4,1.4056801444243878,0.0,0.0,0.0,0.0,0.0,2.4,1.4056801444243878,0.08923076923076922,2.4,0.0,Alakazam Dudunsparce
trainer,Janine's Secret Art,269,1.174721189591078,0,,,,2.313819420975555,1.1312205284543047,0.0,0.0,0.0,0.0,0.0,2.313819420975555,1.1312205284543047,0.034487179487179484,1.9696753931722286,0.0,N's Zoroark
trainer,Lana's Aid,1057,1.0368968779564807,0,,,,2.301258784174496,1.3686346811838555,0.0,0.0,0.0,0.0,0.0,2.301258784174496,1.3686346811838555,0.13551282051282051,2.2193709259785055,0.0,Alakazam Dudunsparce
trainer,Energy Retrieval,118,1.347457627118644,1,,,,2.290677966101695,1.3623419188620696,0.0,0.0,0.0,0.0,0.0,2.290677966101695,1.3623419188620696,0.015128205128205128,1.7000000000000002,0.0,Mega Greninja
trainer,Team Rocket's Petrel,1704,2.8556338028169015,1,,,,2.091732697841576,3.3355135373840152,0.0,0.0,0.0,0.0,0.0,2.091732697841576,3.3355135373840152,0.21846153846153846,0.7324933245215877,0.0,Mega Excadrill
trainer,Switch,2001,1.2163918040979511,1,,,,1.985151424287856,-0.27803495356679486,0.0,0.0,0.0,0.0,0.0,1.985151424287856,-0.27803495356679486,0.25653846153846155,1.632,0.0,Slowking
pokemon,Fan Rotom,265,1.2943396226415094,0,70.0,1.0,0.6584107296690682,2.755279952830189,4.393617593410084,0.0,0.08211161475947612,0.0,0.06353353635690882,0.0732847819741915,1.9341638052354273,3.572501445815322,0.03397435897435897,1.494324805794135,-0.08211161475947612,Lopunny Dudunsparce
trainer,Pokégear 3.0,1160,2.331034482758621,1,,,,1.9021241379310345,3.0331604121313935,0.0,0.0,0.0,0.0,0.0,1.9021241379310345,3.0331604121313935,0.14871794871794872,0.816,0.0,Crustle
pokemon,Mega Gengar ex,5,1.4,1,350.0,3.0,0.42000000000000004,0.0,0.0,1.0299217434615275,0.8403028318460356,1.2615286907267917,0.021522504333739867,0.08239335545255284,1.8961891161549205,1.8961891161549205,0.000641025641025641,1.3544207972535147,0.18961891161549194,Gengar
trainer,Night Stretcher,6702,2.1096687555953446,0,,,,1.7932184422560429,1.0664862934528672,0.0,0.0,0.0,0.0,0.0,1.7932184422560429,1.0664862934528672,0.8592307692307692,0.85,0.0,Dragapult
trainer,Kieran,706,1.0694050991501416,0,,,,1.7688507002659422,-0.07336852047581269,0.0,0.0,0.0,0.0,0.0,1.7688507002659422,-0.07336852047581269,0.09051282051282052,1.6540511183943778,0.0,Mega Excadrill
trainer,Iron Defender,20,1.2,1,,,,1.7485714285714287,0.06745314571720525,0.0,0.0,0.0,0.0,0.0,1.7485714285714287,0.06745314571720525,0.002564102564102564,1.4571428571428573,0.0,Mega Excadrill
trainer,Miracle Headset,150,1.0,0,,,,1.7000000000000002,1.0110462039353725,0.0,0.0,0.0,0.0,0.0,1.7000000000000002,1.0110462039353725,0.019230769230769232,1.7000000000000002,0.0,Rocket's Honchkrow
pokemon,N's Zekrom,564,1.7092198581560283,1,130.0,1.0,0.12819148936170213,0.0,0.0,0.31965915163847336,0.15533222014211498,0.22787811389413973,0.003386373833226405,0.008758814427359691,1.6432693149635837,1.6432693149635837,0.07230769230769231,0.961414827426827,0.16432693149635838,N's Zoroark
trainer,Black Belt's Training,672,1.0833333333333333,0,,,,1.6393474151024048,0.17333406054131023,0.0,0.0,0.0,0.0,0.0,1.6393474151024048,0.17333406054131023,0.08615384615384615,1.5132437677868353,0.0,N's Zoroark
trainer,Prism Tower,509,1.8919449901768173,1,,,,1.6081532416502948,1.5893246225238669,0.0,0.0,0.0,0.0,0.0,1.6081532416502948,1.5893246225238669,0.06525641025641025,0.8500000000000001,0.0,Dhelmise
trainer,Pokémon Catcher,69,2.318840579710145,1,,,,1.5768115942028986,1.810382885070172,0.0,0.0,0.0,0.0,0.0,1.5768115942028986,1.810382885070172,0.008846153846153846,0.68,0.0,Festival Lead
pokemon,Genesect ex,431,1.9976798143851509,1,220.0,2.0,0.6366619407884323,7.470542673635895,11.912657982174332,0.0,0.5985611320308719,0.012239082938989123,0.8669782159636106,0.11591215176248462,1.4849313533271749,5.927046661865614,0.05525641025641025,0.7433280061370643,-0.5985611320308719,Mega Excadrill
trainer,Mega Signal,89,1.449438202247191,1,,,,1.478426966292135,2.3575254931901846,0.0,0.0,0.0,0.0,0.0,1.478426966292135,2.3575254931901846,0.011410256410256411,1.02,0.0,Lucario Hariyama
pokemon,Jellicent ex,18,1.2222222222222223,1,270.0,2.0,0.22388888888888892,3.806832912432,1.1234415553454964,0.0,0.23688736495361484,0.2578914780485915,0.09500175435067257,0.04337219516704701,1.437959262895852,-1.2454320941906518,0.002307692307692308,1.1765121241875152,-0.23688736495361484,Alakazam Dusknoir
trainer,Rosa's Encouragement,1783,1.0016825574873809,1,,,,1.4304890488087347,0.6993625185578424,0.0,0.0,0.0,0.0,0.0,1.4304890488087347,0.6993625185578424,0.2285897435897436,1.4280862116606796,0.0,Dragapult
trainer,Pokémon Center Lady,270,1.025925925925926,1,,,,1.424240160491074,0.05494169555337424,0.0,0.0,0.0,0.0,0.0,1.424240160491074,0.05494169555337424,0.03461538461538462,1.3882485318866065,0.0,Crustle
trainer,Poké Ball,3,2.6666666666666665,1,,,,1.36,2.168679781849369,0.0,0.0,0.0,0.0,0.0,1.36,2.168679781849369,0.0003846153846153846,0.5100000000000001,0.0,Ogerpon Meganium Hydrapple
trainer,Sacred Ash,956,1.0167364016736402,1,,,,1.296338912133891,0.7709756094862827,0.0,0.0,0.0,0.0,0.0,1.296338912133891,0.7709756094862827,0.12256410256410256,1.275,0.0,Alakazam Dudunsparce
trainer,Lucky Helmet,465,1.2516129032258065,0,,,,1.2766451612903225,0.7477311477921987,0.0,0.0,0.0,0.0,0.0,1.2766451612903225,0.7477311477921987,0.05961538461538462,1.0199999999999998,0.0,Slowking
pokemon,Bloodmoon Ursaluna ex,253,1.0,0,260.0,2.0,0.1034584980237154,0.0,0.0,0.5413370309391328,0.4147214473356229,0.7194923136786512,0.0002226946256249784,0.012092195779642668,1.2661558360350984,1.2661558360350984,0.032435897435897434,1.2661558360350984,0.12661558360350988,Dhelmise
trainer,Special Red Card,4376,1.0427330895795246,1,,,,1.2408523765996342,0.7620216383502103,0.0,0.0,0.0,0.0,0.0,1.2408523765996342,0.7620216383502103,0.561025641025641,1.19,0.0,Dragapult
trainer,Team Rocket's Watchtower,1622,1.5690505548705302,1,,,,1.1203020961775585,0.6879903321906967,0.0,0.0,0.0,0.0,0.0,1.1203020961775585,0.6879903321906967,0.20794871794871794,0.714,0.0,N's Zoroark
pokemon,Tatsugiri,517,1.1740812379110253,0,70.0,1.0,0.4006470797461404,1.855031289164282,2.95806533199158,0.0,0.07724745927967618,0.0,0.048809477279619685,0.07977427862115995,1.0825566963675197,2.1855907391948177,0.06628205128205128,0.9220458188171461,-0.07724745927967618,N's Zoroark
pokemon,Moltres,1117,1.0152193375111906,1,120.0,1.0,0.4449335367705664,0.0,0.0,0.2897178607540597,0.1838257903798491,0.2770139387809282,0.0033245706813851547,0.021095737474610906,1.0589207037421056,1.0589207037421056,0.1432051282051282,1.043046231111051,0.10589207037421058,Dragapult
trainer,Xerosic's Machinations,997,1.1945837512537614,0,,,,0.9731593362714105,0.59762828019357,0.0,0.0,0.0,0.0,0.0,0.9731593362714105,0.59762828019357,0.12782051282051282,0.8146430380038591,0.0,Crustle
pokemon,Arboliva ex,37,1.945945945945946,1,310.0,2.0,0.5837837837837837,0.0,0.0,0.9990432802192402,0.9024397621055056,1.3435121119270144,0.0012210518384392231,0.051590122844529816,0.966035181137345,0.966035181137345,0.004743589743589744,0.49643474586224673,0.09660351811373458,Ogerpon Meganium Arboliva
trainer,Lumiose City,318,1.179245283018868,1,,,,0.9622641509433962,1.5344432418745535,0.0,0.0,0.0,0.0,0.0,0.9622641509433962,1.5344432418745535,0.040769230769230766,0.816,0.0,Crustle
trainer,Crushing Hammer,1546,3.8272962483829236,1,,,,0.9108965071151357,0.5593919645957378,0.0,0.0,0.0,0.0,0.0,0.9108965071151357,0.5593919645957378,0.1982051282051282,0.23799999999999996,0.0,Dragapult
trainer,Ultra Ball,6615,3.0583522297808012,1,,,,0.8318718065003777,9.151980381534443,0.0,0.0,0.0,0.0,0.0,0.8318718065003777,9.151980381534443,0.8480769230769231,0.2719999999999999,0.0,Dragapult
trainer,Energy Recycler,452,1.168141592920354,1,,,,0.7943362831858407,0.4724180492724571,0.0,0.0,0.0,0.0,0.0,0.7943362831858407,0.4724180492724571,0.05794871794871795,0.6799999999999999,0.0,Mega Excadrill
trainer,Enhanced Hammer,458,1.6615720524017468,0,,,,0.7909082969432314,0.485705832206272,0.0,0.0,0.0,0.0,0.0,0.7909082969432314,0.485705832206272,0.05871794871794872,0.476,0.0,Alakazam Dudunsparce
pokemon,Wellspring Mask Ogerpon ex,596,1.1023489932885906,0,210.0,2.0,0.30548657718120803,0.0,0.0,0.2889835672425564,0.21320266106132488,0.32047810395747195,0.006149994806079349,0.02697835471439481,0.7578090618123157,0.7578090618123157,0.07641025641025641,0.6874493163472453,0.07578090618123154,Basic Box
pokemon,Flutter Mane,130,1.0,0,90.0,1.0,0.16038461538461538,0.8557230216785753,0.5255092960698712,0.0,0.012962170795098496,0.0,0.004572232422463502,0.01977514452164146,0.7261013137275899,0.3958875881188857,0.016666666666666666,0.7261013137275899,-0.012962170795098496,Dhelmise
pokemon,Dusknoir,824,1.604368932038835,0,160.0,1.0,0.7084344660194175,8.806018117198336,0.9310917645598528,0.0,0.818119465104728,0.0,0.007734092828004122,0.03526686121214414,0.6248234661510561,-7.250102886487428,0.10564102564102563,0.38945123760096084,-0.818119465104728,Dragapult Dusknoir
trainer,Briar,244,1.0,0,,,,0.623307873820169,0.7156377534526869,0.0,0.0,0.0,0.0,0.0,0.623307873820169,0.7156377534526869,0.03128205128205128,0.623307873820169,0.0,Ogerpon Meganium Hydrapple
trainer,Eri,706,1.5920679886685551,0,,,,0.5724239100469016,0.3515320710108248,0.0,0.0,0.0,0.0,0.0,0.5724239100469016,0.3515320710108248,0.09051282051282052,0.3595474025739436,0.0,Alakazam Dudunsparce
trainer,Jamming Tower,914,1.12691466083151,0,,,,0.5364113785557987,0.32941636348146475,0.0,0.0,0.0,0.0,0.0,0.5364113785557987,0.32941636348146475,0.11717948717948717,0.476,0.0,Dragapult Dusknoir
pokemon,N's Reshiram,468,1.0106837606837606,1,130.0,1.0,0.07580128205128206,0.0,0.0,0.14536663064941308,0.09298105978056773,0.13775322659868433,0.002228707337481164,0.005499658565540907,0.5238557086884534,0.5238557086884534,0.06,0.5183181219158483,0.05238557086884535,N's Zoroark
trainer,Ruffian,164,1.0060975609756098,1,,,,0.5126669553769401,0.31483464159927144,0.0,0.0,0.0,0.0,0.0,0.5126669553769401,0.31483464159927144,0.021025641025641025,0.5095598829201101,0.0,N's Zoroark
trainer,Nighttime Mine,263,2.11787072243346,1,,,,0.5040532319391635,0.3095448555053467,0.0,0.0,0.0,0.0,0.0,0.5040532319391635,0.3095448555053467,0.03371794871794872,0.23800000000000002,0.0,Alakazam Dudunsparce
trainer,Tool Scrapper,556,1.0017985611510791,1,,,,0.4768561151079137,0.292842794956497,0.0,0.0,0.0,0.0,0.0,0.4768561151079137,0.292842794956497,0.07128205128205128,0.47600000000000003,0.0,Festival Lead
pokemon,Dudunsparce ex,492,1.0040650406504066,1,270.0,2.0,0.16905487804878047,0.0,0.0,0.38109505018652057,0.33940393253755585,0.5367922651272429,0.0002480977660761929,0.018449161993821572,0.41691117648964693,0.41691117648964693,0.06307692307692307,0.4152232769896888,0.041691117648964715,Dragapult
trainer,Handheld Fan,561,1.3975044563279857,0,,,,0.3991272727272727,0.24510862372472256,0.0,0.0,0.0,0.0,0.0,0.3991272727272727,0.24510862372472256,0.07192307692307692,0.2856,0.0,Alakazam Dudunsparce
pokemon,Genesect,517,1.1663442940038684,0,110.25145067698259,1.0,0.43507394091554275,0.6896348500819787,0.4235126500405866,0.0,0.029992444534281678,0.0,0.011534061545584447,0.03836676574519999,0.38971040473916135,0.12358820469776924,0.06628205128205128,0.33412981633523453,-0.029992444534281678,Alakazam Dudunsparce
pokemon,Chien-Pao,599,1.0,0,120.0,1.0,0.464149428288296,0.5571172036727879,0.34213204753590404,0.0,0.01692847264238389,0.0,0.0005033334159811916,0.027664915044924583,0.38783247724894854,0.17284732111206466,0.0767948717948718,0.38783247724894854,-0.01692847264238389,Basic Box
trainer,Rust Syndicate Grunt,47,1.297872340425532,1,,,,0.0,0.0,0.0,0.0,0.0,0.0,0.0,0.0,0.0,0.006025641025641026,0.0,0.0,Alakazam Dudunsparce
trainer,Sacred Charm,12,1.25,1,,,,0.0,0.0,0.0,0.0,0.0,0.0,0.0,0.0,0.0,0.0015384615384615385,0.0,0.0,Crustle
trainer,Thick Scale,1,1.0,1,,,,0.0,0.0,0.0,0.0,0.0,0.0,0.0,0.0,0.0,0.0001282051282051282,0.0,0.0,Alolan Exeggutor ex
trainer,Tera Orb,62,1.6774193548387097,0,,,,0.0,0.0,0.0,0.0,0.0,0.0,0.0,0.0,0.0,0.007948717948717949,0.0,0.0,Basic Box
trainer,Technical Machine: Fluorite,2,1.5,0,,,,0.0,0.0,0.0,0.0,0.0,0.0,0.0,0.0,0.0,0.0002564102564102564,0.0,0.0,Other
trainer,Team Rocket's Venture Bomb,1,4.0,1,,,,0.0,0.0,0.0,0.0,0.0,0.0,0.0,0.0,0.0,0.0001282051282051282,0.0,0.0,Ursaluna Lunatone
trainer,Poké Vital A,1,1.0,0,,,,0.0,0.0,0.0,0.0,0.0,0.0,0.0,0.0,0.0,0.0001282051282051282,0.0,0.0,Mega Excadrill
energy,Fighting Energy,1005,4.79502487562189,1,,,,0.0,0.0,0.0,0.0,0.0,0.0,0.0,0.0,0.0,0.12884615384615383,0.0,0.0,Basic Box
trainer,Punk Helmet,69,1.5507246376811594,1,,,,0.0,0.0,0.0,0.0,0.0,0.0,0.0,0.0,0.0,0.008846153846153846,0.0,0.0,N's Zoroark
trainer,Philippe,35,1.1714285714285715,1,,,,0.0,0.0,0.0,0.0,0.0,0.0,0.0,0.0,0.0,0.004487179487179487,0.0,0.0,Mega Excadrill
trainer,Roto-Stick,148,3.614864864864865,0,,,,0.0,0.0,0.0,0.0,0.0,0.0,0.0,0.0,0.0,0.018974358974358976,0.0,0.0,Rocket's Honchkrow
trainer,Rescue Board,2,1.0,0,,,,0.0,0.0,0.0,0.0,0.0,0.0,0.0,0.0,0.0,0.0002564102564102564,0.0,0.0,Blaziken
trainer,Powerglass,84,1.25,0,,,,0.0,0.0,0.0,0.0,0.0,0.0,0.0,0.0,0.0,0.010769230769230769,0.0,0.0,Slowking
trainer,Potion,1,1.0,1,,,,0.0,0.0,0.0,0.0,0.0,0.0,0.0,0.0,0.0,0.0001282051282051282,0.0,0.0,Slowking
trainer,Repel,5,1.0,1,,,,0.0,0.0,0.0,0.0,0.0,0.0,0.0,0.0,0.0,0.000641025641025641,0.0,0.0,Alakazam Dudunsparce
trainer,Sparkling Crystal,42,1.0,0,,,,0.0,0.0,0.0,0.0,0.0,0.0,0.0,0.0,0.0,0.005384615384615384,0.0,0.0,Dragapult Dusknoir
trainer,Reboot Pod,1,1.0,0,,,,0.0,0.0,0.0,0.0,0.0,0.0,0.0,0.0,0.0,0.0001282051282051282,0.0,0.0,Other
trainer,Redeemable Ticket,71,1.028169014084507,1,,,,0.0,0.0,0.0,0.0,0.0,0.0,0.0,0.0,0.0,0.009102564102564102,0.0,0.0,Ethan's Typhlosion
energy,Darkness Energy,3099,3.81703775411423,1,,,,0.0,0.0,0.0,0.0,0.0,0.0,0.0,0.0,0.0,0.3973076923076923,0.0,0.0,Dragapult
energy,Bubbly Water Energy,70,1.7428571428571429,1,,,,0.0,0.0,0.0,0.0,0.0,0.0,0.0,0.0,0.0,0.008974358974358974,0.0,0.0,Starmie Dusknoir
energy,Boomerang Energy,390,1.9256410256410257,0,,,,0.0,0.0,0.0,0.0,0.0,0.0,0.0,0.0,0.0,0.05,0.0,0.0,Slowking
trainer,Scramble Switch,7,1.0,0,,,,0.0,0.0,0.0,0.0,0.0,0.0,0.0,0.0,0.0,0.0008974358974358974,0.0,0.0,Basic Box
trainer,Scoop Up Cyclone,39,1.0,0,,,,0.0,0.0,0.0,0.0,0.0,0.0,0.0,0.0,0.0,0.005,0.0,0.0,Ogerpon Meganium Hydrapple
trainer,Salvatore,112,1.2321428571428572,0,,,,0.0,0.0,0.0,0.0,0.0,0.0,0.0,0.0,0.0,0.014358974358974359,0.0,0.0,Lopunny Dusknoir
trainer,Antique Plume Fossil,2,3.5,1,,,,0.0,0.0,0.0,0.0,0.0,0.0,0.0,0.0,0.0,0.0002564102564102564,0.0,0.0,Mega Greninja
trainer,Boxed Order,3,1.0,0,,,,0.0,0.0,0.0,0.0,0.0,0.0,0.0,0.0,0.0,0.0003846153846153846,0.0,0.0,Ogerpon Meganium
trainer,Blowtorch,14,1.1428571428571428,1,,,,0.0,0.0,0.0,0.0,0.0,0.0,0.0,0.0,0.0,0.0017948717948717949,0.0,0.0,Ceruledge
energy,Voltaic Lightning Energy,32,2.8125,1,,,,0.0,0.0,0.0,0.0,0.0,0.0,0.0,0.0,0.0,0.0041025641025641026,0.0,0.0,Manectric Eelektrik
energy,Team Rocket's Energy,243,3.983539094650206,1,,,,0.0,0.0,0.0,0.0,0.0,0.0,0.0,0.0,0.0,0.031153846153846153,0.0,0.0,Rocket's Honchkrow
trainer,Team Rocket's Hypnotizer,1,1.0,1,,,,0.0,0.0,0.0,0.0,0.0,0.0,0.0,0.0,0.0,0.0001282051282051282,0.0,0.0,Other
trainer,Spikemuth Gym,102,3.5392156862745097,1,,,,0.0,0.0,0.0,0.0,0.0,0.0,0.0,0.0,0.0,0.013076923076923076,0.0,0.0,Grimmsnarl Froslass
trainer,Strange Timepiece,99,2.505050505050505,1,,,,0.0,0.0,0.0,0.0,0.0,0.0,0.0,0.0,0.0,0.012692307692307692,0.0,0.0,Alakazam Dusknoir
trainer,Surfing Beach,92,1.858695652173913,1,,,,0.0,0.0,0.0,0.0,0.0,0.0,0.0,0.0,0.0,0.011794871794871795,0.0,0.0,Mega Greninja
trainer,Transformation Tome,155,3.8516129032258064,1,,,,0.0,0.0,0.0,0.0,0.0,0.0,0.0,0.0,0.0,0.01987179487179487,0.0,0.0,N's Zoroark
trainer,Dusk Ball,48,2.9166666666666665,0,,,,0.0,0.0,0.0,0.0,0.0,0.0,0.0,0.0,0.0,0.006153846153846154,0.0,0.0,Mew Box
trainer,Antique Jaw Fossil,2,4.0,1,,,,0.0,0.0,0.0,0.0,0.0,0.0,0.0,0.0,0.0,0.0002564102564102564,0.0,0.0,Other
trainer,Antique Cover Fossil,2,4.0,0,,,,0.0,0.0,0.0,0.0,0.0,0.0,0.0,0.0,0.0,0.0002564102564102564,0.0,0.0,Other
trainer,Antique Armor Fossil,12,2.5833333333333335,1,,,,0.0,0.0,0.0,0.0,0.0,0.0,0.0,0.0,0.0,0.0015384615384615385,0.0,0.0,Other
trainer,Amulet of Hope,3,1.0,0,,,,0.0,0.0,0.0,0.0,0.0,0.0,0.0,0.0,0.0,0.0003846153846153846,0.0,0.0,Other
trainer,Adversity Policy,1,1.0,1,,,,0.0,0.0,0.0,0.0,0.0,0.0,0.0,0.0,0.0,0.0001282051282051282,0.0,0.0,Alakazam Dudunsparce
trainer,Energy Search,118,1.194915254237288,1,,,,0.0,0.0,0.0,0.0,0.0,0.0,0.0,0.0,0.0,0.015128205128205128,0.0,0.0,Rocket's Mewtwo
trainer,Emma,2,1.5,1,,,,0.0,0.0,0.0,0.0,0.0,0.0,0.0,0.0,0.0,0.0002564102564102564,0.0,0.0,Alakazam Dudunsparce
trainer,Deduction Kit,2,1.5,0,,,,0.0,0.0,0.0,0.0,0.0,0.0,0.0,0.0,0.0,0.0002564102564102564,0.0,0.0,Crustle
trainer,Deluxe Bomb,4,1.0,0,,,,0.0,0.0,0.0,0.0,0.0,0.0,0.0,0.0,0.0,0.0005128205128205128,0.0,0.0,Bronzong
trainer,Drayton,4,2.5,0,,,,0.0,0.0,0.0,0.0,0.0,0.0,0.0,0.0,0.0,0.0005128205128205128,0.0,0.0,Flareon
trainer,Clemont's Quick Wit,3,1.0,0,,,,0.0,0.0,0.0,0.0,0.0,0.0,0.0,0.0,0.0,0.0003846153846153846,0.0,0.0,Manectric Eelektrik
trainer,Energy Swatter,5,2.2,1,,,,0.0,0.0,0.0,0.0,0.0,0.0,0.0,0.0,0.0,0.000641025641025641,0.0,0.0,Alakazam Dudunsparce
trainer,Cynthia's Power Weight,106,3.2641509433962264,1,,,,0.0,0.0,0.0,0.0,0.0,0.0,0.0,0.0,0.0,0.01358974358974359,0.0,0.0,Cynthia's Garchomp
trainer,Dangerous Laser,3,1.0,0,,,,0.0,0.0,0.0,0.0,0.0,0.0,0.0,0.0,0.0,0.0003846153846153846,0.0,0.0,Mega Darkrai
trainer,Dark Bell,63,1.5714285714285714,1,,,,0.0,0.0,0.0,0.0,0.0,0.0,0.0,0.0,0.0,0.008076923076923077,0.0,0.0,Grimmsnarl Froslass
trainer,Core Memory,8,1.5,1,,,,0.0,0.0,0.0,0.0,0.0,0.0,0.0,0.0,0.0,0.0010256410256410256,0.0,0.0,Lucario Hariyama
trainer,Cook,1,2.0,0,,,,0.0,0.0,0.0,0.0,0.0,0.0,0.0,0.0,0.0,0.0001282051282051282,0.0,0.0,Crustle
trainer,Community Center,30,1.0,0,,,,0.0,0.0,0.0,0.0,0.0,0.0,0.0,0.0,0.0,0.0038461538461538464,0.0,0.0,Crustle
trainer,Antique Root Fossil,2,3.0,0,,,,0.0,0.0,0.0,0.0,0.0,0.0,0.0,0.0,0.0,0.0002564102564102564,0.0,0.0,Other
trainer,Antique Sail Fossil,3,2.0,1,,,,0.0,0.0,0.0,0.0,0.0,0.0,0.0,0.0,0.0,0.0003846153846153846,0.0,0.0,Other
trainer,Area Zero Underdepths,739,2.8768606224627877,0,,,,0.0,0.0,0.0,0.0,0.0,0.0,0.0,0.0,0.0,0.09474358974358975,0.0,0.0,Basic Box
trainer,Babiri Berry,2,1.0,0,,,,0.0,0.0,0.0,0.0,0.0,0.0,0.0,0.0,0.0,0.0002564102564102564,0.0,0.0,Rocket's Spidops
trainer,Backtrack Badge,17,1.588235294117647,1,,,,0.0,0.0,0.0,0.0,0.0,0.0,0.0,0.0,0.0,0.0021794871794871794,0.0,0.0,Kangaskhan Bouffalant
trainer,Accompanying Flute,6,1.6666666666666667,0,,,,0.0,0.0,0.0,0.0,0.0,0.0,0.0,0.0,0.0,0.0007692307692307692,0.0,0.0,Lucario Hariyama
trainer,Acerola's Mischief,13,1.0,1,,,,0.0,0.0,0.0,0.0,0.0,0.0,0.0,0.0,0.0,0.0016666666666666668,0.0,0.0,N's Zoroark
energy,Water Energy,822,2.4902676399026764,1,,,,0.0,0.0,0.0,0.0,0.0,0.0,0.0,0.0,0.0,0.10538461538461538,0.0,0.0,Basic Box
trainer,Call Bell,1,3.0,0,,,,0.0,0.0,0.0,0.0,0.0,0.0,0.0,0.0,0.0,0.0001282051282051282,0.0,0.0,Dhelmise
trainer,Canari,22,2.590909090909091,1,,,,0.0,0.0,0.0,0.0,0.0,0.0,0.0,0.0,0.0,0.0028205128205128207,0.0,0.0,Manectric Eelektrik
trainer,Carmine,65,2.5076923076923077,0,,,,0.0,0.0,0.0,0.0,0.0,0.0,0.0,0.0,0.0,0.008333333333333333,0.0,0.0,Ceruledge
trainer,Billy & O'Nare,1,1.0,0,,,,0.0,0.0,0.0,0.0,0.0,0.0,0.0,0.0,0.0,0.0001282051282051282,0.0,0.0,Alakazam Dudunsparce
trainer,Survival Brace,6,1.0,0,,,,0.0,0.0,0.0,0.0,0.0,0.0,0.0,0.0,0.0,0.0007692307692307692,0.0,0.0,N's Zoroark
trainer,Heavy Baton,8,1.375,0,,,,0.0,0.0,0.0,0.0,0.0,0.0,0.0,0.0,0.0,0.0010256410256410256,0.0,0.0,Mega Excadrill
trainer,Hassel,60,1.7,0,,,,0.0,0.0,0.0,0.0,0.0,0.0,0.0,0.0,0.0,0.007692307692307693,0.0,0.0,Hop's Trevenant
trainer,Harlequin,14,1.3571428571428572,1,,,,0.0,0.0,0.0,0.0,0.0,0.0,0.0,0.0,0.0,0.0017948717948717949,0.0,0.0,N's Zoroark
trainer,Hand Trimmer,62,1.0161290322580645,0,,,,0.0,0.0,0.0,0.0,0.0,0.0,0.0,0.0,0.0,0.007948717948717949,0.0,0.0,Seaking Festival Lead
trainer,Grimsley's Move,5,2.0,1,,,,0.0,0.0,0.0,0.0,0.0,0.0,0.0,0.0,0.0,0.000641025641025641,0.0,0.0,Gengar
trainer,Haban Berry,7,1.1428571428571428,0,,,,0.0,0.0,0.0,0.0,0.0,0.0,0.0,0.0,0.0,0.0008974358974358974,0.0,0.0,Alakazam Dudunsparce
trainer,Jacinthe,9,1.8888888888888888,1,,,,0.0,0.0,0.0,0.0,0.0,0.0,0.0,0.0,0.0,0.001153846153846154,0.0,0.0,Diancie Dusknoir
trainer,Iris's Fighting Spirit,8,1.25,1,,,,0.0,0.0,0.0,0.0,0.0,0.0,0.0,0.0,0.0,0.0010256410256410256,0.0,0.0,Mega Lucario
trainer,Counter Gain,18,1.2222222222222223,0,,,,0.0,0.0,0.0,0.0,0.0,0.0,0.0,0.0,0.0,0.002307692307692308,0.0,0.0,Other
trainer,Hyper Aroma,3,1.0,0,,,,0.0,0.0,0.0,0.0,0.0,0.0,0.0,0.0,0.0,0.0003846153846153846,0.0,0.0,Starmie Dusknoir
trainer,Hop's Choice Band,45,3.977777777777778,1,,,,0.0,0.0,0.0,0.0,0.0,0.0,0.0,0.0,0.0,0.0057692307692307696,0.0,0.0,Hop's Trevenant
trainer,Brilliant Blender,86,1.0,0,,,,0.0,0.0,0.0,0.0,0.0,0.0,0.0,0.0,0.0,0.011025641025641025,0.0,0.0,Dhelmise
trainer,Colress's Tenacity,119,1.546218487394958,0,,,,0.0,0.0,0.0,0.0,0.0,0.0,0.0,0.0,0.0,0.015256410256410256,0.0,0.0,Greninja
trainer,Fennel,4,1.0,1,,,,0.0,0.0,0.0,0.0,0.0,0.0,0.0,0.0,0.0,0.0005128205128205128,0.0,0.0,Cynthia's Garchomp
trainer,Festival Grounds,471,2.8025477707006368,0,,,,0.0,0.0,0.0,0.0,0.0,0.0,0.0,0.0,0.0,0.060384615384615384,0.0,0.0,Festival Lead
trainer,Explorer's Guidance,138,2.782608695652174,0,,,,0.0,0.0,0.0,0.0,0.0,0.0,0.0,0.0,0.0,0.01769230769230769,0.0,0.0,Dhelmise
trainer,Levincia,10,2.0,1,,,,0.0,0.0,0.0,0.0,0.0,0.0,0.0,0.0,0.0,0.001282051282051282,0.0,0.0,Iono's Bellibolt
trainer,Larry's Skill,35,1.9428571428571428,0,,,,0.0,0.0,0.0,0.0,0.0,0.0,0.0,0.0,0.0,0.004487179487179487,0.0,0.0,Dhelmise
trainer,Megaton Blower,4,1.0,0,,,,0.0,0.0,0.0,0.0,0.0,0.0,0.0,0.0,0.0,0.0005128205128205128,0.0,0.0,Alakazam Dudunsparce
trainer,Max Rod,69,1.0,0,,,,0.0,0.0,0.0,0.0,0.0,0.0,0.0,0.0,0.0,0.008846153846153846,0.0,0.0,Mega Venusaur
trainer,Lumiose Galette,4,1.0,1,,,,0.0,0.0,0.0,0.0,0.0,0.0,0.0,0.0,0.0,0.0005128205128205128,0.0,0.0,Crustle
trainer,Lisia's Appeal,20,1.1,0,,,,0.0,0.0,0.0,0.0,0.0,0.0,0.0,0.0,0.0,0.002564102564102564,0.0,0.0,Crustle
trainer,Lively Stadium,18,1.5555555555555556,0,,,,0.0,0.0,0.0,0.0,0.0,0.0,0.0,0.0,0.0,0.002307692307692308,0.0,0.0,Kangaskhan Bouffalant
trainer,Light Ball,10,1.2,1,,,,0.0,0.0,0.0,0.0,0.0,0.0,0.0,0.0,0.0,0.001282051282051282,0.0,0.0,Joltik Box
trainer,Love Ball,1,2.0,0,,,,0.0,0.0,0.0,0.0,0.0,0.0,0.0,0.0,0.0,0.0001282051282051282,0.0,0.0,Other
trainer,Lillie's Pearl,138,1.2391304347826086,1,,,,0.0,0.0,0.0,0.0,0.0,0.0,0.0,0.0,0.0,0.01769230769230769,0.0,0.0,Alakazam Dudunsparce
trainer,Lacey,6,1.5,0,,,,0.0,0.0,0.0,0.0,0.0,0.0,0.0,0.0,0.0,0.0007692307692307692,0.0,0.0,Lucario Hariyama
trainer,Fossil Quarry,17,2.588235294117647,1,,,,0.0,0.0,0.0,0.0,0.0,0.0,0.0,0.0,0.0,0.0021794871794871794,0.0,0.0,Other
trainer,Gravity Gemstone,17,1.2352941176470589,0,,,,0.0,0.0,0.0,0.0,0.0,0.0,0.0,0.0,0.0,0.0021794871794871794,0.0,0.0,Crustle
trainer,Great Haul Net,26,1.2307692307692308,1,,,,0.0,0.0,0.0,0.0,0.0,0.0,0.0,0.0,0.0,0.0033333333333333335,0.0,0.0,Mega Greninja
trainer,Grand Tree,44,1.0,0,,,,0.0,0.0,0.0,0.0,0.0,0.0,0.0,0.0,0.0,0.0056410256410256415,0.0,0.0,Greninja
trainer,Full Metal Lab,21,1.4761904761904763,0,,,,0.0,0.0,0.0,0.0,0.0,0.0,0.0,0.0,0.0,0.002692307692307692,0.0,0.0,Mega Excadrill
trainer,Paradise Resort,1,1.0,1,,,,0.0,0.0,0.0,0.0,0.0,0.0,0.0,0.0,0.0,0.0001282051282051282,0.0,0.0,Crustle
trainer,Ogre's Mask,1,1.0,0,,,,0.0,0.0,0.0,0.0,0.0,0.0,0.0,0.0,0.0,0.0001282051282051282,0.0,0.0,Raging Bolt Ogerpon
trainer,Neutralization Zone,10,1.0,0,,,,0.0,0.0,0.0,0.0,0.0,0.0,0.0,0.0,0.0,0.001282051282051282,0.0,0.0,Other
trainer,Postwick,46,3.8260869565217392,1,,,,0.0,0.0,0.0,0.0,0.0,0.0,0.0,0.0,0.0,0.005897435897435898,0.0,0.0,Hop's Trevenant
trainer,Kofu,7,2.0,0,,,,0.0,0.0,0.0,0.0,0.0,0.0,0.0,0.0,0.0,0.0008974358974358974,0.0,0.0,Yanmega
trainer,Payapa Berry,6,1.0,0,,,,0.0,0.0,0.0,0.0,0.0,0.0,0.0,0.0,0.0,0.0007692307692307692,0.0,0.0,Crustle
trainer,Perrin,3,1.3333333333333333,0,,,,0.0,0.0,0.0,0.0,0.0,0.0,0.0,0.0,0.0,0.0003846153846153846,0.0,0.0,Doublade
trainer,Perilous Jungle,2,1.5,0,,,,0.0,0.0,0.0,0.0,0.0,0.0,0.0,0.0,0.0,0.0002564102564102564,0.0,0.0,Mega Starmie
trainer,Lucian,17,1.3529411764705883,0,,,,0.0,0.0,0.0,0.0,0.0,0.0,0.0,0.0,0.0,0.0021794871794871794,0.0,0.0,Lopunny Dudunsparce
trainer,Naveen,17,1.8823529411764706,1,,,,0.0,0.0,0.0,0.0,0.0,0.0,0.0,0.0,0.0,0.0021794871794871794,0.0,0.0,Dhelmise
trainer,N's Plan,64,1.234375,1,,,,0.0,0.0,0.0,0.0,0.0,0.0,0.0,0.0,0.0,0.008205128205128205,0.0,0.0,Basic Box
trainer,Mystery Garden,19,2.9473684210526314,1,,,,0.0,0.0,0.0,0.0,0.0,0.0,0.0,0.0,0.0,0.002435897435897436,0.0,0.0,Diancie Dusknoir
trainer,Morty's Conviction,35,1.2857142857142858,0,,,,0.0,0.0,0.0,0.0,0.0,0.0,0.0,0.0,0.0,0.004487179487179487,0.0,0.0,Toxtricity Box
trainer,Treasure Tracker,1,1.0,0,,,,0.0,0.0,0.0,0.0,0.0,0.0,0.0,0.0,0.0,0.0001282051282051282,0.0,0.0,Other
trainer,Tremendous Bomb,1,1.0,1,,,,0.0,0.0,0.0,0.0,0.0,0.0,0.0,0.0,0.0,0.0001282051282051282,0.0,0.0,Grimmsnarl Froslass
trainer,Waitress,2,1.0,1,,,,0.0,0.0,0.0,0.0,0.0,0.0,0.0,0.0,0.0,0.0002564102564102564,0.0,0.0,Mega Lucario
energy,Mist Energy,658,3.556231003039514,0,,,,0.0,0.0,0.0,0.0,0.0,0.0,0.0,0.0,0.0,0.08435897435897435,0.0,0.0,Crustle
energy,Neo Upper Energy,181,1.0,0,,,,0.0,0.0,0.0,0.0,0.0,0.0,0.0,0.0,0.0,0.023205128205128205,0.0,0.0,Cynthia's Garchomp
energy,Nitro Fire Energy,1,1.0,1,,,,0.0,0.0,0.0,0.0,0.0,0.0,0.0,0.0,0.0,0.0001282051282051282,0.0,0.0,Mega Charizard X
energy,Prism Energy,172,2.691860465116279,1,,,,0.0,0.0,0.0,0.0,0.0,0.0,0.0,0.0,0.0,0.02205128205128205,0.0,0.0,Lopunny Dudunsparce
energy,Psychic Energy,4435,2.828410372040586,1,,,,0.0,0.0,0.0,0.0,0.0,0.0,0.0,0.0,0.0,0.5685897435897436,0.0,0.0,Dragapult
energy,Rocky Fighting Energy,328,2.7469512195121952,1,,,,0.0,0.0,0.0,0.0,0.0,0.0,0.0,0.0,0.0,0.04205128205128205,0.0,0.0,Lucario Hariyama
energy,Shadowy Darkness Energy,11,1.7272727272727273,1,,,,0.0,0.0,0.0,0.0,0.0,0.0,0.0,0.0,0.0,0.0014102564102564104,0.0,0.0,Sharpedo Toxtricity
energy,Spiky Energy,297,3.8585858585858586,1,,,,0.0,0.0,0.0,0.0,0.0,0.0,0.0,0.0,0.0,0.03807692307692308,0.0,0.0,Crustle
energy,Fire Energy,2605,3.1174664107485603,1,,,,0.0,0.0,0.0,0.0,0.0,0.0,0.0,0.0,0.0,0.33397435897435895,0.0,0.0,Dragapult
energy,Grass Energy,1589,6.113278791692888,1,,,,0.0,0.0,0.0,0.0,0.0,0.0,0.0,0.0,0.0,0.2037179487179487,0.0,0.0,Basic Box
energy,Growing Grass Energy,509,3.072691552062868,1,,,,0.0,0.0,0.0,0.0,0.0,0.0,0.0,0.0,0.0,0.06525641025641025,0.0,0.0,Crustle
energy,Ignition Energy,318,2.9748427672955975,1,,,,0.0,0.0,0.0,0.0,0.0,0.0,0.0,0.0,0.0,0.040769230769230766,0.0,0.0,Rocket's Honchkrow
energy,Legacy Energy,287,1.0,0,,,,0.0,0.0,0.0,0.0,0.0,0.0,0.0,0.0,0.0,0.03679487179487179,0.0,0.0,Dhelmise
energy,Lightning Energy,547,2.4789762340036563,1,,,,0.0,0.0,0.0,0.0,0.0,0.0,0.0,0.0,0.0,0.07012820512820513,0.0,0.0,Basic Box
energy,Magnetic Metal Energy,19,1.631578947368421,1,,,,0.0,0.0,0.0,0.0,0.0,0.0,0.0,0.0,0.0,0.002435897435897436,0.0,0.0,Other
energy,Metal Energy,471,14.526539278131635,1,,,,0.0,0.0,0.0,0.0,0.0,0.0,0.0,0.0,0.0,0.060384615384615384,0.0,0.0,Mega Excadrill
pokemon,Iron Crown,1,1.0,0,130.0,1.0,0.6,0.0,0.0,0.0,0.001747743253503,0.0,3.575694347827017e-08,0.0029056503805124,-0.0174774325350301,-0.0174774325350301,0.0001282051282051282,-0.0174774325350301,-0.001747743253503,Other
pokemon,Iron Leaves,1,1.0,0,120.0,1.0,0.6,0.0,0.0,0.0,0.0018018090887546,0.0,8.820193480334856e-05,0.0029073706019768,-0.0180180908875461,-0.0180180908875461,0.0001282051282051282,-0.0180180908875461,-0.0018018090887546,Other
pokemon,Wellspring Mask Ogerpon,1,1.0,1,110.0,1.0,0.6,0.0,0.0,0.0,0.0019643855372484,0.0,0.0002205175716694,0.0030453441690419,-0.0196438553724848,-0.0196438553724848,0.0001282051282051282,-0.0196438553724848,-0.0019643855372484,Other
pokemon,Tangrowth,1,1.0,1,150.0,1.0,0.15,0.0,0.0,0.0,0.0030389702620761,0.0,0.0004818210409837,0.0045705765265405,-0.0303897026207617,-0.0303897026207617,0.0001282051282051282,-0.0303897026207617,-0.0030389702620761,Mega Venusaur
pokemon,Ho-Oh,1,1.0,0,130.0,1.0,0.15,0.0,0.0,0.0,0.0033530501559201,0.0,0.000463920980398,0.0051106457282555,-0.0335305015592013,-0.0335305015592013,0.0001282051282051282,-0.0335305015592013,-0.0033530501559201,Dragapult Blaziken
pokemon,Deoxys,3,1.0,1,120.0,1.0,0.15,0.0,0.0,0.0,0.003709646718412734,0.0,0.0005121410816339334,0.005655280261830699,-0.03709646718412767,-0.03709646718412767,0.0003846153846153846,-0.03709646718412767,-0.003709646718412734,Steven's Metagross
pokemon,Cryogonal,1,1.0,1,90.0,1.0,0.15,0.0,0.0,0.0,0.003844266346577,0.0,0.0001074479811549,0.0062837833450417,-0.0384426634657701,-0.0384426634657701,0.0001282051282051282,-0.0384426634657701,-0.003844266346577,Mega Starmie
pokemon,Zarude,1,1.0,0,120.0,1.0,0.15,0.0,0.0,0.0,0.0038927021915813,0.0,0.000555899199837,0.0059158584640256,-0.0389270219158136,-0.0389270219158136,0.0001282051282051282,-0.0389270219158136,-0.0038927021915813,Mega Venusaur
pokemon,Bruxish,1,1.0,0,110.0,1.0,0.15,0.0,0.0,0.0,0.0040934592133554,0.0,9.088297883343988e-05,0.0067146404678447,-0.0409345921335543,-0.0409345921335543,0.0001282051282051282,-0.0409345921335543,-0.0040934592133554,Mega Starmie
pokemon,Zacian,1,1.0,1,130.0,1.0,0.15,0.0,0.0,0.0,0.0048144699442878,0.0,6.860218975247945e-05,0.0079356275781363,-0.0481446994428785,-0.0481446994428785,0.0001282051282051282,-0.0481446994428785,-0.0048144699442878,Other
pokemon,Xerneas,1,1.0,1,130.0,1.0,0.15,0.0,0.0,0.0,0.0048219644329074,0.0,8.106204714037754e-05,0.0079356275781363,-0.0482196443290745,-0.0482196443290745,0.0001282051282051282,-0.0482196443290745,-0.0048219644329074,Other
pokemon,Tapu Bulu,213,1.0,0,140.0,1.0,0.15,0.0,0.0,0.0,0.006051773418157874,0.0,0.0014324669320369854,0.008628824446385472,-0.06051773418157933,-0.06051773418157933,0.027307692307692307,-0.06051773418157933,-0.006051773418157874,Ogerpon Meganium Hydrapple
pokemon,Drapion,91,1.010989010989011,1,140.0,1.0,0.15296703296703296,0.0,0.0,0.0,0.006090721052291058,0.0,0.000241381451077937,0.009884661772537282,-0.06090721052291106,-0.06090721052291106,0.011666666666666667,-0.060245175625922895,-0.006090721052291058,Slowking
pokemon,Regigigas,32,1.0,0,160.0,1.0,0.1640625,0.0,0.0,0.0,0.006225494445724713,0.0,0.000990898979521342,0.009359209867126994,-0.06225494445724758,-0.06225494445724758,0.0041025641025641026,-0.06225494445724758,-0.006225494445724713,Mega Venusaur
pokemon,Seviper,5,1.0,1,120.0,1.0,0.15,0.0,0.0,0.0,0.0062316007709768,0.0,0.00019550490362458625,0.0101647559287918,-0.06231600770976854,-0.06231600770976854,0.000641025641025641,-0.06231600770976854,-0.0062316007709768,Sharpedo Toxtricity
pokemon,Spiritomb,140,1.042857142857143,1,60.0,1.0,0.15257142857142858,0.0,0.0,0.0,0.006681954532712439,0.0,0.0012534165492286702,0.00985557364020485,-0.06681954532712481,-0.06681954532712481,0.017948717948717947,-0.06407353661505118,-0.006681954532712439,Dhelmise
pokemon,Alolan Exeggutor,2,1.5,1,150.0,1.0,0.18,0.0,0.0,0.0,0.00669365944431465,0.0,0.00153306562462255,0.0095953844021266,-0.06693659444314701,-0.06693659444314701,0.0002564102564102564,-0.044624396295431336,-0.00669365944431465,Mega Venusaur
pokemon,Diancie,2,1.0,0,110.0,1.0,0.15,0.0,0.0,0.0,0.0069148852962267,0.0,0.0020749561200549007,0.0094212898571918,-0.06914885296226721,-0.06914885296226721,0.0002564102564102564,-0.06914885296226721,-0.0069148852962267,Alakazam Dudunsparce
pokemon,Lopunny,1,1.0,1,110.0,1.0,0.15,0.0,0.0,0.0,0.0069871382875252,0.0,0.0015247768562267,0.0152816889398947,-0.0698713828752526,-0.0698713828752526,0.0001282051282051282,-0.0698713828752526,-0.0069871382875252,Lopunny Dusknoir
pokemon,Rabsca ex,1,1.0,0,250.0,2.0,0.15,0.0,0.0,0.0,0.007268322094535,0.0,0.0018720305361872,0.0102118168540547,-0.0726832209453502,-0.0726832209453502,0.0001282051282051282,-0.0726832209453502,-0.007268322094535,Mega Venusaur
pokemon,Alomomola,1,1.0,1,110.0,1.0,0.15,0.0,0.0,0.0,0.0073777011081384,0.0,0.0015976160375861,0.0106680779041553,-0.0737770110813844,-0.0737770110813844,0.0001282051282051282,-0.0737770110813844,-0.0073777011081384,Dragapult
pokemon,Tyrogue,3,2.0,1,30.0,1.0,0.7933333333333333,0.0,0.0,0.0,0.007507689589953767,0.0,0.0015682648221059282,0.011067571708792535,-0.0750768958995384,-0.0750768958995384,0.0003846153846153846,-0.0375384479497692,-0.007507689589953767,Other
pokemon,Morpeko,1,1.0,0,70.0,1.0,0.15,0.0,0.0,0.0,0.0075502021761182,0.0,0.0006698901677452,0.0118825930154483,-0.075502021761182,-0.075502021761182,0.0001282051282051282,-0.075502021761182,-0.0075502021761182,Dhelmise
pokemon,Ninetales,2,1.5,1,120.0,1.0,0.18,0.0,0.0,0.0,0.0077115199252249505,0.0,0.0035751927913412,0.00924548696269635,-0.0771151992522502,-0.0771151992522502,0.0002564102564102564,-0.05141013283483347,-0.0077115199252249505,Dragapult Blaziken
pokemon,Poliwrath,1,1.0,0,170.0,1.0,0.6,0.0,0.0,0.0,0.0078946364315683,0.0,7.300891690343542e-06,0.0131178166525974,-0.078946364315683,-0.078946364315683,0.0001282051282051282,-0.078946364315683,-0.0078946364315683,Ogerpon Meganium
pokemon,Cofagrigus,59,1.0169491525423728,0,120.0,1.0,0.16169491525423726,0.0,0.0,0.0,0.008137786283059788,0.0,0.001358702653056761,0.012170660281042762,-0.08137786283059831,-0.08137786283059831,0.007564102564102564,-0.08002156511675501,-0.008137786283059788,Slowking
pokemon,Oranguru,1,1.0,0,120.0,1.0,0.15,0.0,0.0,0.0,0.0081403470808318,0.0,0.0016607371676772,0.0118728831849945,-0.0814034708083183,-0.0814034708083183,0.0001282051282051282,-0.0814034708083183,-0.0081403470808318,Toucannon
pokemon,Steven's Skarmory,3,1.0,1,120.0,1.0,0.15,0.0,0.0,0.0,0.008184607563139034,0.0,0.0037142112072356664,0.009892993792162401,-0.08184607563139083,-0.08184607563139083,0.0003846153846153846,-0.08184607563139083,-0.008184607563139034,Metagross
pokemon,Fezandipiti,3,1.3333333333333333,0,120.0,1.0,0.32,0.0,0.0,0.0,0.008452955126928266,0.0,0.0011041668078454862,0.012949175686038468,-0.08452955126928313,-0.08452955126928313,0.0003846153846153846,-0.06339716345196235,-0.008452955126928266,Other
pokemon,Spectrier,34,1.0,1,120.0,1.0,0.15,0.0,0.0,0.0,0.008942376885521939,0.0,0.0027043295171379203,0.012162694286323165,-0.08942376885521985,-0.08942376885521985,0.004358974358974359,-0.08942376885521985,-0.008942376885521939,Slowking
pokemon,Chi-Yu,327,1.0122324159021407,0,106.94189602446484,1.0,0.17539755351681957,0.0,0.0,0.0,0.00935984783314105,0.0,0.0025050525143616316,0.013104270808005757,-0.09359847833141097,-0.09359847833141097,0.041923076923076924,-0.09246737889538183,-0.00935984783314105,Dragapult Blaziken
pokemon,N's Sigilyph,2,1.0,1,110.0,1.0,0.15,0.0,0.0,0.0,0.0093672791475089,0.0,0.00216772292964,0.013405716195382,-0.09367279147508956,-0.09367279147508956,0.0002564102564102564,-0.09367279147508956,-0.0093672791475089,N's Zoroark
pokemon,Heatmor,1,2.0,1,120.0,1.0,0.21,0.0,0.0,0.0,0.0095615244618535,0.0,0.002330614962774,0.0135657639968179,-0.0956152446185354,-0.0956152446185354,0.0001282051282051282,-0.0478076223092677,-0.0095615244618535,Mega Charizard X
pokemon,Azumarill ex,1,1.0,1,270.0,2.0,0.15,0.0,0.0,0.0,0.0095990762370887,0.0,8.755498279543098e-05,0.0158712551562726,-0.095990762370887,-0.095990762370887,0.0001282051282051282,-0.095990762370887,-0.0095990762370887,Other
pokemon,Zoroark,22,1.0,1,120.0,1.0,0.19090909090909092,0.0,0.0,0.0,0.010051985055230996,0.0,0.0022484819189860544,0.014463305450444601,-0.10051985055231039,-0.10051985055231039,0.0028205128205128207,-0.10051985055231039,-0.010051985055230996,Slowking
pokemon,Walking Wake ex,1,1.0,0,220.0,2.0,0.15,0.0,0.0,0.0,0.0102642043497415,0.0,0.0024644014082703,0.0146002081854339,-0.1026420434974158,-0.1026420434974158,0.0001282051282051282,-0.1026420434974158,-0.0102642043497415,Joltik Box
pokemon,Tapu Koko,1,1.0,0,120.0,1.0,0.15,0.0,0.0,0.0,0.010267452636787,0.0,0.0066008745177116,0.0104691354702549,-0.10267452636787,-0.10267452636787,0.0001282051282051282,-0.10267452636787,-0.010267452636787,Manectric Eelektrik
pokemon,Latias,1,2.0,0,110.0,1.0,0.84,0.0,0.0,0.0,0.01034517759895,0.0,0.0120795852772642,0.0051196452610543,-0.1034517759895002,-0.1034517759895002,0.0001282051282051282,-0.0517258879947501,-0.01034517759895,Other
pokemon,Ethan's Sudowoodo,6,1.0,1,110.0,1.0,0.15,0.0,0.0,0.0,0.0104738622120246,0.0,0.0028708016615307005,0.014542371683069702,-0.10473862212024652,-0.10473862212024652,0.0007692307692307692,-0.10473862212024652,-0.0104738622120246,Dudunsparce Control
pokemon,Brute Bonnet,28,1.1071428571428572,0,120.0,1.0,0.15642857142857142,0.0,0.0,0.0,0.010641358750322794,0.0,0.002832202123256243,0.014859440251866455,-0.10641358750322828,-0.10641358750322828,0.0035897435897435897,-0.09611549839001264,-0.010641358750322794,Toxtricity Box
pokemon,Glalie,12,1.0,0,120.0,1.0,0.33749999999999997,0.0,0.0,0.0,0.010756069798586341,0.0,0.0018514379169160416,0.017416185486065685,-0.10756069798586389,-0.10756069798586389,0.0015384615384615385,-0.10756069798586389,-0.010756069798586341,Greninja
pokemon,Espeon,10,1.0,1,110.0,1.0,0.15,0.0,0.0,0.0,0.01079063284395102,0.0,0.00300225592703412,0.014937560007716112,-0.10790632843951058,-0.10790632843951058,0.001282051282051282,-0.10790632843951058,-0.01079063284395102,Slowking
pokemon,Chansey,1,3.0,0,120.0,1.0,0.235,0.0,0.0,0.0,0.0108397871914307,0.0,0.0007392117283082,0.0172823250803639,-0.1083978719143072,-0.1083978719143072,0.0001282051282051282,-0.03613262397143573,-0.0108397871914307,Joltik Box
pokemon,Beheeyem,1,1.0,0,100.0,1.0,0.15,0.0,0.0,0.0,0.0117006485656347,0.0,0.0032389302076023,0.0162138196561239,-0.1170064856563479,-0.1170064856563479,0.0001282051282051282,-0.1170064856563479,-0.0117006485656347,Alakazam Dudunsparce
pokemon,Delibird,1,1.0,1,90.0,1.0,0.15,0.0,0.0,0.0,0.0121420438280147,0.0,0.0073968618456822,0.01278972354707,-0.1214204382801477,-0.1214204382801477,0.0001282051282051282,-0.1214204382801477,-0.0121420438280147,Slowking
pokemon,Keldeo ex,1,1.0,1,210.0,2.0,0.15,0.0,0.0,0.0,0.0122918031149535,0.0,0.0030620667779448,0.0173734988257973,-0.1229180311495352,-0.1229180311495352,0.0001282051282051282,-0.1229180311495352,-0.0122918031149535,Other
pokemon,Dialga,11,1.2727272727272727,0,138.1818181818182,1.0,0.2040909090909091,0.0,0.0,0.0,0.012357061301833745,0.0,0.006586023802960491,0.013958035887995745,-0.12357061301833795,-0.12357061301833795,0.0014102564102564104,-0.09709119594297982,-0.012357061301833745,Steven's Metagross
pokemon,Unfezant,1,4.0,1,150.0,1.0,0.97,0.0,0.0,0.0,0.0125525712405623,0.0,0.0004888069629922,0.0203802950461419,-0.1255257124056231,-0.1255257124056231,0.0001282051282051282,-0.031381428101405776,-0.0125525712405623,Other
pokemon,Gengar ex,3,2.3333333333333335,1,280.0,2.0,0.66,0.0,0.0,1.2071675943062103,1.219926052368,1.945041688333838,0.004913525282916648,0.0782158074885367,-0.12758458061789843,-0.12758458061789843,0.0003846153846153846,-0.05467910597909932,-0.012758458061789657,Gengar
pokemon,Lickitung,1,1.0,0,100.0,1.0,0.15,0.0,0.0,0.0,0.0134503750985328,0.0,0.0004102487549829,0.0219514845196594,-0.1345037509853286,-0.1345037509853286,0.0001282051282051282,-0.1345037509853286,-0.0134503750985328,Mega Chandelure
pokemon,Bloodmoon Ursaluna,20,1.2,0,150.0,1.0,0.225,0.0,0.0,0.0,0.013575140429748209,0.0,0.0004360144925359062,0.022133145641069243,-0.13575140429748264,-0.13575140429748264,0.002564102564102564,-0.11312617024790221,-0.013575140429748209,Okidogi Barbaracle
pokemon,Ivysaur,46,2.108695652173913,1,110.0,1.0,0.21233695652173915,0.0,0.0,0.0,0.01450879488493747,0.0,0.00424360993113143,0.019877784377705047,-0.14508794884937512,-0.14508794884937512,0.005897435897435898,-0.06880459429970366,-0.01450879488493747,Mega Venusaur
pokemon,Luxray,1,1.0,1,150.0,1.0,0.6,0.0,0.0,0.0,0.0145651666621131,0.0,0.0006034984220864,0.0236116159976157,-0.145651666621131,-0.145651666621131,0.0001282051282051282,-0.145651666621131,-0.0145651666621131,Other
pokemon,Stunfisk,64,1.046875,1,110.0,1.0,0.279375,0.0,0.0,0.0,0.014628347164701773,0.0,0.0021240989280273646,0.022196055353886492,-0.14628347164701816,-0.14628347164701816,0.008205128205128205,-0.13973346545386808,-0.014628347164701773,Lopunny Dudunsparce
pokemon,Pinsir,1,1.0,0,110.0,1.0,0.15,0.0,0.0,0.0,0.0153767727870074,0.0,0.0084251015519202,0.0171393372959855,-0.1537677278700742,-0.1537677278700742,0.0001282051282051282,-0.1537677278700742,-0.0153767727870074,Mega Venusaur
pokemon,Blaziken,22,1.0,1,170.0,1.0,0.6,0.0,0.0,0.0,0.015427973229627993,0.0,0.004394939215307909,0.021254622213420907,-0.15427973229628034,-0.15427973229628034,0.0028205128205128207,-0.15427973229628034,-0.015427973229627993,Dragapult Blaziken
pokemon,Reshiram,4,1.0,1,130.0,1.0,0.6,0.0,0.0,0.0,0.01546069813386775,0.0,1.7786387639342455e-05,0.0256861813736034,-0.15460698133867765,-0.15460698133867765,0.0005128205128205128,-0.15460698133867765,-0.01546069813386775,Basic Box
pokemon,Shuckle,3,1.3333333333333333,1,80.0,1.0,0.17,0.0,0.0,0.0,0.0158103726728046,0.0,0.0049399499197996,0.021345364362663502,-0.15810372672804676,-0.15810372672804676,0.0003846153846153846,-0.11857779504603508,-0.0158103726728046,Ogerpon Meganium Hydrapple
pokemon,Combusken,363,1.0275482093663912,0,99.91735537190083,1.0,0.15165289256198347,0.0,0.0,0.0,0.01583271714976931,0.0,0.003659411336529097,0.022671718067867167,-0.15832717149769365,-0.15832717149769365,0.046538461538461535,-0.15408247521089222,-0.01583271714976931,Dragapult Blaziken
pokemon,Wailord,2,1.0,1,240.0,1.0,0.15,0.0,0.0,0.0,0.0159046345312854,0.0,0.00150158769201875,0.024940440326818,-0.15904634531285444,-0.15904634531285444,0.0002564102564102564,-0.15904634531285444,-0.0159046345312854,Other
pokemon,Bayleef,306,2.052287581699346,1,108.49673202614379,1.0,0.21130718954248365,0.0,0.0,0.0,0.01595605399885376,0.0,0.002461811149112457,0.024065703587415395,-0.15956053998853795,-0.15956053998853795,0.03923076923076923,-0.07774765165046595,-0.01595605399885376,Ogerpon Meganium Hydrapple
pokemon,Clefable,5,1.4,0,120.0,1.0,0.3,0.0,0.0,0.0,0.0160454937884391,0.0,0.00249066413754412,0.024185547472059556,-0.16045493788439164,-0.16045493788439164,0.000641025641025641,-0.11461066991742261,-0.0160454937884391,Slowking
pokemon,Charmeleon,2,2.0,1,110.0,1.0,0.21,0.0,0.0,0.0,0.01623633323298955,0.0,0.005688403982459901,0.021305085080453,-0.1623633323298957,-0.1623633323298957,0.0002564102564102564,-0.08118166616494785,-0.01623633323298955,Mega Charizard X
pokemon,Tangela,1,1.0,1,80.0,1.0,0.15,0.0,0.0,0.0,0.0162408571189388,0.0,0.001181303357996,0.025819706828322,-0.1624085711893881,-0.1624085711893881,0.0001282051282051282,-0.1624085711893881,-0.0162408571189388,Mega Venusaur
pokemon,Mr. Mime,11,1.0,0,90.0,1.0,0.15,0.0,0.0,0.0,0.01634259242080911,0.0,0.003836085266337991,0.02333406352528842,-0.1634259242080915,-0.1634259242080915,0.0014102564102564104,-0.1634259242080915,-0.01634259242080911,Mega Chandelure
pokemon,Fletchinder,1,1.0,0,90.0,1.0,0.15,0.0,0.0,0.0,0.0168585836783612,0.0,0.0036099666511867,0.0252233961465009,-0.1685858367836123,-0.1685858367836123,0.0001282051282051282,-0.1685858367836123,-0.0168585836783612,Mega Absol Box
pokemon,Heatran,9,1.4444444444444444,0,140.0,1.0,0.16694444444444445,0.0,0.0,0.0,0.016981947630624647,0.0,0.010715184002305266,0.017517915864284632,-0.16981947630624675,-0.16981947630624675,0.001153846153846154,-0.11756732975047852,-0.016981947630624647,Mega Excadrill
pokemon,Raging Bolt,11,1.0909090909090908,0,130.0,1.0,0.5809090909090909,0.0,0.0,0.0,0.017095754674007146,0.0,0.0001125169793940727,0.02830979119776356,-0.17095754674007196,-0.17095754674007196,0.0014102564102564104,-0.15671108451173266,-0.017095754674007146,Raging Bolt Ogerpon
pokemon,Farigiraf ex,1,1.0,0,260.0,2.0,0.15,0.0,0.0,0.0,0.0173488539854593,0.0,0.0065274245130173,0.0223156703896574,-0.1734885398545936,-0.1734885398545936,0.0001282051282051282,-0.1734885398545936,-0.0173488539854593,Mega Chandelure
pokemon,Wash Rotom,1,1.0,1,80.0,1.0,0.6,0.0,0.0,0.0,0.0173556572614982,0.0,2.5230926480966345e-05,0.0288291746677589,-0.173556572614982,-0.173556572614982,0.0001282051282051282,-0.173556572614982,-0.0173556572614982,Other
pokemon,Pikachu,1,4.0,1,60.0,1.0,0.97,0.0,0.0,0.0,0.0175010077103233,0.0,0.0003570588538903,0.0287389970991066,-0.1750100771032332,-0.1750100771032332,0.0001282051282051282,-0.0437525192758083,-0.0175010077103233,Mega Dragonite
pokemon,Heat Rotom,1,1.0,1,80.0,1.0,0.6,0.0,0.0,0.0,0.0175144909604786,0.0,1.0092370592386535e-05,0.0291083799716457,-0.1751449096047865,-0.1751449096047865,0.0001282051282051282,-0.1751449096047865,-0.0175144909604786,Other
pokemon,Prinplup,1,1.0,1,100.0,1.0,0.15,0.0,0.0,0.0,0.0180733568289871,0.0,0.0060574673312003,0.0239901396557104,-0.1807335682898718,-0.1807335682898718,0.0001282051282051282,-0.1807335682898718,-0.0180733568289871,Mega Excadrill
pokemon,Ting-Lu,2,1.0,0,140.0,1.0,0.375,0.0,0.0,0.0,0.018215621341737098,0.0,0.0001308355488726943,0.0301532913168709,-0.18215621341737145,-0.18215621341737145,0.0002564102564102564,-0.18215621341737145,-0.018215621341737098,Other
pokemon,Poliwag,1,1.0,0,60.0,1.0,0.6,0.0,0.0,0.0,0.0182479436076626,0.0,0.0125012097209393,0.0178366540766119,-0.1824794360766262,-0.1824794360766262,0.0001282051282051282,-0.1824794360766262,-0.0182479436076626,Ogerpon Meganium
pokemon,Cramorant,2,1.0,0,110.0,1.0,0.15,0.0,0.0,0.0,0.018318828610052247,0.0,0.0121752880582148,0.018280424610092702,-0.1831882861005228,-0.1831882861005228,0.0002564102564102564,-0.1831882861005228,-0.018318828610052247,Metagross
pokemon,Claydol,1,1.0,1,120.0,1.0,0.6,0.0,0.0,0.0,0.0187548304479618,0.0,0.0001515002834738,0.0310290811513302,-0.1875483044796186,-0.1875483044796186,0.0001282051282051282,-0.1875483044796186,-0.0187548304479618,Mega Lucario
pokemon,Celebi,240,1.1,1,80.0,1.0,0.15563541666666666,0.0,0.0,0.0,0.01877644396437799,0.0,0.004647683514973441,0.02657605596337527,-0.18776443964378034,-0.18776443964378034,0.03076923076923077,-0.17069494513070937,-0.01877644396437799,Ogerpon Meganium Hydrapple
pokemon,Ethan's Pinsir,1,1.0,1,120.0,1.0,0.15,0.0,0.0,0.0,0.0189576087335175,0.0,0.0117323223518746,0.0197853852896163,-0.1895760873351757,-0.1895760873351757,0.0001282051282051282,-0.1895760873351757,-0.0189576087335175,Ethan's Magcargo
pokemon,Teal Mask Ogerpon,1,2.0,1,110.0,1.0,0.84,0.0,0.0,0.0,0.0190269868136131,0.0,0.0019351412397166,0.0296979099599159,-0.190269868136131,-0.190269868136131,0.0001282051282051282,-0.0951349340680655,-0.0190269868136131,Other
pokemon,Archaludon,5,1.0,0,180.0,1.0,0.32999999999999996,0.0,0.0,0.0,0.020146553223470202,0.0,0.00599614828100594,0.0274982224176794,-0.2014655322347024,-0.2014655322347024,0.000641025641025641,-0.2014655322347024,-0.020146553223470202,Archaludon Dudunsparce
pokemon,Scream Tail,2,1.0,0,90.0,1.0,0.15,0.0,0.0,0.0,0.020429576024294148,0.0,0.00297699601878135,0.030987910284770354,-0.20429576024294205,-0.20429576024294205,0.0002564102564102564,-0.20429576024294205,-0.020429576024294148,Other
pokemon,Hisuian Zoroark,1,1.0,1,120.0,1.0,0.6,0.0,0.0,0.0,0.0205985903103939,0.0,0.0015297082357358,0.0327161904087491,-0.2059859031039397,-0.2059859031039397,0.0001282051282051282,-0.2059859031039397,-0.0205985903103939,Mega Starmie
pokemon,Baltoy,1,1.0,1,70.0,1.0,0.15,0.0,0.0,0.0,0.0207701064479043,0.0,0.0018502734396632,0.0326807769638774,-0.2077010644790436,-0.2077010644790436,0.0001282051282051282,-0.2077010644790436,-0.0207701064479043,Mega Lucario
pokemon,Drifloon,1,1.0,0,70.0,1.0,0.15,0.0,0.0,0.0,0.0209362803202679,0.0,0.004304745112856,0.0305025753414295,-0.2093628032026796,-0.2093628032026796,0.0001282051282051282,-0.2093628032026796,-0.0209362803202679,Other
pokemon,Enamorus,277,1.0,0,120.0,1.0,0.5967509025270757,0.0,0.0,0.0,0.02121711563689174,0.0,1.3983961253601189e-05,0.03526023532659132,-0.2121711563689179,-0.2121711563689179,0.035512820512820516,-0.2121711563689179,-0.02121711563689174,Basic Box
pokemon,Maractus,36,1.1111111111111112,1,110.0,1.0,0.25569444444444445,0.0,0.0,0.0,0.022023160747731235,0.0,0.01168290091976786,0.024973391716717353,-0.22023160747731285,-0.22023160747731285,0.004615384615384616,-0.19820844672958154,-0.022023160747731235,Mega Chandelure
pokemon,Sandy Shocks,1,1.0,0,120.0,1.0,0.6,0.0,0.0,0.0,0.0222026741187532,0.0,0.0010063167811775,0.0359064289965607,-0.2220267411875326,-0.2220267411875326,0.0001282051282051282,-0.2220267411875326,-0.0222026741187532,Raging Bolt Ogerpon
pokemon,Pawmot,50,1.0,1,140.0,1.0,0.6,0.0,0.0,0.0,0.02241365168680956,0.0,0.0013252393858614704,0.03593826420117551,-0.22413651686809602,-0.22413651686809602,0.00641025641025641,-0.22413651686809602,-0.02241365168680956,Slowking
pokemon,Jolteon ex,2,1.0,0,260.0,2.0,0.375,0.0,0.0,0.0,0.02241947519613495,0.0,0.00288074517185915,0.03439244020927675,-0.22419475196135008,-0.22419475196135008,0.0002564102564102564,-0.22419475196135008,-0.02241947519613495,Flareon
pokemon,Zeraora,250,1.0,1,100.0,1.0,0.15,0.0,0.0,0.0,0.022852385827716027,0.0,0.003495952064792251,0.03450611398159724,-0.2285238582771607,-0.2285238582771607,0.03205128205128205,-0.2285238582771607,-0.022852385827716027,Slowking
pokemon,Trumbeak,84,1.3571428571428572,1,90.0,1.0,0.1693452380952381,0.0,0.0,0.0,0.023454245317244576,0.0,0.007010704529810082,0.03201077432366719,-0.23454245317244624,-0.23454245317244624,0.010769230769230769,-0.1728207549691709,-0.023454245317244576,Alakazam Dudunsparce
pokemon,Talonflame,1,2.0,1,150.0,1.0,0.84,0.0,0.0,0.0,0.023681733995099,0.0,0.0036327638348683,0.0368702844037248,-0.2368173399509904,-0.2368173399509904,0.0001282051282051282,-0.1184086699754952,-0.023681733995099,Mega Absol Box
pokemon,Haxorus,6,1.0,1,170.0,1.0,0.6,0.0,0.0,0.0,0.024000550088486384,0.0,0.004135162529806833,0.03576661683261167,-0.2400055008848644,-0.2400055008848644,0.0007692307692307692,-0.2400055008848644,-0.024000550088486384,Slowking
pokemon,Dedenne,243,1.0,0,70.0,1.0,0.15185185185185185,0.0,0.0,0.0,0.024177891338468826,0.0,0.023616539752463805,0.016614233449620094,-0.24177891338468877,-0.24177891338468877,0.031153846153846153,-0.24177891338468877,-0.024177891338468826,Alakazam Dudunsparce
pokemon,Iron Boulder,3,1.6666666666666667,0,140.0,1.0,0.7133333333333333,0.0,0.0,0.0,0.024288891977512633,0.0,2.6248484074184214e-05,0.04035490965901604,-0.24288891977512686,-0.24288891977512686,0.0003846153846153846,-0.1457333518650761,-0.024288891977512633,Basic Box
pokemon,Sylveon ex,7,1.0,0,270.0,2.0,0.5357142857142857,0.0,0.0,0.0,0.024423235940527217,0.0,0.0014413920360847455,0.039163117786492715,-0.24423235940527274,-0.24423235940527274,0.0008974358974358974,-0.24423235940527274,-0.024423235940527217,Flareon Noctowl
pokemon,Klefki,1,2.0,1,70.0,1.0,0.21,0.0,0.0,0.0,0.0244679851820872,0.0,0.004131189260461,0.0365477177887124,-0.2446798518208725,-0.2446798518208725,0.0001282051282051282,-0.12233992591043626,-0.0244679851820872,Mega Excadrill
pokemon,Misty's Lapras,2,3.5,1,110.0,1.0,0.23875,0.0,0.0,0.0,0.024523061409692702,0.0,0.0061701839218857996,0.0346002893403088,-0.24523061409692734,-0.24523061409692734,0.0002564102564102564,-0.07006588974197923,-0.024523061409692702,Misty's Gyarados
pokemon,Comfey,39,1.4615384615384615,0,70.0,1.0,0.17769230769230768,0.0,0.0,0.0,0.024696312971944117,0.0,0.007641352563304379,0.0334171576641124,-0.2469631297194416,-0.2469631297194416,0.005,-0.16897477296593374,-0.024696312971944117,Mega Chandelure
pokemon,Team Rocket's Flaaffy,1,1.0,1,90.0,1.0,0.15,0.0,0.0,0.0,0.0248747181332395,0.0,0.0151616838335951,0.0261934314031603,-0.2487471813323955,-0.2487471813323955,0.0001282051282051282,-0.2487471813323955,-0.0248747181332395,Mega Greninja
pokemon,Archen,1,1.0,1,80.0,1.0,0.15,0.0,0.0,0.0,0.0249889367055591,0.0,0.017888342871841,0.0236566648571691,-0.2498893670555918,-0.2498893670555918,0.0001282051282051282,-0.2498893670555918,-0.0249889367055591,Mega Greninja
pokemon,Togetic,2,1.0,0,90.0,1.0,0.15,0.0,0.0,0.0,0.02522982793869825,0.0,0.013326360106839949,0.028619137977583652,-0.25229827938698285,-0.25229827938698285,0.0002564102564102564,-0.25229827938698285,-0.02522982793869825,Mega Lucario
pokemon,N's Vanilluxe,3,1.0,1,150.0,1.0,0.6,0.0,0.0,0.0,0.025267634754490034,0.0,0.002994940053847433,0.03901341322416793,-0.25267634754490104,-0.25267634754490104,0.0003846153846153846,-0.25267634754490104,-0.025267634754490034,Slowking
pokemon,Bronzor,136,1.911764705882353,0,78.82352941176471,1.0,0.20354779411764704,0.0,0.0,0.0,0.02534111518569843,0.0,0.01499122699319505,0.039927444880987206,-0.25341115185698476,-0.25341115185698476,0.017435897435897435,-0.13255352558673048,-0.02534111518569843,Lopunny Dusknoir
pokemon,Togekiss,18,1.0555555555555556,0,140.0,1.0,0.6133333333333333,0.0,0.0,0.0,0.02537037335667484,0.0,0.002580464624596217,0.039598695281653364,-0.2537037335667489,-0.2537037335667489,0.002307692307692308,-0.24035090548428845,-0.02537037335667484,Alakazam Dudunsparce
pokemon,Seismitoad,7,1.0,1,160.0,1.0,0.6,0.0,0.0,0.0,0.025425090090454027,0.0,0.0031038853552627713,0.0391662430925677,-0.2542509009045408,-0.2542509009045408,0.0008974358974358974,-0.2542509009045408,-0.025425090090454027,Slowking
pokemon,Steven's Metang,19,1.6842105263157894,1,100.0,1.0,0.19105263157894736,0.0,0.0,0.0,0.025490582097606684,0.0,0.004437886680317284,0.037941124589355724,-0.25490582097606723,-0.25490582097606723,0.002435897435897436,-0.15135033120453992,-0.025490582097606684,Steven's Metagross
pokemon,Leafeon ex,10,1.1,0,270.0,2.0,0.516,0.0,0.0,0.0,0.025543762384760783,0.0,0.0017827522844365722,0.040684673128938545,-0.2554376238476081,-0.2554376238476081,0.001282051282051282,-0.2322160216796437,-0.025543762384760783,Flareon Noctowl
pokemon,N's Darmanitan,223,1.0807174887892377,1,140.0,1.0,0.6153363228699551,0.0,0.0,0.0,0.026093435796711632,0.0,0.00945354493937538,0.03392773232840255,-0.2609343579671168,-0.2609343579671168,0.028589743589743588,-0.24144548475795452,-0.026093435796711632,N's Zoroark
pokemon,Dolliv,37,1.945945945945946,1,90.0,1.0,0.20675675675675675,0.0,0.0,0.0,0.02638133172649192,0.0,0.0024654202808905485,0.04162527876809054,-0.26381331726491963,-0.26381331726491963,0.004743589743589744,-0.13557073248336146,-0.02638133172649192,Ogerpon Meganium Arboliva
pokemon,Feraligatr,4,1.25,0,180.0,1.0,0.6599999999999999,0.0,0.0,0.0,0.026461810181612477,0.0,0.012537364273205676,0.0314563486835414,-0.26461810181612533,-0.26461810181612533,0.0005128205128205128,-0.21169448145290026,-0.026461810181612477,Mega Feraligatr
pokemon,Hoothoot,97,1.8144329896907216,0,70.72164948453609,1.0,0.18353092783505154,0.0,0.0,0.0,0.026777707413375425,0.0,0.005452359472160426,0.03917806778291197,-0.2677770741337546,-0.2677770741337546,0.012435897435897436,-0.14758168290326248,-0.026777707413375425,Ogerpon Meganium Hydrapple
pokemon,Bronzong,136,1.875,0,110.0,1.0,0.22492647058823528,0.0,0.0,0.0,0.026824062012233606,0.02232622877454381,0.005155730522451553,0.02175068642229165,-0.26824062012233657,-0.26824062012233657,0.017435897435897435,-0.14306166406524617,-0.026824062012233606,Lopunny Dusknoir
pokemon,Clefairy,31,1.2258064516129032,0,69.6774193548387,1.0,0.17991935483870966,0.0,0.0,0.0,0.027004088555402025,0.0,0.009615677926695874,0.035279592367036657,-0.27004088555402084,-0.27004088555402084,0.0039743589743589745,-0.22029651189933278,-0.027004088555402025,Mega Chandelure
pokemon,Walrein,4,1.0,0,170.0,1.0,0.6,0.0,0.0,0.0,0.027139049824897,0.0,0.0039170180756312,0.0412026301918563,-0.27139049824897055,-0.27139049824897055,0.0005128205128205128,-0.27139049824897055,-0.027139049824897,Slowking
pokemon,Azumarill,5,2.8,0,120.0,1.0,0.507,0.0,0.0,0.0,0.027323646539402557,0.0,0.00167845342519474,0.04374809353195076,-0.27323646539402596,-0.27323646539402596,0.000641025641025641,-0.09758445192643785,-0.027323646539402557,Azumarill
pokemon,Torchic,371,2.0161725067385445,0,69.91913746630728,1.0,0.21012129380053907,0.0,0.0,0.0,0.027729655809475177,0.0,0.009246080129237121,0.036869034230736175,-0.27729655809475234,-0.27729655809475234,0.04756410256410257,-0.13753612707640792,-0.027729655809475177,Dragapult Blaziken
pokemon,Hop's Cramorant,42,1.1666666666666667,1,110.0,1.0,0.175,0.0,0.0,0.0,0.028111533702621084,0.0,0.021961678509497755,0.02477475924737192,-0.2811153370262113,-0.2811153370262113,0.005384615384615384,-0.24095600316532392,-0.028111533702621084,Hop's Trevenant
pokemon,Vulpix,2,1.5,1,70.0,1.0,0.18,0.0,0.0,0.0,0.0283063110826044,0.0,0.028264224380658752,0.0187960377890777,-0.28306311082604424,-0.28306311082604424,0.0002564102564102564,-0.18870874055069617,-0.0283063110826044,Dragapult Blaziken
pokemon,Luxio,1,2.0,1,90.0,1.0,0.21,0.0,0.0,0.0,0.028366032616769,0.0,0.0010200652874565,0.0461394860848455,-0.2836603261676906,-0.2836603261676906,0.0001282051282051282,-0.1418301630838453,-0.028366032616769,Other
pokemon,Abra,628,3.7929936305732483,0,48.53503184713376,1.0,0.23673964968152864,2.214759952076433,-0.3101933046029826,0.0,0.2498966747591365,0.0,0.11722122480140595,0.30058136356306514,-0.2842067955149322,-2.809160052194348,0.08051282051282051,-0.07492941544222395,-0.2498966747591365,Alakazam Dudunsparce
pokemon,Buneary,311,2.2090032154340835,1,70.0,1.0,0.2092604501607717,0.0,0.0,0.0,0.028489053435638186,0.0,0.011285755563329102,0.04147976414184304,-0.2848905343563823,-0.2848905343563823,0.039871794871794874,-0.12896791293280188,-0.028489053435638186,Lopunny Dudunsparce
pokemon,Gumshoos,1,2.0,1,100.0,1.0,0.21,0.0,0.0,0.0,0.0285148577115306,0.0,0.0040101537802311,0.0433968246749035,-0.2851485771153068,-0.2851485771153068,0.0001282051282051282,-0.1425742885576534,-0.0285148577115306,Slowking
pokemon,Zweilous,5,1.6,0,102.0,1.0,0.179,0.0,0.0,0.0,0.028531136712088616,0.0,0.01525720333262924,0.032176839547533496,-0.28531136712088656,-0.28531136712088656,0.000641025641025641,-0.1783196044505541,-0.028531136712088616,Hydreigon
pokemon,Spewpa,7,1.7142857142857142,0,80.0,1.0,0.18785714285714286,0.0,0.0,0.0,0.02866623195187837,0.0,0.015946134904202672,0.031712508680157674,-0.28666231951878407,-0.28666231951878407,0.0008974358974358974,-0.16721968638595738,-0.02866623195187837,Decidueye
pokemon,Reshiram ex,1,1.0,1,230.0,2.0,0.6,0.0,0.0,0.0,0.0287945931982567,0.0,5.436371706175341e-05,0.0478176850647958,-0.2879459319825675,-0.2879459319825675,0.0001282051282051282,-0.2879459319825675,-0.0287945931982567,Basic Box
pokemon,N's Darumaka,223,1.1300448430493273,1,80.0,1.0,0.15780269058295962,0.0,0.0,0.0,0.02886892918566405,0.0,0.01131323853651529,0.03668239650304378,-0.28868929185664083,-0.28868929185664083,0.028589743589743588,-0.2554671114445671,-0.02886892918566405,N's Zoroark
pokemon,Slowbro,1,1.0,1,130.0,1.0,0.6,0.0,0.0,0.0,0.0292185173678765,0.0,0.0058091961449007,0.0427676418447125,-0.2921851736787651,-0.2921851736787651,0.0001282051282051282,-0.2921851736787651,-0.0292185173678765,Other
pokemon,Solrock,352,2.4318181818181817,1,110.0,1.0,0.2288091856060606,0.0,0.0,0.0,0.029252072700320538,0.008647155196760235,0.011247885610222797,0.028737584131957535,-0.2925207270032058,-0.2925207270032058,0.04512820512820513,-0.12028889708543043,-0.029252072700320538,Lucario Hariyama
pokemon,Frillish,57,1.6140350877192982,1,80.0,1.0,0.21403508771929824,0.0,0.0,0.0,0.029257830920512772,0.0,0.01198212851093707,0.042444493710973225,-0.2925783092051282,-0.2925783092051282,0.007307692307692308,-0.18127134374665552,-0.029257830920512772,Lopunny Dusknoir
pokemon,Paldean Tauros,93,1.075268817204301,0,130.0,1.0,0.5476344086021505,0.0,0.0,0.0,0.029467117116257505,0.0,0.021663675864642316,0.027340755500306936,-0.2946711711625755,-0.2946711711625755,0.011923076923076923,-0.2740441891811953,-0.029467117116257505,Basic Box
pokemon,Team Rocket's Ampharos,1,2.0,1,140.0,1.0,0.84,0.0,0.0,0.0,0.0294899149941756,0.0,0.0096513640343259,0.0393766822886024,-0.2948991499417568,-0.2948991499417568,0.0001282051282051282,-0.1474495749708784,-0.0294899149941756,Mega Greninja
pokemon,Iron Boulder ex,1,1.0,0,240.0,2.0,0.6,0.0,0.0,0.0,0.0300566785469028,0.0,6.644059056430967e-05,0.0499038705616369,-0.3005667854690288,-0.3005667854690288,0.0001282051282051282,-0.3005667854690288,-0.0300566785469028,Raging Bolt Ogerpon
pokemon,Yamask,1,2.0,1,70.0,1.0,0.21,0.0,0.0,0.0,0.0301501445042379,0.0,0.0058019273992942,0.0443237742749462,-0.3015014450423792,-0.3015014450423792,0.0001282051282051282,-0.1507507225211896,-0.0301501445042379,Other
pokemon,Passimian,122,1.0,0,110.0,1.0,0.5889344262295082,0.0,0.0,0.0,0.03022999355182627,0.0,3.6986789384625565e-05,0.05022146680376708,-0.3022999355182631,-0.3022999355182631,0.01564102564102564,-0.3022999355182631,-0.03022999355182627,Basic Box
pokemon,Koraidon,10,1.1,0,130.0,1.0,0.516,0.0,0.0,0.0,0.03026796006809781,0.0,0.010803670196320102,0.039517904098225545,-0.30267960068097854,-0.30267960068097854,0.001282051282051282,-0.2751632733463441,-0.03026796006809781,Raging Bolt Ogerpon
pokemon,Flareon ex,12,1.6666666666666667,0,270.0,2.0,0.6175,0.0,0.0,0.0,0.030541493437834393,0.0,0.0025721136876676854,0.04820421969061763,-0.3054149343783444,-0.3054149343783444,0.0015384615384615385,-0.18324896062700663,-0.030541493437834393,Flareon Noctowl
pokemon,Koraidon ex,105,1.0,1,230.0,2.0,0.5785714285714286,0.0,0.0,0.0,0.03086324963890432,0.0,0.002522397838382702,0.0487888668184045,-0.30863249638904366,-0.30863249638904366,0.013461538461538462,-0.30863249638904366,-0.03086324963890432,Basic Box
pokemon,Marnie's Morpeko,7,1.2857142857142858,1,70.0,1.0,0.17333333333333334,0.0,0.0,0.0,0.03093430261178613,0.0,0.029452950657637127,0.02197644212690217,-0.3093430261178617,-0.3093430261178617,0.0008974358974358974,-0.24060013142500353,-0.03093430261178613,Grimmsnarl Froslass
pokemon,Croconaw,2,2.0,0,90.0,1.0,0.21,0.0,0.0,0.0,0.03151316009682255,0.0,0.00952872936456355,0.04286303484750765,-0.3151316009682259,-0.3151316009682259,0.0002564102564102564,-0.15756580048411295,-0.03151316009682255,Mega Feraligatr
pokemon,Marill,6,2.5,0,70.0,1.0,0.205,0.0,0.0,0.0,0.031909972757375935,0.0,0.006069735099860617,0.04698174445920222,-0.31909972757375976,-0.31909972757375976,0.0007692307692307692,-0.1276398910295039,-0.031909972757375935,Azumarill
pokemon,Vigoroth,1,2.0,0,90.0,1.0,0.21,0.0,0.0,0.0,0.0322068835659353,0.0,0.0072635911566887,0.0462815133205437,-0.3220688356593537,-0.3220688356593537,0.0001282051282051282,-0.16103441782967684,-0.0322068835659353,Slaking
pokemon,Kirlia,3,2.0,1,100.0,1.0,0.21,0.0,0.0,0.0,0.0322158722167214,0.0,0.002580010268897133,0.05098003816416586,-0.3221587221672145,-0.3221587221672145,0.0003846153846153846,-0.16107936108360724,-0.0322158722167214,Other
pokemon,Shiftry,1,1.0,0,150.0,1.0,0.6,0.0,0.0,0.0,0.0322399479780446,0.0,0.0057855418156887,0.0478145334381245,-0.322399479780446,-0.322399479780446,0.0001282051282051282,-0.322399479780446,-0.0322399479780446,Slowking
pokemon,Girafarig,1,2.0,0,100.0,1.0,0.21,0.0,0.0,0.0,0.0323106756519816,0.0,0.0085153370137367,0.045202325546611,-0.3231067565198159,-0.3231067565198159,0.0001282051282051282,-0.16155337825990795,-0.0323106756519816,Mega Chandelure
pokemon,Shroodle,1,1.0,0,60.0,1.0,0.15,0.0,0.0,0.0,0.0328598335436986,0.0,0.0350172280634464,0.019613429280339,-0.328598335436986,-0.328598335436986,0.0001282051282051282,-0.328598335436986,-0.0328598335436986,Dudunsparce Control
pokemon,Hisuian Zorua,1,1.0,1,60.0,1.0,0.15,0.0,0.0,0.0,0.032966216825387,0.0,0.0424867066536029,0.0123208167294246,-0.3296621682538703,-0.3296621682538703,0.0001282051282051282,-0.3296621682538703,-0.032966216825387,Mega Starmie
pokemon,Spritzee,3,2.0,1,70.0,1.0,0.19833333333333333,0.0,0.0,0.0,0.032968975189402866,0.0,0.0052679561375528665,0.0495441531250464,-0.3296897518940291,-0.3296897518940291,0.0003846153846153846,-0.16484487594701455,-0.032968975189402866,Other
pokemon,Dragonair,6,2.1666666666666665,1,100.0,1.0,0.24916666666666665,0.0,0.0,0.0,0.03309065591637806,0.0,0.013764481281878,0.04124992657398358,-0.33090655916378114,-0.33090655916378114,0.0007692307692307692,-0.15272610422943747,-0.03309065591637806,Mega Dragonite
pokemon,Turtonator,1,4.0,1,120.0,1.0,0.2425,0.0,0.0,0.0,0.0334808019334489,0.0,0.0192039855300897,0.0364590541377468,-0.3348080193344899,-0.3348080193344899,0.0001282051282051282,-0.08370200483362247,-0.0334808019334489,Crustle
pokemon,Frogadier,95,2.1894736842105265,0,99.57894736842105,1.0,0.2136315789473684,0.0,0.0,0.0,0.033598090305731056,0.0,0.011678264361976887,0.04796963486201739,-0.33598090305731104,-0.33598090305731104,0.01217948717948718,-0.15345281630021418,-0.033598090305731056,Mega Greninja
pokemon,Duraludon,11,3.272727272727273,0,130.0,1.0,0.2275,0.0,0.0,0.0,0.033659645314436056,0.0,0.03585413590260142,0.020106237330601955,-0.3365964531443611,-0.3365964531443611,0.0014102564102564104,-0.10284891623855477,-0.033659645314436056,Archaludon
pokemon,Uxie,2,1.5,0,70.0,1.0,0.18,0.0,0.0,0.0,0.0340515978381579,0.0,0.0337826777366254,0.02282933069095605,-0.34051597838157943,-0.34051597838157943,0.0002564102564102564,-0.2270106522543863,-0.0340515978381579,Other
pokemon,Emolga,1,1.0,1,70.0,1.0,0.15,0.0,0.0,0.0,0.0340782095891323,0.0,0.0424931063013652,0.014163145121144,-0.3407820958913231,-0.3407820958913231,0.0001282051282051282,-0.3407820958913231,-0.0340782095891323,Manectric Eelektrik
pokemon,Yungoos,1,2.0,1,70.0,1.0,0.21,0.0,0.0,0.0,0.0342241409425519,0.0,0.0067605166415884,0.0501383509144986,-0.3422414094255194,-0.3422414094255194,0.0001282051282051282,-0.1711207047127597,-0.0342241409425519,Slowking
pokemon,Terapagos ex,22,1.0454545454545454,0,230.0,2.0,0.23454545454545456,0.0,0.0,0.0,0.03500218389844053,0.0,0.033762504202103936,0.024429887804293286,-0.35002183898440575,-0.35002183898440575,0.0028205128205128207,-0.3348034981589968,-0.03500218389844053,Tera Box
pokemon,Bulbasaur,47,2.1914893617021276,1,80.0,1.0,0.22914893617021276,0.0,0.0,0.0,0.035011457665492074,0.0,0.00617260770213158,0.05203520227616145,-0.3501145766549212,-0.3501145766549212,0.006025641025641026,-0.1597610204153524,-0.035011457665492074,Mega Venusaur
pokemon,Chikorita,307,2.0749185667752443,1,70.0,1.0,0.21442453854505972,0.0,0.0,0.0,0.03507102818188418,0.0,0.004937231431787127,0.05336961667658293,-0.35071028181884223,-0.35071028181884223,0.03935897435897436,-0.16902363660656916,-0.03507102818188418,Ogerpon Meganium Hydrapple
pokemon,Skrelp,3,2.3333333333333335,1,70.0,1.0,0.21833333333333335,0.0,0.0,0.0,0.035309160325999664,0.0,0.0135530196117264,0.04514973176713383,-0.35309160325999717,-0.35309160325999717,0.0003846153846153846,-0.15132497282571306,-0.035309160325999664,Mega Starmie
pokemon,Larvesta,2,2.0,0,70.0,1.0,0.21,0.0,0.0,0.0,0.035565297894828346,0.0,0.02046225712520525,0.03866633219154175,-0.3556529789482842,-0.3556529789482842,0.0002564102564102564,-0.1778264894741421,-0.035565297894828346,Mega Camerupt
pokemon,Piplup,108,1.6574074074074074,1,70.0,1.0,0.18944444444444444,0.0,0.0,0.0,0.03580395485988725,0.0,0.02705734235747503,0.03246802276349209,-0.358039548598873,-0.358039548598873,0.013846153846153847,-0.21602386172445967,-0.03580395485988725,Mega Excadrill
pokemon,Yveltal ex,4,1.0,1,210.0,2.0,0.4875,0.0,0.0,0.0,0.03592968062615752,0.0,0.011537268867063976,0.04819711987075328,-0.3592968062615757,-0.3592968062615757,0.0005128205128205128,-0.3592968062615757,-0.03592968062615752,Basic Box
pokemon,Zorua,3,1.0,0,70.0,1.0,0.15,0.0,0.0,0.0,0.03620959206802813,0.0,0.022414920758223666,0.03778483083808473,-0.3620959206802821,-0.3620959206802821,0.0003846153846153846,-0.3620959206802821,-0.03620959206802813,N's Zoroark
pokemon,N's Purrloin,109,1.0,1,70.0,1.0,0.14999999999999997,0.0,0.0,0.0,0.0363942902510645,0.0,0.026593114151102246,0.03391370482995289,-0.3639429025106453,-0.3639429025106453,0.013974358974358975,-0.3639429025106453,-0.0363942902510645,N's Zoroark
pokemon,Staryu,115,2.4608695652173913,1,70.0,1.0,0.21452173913043476,0.0,0.0,0.0,0.03664410618704759,0.0,0.025859329962497974,0.039059483247696175,-0.3664410618704764,-0.3664410618704764,0.014743589743589743,-0.1489071452830558,-0.03664410618704759,Starmie Froslass
pokemon,Totodile,12,1.4166666666666667,0,70.0,1.0,0.18499999999999997,0.0,0.0,0.0,0.03665935207720835,0.0,0.027646619752846633,0.033300874065460076,-0.3665935207720839,-0.3665935207720839,0.0015384615384615385,-0.2587718970155886,-0.03665935207720835,Mega Greninja
pokemon,Dratini,6,2.5,1,80.0,1.0,0.2225,0.0,0.0,0.0,0.03690965796948125,0.0,0.014167953085372017,0.047195683298407766,-0.3690965796948131,-0.3690965796948131,0.0007692307692307692,-0.14763863187792522,-0.03690965796948125,Mega Dragonite
pokemon,Unown,92,1.0108695652173914,1,80.0,1.0,0.2602173913043478,0.0,0.0,0.0,0.036983340341472284,0.0,0.002505040499045687,0.05934542708831058,-0.3698334034147233,-0.3698334034147233,0.011794871794871795,-0.3658567001521994,-0.036983340341472284,Slowking
pokemon,Black Kyurem ex,5,1.0,0,230.0,2.0,0.41999999999999993,0.0,0.0,0.0,0.037118506492643547,0.0,0.02978959561028091,0.031921258968942955,-0.371185064926436,-0.371185064926436,0.000641025641025641,-0.371185064926436,-0.037118506492643547,Basic Box
pokemon,Lokix,1,2.0,1,120.0,1.0,0.84,0.0,0.0,0.0,0.0375266501587057,0.0,0.013384947062689,0.0490044610684883,-0.3752665015870573,-0.3752665015870573,0.0001282051282051282,-0.18763325079352866,-0.0375266501587057,Mega Starmie
pokemon,Vivillon,8,1.75,1,120.0,1.0,0.7625,0.0,0.0,0.0,0.038331059242172935,0.0,0.023453762747265003,0.04027300447140396,-0.3833105924217299,-0.3833105924217299,0.0010256410256410256,-0.2190346242409885,-0.038331059242172935,Decidueye
pokemon,Team Rocket's Persian ex,1,1.0,1,260.0,2.0,0.15,0.0,0.0,0.0,0.0387674885806727,0.0,0.012786215045548,0.0516661316747532,-0.3876748858067279,-0.3876748858067279,0.0001282051282051282,-0.3876748858067279,-0.0387674885806727,Rocket's Honchkrow
pokemon,Haunter,3,2.0,1,100.0,1.0,0.19833333333333333,0.0,0.0,0.0,0.0388263187402954,0.0,0.017708085223103166,0.04684206875746769,-0.38826318740295446,-0.38826318740295446,0.0003846153846153846,-0.19413159370147723,-0.0388263187402954,Gengar
pokemon,Lilligant,5,1.2,0,108.0,1.0,0.46799999999999997,0.0,0.0,0.0,0.03892048964301398,0.0,0.005726062037573361,0.05898065446213914,-0.3892048964301404,-0.3892048964301404,0.000641025641025641,-0.32433741369178365,-0.03892048964301398,Festival Lead
pokemon,Espeon ex,6,1.3333333333333333,0,268.3333333333333,2.0,0.5299999999999999,0.0,0.0,0.0,0.0389958428145325,0.0,0.0049159879676063,0.05991600589504593,-0.3899584281453253,-0.3899584281453253,0.0007692307692307692,-0.29246882110899397,-0.0389958428145325,Flareon Noctowl
pokemon,Victini,48,1.6875,0,70.20833333333333,1.0,0.18942708333333333,0.0,0.0,0.0,0.03902893632922821,0.0,0.028958106549614865,0.03592890647371694,-0.3902893632922826,-0.3902893632922826,0.006153846153846154,-0.23128258565468598,-0.03902893632922821,Ethan's Typhlosion
pokemon,Mega Slowbro ex,18,1.0,1,330.0,3.0,0.175,0.0,0.0,0.0,0.039330702531908686,0.0,0.030434105903343864,0.034954604305844,-0.39330702531908723,-0.39330702531908723,0.002307692307692308,-0.39330702531908723,-0.039330702531908686,Slowking
pokemon,Okidogi ex,2,1.0,0,250.0,2.0,0.15,0.0,0.0,0.0,0.03954971168920525,0.0,0.04311588117030325,0.02263693965470705,-0.39549711689205314,-0.39549711689205314,0.0002564102564102564,-0.39549711689205314,-0.03954971168920525,Sharpedo Toxtricity
pokemon,Lampent,49,3.938775510204082,1,90.0,1.0,0.24168367346938774,0.0,0.0,0.0,0.03977896311380056,0.0,0.006811065313768539,0.05932289426552018,-0.397789631138006,-0.397789631138006,0.006282051282051282,-0.10099322241327613,-0.03977896311380056,Mega Chandelure
pokemon,Volcanion ex,8,1.0,1,220.0,2.0,0.4875,0.0,0.0,0.0,0.0397804828597571,0.0,0.014163356452353363,0.05207916892622584,-0.3978048285975714,-0.3978048285975714,0.0010256410256410256,-0.3978048285975714,-0.0397804828597571,Mega Darkrai
pokemon,Minccino,15,2.7333333333333334,1,70.0,1.0,0.22599999999999998,0.0,0.0,0.0,0.039966559381218826,0.0,0.021863367190884435,0.04458247794286616,-0.39966559381218875,-0.39966559381218875,0.0019230769230769232,-0.14621911968738613,-0.039966559381218826,Cinccino
pokemon,Luxray ex,1,2.0,0,310.0,2.0,0.84,0.0,0.0,0.0,0.0400428744649127,0.0,0.0004601969170197,0.066112524793324,-0.4004287446491278,-0.4004287446491278,0.0001282051282051282,-0.2002143723245639,-0.0400428744649127,Other
pokemon,Houndstone,1,1.0,1,140.0,1.0,0.6,0.0,0.0,0.0,0.0400858203668282,0.0,0.0065164648961821,0.0601276559236167,-0.400858203668282,-0.400858203668282,0.0001282051282051282,-0.400858203668282,-0.0400858203668282,Kangaskhan Bouffalant
pokemon,Erika's Gloom,2,2.5,1,90.0,1.0,0.22249999999999998,0.0,0.0,0.0,0.040599412519411404,0.0,0.01715559503017485,0.05034239125016915,-0.4059941251941142,-0.4059941251941142,0.0002564102564102564,-0.16239765007764567,-0.040599412519411404,Mega Venusaur
pokemon,Toxel,151,2.370860927152318,1,70.0,1.0,0.21614238410596023,0.0,0.0,0.0,0.04074305259036522,0.0,0.011784517395034106,0.05595227567922383,-0.40743052590365264,-0.40743052590365264,0.019358974358974358,-0.17184918830014398,-0.04074305259036522,Sharpedo Toxtricity
pokemon,Pikipek,129,2.124031007751938,1,70.0,1.0,0.20792635658914727,0.0,0.0,0.0,0.04135966978604441,0.0,0.029474494827901286,0.03955869399605268,-0.41359669786044456,-0.41359669786044456,0.01653846153846154,-0.19472253293429687,-0.04135966978604441,Alakazam Dudunsparce
pokemon,Dartrix,4,3.0,1,100.0,1.0,0.230625,0.0,0.0,0.0,0.04146715821584445,0.0,0.01828042347117295,0.050660221298001754,-0.41467158215844496,-0.41467158215844496,0.0005128205128205128,-0.13822386071948164,-0.04146715821584445,Decidueye
pokemon,Pignite,1,2.0,1,110.0,1.0,0.21,0.0,0.0,0.0,0.0418751585009743,0.0,0.0442796610008159,0.0253392989443458,-0.4187515850097439,-0.4187515850097439,0.0001282051282051282,-0.20937579250487195,-0.0418751585009743,Other
pokemon,Volcarona,2,2.0,1,120.0,1.0,0.84,0.0,0.0,0.0,0.04199046370393435,0.0,0.0128950188051342,0.05691564019487785,-0.41990463703934433,-0.41990463703934433,0.0002564102564102564,-0.20995231851967217,-0.04199046370393435,Mega Camerupt
pokemon,Miraidon,2,3.0,0,115.0,1.0,0.59,0.0,0.0,0.0,0.041998097449984645,0.0,0.0015101631064947,0.06831318727140175,-0.4199809744998472,-0.4199809744998472,0.0002564102564102564,-0.13999365816661574,-0.041998097449984645,Eelektrik
pokemon,Pupitar,1,1.0,0,90.0,1.0,0.15,0.0,0.0,0.0,0.0424099658581232,0.0,0.0372269294758293,0.0332811669719406,-0.424099658581232,-0.424099658581232,0.0001282051282051282,-0.424099658581232,-0.0424099658581232,Hydreigon
pokemon,Iron Thorns ex,3,1.3333333333333333,0,230.0,2.0,0.32,0.0,0.0,0.0,0.042759266132073974,0.0,0.03811224421991847,0.03297657652004613,-0.4275926613207404,-0.4275926613207404,0.0003846153846153846,-0.32069449599055533,-0.042759266132073974,Mega Starmie
pokemon,Numel,2,3.0,1,80.0,1.0,0.235,0.0,0.0,0.0,0.043287394593904405,0.0,0.00476168797707455,0.0672051653613629,-0.4328739459390448,-0.4328739459390448,0.0002564102564102564,-0.14429131531301495,-0.043287394593904405,Mega Camerupt
pokemon,Jynx,4,1.75,1,100.0,1.0,0.18625,0.0,0.0,0.0,0.043385962519475144,0.0,0.03162866916357595,0.040502056902937844,-0.4338596251947521,-0.4338596251947521,0.0005128205128205128,-0.24791978582557261,-0.043385962519475144,Mega Chandelure
pokemon,Steven's Beldum,19,2.736842105263158,1,70.0,1.0,0.23574561403508767,0.0,0.0,0.0,0.04367731740588765,0.0,0.015984809113997068,0.056630304949913966,-0.43677317405887695,-0.43677317405887695,0.002435897435897436,-0.15959019821382042,-0.04367731740588765,Steven's Metagross
pokemon,Mega Dragalge ex,3,2.0,1,330.0,3.0,0.84,0.0,0.0,0.0,0.044154264824115934,0.0,0.0023053890671920667,0.07110266726593596,-0.4415426482411598,-0.4415426482411598,0.0003846153846153846,-0.2207713241205799,-0.044154264824115934,Mega Starmie
pokemon,Aromatisse,3,1.6666666666666667,1,120.0,1.0,0.7599999999999999,0.0,0.0,0.0,0.04417561565952463,0.0,0.0105322589197259,0.06291129394662907,-0.441756156595247,-0.441756156595247,0.0003846153846153846,-0.2650536939571482,-0.04417561565952463,Other
pokemon,Carvanha,119,3.672268907563025,1,70.0,1.0,0.23989495798319327,0.0,0.0,0.0,0.04536308005348998,0.0,0.005275524328632971,0.07014223088200343,-0.45363080053490024,-0.45363080053490024,0.015256410256410256,-0.12352875346373714,-0.04536308005348998,Sharpedo Toxtricity
pokemon,Mow Rotom,1,2.0,1,70.0,1.0,0.84,0.0,0.0,0.0,0.0453664125551692,0.0,0.0008558235310686,0.0745674720836935,-0.4536641255516922,-0.4536641255516922,0.0001282051282051282,-0.2268320627758461,-0.0453664125551692,Other
pokemon,Hop's Wooloo,28,1.0357142857142858,1,70.0,1.0,0.15214285714285714,0.0,0.0,0.0,0.04544599873805057,0.0,0.03187688767370434,0.04367872283792142,-0.4544599873805063,-0.4544599873805063,0.0035897435897435897,-0.4387889533329026,-0.04544599873805057,Hop's Trevenant
pokemon,Grafaiai,1,1.0,0,100.0,1.0,0.6,0.0,0.0,0.0,0.0454649826723815,0.0,0.0029491116295606,0.0726380603569611,-0.4546498267238158,-0.4546498267238158,0.0001282051282051282,-0.4546498267238158,-0.0454649826723815,Dudunsparce Control
pokemon,Dreepy,2345,3.9415778251599147,0,70.0,1.0,0.24180063965884863,0.0,0.0,0.0,0.04564865086663181,0.0,0.013456513472261615,0.06412627267733027,-0.4564865086663185,-0.4564865086663185,0.3006410256410256,-0.11581314106053413,-0.04564865086663181,Dragapult
pokemon,Rillaboom,12,1.0,0,180.0,1.0,0.6,0.0,0.0,0.0,0.04570701258416524,0.0,0.013945351097057775,0.06204420433915538,-0.45707012584165296,-0.45707012584165296,0.0015384615384615385,-0.45707012584165296,-0.04570701258416524,Festival Lead
pokemon,Slaking ex,1,3.0,0,340.0,2.0,0.94,0.0,0.0,0.0,0.0460762973612599,0.0,0.0013489593062307,0.075254545378779,-0.4607629736125995,-0.4607629736125995,0.0001282051282051282,-0.1535876578708665,-0.0460762973612599,Slaking
pokemon,Slowpoke,442,3.925339366515837,0,79.57013574660634,1.0,0.24182126696832576,0.0,0.0,0.0,0.046261269155737444,0.0,0.0060138133151809905,0.07093761551505652,-0.46261269155737483,-0.46261269155737483,0.056666666666666664,-0.11785291623536581,-0.046261269155737444,Slowking
pokemon,Doublade,13,4.0,1,100.0,1.0,0.2425,0.0,0.0,0.0,0.04650271897604446,0.0,0.015808399936683624,0.06150404604866162,-0.46502718976044505,-0.46502718976044505,0.0016666666666666668,-0.11625679744011126,-0.04650271897604446,Doublade
pokemon,Smoliv,37,1.972972972972973,1,60.0,1.0,0.20743243243243242,0.0,0.0,0.0,0.04650569442325404,0.0,0.013940952658293282,0.06372696116134065,-0.465056944232541,-0.465056944232541,0.004743589743589744,-0.23571379365210982,-0.04650569442325404,Ogerpon Meganium Arboliva
pokemon,Duskull,826,2.5217917675544794,0,60.0,1.0,0.21939467312348668,0.0,0.0,0.0,0.04680233786528929,0.0,0.020452103003793635,0.0733688421495799,-0.46802337865289334,-0.46802337865289334,0.1058974358974359,-0.18559160382491113,-0.04680233786528929,Dragapult Dusknoir
pokemon,Mewtwo ex,1,4.0,1,230.0,2.0,0.2425,0.0,0.0,0.0,0.0469032134912528,0.0,0.0597798916725168,0.0181983908758566,-0.4690321349125286,-0.4690321349125286,0.0001282051282051282,-0.11725803372813215,-0.0469032134912528,Dragapult
pokemon,Shinx,1,3.0,1,70.0,1.0,0.235,0.0,0.0,0.0,0.047767547281823,0.0,0.01687097913237,0.0625442894883919,-0.4776754728182308,-0.4776754728182308,0.0001282051282051282,-0.15922515760607694,-0.047767547281823,Other
pokemon,Snorunt,239,2.493723849372385,0,69.8744769874477,1.0,0.2175836820083682,0.0,0.0,0.0,0.04801918565729118,0.0,0.037882538574254054,0.04346677419304096,-0.48019185657291213,-0.48019185657291213,0.03064102564102564,-0.19256015724987582,-0.04801918565729118,Grimmsnarl Froslass
pokemon,Makuhita,220,1.9454545454545455,1,80.0,1.0,0.20609090909090907,0.0,0.0,0.0,0.049510665805709946,0.0,0.028661629580742448,0.053651636397840215,-0.4951066580570998,-0.4951066580570998,0.028205128205128206,-0.25449407657140644,-0.049510665805709946,Lucario Hariyama
pokemon,Ceruledge,3,1.0,0,140.0,1.0,0.6,0.0,0.0,0.0,0.050356321650413795,0.0,0.024987682895422903,0.058731516397500766,-0.5035632165041386,-0.5035632165041386,0.0003846153846153846,-0.5035632165041386,-0.050356321650413795,Ceruledge
pokemon,Fomantis,1,4.0,1,70.0,1.0,0.2425,0.0,0.0,0.0,0.0509605323766807,0.0,0.0179270797570645,0.0667966416405201,-0.5096053237668071,-0.5096053237668071,0.0001282051282051282,-0.12740133094170178,-0.0509605323766807,Other
pokemon,Ralts,3,3.0,1,70.0,1.0,0.26111111111111107,0.0,0.0,0.0,0.051428249002796196,0.0,0.008469080215803665,0.07703223692648636,-0.5142824900279623,-0.5142824900279623,0.0003846153846153846,-0.17142749667598745,-0.051428249002796196,Other
pokemon,Scolipede,2,1.0,0,170.0,1.0,0.6,0.0,0.0,0.0,0.05194265929070615,0.0,0.021534724914245098,0.0648218178680518,-0.5194265929070621,-0.5194265929070621,0.0002564102564102564,-0.5194265929070621,-0.05194265929070615,Other
pokemon,Emboar,1,2.0,1,180.0,1.0,0.84,0.0,0.0,0.0,0.0521380621104518,0.0,0.0238887457054774,0.0627926613058283,-0.5213806211045184,-0.5213806211045184,0.0001282051282051282,-0.2606903105522592,-0.0521380621104518,Other
pokemon,Krookodile ex,1,1.0,1,320.0,2.0,0.6,0.0,0.0,0.0,0.0524143333868146,0.0,0.0088787449975813,0.0782619729658885,-0.5241433338681469,-0.5241433338681469,0.0001282051282051282,-0.5241433338681469,-0.0524143333868146,Hydreigon
pokemon,Marnie's Morgrem,102,2.4313725490196076,1,100.0,1.0,0.2438235294117647,0.0,0.0,0.0,0.05255480498256233,0.0,0.029561390412434992,0.05789130783460289,-0.5255480498256238,-0.5255480498256238,0.013076923076923076,-0.2161528269444098,-0.05255480498256233,Grimmsnarl Froslass
pokemon,Chandelure,49,3.7755102040816326,0,130.0,1.0,0.9575510204081633,0.0,0.0,0.0,0.0527322040932297,0.0,0.01950384360818693,0.06816534585891039,-0.5273220409322974,-0.5273220409322974,0.006282051282051282,-0.13966908111179768,-0.0527322040932297,Mega Chandelure
pokemon,Drilbur,419,3.1670644391408116,0,70.0,1.0,0.23048926014319807,0.0,0.0,0.0,0.05315641295119886,0.0,0.03770870974816271,0.05085090134558495,-0.5315641295119891,-0.5315641295119891,0.053717948717948716,-0.16784127374945246,-0.05315641295119886,Mega Excadrill
pokemon,Blissey ex,1,2.0,0,300.0,2.0,0.84,0.0,0.0,0.0,0.0539238829904799,0.0,0.0027938761404575,0.0868565224344984,-0.5392388299047991,-0.5392388299047991,0.0001282051282051282,-0.26961941495239955,-0.0539238829904799,Joltik Box
pokemon,Gastrodon,1,1.0,0,130.0,1.0,0.15,0.0,0.0,0.0,0.0548114014926921,0.0,0.070775161600342,0.0203507684655495,-0.5481140149269217,-0.5481140149269217,0.0001282051282051282,-0.5481140149269217,-0.0548114014926921,Cynthia's Garchomp
pokemon,Cubchoo,2,1.0,1,70.0,1.0,0.15,0.0,0.0,0.0,0.055305217584124704,0.0,0.06773615843795615,0.0242107586742034,-0.5530521758412474,-0.5530521758412474,0.0002564102564102564,-0.5530521758412474,-0.055305217584124704,Dudunsparce Control
pokemon,Mega Meganium ex,28,1.1428571428571428,1,360.0,3.0,0.6342857142857142,0.0,0.0,0.0,0.05531821771748845,0.0,0.0015580171410637421,0.09041051316126225,-0.5531821771748849,-0.5531821771748849,0.0035897435897435897,-0.48403440502802436,-0.05531821771748845,Mega Venusaur
pokemon,Yanma,10,3.2,1,70.0,1.0,0.22774999999999998,0.0,0.0,0.0,0.056211742383553684,0.0,0.0310724260222902,0.062381621234804174,-0.5621174238355373,-0.5621174238355373,0.001282051282051282,-0.1756616949486054,-0.056211742383553684,Yanmega
pokemon,Rowlet,4,3.0,0,72.5,1.0,0.230625,0.0,0.0,0.0,0.056465651086388374,0.0,0.03351489363110367,0.060361285993847005,-0.5646565108638841,-0.5646565108638841,0.0005128205128205128,-0.18821883695462804,-0.056465651086388374,Decidueye
pokemon,Larvitar,1,1.0,0,70.0,1.0,0.15,0.0,0.0,0.0,0.0568176803346417,0.0,0.0576248225390377,0.0368366183962218,-0.568176803346417,-0.568176803346417,0.0001282051282051282,-0.568176803346417,-0.0568176803346417,Hydreigon
pokemon,Lurantis ex,1,3.0,1,260.0,2.0,0.94,0.0,0.0,0.0,0.0576624047180719,0.0,0.0043909491026893,0.0914748765589795,-0.5766240471807199,-0.5766240471807199,0.0001282051282051282,-0.19220801572690663,-0.0576624047180719,Other
pokemon,Galvantula ex,3,1.0,0,260.0,2.0,0.45,0.0,0.0,0.0,0.059002746965709264,0.0,0.025551539942363966,0.07254265300414503,-0.590027469657093,-0.590027469657093,0.0003846153846153846,-0.590027469657093,-0.059002746965709264,Kangaskhan Bouffalant
pokemon,Froakie,97,3.515463917525773,0,69.89690721649484,1.0,0.25095360824742263,0.0,0.0,0.0,0.05908287737660629,0.0,0.0358520706826403,0.06772672146120368,-0.5908287737660632,-0.5908287737660632,0.012435897435897436,-0.16806566291879219,-0.05908287737660629,Mega Greninja
pokemon,Sylveon,7,1.5714285714285714,0,120.0,1.0,0.6328571428571428,0.0,0.0,0.0,0.05909538188284321,0.0,0.043101126166320954,0.055147075667947174,-0.5909538188284325,-0.5909538188284325,0.0008974358974358974,-0.37606152107263885,-0.05909538188284321,Sylveon
pokemon,Slakoth,1,3.0,0,60.0,1.0,0.235,0.0,0.0,0.0,0.059365796912705,0.0,0.0359945518372594,0.0627032247283398,-0.5936579691270509,-0.5936579691270509,0.0001282051282051282,-0.19788598970901697,-0.059365796912705,Slaking
pokemon,Team Rocket's Articuno,317,1.6971608832807572,1,120.0,1.0,0.20154574132492115,0.0,0.0,0.0,0.05937768511743066,0.0,0.06496244474983878,0.033755096384498536,-0.593776851174307,-0.593776851174307,0.04064102564102564,-0.3498647989261251,-0.05937768511743066,Rocket's Honchkrow
pokemon,Manectric,19,1.368421052631579,1,120.0,1.0,0.3773684210526316,0.0,0.0,0.0,0.05975112948208514,0.0,0.05971391341266384,0.03962449243467561,-0.5975112948208519,-0.5975112948208519,0.002435897435897436,-0.43664286929216095,-0.05975112948208514,Manectric Eelektrik
pokemon,Team Rocket's Arbok,2,2.0,1,130.0,1.0,0.4175,0.0,0.0,0.0,0.0598787338004938,0.0,0.0658766324776906,0.0336739201471211,-0.5987873380049383,-0.5987873380049383,0.0002564102564102564,-0.29939366900246916,-0.0598787338004938,Other
pokemon,Meloetta ex,1,1.0,1,200.0,2.0,0.15,0.0,0.0,0.0,0.0598857670277774,0.0,0.1191557698364078,0.0222761224984328,-0.5988576702777741,-0.5988576702777741,0.0001282051282051282,-0.5988576702777741,-0.0598857670277774,Diancie Dusknoir
pokemon,Archeops,1,2.0,1,140.0,1.0,0.84,0.0,0.0,0.0,0.0601215963274946,0.0,0.0605776380387018,0.0393766822886024,-0.6012159632749462,-0.6012159632749462,0.0001282051282051282,-0.3006079816374731,-0.0601215963274946,Mega Greninja
pokemon,Deino,6,2.8333333333333335,0,70.0,1.0,0.2931944444444444,0.0,0.0,0.0,0.06096181623642166,0.0,0.02317958666479092,0.07817162953774594,-0.6096181623642173,-0.6096181623642173,0.0007692307692307692,-0.2151593514226649,-0.06096181623642166,Hydreigon
pokemon,Whimsicott ex,1,1.0,1,230.0,2.0,0.15,0.0,0.0,0.0,0.0616312186667624,0.0,0.0806758029899913,0.0217883188743594,-0.6163121866676249,-0.6163121866676249,0.0001282051282051282,-0.6163121866676249,-0.0616312186667624,Mega Chandelure
pokemon,Mega Darkrai ex,12,2.25,1,280.0,3.0,0.47124999999999995,0.0,0.0,2.75884419945556,2.821413984761079,4.028468915584645,0.48165702274867145,0.09008517816779478,-0.6256978530551879,-0.6256978530551879,0.0015384615384615385,-0.27808793469119464,-0.06256978530551915,Mega Darkrai
pokemon,Aegislash,13,3.923076923076923,1,150.0,1.0,0.9676923076923077,0.0,0.0,0.0,0.06280812073826508,0.0,0.03215022739630118,0.072270536570632,-0.6280812073826514,-0.6280812073826514,0.0016666666666666668,-0.16009913129361703,-0.06280812073826508,Doublade
pokemon,Ethan's Slugma,1,3.0,1,80.0,1.0,0.235,0.0,0.0,0.0,0.0629056120250936,0.0,0.0242158918492359,0.0803669548950689,-0.6290561202509359,-0.6290561202509359,0.0001282051282051282,-0.20968537341697865,-0.0629056120250936,Ethan's Magcargo
pokemon,Kakuna,37,3.972972972972973,1,80.0,1.0,0.2422972972972973,0.0,0.0,0.0,0.06311766410886112,0.0,0.04939832308951219,0.055537067885180605,-0.6311766410886116,-0.6311766410886116,0.004743589743589744,-0.15886758993386824,-0.06311766410886112,Beedrill
pokemon,Riolu,298,3.3187919463087248,0,77.75167785234899,1.0,0.23739093959731541,0.0,0.0,0.0,0.06405615166827448,0.0,0.03306898164218311,0.07342667871767058,-0.6405615166827452,-0.6405615166827452,0.038205128205128204,-0.19301044688721747,-0.06405615166827448,Lucario Hariyama
pokemon,Exeggutor,1,1.0,0,130.0,1.0,0.6,0.0,0.0,0.0,0.0641843646421088,0.0,0.0665039571322044,0.0402048619166991,-0.6418436464210882,-0.6418436464210882,0.0001282051282051282,-0.6418436464210882,-0.0641843646421088,Alolan Exeggutor ex
pokemon,Mega Charizard Y ex,2,1.0,1,360.0,3.0,0.6,0.0,0.0,0.0,0.0643548340540169,0.0,0.0054756781664290505,0.10151655242249845,-0.6435483405401696,-0.6435483405401696,0.0002564102564102564,-0.6435483405401696,-0.0643548340540169,Mega Charizard X
pokemon,Litwick,50,3.88,1,70.0,1.0,0.2416,0.0,0.0,0.0,0.0645488284615972,0.0,0.03717306930455738,0.07014168397740303,-0.6454882846159723,-0.6454882846159723,0.00641025641025641,-0.1663629599525702,-0.0645488284615972,Mega Chandelure
pokemon,Kyogre,7,2.142857142857143,1,150.0,1.0,0.20607142857142854,0.0,0.0,0.0,0.06462184740731382,0.0,0.06993726206139715,0.03749888784899548,-0.6462184740731386,-0.6462184740731386,0.0008974358974358974,-0.30156862123413136,-0.06462184740731382,Mega Abomasnow
pokemon,Ethan's Ho-Oh ex,1,3.0,1,230.0,2.0,0.235,0.0,0.0,0.0,0.0646979284309515,0.0,0.0534215406755551,0.0541410966781529,-0.6469792843095151,-0.6469792843095151,0.0001282051282051282,-0.21565976143650503,-0.0646979284309515,Ethan's Magcargo
pokemon,Electrike,22,3.1818181818181817,1,70.0,1.0,0.23477272727272727,0.0,0.0,0.0,0.06490523736353232,0.0,0.04999216989844859,0.057915126025883994,-0.6490523736353236,-0.6490523736353236,0.0028205128205128207,-0.203987888856816,-0.06490523736353232,Manectric Eelektrik
pokemon,Decidueye ex,4,3.0,1,320.0,2.0,0.9225,0.0,0.0,0.0,0.06534747703998145,0.0,0.007640354358569275,0.10100218096360719,-0.6534747703998149,-0.6534747703998149,0.0005128205128205128,-0.21782492346660498,-0.06534747703998145,Decidueye
pokemon,Team Rocket's Wobbuffet,17,1.0588235294117647,1,110.0,1.0,0.1535294117647059,0.0,0.0,0.0,0.06614401415850367,0.0,0.07956158815822285,0.030405218826064263,-0.6614401415850371,-0.6614401415850371,0.0021794871794871794,-0.624693467052535,-0.06614401415850367,Rocket's Mewtwo
pokemon,Togepi,18,1.1666666666666667,0,50.0,1.0,0.16,0.0,0.0,0.0,0.06619765549029247,0.0,0.06623042492152226,0.044794593101918086,-0.6619765549029251,-0.6619765549029251,0.002307692307692308,-0.5674084756310785,-0.06619765549029247,Alakazam Dudunsparce
pokemon,Salazzle ex,1,4.0,1,260.0,2.0,0.2425,0.0,0.0,0.0,0.0664334440812676,0.0,0.0360701265756774,0.0743778680845767,-0.6643344408126768,-0.6643344408126768,0.0001282051282051282,-0.1660836102031692,-0.0664334440812676,Other
pokemon,Mega Heracross ex,3,1.3333333333333333,1,280.0,3.0,0.37999999999999995,0.0,0.0,0.0,0.0678273347194482,0.0,0.03232447166391093,0.0804409164100343,-0.6782733471944824,-0.6782733471944824,0.0003846153846153846,-0.5087050103958618,-0.0678273347194482,Mega Venusaur
pokemon,Empoleon ex,108,1.0833333333333333,1,320.0,2.0,0.62,0.0,0.0,0.0,0.067983779260503,0.0,0.020334932522007066,0.09269055023879365,-0.6798377926050305,-0.6798377926050305,0.013846153846153847,-0.627542577789259,-0.067983779260503,Mega Excadrill
pokemon,Yanmega ex,10,2.7,1,280.0,2.0,0.6478333333333334,0.0,0.0,0.0,0.0680565387173429,0.0,0.03048522486584578,0.08266122311377919,-0.6805653871734296,-0.6805653871734296,0.001282051282051282,-0.2520612545086776,-0.0680565387173429,Yanmega
pokemon,N's Zorua,584,3.9383561643835616,1,70.0,1.0,0.24155821917808218,0.0,0.0,0.0,0.0682570372582327,0.0,0.04268916524112604,0.07081743796838064,-0.6825703725823276,-0.6825703725823276,0.07487179487179488,-0.17331352069046926,-0.0682570372582327,N's Zoroark
pokemon,Team Rocket's Sneasel,45,1.0,1,80.0,1.0,0.15999999999999998,0.0,0.0,0.0,0.069371760516982,0.0,0.07312947227368116,0.042203579340792025,-0.6937176051698205,-0.6937176051698205,0.0057692307692307696,-0.6937176051698205,-0.069371760516982,Rocket's Mewtwo
pokemon,Lucario,17,1.0,1,120.0,1.0,0.6,0.0,0.0,0.0,0.07034240059151657,0.0,0.059916264861148,0.05703051085346486,-0.7034240059151662,-0.7034240059151662,0.0021794871794871794,-0.7034240059151662,-0.07034240059151657,Lucario Hariyama
pokemon,Seel,1,2.0,1,80.0,1.0,0.21,0.0,0.0,0.0,0.0709472663703148,0.0,0.055928142534014,0.0620242443336975,-0.7094726637031483,-0.7094726637031483,0.0001282051282051282,-0.35473633185157416,-0.0709472663703148,Kangaskhan Bouffalant
pokemon,Magneton,3,2.0,0,100.0,1.0,0.19833333333333333,0.0,0.0,0.0,0.07186603288996904,0.0,0.06914622614101197,0.050333643172629304,-0.7186603288996908,-0.7186603288996908,0.0003846153846153846,-0.3593301644498454,-0.07186603288996904,Other
pokemon,Lycanroc,4,3.25,1,120.0,1.0,0.9475,0.0,0.0,0.0,0.07198728241619175,0.0,0.010993443172750975,0.10868800784736357,-0.7198728241619178,-0.7198728241619178,0.0005128205128205128,-0.2214993305113593,-0.07198728241619175,Other
pokemon,Honedge,13,4.0,1,70.0,1.0,0.2425,0.0,0.0,0.0,0.07221489256689374,0.0,0.04693618195537631,0.07312367914202712,-0.722148925668938,-0.722148925668938,0.0016666666666666668,-0.1805372314172345,-0.07221489256689374,Doublade
pokemon,Finizen,4,3.25,0,70.0,1.0,0.236875,0.0,0.0,0.0,0.07325441108878368,0.0,0.0560583533890519,0.06768949643485313,-0.7325441108878371,-0.7325441108878371,0.0005128205128205128,-0.22539818796548833,-0.07325441108878368,Palafin
pokemon,Armarouge,5,1.0,1,140.0,1.0,0.6,0.0,0.0,0.0,0.07464798036766815,0.0,0.054872588350686605,0.06923236888984514,-0.7464798036766822,-0.7464798036766822,0.000641025641025641,-0.7464798036766822,-0.07464798036766815,Ceruledge
pokemon,Mega Feraligatr ex,2,2.0,1,370.0,3.0,0.84,0.0,0.0,0.0,0.07468957211211055,0.0,0.00208131404076565,0.1220927909736263,-0.7468957211211065,-0.7468957211211065,0.0002564102564102564,-0.37344786056055324,-0.07468957211211055,Mega Feraligatr
pokemon,Team Rocket's Weezing,1,4.0,1,130.0,1.0,0.97,0.0,0.0,0.0,0.0765751683077409,0.0,0.0155726116003413,0.1117363650352119,-0.7657516830774094,-0.7657516830774094,0.0001282051282051282,-0.19143792076935234,-0.0765751683077409,Other
pokemon,Elgyem,124,1.1451612903225807,1,60.0,1.0,0.15905913978494624,0.0,0.0,0.0,0.0769571423317705,0.0,0.049638830621822665,0.07924931489971428,-0.7695714233177054,-0.7695714233177054,0.015897435897435898,-0.6720201161365879,-0.0769571423317705,Alakazam Dudunsparce
pokemon,Ethan's Cyndaquil,48,4.0,1,70.0,1.0,0.24250000000000002,0.0,0.0,0.0,0.07752512957203812,0.0,0.048282760688365935,0.08060556078016322,-0.7752512957203815,-0.7752512957203815,0.006153846153846154,-0.19381282393009538,-0.07752512957203812,Ethan's Typhlosion
pokemon,Gourgeist ex,1,3.0,1,270.0,2.0,0.94,0.0,0.0,0.0,0.0781996352942306,0.0,0.0086366721167834,0.121373039420156,-0.7819963529423063,-0.7819963529423063,0.0001282051282051282,-0.26066545098076876,-0.0781996352942306,Other
pokemon,Conkeldurr,1,3.0,0,180.0,1.0,0.94,0.0,0.0,0.0,0.0783071317805448,0.0,0.0213192311090336,0.1088691972099517,-0.7830713178054483,-0.7830713178054483,0.0001282051282051282,-0.2610237726018161,-0.0783071317805448,Conkeldurr
pokemon,Barbaracle,16,2.1875,1,130.0,1.0,0.845625,0.0,0.0,0.0,0.07857093958412356,0.0,0.028046435887093882,0.10258058241144084,-0.7857093958412359,-0.7857093958412359,0.0020512820512820513,-0.35918143809885067,-0.07857093958412356,Okidogi Barbaracle
pokemon,Munkidori ex,2,2.5,0,210.0,2.0,0.22249999999999998,0.0,0.0,0.0,0.08192767646398715,0.0,0.11056091087140474,0.0256468034471877,-0.8192767646398722,-0.8192767646398722,0.0002564102564102564,-0.32771070585594886,-0.08192767646398715,Dragapult
pokemon,Mega Eelektross ex,15,1.0,1,350.0,3.0,0.6,0.0,0.0,0.0,0.08252829665025573,0.0,0.023797702249842467,0.11340856477128153,-0.8252829665025576,-0.8252829665025576,0.0019230769230769232,-0.8252829665025576,-0.08252829665025573,Manectric Eelektrik
pokemon,Mega Emboar ex,1,1.0,1,380.0,3.0,0.6,0.0,0.0,0.0,0.0837312520916105,0.0,0.0046505209916941,0.1345557027982036,-0.8373125209161058,-0.8373125209161058,0.0001282051282051282,-0.8373125209161058,-0.0837312520916105,Other
pokemon,Aurorus,3,2.0,1,170.0,1.0,0.84,0.0,0.0,0.0,0.08383592308756234,0.0,0.03465005734936883,0.10473018574303293,-0.8383592308756237,-0.8383592308756237,0.0003846153846153846,-0.41917961543781185,-0.08383592308756234,Other
pokemon,Marnie's Impidimp,102,3.5,1,70.0,1.0,0.24112745098039215,0.0,0.0,0.0,0.08430349966004418,0.0,0.0718418703413283,0.06843720189112996,-0.8430349966004421,-0.8430349966004421,0.013076923076923076,-0.2408671418858406,-0.08430349966004418,Grimmsnarl Froslass
pokemon,Charmander,3,3.3333333333333335,1,80.0,1.0,0.5061111111111111,0.0,0.0,0.0,0.08436101143417907,0.0,0.006293419980771958,0.13395980140901184,-0.8436101143417911,-0.8436101143417911,0.0003846153846153846,-0.2530830343025373,-0.08436101143417907,Mega Charizard X
pokemon,Beldum,408,3.980392156862745,0,69.97549019607843,1.0,0.24231004901960784,0.0,0.0,0.0,0.08634250846910596,0.0,0.06813227620387644,0.07541525540810803,-0.86342508469106,-0.86342508469106,0.052307692307692305,-0.21691960255785253,-0.08634250846910596,Mega Excadrill
pokemon,Mega Lucario ex,298,2.9731543624161074,1,340.0,3.0,0.8287583892617449,0.0,0.0,3.8606962293425626,3.947389691683864,4.820791663480796,1.5278025602018677,0.20898761257980633,-0.8669346234130149,-0.8669346234130149,0.038205128205128204,-0.2915874918477183,-0.0866934623413016,Lucario Hariyama
pokemon,Gastly,4,2.75,1,70.0,1.0,0.21125,0.0,0.0,0.0,0.08695206636299083,0.0,0.08979360422655122,0.05476733934893995,-0.8695206636299087,-0.8695206636299087,0.0005128205128205128,-0.3161893322290577,-0.08695206636299083,Gengar
pokemon,Petilil,5,1.2,1,60.0,1.0,0.16199999999999998,0.0,0.0,0.0,0.08755120194265355,0.0,0.1236008175934588,0.02195621047258512,-0.8755120194265356,-0.8755120194265356,0.000641025641025641,-0.729593349522113,-0.08755120194265355,Festival Lead
pokemon,Team Rocket's Kangaskhan ex,78,1.0,1,230.0,2.0,0.15576923076923077,0.0,0.0,0.0,0.08791774212389615,0.0,0.11573934489129811,0.03042706943403907,-0.8791774212389618,-0.8791774212389618,0.01,-0.8791774212389618,-0.08791774212389615,Mega Excadrill
pokemon,Cynthia's Spiritomb,100,1.03,1,70.0,1.0,0.1518,0.0,0.0,0.0,0.08813280280123775,0.0,0.11229459384840437,0.03422936660254992,-0.881328028012378,-0.881328028012378,0.01282051282051282,-0.8556582796236679,-0.08813280280123775,Cynthia's Garchomp
pokemon,Magnemite,3,2.0,1,70.0,1.0,0.19833333333333333,0.0,0.0,0.0,0.08944415376910524,0.0,0.09208241359833441,0.05662171509016561,-0.894441537691053,-0.894441537691053,0.0003846153846153846,-0.4472207688455265,-0.08944415376910524,Other
pokemon,Shellos,1,1.0,0,70.0,1.0,0.15,0.0,0.0,0.0,0.089543701326139,0.0,0.1117641159961664,0.0371055140930175,-0.8954370132613904,-0.8954370132613904,0.0001282051282051282,-0.8954370132613904,-0.089543701326139,Cynthia's Garchomp
pokemon,Scream Tail ex,6,1.0,0,190.0,2.0,0.6,0.0,0.0,0.0,0.08966441529893326,0.0,0.10347077705011369,0.04559954436867051,-0.8966441529893329,-0.8966441529893329,0.0007692307692307692,-0.8966441529893329,-0.08966441529893326,Mew Box
pokemon,Alolan Exeggutor ex,2,3.0,0,300.0,2.0,0.94,0.0,0.0,0.0,0.0924199101898233,0.0,0.01898464279352795,0.1346667881733791,-0.9241991018982334,-0.9241991018982334,0.0002564102564102564,-0.3080663672994111,-0.0924199101898233,Alolan Exeggutor ex
pokemon,Iono's Kilowattrel,14,2.0714285714285716,1,120.0,1.0,0.5378571428571428,0.0,0.0,0.0,0.09764336363935029,0.0,0.11560596505913427,0.04672964549050977,-0.9764336363935033,-0.9764336363935033,0.0017948717948717949,-0.4713817555003119,-0.09764336363935029,Manectric Eelektrik
pokemon,Rockruff,4,3.5,0,70.0,1.0,0.23875,0.0,0.0,0.0,0.09804232664663248,0.0,0.09287159025934037,0.0701273106662179,-0.980423266466325,-0.980423266466325,0.0005128205128205128,-0.2801209332760929,-0.09804232664663248,Other
pokemon,Erika's Tangela,2,2.0,1,80.0,1.0,0.21,0.0,0.0,0.0,0.0998507839955316,0.0,0.1284903505769002,0.03751517585749315,-0.9985078399553162,-0.9985078399553162,0.0002564102564102564,-0.4992539199776581,-0.0998507839955316,Yanmega
pokemon,Hop's Dubwool,28,1.0357142857142858,1,120.0,1.0,0.6085714285714285,0.0,0.0,0.0,0.1012718046850023,0.0,0.08889974051329584,0.07946828402266781,-1.0127180468500232,-1.0127180468500232,0.0035897435897435897,-0.9777967348896774,-0.1012718046850023,Hop's Trevenant
pokemon,Squawkabilly,1,1.0,0,70.0,1.0,0.6,0.0,0.0,0.0,0.10182761814708,0.0,0.0025516833071995,0.1667404011377545,-1.0182761814708003,-1.0182761814708003,0.0001282051282051282,-1.0182761814708003,-0.10182761814708,Raging Bolt Ogerpon
pokemon,Furfrou,4,1.0,1,90.0,1.0,0.375,0.0,0.0,0.0,0.1022817487387498,0.0,0.05984437748839385,0.11020271542943792,-1.0228174873874984,-1.0228174873874984,0.0005128205128205128,-1.0228174873874984,-0.1022817487387498,Basic Box
pokemon,Team Rocket's Koffing,1,4.0,1,70.0,1.0,0.2425,0.0,0.0,0.0,0.1023884904236908,0.0,0.0872931078551966,0.0829314469601994,-1.0238849042369085,-1.0238849042369085,0.0001282051282051282,-0.2559712260592271,-0.1023884904236908,Other
pokemon,Ethan's Magcargo,1,3.0,1,130.0,1.0,0.94,0.0,0.0,0.0,0.1024844749742112,0.0,0.0621019392330555,0.1082821933563059,-1.0248447497421127,-1.0248447497421127,0.0001282051282051282,-0.34161491658070425,-0.1024844749742112,Ethan's Magcargo
pokemon,Charjabug,1,3.0,1,100.0,1.0,0.235,0.0,0.0,0.0,0.104102634293476,0.0,0.1072570351220854,0.0658173456446093,-1.0410263429347606,-1.0410263429347606,0.0001282051282051282,-0.34700878097825355,-0.104102634293476,Manectric Eelektrik
pokemon,Banette,258,3.5387596899224807,1,80.0,1.0,0.9158947028423772,0.0,0.0,0.0,0.10424738877659709,0.0,0.006668050630377352,0.16668689525752964,-1.0424738877659714,-1.0424738877659714,0.03307692307692308,-0.29458736368414085,-0.10424738877659709,Dhelmise
pokemon,Trevenant,2,2.5,1,130.0,1.0,0.8899999999999999,0.0,0.0,0.0,0.1061347781281852,0.0,0.07473002081970545,0.10172287229884415,-1.0613477812818524,-1.0613477812818524,0.0002564102564102564,-0.42453911251274096,-0.1061347781281852,Other
pokemon,Fezandipiti ex,5396,1.0040770941438102,0,210.0,2.0,0.6252490311271106,4.981778973993459,2.9178282448556265,0.112709238225397,0.717127012756511,0.2601067734088038,0.8786305003526109,0.06709928041986313,-1.0623987713176812,-3.1263495004555137,0.6917948717948718,-1.058084859732412,-0.604417774531114,Dragapult
pokemon,Galvantula,15,1.0666666666666667,0,100.0,1.0,0.616,0.0,0.0,0.0,0.10793390014023999,0.0,0.07086663588825987,0.10857736240522983,-1.0793390014024,-1.0793390014024,0.0019230769230769232,-1.01188031381475,-0.10793390014023999,Kangaskhan Bouffalant
pokemon,Koffing,1,3.0,1,60.0,1.0,0.235,0.0,0.0,0.0,0.1084036597282026,0.0,0.1111186966855486,0.0691062938503338,-1.0840365972820267,-1.0840365972820267,0.0001282051282051282,-0.36134553242734224,-0.1084036597282026,Other
pokemon,Amaura,2,1.0,1,100.0,1.0,0.15,0.0,0.0,0.0,0.1084545237893115,0.0,0.153739699865986,0.041752531443337404,-1.0845452378931149,-1.0845452378931149,0.0002564102564102564,-1.0845452378931149,-0.1084545237893115,Kangaskhan Bouffalant
pokemon,Wailmer,4,3.75,1,130.0,1.0,0.24062499999999998,0.0,0.0,0.0,0.11089781027775368,0.0,0.1551135997175285,0.029258005981669825,-1.1089781027775372,-1.1089781027775372,0.0005128205128205128,-0.2957274940740099,-0.11089781027775368,Wailord
pokemon,Team Rocket's Ekans,2,2.0,1,70.0,1.0,0.1925,0.0,0.0,0.0,0.1112632747549687,0.0,0.14549748202337645,0.03948172153840715,-1.112632747549687,-1.112632747549687,0.0002564102564102564,-0.5563163737748436,-0.1112632747549687,Other
pokemon,Zekrom ex,4,1.0,1,230.0,2.0,0.15,0.0,0.0,0.0,0.11215218999621747,0.0,0.17036361445156345,0.016093442730134324,-1.1215218999621754,-1.1215218999621754,0.0005128205128205128,-1.1215218999621754,-0.11215218999621747,Manectric Eelektrik
pokemon,Mega Diancie ex,16,2.3125,1,270.0,3.0,0.2678125,0.0,0.0,0.0,0.1159233284503957,0.0,0.1996984619259461,0.048217612099906305,-1.1592332845039575,-1.1592332845039575,0.0020512820512820513,-0.5012900689746843,-0.1159233284503957,Diancie Dusknoir
pokemon,Palafin,4,3.25,0,100.0,1.0,0.6341666666666667,0.0,0.0,0.0,0.11683438862961895,0.0,0.044474985812693574,0.15180581358756634,-1.16834388629619,-1.16834388629619,0.0005128205128205128,-0.3594904265526738,-0.11683438862961895,Palafin
pokemon,Binacle,16,2.1875,1,80.0,1.0,0.21140625,0.0,0.0,0.0,0.11879835197985798,0.0,0.12483042923750641,0.07267611173103743,-1.1879835197985802,-1.1879835197985802,0.0020512820512820513,-0.543078180479351,-0.11879835197985798,Okidogi Barbaracle
pokemon,Sinistcha ex,3,1.3333333333333333,0,240.0,2.0,0.68,0.0,0.0,0.0,0.12377311962852396,0.0,0.10034120232848791,0.10543606911767085,-1.23773119628524,-1.23773119628524,0.0003846153846153846,-0.92829839721393,-0.12377311962852396,Sinistcha Ogerpon
pokemon,Hop's Phantump,42,3.857142857142857,1,70.0,1.0,0.25009920634920635,0.0,0.0,0.0,0.12689125548519614,0.0,0.12609899504927674,0.08503978965449799,-1.268912554851962,-1.268912554851962,0.005384615384615384,-0.3289773290356938,-0.12689125548519614,Hop's Trevenant
pokemon,N's Joltik,1,1.0,1,40.0,1.0,0.15,0.0,0.0,0.0,0.1275043426086001,0.0,0.0093296951566713,0.2026508689454506,-1.2750434260860013,-1.2750434260860013,0.0001282051282051282,-1.2750434260860013,-0.1275043426086001,N's Zoroark
pokemon,Carracosta,1,1.0,1,180.0,1.0,0.6,0.0,0.0,0.0,0.1284147157405056,0.0,0.1168737904077911,0.0966203018306793,-1.2841471574050565,-1.2841471574050565,0.0001282051282051282,-1.2841471574050565,-0.1284147157405056,Other
pokemon,Misty's Staryu,3,2.3333333333333335,1,70.0,1.0,0.20666666666666667,0.0,0.0,0.0,0.12998961660028788,0.0,0.16471194357656407,0.05140047809156653,-1.2998961660028794,-1.2998961660028794,0.0003846153846153846,-0.5570983568583768,-0.12998961660028788,Misty's Gyarados
pokemon,Gurdurr,1,1.0,1,100.0,1.0,0.15,0.0,0.0,0.0,0.1301563804449831,0.0,0.172185347338847,0.0442043252302889,-1.301563804449831,-1.301563804449831,0.0001282051282051282,-1.301563804449831,-0.1301563804449831,Conkeldurr
pokemon,Team Rocket's Mimikyu,111,1.6756756756756757,1,60.0,1.0,0.20270270270270271,0.0,0.0,0.0,0.1335971379065925,0.0,0.1396640269055822,0.08512412839970304,-1.3359713790659253,-1.3359713790659253,0.01423076923076923,-0.7972732423457941,-0.1335971379065925,Rocket's Mewtwo
pokemon,Wishiwashi,1,1.0,1,30.0,1.0,0.15,0.0,0.0,0.0,0.133895893119538,0.0,0.0152212898750001,0.2073854572658823,-1.33895893119538,-1.33895893119538,0.0001282051282051282,-1.33895893119538,-0.133895893119538,Mega Greninja
pokemon,Rellor,325,1.2276923076923076,0,49.23076923076923,1.0,0.16366153846153844,0.0,0.0,0.0,0.13397479648208308,0.0,0.16825648435040463,0.06707061834389694,-1.339747964820831,-1.339747964820831,0.041666666666666664,-1.0912734049292483,-0.13397479648208308,Festival Lead
pokemon,Frosmoth,1,2.0,1,110.0,1.0,0.84,0.0,0.0,0.0,0.134478293471118,0.0,0.0950203971197052,0.1285546115920022,-1.3447829347111806,-1.3447829347111806,0.0001282051282051282,-0.6723914673555903,-0.134478293471118,Other
pokemon,Team Rocket's Meowth,1,1.0,1,70.0,1.0,0.15,0.0,0.0,0.0,0.1347874192112781,0.0,0.179253019743808,0.0448359216500102,-1.3478741921127817,-1.3478741921127817,0.0001282051282051282,-1.3478741921127817,-0.1347874192112781,Rocket's Honchkrow
pokemon,Iono's Voltorb,3,2.3333333333333335,1,70.0,1.0,0.21833333333333335,0.0,0.0,0.0,0.13763750702307503,0.0,0.17625548570225247,0.05257182937927537,-1.3763750702307511,-1.3763750702307511,0.0003846153846153846,-0.5898750300988933,-0.13763750702307503,Iono's Bellibolt
pokemon,Dewgong,1,2.0,1,130.0,1.0,0.84,0.0,0.0,0.0,0.1378119197807453,0.0,0.1195204464030638,0.1095968361729128,-1.3781191978074536,-1.3781191978074536,0.0001282051282051282,-0.6890595989037268,-0.1378119197807453,Kangaskhan Bouffalant
pokemon,Grookey,298,3.6040268456375837,0,70.0,1.0,0.23953020134228187,0.0,0.0,0.0,0.13869355881754447,0.0,0.17252069821230365,0.05806234103149747,-1.3869355881754453,-1.3869355881754453,0.038205128205128204,-0.38482942763154815,-0.13869355881754447,Festival Lead
pokemon,Smoochum,86,1.0232558139534884,0,30.0,1.0,0.15383720930232558,0.0,0.0,0.0,0.14023283534346706,0.0,0.00625581064959902,0.22770769842833652,-1.402328353434671,-1.402328353434671,0.011025641025641025,-1.370457254492974,-0.14023283534346706,Slowking
pokemon,Purrloin,3,1.0,1,60.0,1.0,0.15,0.0,0.0,0.0,0.14117272087940744,0.0,0.020677542147755,0.21402719335848255,-1.4117272087940744,-1.4117272087940744,0.0003846153846153846,-1.4117272087940744,-0.14117272087940744,N's Zoroark
pokemon,Charcadet,30,3.966666666666667,0,70.0,1.0,0.24225,0.0,0.0,0.0,0.14506398076037033,0.0,0.1594298585762645,0.08174423670046015,-1.4506398076037037,-1.4506398076037037,0.0038461538461538464,-0.3657075145219421,-0.14506398076037033,Ceruledge
pokemon,Drizzile,1,2.0,1,100.0,1.0,0.21,0.0,0.0,0.0,0.1453564481596772,0.0,0.1550964422138054,0.0865638906530918,-1.4535644815967723,-1.4535644815967723,0.0001282051282051282,-0.7267822407983862,-0.1453564481596772,Mega Froslass
pokemon,Cynthia's Gible,106,3.990566037735849,1,70.0,1.0,0.24242924528301885,0.0,0.0,0.0,0.14542115656755747,0.0,0.15745102828003799,0.08431688464667504,-1.4542115656755747,-1.4542115656755747,0.01358974358974359,-0.36441235451917475,-0.14542115656755747,Cynthia's Garchomp
pokemon,Team Rocket's Porygon-Z,12,1.0833333333333333,1,140.0,1.0,0.62,0.0,0.0,0.0,0.14732332016643354,0.0,0.12978872969647123,0.11514159875629208,-1.4732332016643355,-1.4732332016643355,0.0015384615384615385,-1.359907570767079,-0.14732332016643354,Rocket's Honchkrow
pokemon,Relicanth,22,1.1363636363636365,0,100.0,1.0,0.16522727272727272,0.0,0.0,0.0,0.1482096931364398,0.1387177469607879,0.06691334303274618,0.039203166769676834,-1.482096931364399,-1.482096931364399,0.0028205128205128207,-1.304245299600671,-0.1482096931364398,Cynthia's Garchomp
pokemon,Team Rocket's Chingling,2,1.0,1,30.0,1.0,0.15,0.0,0.0,0.0,0.15,0.0,0.17019483152232395,0.22969085898923855,-1.5,-1.5,0.0002564102564102564,-1.5,-0.15,Other
pokemon,Cottonee,1,1.0,1,60.0,1.0,0.15,0.0,0.0,0.0,0.15,0.0,0.0410536363121544,0.2136327482811758,-1.5,-1.5,0.0001282051282051282,-1.5,-0.15,Mega Chandelure
pokemon,Iono's Wattrel,14,2.142857142857143,1,60.0,1.0,0.20482142857142854,0.0,0.0,0.0,0.15079596658100144,0.0,0.12985469856183937,0.12084902968913337,-1.5079596658100145,-1.5079596658100145,0.0017948717948717949,-0.7037145107113402,-0.15079596658100144,Manectric Eelektrik
pokemon,Team Rocket's Golbat,1,4.0,1,80.0,1.0,0.2425,0.0,0.0,0.0,0.1521384001019832,0.0,0.1800245467655271,0.0729110255875783,-1.521384001019832,-1.521384001019832,0.0001282051282051282,-0.380346000254958,-0.1521384001019832,Other
pokemon,Iono's Tadbulb,4,2.75,1,60.0,1.0,0.22874999999999998,0.0,0.0,0.0,0.1521997830552979,0.0,0.1966482403490282,0.0563893833758478,-1.5219978305529795,-1.5219978305529795,0.0005128205128205128,-0.5534537565647198,-0.1521997830552979,Iono's Bellibolt
pokemon,Eevee ex,9,1.4444444444444444,0,200.0,2.0,0.17666666666666664,0.0,0.0,0.0,0.15279297018885601,0.0,0.23903804400351727,0.014985774705915155,-1.5279297018885605,-1.5279297018885605,0.001153846153846154,-1.0577974859228496,-0.15279297018885601,Flareon Noctowl
pokemon,Rotom,2,2.0,0,70.0,1.0,0.5449999999999999,0.0,0.0,0.0,0.15740547243817526,0.0,0.12102011381573341,0.15793884170205014,-1.5740547243817526,-1.5740547243817526,0.0002564102564102564,-0.7870273621908763,-0.15740547243817526,Other
pokemon,Eevee,18,2.111111111111111,0,50.0,1.0,0.19430555555555556,0.0,0.0,0.0,0.16063657669447506,0.0,0.06408338352597766,0.21377743527965012,-1.6063657669447509,-1.6063657669447509,0.002307692307692308,-0.7609101001317241,-0.16063657669447506,Flareon Noctowl
pokemon,Tyrunt,2,3.5,1,100.0,1.0,0.23875,0.0,0.0,0.0,0.1674093671321498,0.0,0.1850115153824306,0.09331258993520841,-1.6740936713214984,-1.6740936713214984,0.0002564102564102564,-0.4783124775204281,-0.1674093671321498,Other
pokemon,Nymble,1,2.0,0,50.0,1.0,0.21,0.0,0.0,0.0,0.1687579874456411,0.0,0.2541535033686714,0.0264127318165835,-1.6875798744564112,-1.6875798744564112,0.0001282051282051282,-0.8437899372282056,-0.1687579874456411,Mega Starmie
pokemon,Mega Mawile ex,15,1.0,1,270.0,3.0,0.15,0.0,0.0,0.0,0.16923716736198988,0.0,0.24864560322513438,0.03271728583790898,-1.692371673619899,-1.692371673619899,0.0019230769230769232,-1.692371673619899,-0.16923716736198988,Steven's Metagross
pokemon,Mega Chandelure ex,47,3.25531914893617,1,350.0,3.0,0.8553191489361701,0.0,0.0,4.072881476232905,4.252708463214691,5.234310792961099,1.6302012523715061,0.17572995710391554,-1.7982698698178503,-1.7982698698178503,0.006025641025641026,-0.5524096985714965,-0.17982698698178545,Mega Chandelure
pokemon,Phantump,2,3.0,1,70.0,1.0,0.235,0.0,0.0,0.0,0.18005825079443905,0.0,0.22471651462341125,0.07463681557502269,-1.8005825079443905,-1.8005825079443905,0.0002564102564102564,-0.6001941693147969,-0.18005825079443905,Other
pokemon,Lugia ex,1,4.0,0,220.0,2.0,0.2425,0.0,0.0,0.0,0.1821024300849981,0.0,0.2274749877380779,0.0752768641912494,-1.8210243008499816,-1.8210243008499816,0.0001282051282051282,-0.4552560752124954,-0.1821024300849981,Other
pokemon,Swirlix,1,2.0,0,50.0,1.0,0.21,0.0,0.0,0.0,0.1828696613457852,0.0,0.0292747911377006,0.2747526104092399,-1.828696613457852,-1.828696613457852,0.0001282051282051282,-0.914348306728926,-0.1828696613457852,Other
pokemon,Milotic ex,2,1.5,0,270.0,2.0,0.72,0.0,0.0,0.0,0.18363820155081173,0.0,0.131464695870456,0.17384043146106254,-1.8363820155081174,-1.8363820155081174,0.0002564102564102564,-1.2242546770054117,-0.18363820155081173,Crustle
pokemon,Qwilfish,1,2.0,1,90.0,1.0,0.21,0.0,0.0,0.0,0.1851345559418297,0.0,0.239065725777182,0.0687271446493179,-1.851345559418297,-1.851345559418297,0.0001282051282051282,-0.9256727797091485,-0.1851345559418297,Other
pokemon,Misty's Psyduck,2,4.0,1,70.0,1.0,0.2425,0.0,0.0,0.0,0.1858831401962826,0.0,0.2246624230958213,0.08437499562833159,-1.8588314019628263,-1.8588314019628263,0.0002564102564102564,-0.46470785049070656,-0.1858831401962826,Misty's Gyarados
pokemon,Zangoose,1,2.0,0,90.0,1.0,0.21,0.0,0.0,0.0,0.1901206498767305,0.0,0.2390657257771819,0.0770167054859318,-1.9012064987673052,-1.9012064987673052,0.0001282051282051282,-0.9506032493836526,-0.1901206498767305,Other
pokemon,Pikachu ex,18,1.6111111111111112,0,199.44444444444446,2.0,0.31361111111111106,0.0,0.0,0.0,0.19419142680916726,0.0,0.2913382654474188,0.031511979153008234,-1.941914268091673,-1.941914268091673,0.002307692307692308,-1.2053260974362108,-0.19419142680916726,Joltik Box
pokemon,Grubbin,1,4.0,1,70.0,1.0,0.2425,0.0,0.0,0.0,0.1951046509065895,0.0,0.2474366326170785,0.0769318799526009,-1.951046509065896,-1.951046509065896,0.0001282051282051282,-0.487761627266474,-0.1951046509065895,Manectric Eelektrik
pokemon,Vikavolt,1,3.0,1,160.0,1.0,0.94,0.0,0.0,0.0,0.2002774658151887,0.0,0.1996369340510111,0.1333315697023942,-2.002774658151888,-2.002774658151888,0.0001282051282051282,-0.6675915527172961,-0.2002774658151887,Manectric Eelektrik
pokemon,Tepig,1,3.0,1,70.0,1.0,0.235,0.0,0.0,0.0,0.2061946978406027,0.0,0.2719427141303213,0.0708634010879801,-2.061946978406028,-2.061946978406028,0.0001282051282051282,-0.687315659468676,-0.2061946978406027,Other
pokemon,Oricorio ex,2,2.0,1,190.0,2.0,0.21,0.0,0.0,0.0,0.2072979352524518,0.0,0.3209530916045141,0.0236871955652496,-2.0729793525245186,-2.0729793525245186,0.0002564102564102564,-1.0364896762622593,-0.2072979352524518,Mega Charizard X
pokemon,Cinccino ex,15,2.4,1,240.0,2.0,0.43555555555555553,0.0,0.0,0.0,0.209721743879666,0.0,0.27503838950273146,0.07363156684974914,-2.0972174387966604,-2.0972174387966604,0.0019230769230769232,-0.8738405994986086,-0.209721743879666,Cinccino
pokemon,Shuppet,257,3.7704280155642023,1,50.0,1.0,0.23846303501945523,0.0,0.0,0.0,0.20981498329646842,0.0,0.017118389014017178,0.3318051131541565,-2.0981498329646846,-2.0981498329646846,0.03294871794871795,-0.5564752394963095,-0.20981498329646842,Dhelmise
pokemon,Snover,6,3.5,1,90.0,1.0,0.22708333333333333,0.0,0.0,0.0,0.21194379663951038,0.0,0.2687433375284145,0.08362086160717204,-2.119437966395104,-2.119437966395104,0.0007692307692307692,-0.6055537046843155,-0.21194379663951038,Mega Abomasnow
pokemon,Orthworm ex,1,1.0,0,220.0,2.0,0.15,0.0,0.0,0.0,0.2157770756919815,0.0,0.3304465091264938,0.0282906545629201,-2.1577707569198155,-2.1577707569198155,0.0001282051282051282,-2.1577707569198155,-0.2157770756919815,Mega Excadrill
pokemon,Bergmite,3,3.6666666666666665,1,80.0,1.0,0.24,0.0,0.0,0.0,0.21636898582244446,0.0,0.25760464954324996,0.10211658606705894,-2.1636898582244446,-2.1636898582244446,0.0003846153846153846,-0.5900972340612122,-0.21636898582244446,Other
pokemon,Weezing,1,3.0,1,130.0,1.0,0.94,0.0,0.0,0.0,0.2164145624878599,0.0,0.2515164072907368,0.1082806011681434,-2.1641456248785995,-2.1641456248785995,0.0001282051282051282,-0.7213818749595332,-0.2164145624878599,Other
pokemon,Exeggcute,4,2.75,0,45.0,1.0,0.21125,0.0,0.0,0.0,0.2197667560678895,0.0,0.09704891432612198,0.2683212367531278,-2.1976675606788953,-2.1976675606788953,0.0005128205128205128,-0.799151840246871,-0.2197667560678895,Alolan Exeggutor ex
pokemon,Team Rocket's Murkrow,153,3.9411764705882355,1,80.0,1.0,0.2406862745098039,0.0,0.0,0.0,0.22784765070445417,0.0,0.277853125567438,0.10095180403356886,-2.278476507044542,-2.278476507044542,0.019615384615384614,-0.5781209047724957,-0.22784765070445417,Rocket's Honchkrow
pokemon,Scatterbug,8,1.75,0,40.0,1.0,0.269375,0.0,0.0,0.0,0.2307446744083402,0.0,0.05073113315998418,0.33289020274062714,-2.3074467440834026,-2.3074467440834026,0.0010256410256410256,-1.318540996619087,-0.2307446744083402,Decidueye
pokemon,Mega Hawlucha ex,1,1.0,1,250.0,3.0,0.15,0.0,0.0,0.0,0.232003832046595,0.0,0.3467220600572567,0.038992670789675,-2.32003832046595,-2.32003832046595,0.0001282051282051282,-2.32003832046595,-0.232003832046595,Mega Lucario
pokemon,Dwebble,293,2.9658703071672354,1,70.0,1.0,0.2341154721274175,0.0,0.0,0.0,0.23200541455377757,0.0,0.2672695433254469,0.11844781849670026,-2.320054145537777,-2.320054145537777,0.037564102564102565,-0.7822507072986981,-0.23200541455377757,Crustle
pokemon,Cynthia's Roselia,106,3.5754716981132075,1,70.0,1.0,0.2383254716981132,0.0,0.0,0.0,0.23338825698506932,0.0,0.3216070801565868,0.06640930703718559,-2.3338825698506933,-2.3338825698506933,0.01358974358974359,-0.6527481593777664,-0.23338825698506932,Cynthia's Garchomp
pokemon,Remoraid,1,2.0,1,70.0,1.0,0.21,0.0,0.0,0.0,0.2370302376794681,0.0,0.3176635792928243,0.0764077320411995,-2.3703023767946814,-2.3703023767946814,0.0001282051282051282,-1.1851511883973407,-0.2370302376794681,Other
pokemon,Tynamo,20,2.8,1,40.0,1.0,0.22649999999999998,0.0,0.0,0.0,0.23713585230445117,0.0,0.09877535407318569,0.2954715453806095,-2.3713585230445116,-2.3713585230445116,0.002564102564102564,-0.8469137582301828,-0.23713585230445117,Manectric Eelektrik
pokemon,Mega Absol ex,48,1.3958333333333333,1,280.0,3.0,0.25156249999999997,0.0,0.0,1.4578262083573623,1.6963332470900137,2.368694292118594,0.3853830420895408,0.06198331658452946,-2.3850703873265124,-2.3850703873265124,0.006153846153846154,-1.7087071431592926,-0.23850703873265133,Toxtricity Box
pokemon,Goldeen,296,2.064189189189189,0,50.0,1.0,0.20078547297297297,0.0,0.0,0.0,0.23861785428539373,0.0,0.18994957767713436,0.21621876460034858,-2.3861785428539375,-2.3861785428539375,0.03794871794871795,-1.1559882957197471,-0.23861785428539373,Festival Lead
pokemon,Shieldon,10,1.5,1,100.0,1.0,0.19749999999999998,0.0,0.0,0.0,0.24220812000189476,0.30525725811851945,0.044652702100554484,0.052769767056763985,-2.4220812000189484,-2.4220812000189484,0.001282051282051282,-1.6147208000126323,-0.24220812000189476,Other
pokemon,Weedle,37,4.0,1,50.0,1.0,0.2425,0.0,0.0,0.0,0.24280614773028836,0.0,0.09861638271611614,0.30505758720761905,-2.428061477302884,-2.428061477302884,0.004743589743589744,-0.607015369325721,-0.24280614773028836,Beedrill
pokemon,Feebas,2,1.5,0,30.0,1.0,0.18,0.0,0.0,0.0,0.24790753094945583,0.0,0.21434000969848516,0.28033119933340384,-2.479075309494559,-2.479075309494559,0.0002564102564102564,-1.6527168729963726,-0.24790753094945583,Crustle
pokemon,Cinderace,15,3.2,1,160.0,1.0,0.8853333333333333,0.0,0.0,0.0,0.2511212749446668,0.0,0.2993965412114527,0.11810162733503556,-2.5112127494466683,-2.5112127494466683,0.0019230769230769232,-0.7847539842020838,-0.2511212749446668,Crustle
pokemon,Team Rocket's Mareep,1,2.0,1,60.0,1.0,0.21,0.0,0.0,0.0,0.2527961753311769,0.0,0.1232881236211542,0.2969946271715808,-2.527961753311769,-2.527961753311769,0.0001282051282051282,-1.2639808766558844,-0.2527961753311769,Mega Greninja
pokemon,Sobble,1,4.0,1,70.0,1.0,0.2425,0.0,0.0,0.0,0.2546604930987782,0.0,0.3118019299130163,0.1115803163475311,-2.5466049309877823,-2.5466049309877823,0.0001282051282051282,-0.6366512327469456,-0.2546604930987782,Mega Froslass
pokemon,Timburr,1,4.0,1,70.0,1.0,0.2425,0.0,0.0,0.0,0.2714483661327838,0.0,0.3682093979012719,0.0830832922156659,-2.7144836613278382,-2.7144836613278382,0.0001282051282051282,-0.6786209153319596,-0.2714483661327838,Conkeldurr
pokemon,Salandit,1,4.0,1,70.0,1.0,0.2425,0.0,0.0,0.0,0.2760915133281997,0.0,0.3668257998976661,0.0921862897436848,-2.760915133281997,-2.760915133281997,0.0001282051282051282,-0.6902287833204992,-0.2760915133281997,Other
pokemon,Cornerstone Mask Ogerpon ex,85,1.1529411764705881,0,210.0,2.0,0.21111764705882352,0.0,0.0,0.0,0.2786164169560261,0.055613104657188626,0.3663697377726705,0.041365090679472215,-2.7861641695602613,-2.7861641695602613,0.010897435897435897,-2.416570963394104,-0.2786164169560261,Crustle
pokemon,Mega Gardevoir ex,3,2.0,1,360.0,3.0,0.84,0.0,0.0,0.0,0.27897822229468433,0.0,0.2935543943956698,0.1702569529226726,-2.789782222946844,-2.789782222946844,0.0003846153846153846,-1.394891111473422,-0.27897822229468433,Other
pokemon,Ethan's Pichu,7,2.5714285714285716,1,30.0,1.0,0.6142857142857142,0.0,0.0,0.0,0.2801424204901896,0.0,0.06143642920760383,0.45023903906600854,-2.8014242049018963,-2.8014242049018963,0.0008974358974358974,-1.0894427463507375,-0.2801424204901896,Other
pokemon,Hawlucha,1,4.0,1,70.0,1.0,0.2425,0.0,0.0,0.0,0.2805134115162505,0.0,0.3682093979012719,0.0981542568172197,-2.805134115162505,-2.805134115162505,0.0001282051282051282,-0.7012835287906263,-0.2805134115162505,Other
pokemon,Sinistcha,248,3.0080645161290325,0,60.12096774193548,1.0,0.8612701612903225,0.0,0.0,0.0,0.2811851082003582,0.0,0.3298055310048019,0.13768065208494554,-2.8118510820035825,-2.8118510820035825,0.031794871794871796,-0.9347708690843008,-0.2811851082003582,Dhelmise
pokemon,Poltchageist,246,3.426829268292683,1,30.0,1.0,0.24554878048780487,0.0,0.0,0.0,0.2877033666429768,0.0,0.13993746161637993,0.3391486626857191,-2.877033666429768,-2.877033666429768,0.031538461538461536,-0.8395614257908932,-0.2877033666429768,Dhelmise
pokemon,Bastiodon,12,2.0,1,160.0,1.0,0.805,0.0,0.0,0.0,0.29213754268286146,0.24640021857301642,0.1392533441395567,0.09295426762326571,-2.921375426828615,-2.921375426828615,0.0015384615384615385,-1.4606877134143075,-0.29213754268286146,Other
pokemon,Erika's Oddish,2,2.5,1,60.0,1.0,0.22249999999999998,0.0,0.0,0.0,0.29684124615515084,0.0,0.16483977530430355,0.3286694928616064,-2.968412461551508,-2.968412461551508,0.0002564102564102564,-1.1873649846206031,-0.29684124615515084,Mega Venusaur
pokemon,Pumpkaboo,1,3.0,1,60.0,1.0,0.235,0.0,0.0,0.0,0.3035481864261422,0.0,0.1937760866163441,0.3108837114292289,-3.0354818642614223,-3.0354818642614223,0.0001282051282051282,-1.0118272880871408,-0.3035481864261422,Other
pokemon,Applin,495,2.9414141414141413,0,40.0,1.0,0.22487373737373736,0.0,0.0,0.0,0.3070955802240207,0.0,0.19320200502943907,0.3215650410238897,-3.0709558022402073,-3.0709558022402073,0.06346153846153846,-1.0440406058440266,-0.3070955802240207,Festival Lead
pokemon,Mega Skarmory ex,310,1.0032258064516129,1,260.0,3.0,0.15019354838709675,0.0,0.0,0.0,0.3194510858028396,0.0,0.49077719590149255,0.040321745405889876,-3.1945108580283965,-3.1945108580283965,0.03974358974358974,-3.1842391189350576,-0.3194510858028396,Mega Excadrill
pokemon,Joltik,17,2.0,0,30.0,1.0,0.35823529411764704,0.0,0.0,0.0,0.35933361805371516,0.0,0.07053633755990958,0.5268687507491785,-3.5933361805371526,-3.5933361805371526,0.0021794871794871794,-1.7966680902685763,-0.35933361805371516,Kangaskhan Bouffalant
pokemon,Misty's Starmie,2,3.0,1,100.0,1.0,0.94,0.0,0.0,0.0,0.3627448318028026,0.0,0.40446252857102416,0.1986138255162358,-3.6274483180280264,-3.6274483180280264,0.0002564102564102564,-1.2091494393426754,-0.3627448318028026,Misty's Gyarados
pokemon,Fletchling,1,2.0,1,60.0,1.0,0.42,0.0,0.0,0.0,0.3698929045629757,0.0,0.0176270027374287,0.6150036213430573,-3.698929045629757,-3.698929045629757,0.0001282051282051282,-1.8494645228148785,-0.3698929045629757,Mega Absol Box
pokemon,Team Rocket's Tarountula,90,3.977777777777778,1,50.0,1.0,0.24233333333333332,0.0,0.0,0.0,0.37078703581908956,0.0,0.22782138860136042,0.3886254194572599,-3.7078703581908954,-3.7078703581908954,0.011538461538461539,-0.9321461794334653,-0.37078703581908956,Rocket's Mewtwo
pokemon,Galarian Obstagoon,1,2.0,1,170.0,1.0,0.84,0.0,0.0,0.0,0.3734690794768918,0.0,0.4920864018910732,0.1288194003939061,-3.7346907947689183,-3.7346907947689183,0.0001282051282051282,-1.8673453973844591,-0.3734690794768918,Other
pokemon,Maushold,2,2.5,0,80.0,1.0,0.6637500000000001,0.0,0.0,0.0,0.37432157235367886,0.0,0.3884303980454056,0.23389270436612,-3.743215723536789,-3.743215723536789,0.0002564102564102564,-1.4972862894147156,-0.37432157235367886,Crustle
pokemon,Snom,1,2.0,1,50.0,1.0,0.21,0.0,0.0,0.0,0.3815776499651213,0.0,0.3197036155954492,0.314682977311957,-3.815776499651213,-3.815776499651213,0.0001282051282051282,-1.9078882498256065,-0.3815776499651213,Other
pokemon,Team Rocket's Porygon,150,2.0,1,60.0,1.0,0.20976666666666666,0.0,0.0,0.0,0.38518463113029094,0.0,0.3111251027017831,0.33047754519125033,-3.8518463113029098,-3.8518463113029098,0.019230769230769232,-1.9259231556514549,-0.38518463113029094,Rocket's Honchkrow
pokemon,Mega Clefable ex,2,2.0,1,320.0,3.0,0.77,0.0,0.0,0.0,0.4020137379002173,0.0,0.49406478218460936,0.17429754331270805,-4.020137379002175,-4.020137379002175,0.0002564102564102564,-2.0100686895010873,-0.4020137379002173,Other
pokemon,Okidogi,20,2.8,0,131.5,1.0,0.38454166666666667,0.0,0.0,0.0,0.41735169701413566,0.611731678116006,0.02772629058903726,0.04581015809789603,-4.173516970141358,-4.173516970141358,0.002564102564102564,-1.490541775050485,-0.41735169701413566,Okidogi Barbaracle
pokemon,Tandemaus,1,4.0,0,40.0,1.0,0.2425,0.0,0.0,0.0,0.4194306384936975,0.0,0.3145273653521071,0.3827911849857239,-4.194306384936976,-4.194306384936976,0.0001282051282051282,-1.048576596234244,-0.4194306384936975,Other
pokemon,Team Rocket's Porygon2,150,1.1333333333333333,1,90.0,1.0,0.5976,0.0,0.0,0.0,0.4369856157197465,0.0,0.5238514618329808,0.20265287072248847,-4.369856157197464,-4.369856157197464,0.019230769230769232,-3.855755432821292,-0.4369856157197465,Rocket's Honchkrow
pokemon,Misty's Magikarp,2,4.0,1,30.0,1.0,0.2425,0.0,0.0,0.0,0.44601054403399343,0.0,0.3714499252445943,0.3700586758392652,-4.460105440339934,-4.460105440339934,0.0002564102564102564,-1.1150263600849835,-0.44601054403399343,Misty's Gyarados
pokemon,Team Rocket's Zubat,1,4.0,1,50.0,1.0,0.2425,0.0,0.0,0.0,0.4495021429508771,0.0,0.3691815561042686,0.3781319539958384,-4.495021429508771,-4.495021429508771,0.0001282051282051282,-1.1237553573771928,-0.4495021429508771,Other
pokemon,Tirtouga,2,2.5,1,100.0,1.0,0.7333333333333334,0.0,0.0,0.0,0.4642331650573275,0.0,0.44743294087222363,0.3243714243002622,-4.642331650573275,-4.642331650573275,0.0002564102564102564,-1.85693266022931,-0.4642331650573275,Other
pokemon,Inteleon,1,4.0,1,150.0,1.0,0.97,0.0,0.0,0.0,0.4697550675695273,0.0,0.5546528844917469,0.2263318425845388,-4.697550675695273,-4.697550675695273,0.0001282051282051282,-1.1743876689238182,-0.4697550675695273,Mega Froslass
pokemon,Pecharunt ex,746,1.2882037533512065,0,190.0,2.0,0.5293362284249473,3.4397876073690234,-0.9514720455068719,0.0,0.8208828747753851,0.0,1.2923272552855065,0.0725030942592426,-4.769041140384827,-9.160300793260722,0.09564102564102564,-3.7020860465422274,-0.8208828747753851,N's Zoroark
pokemon,Octillery,1,2.0,1,110.0,1.0,0.84,0.0,0.0,0.0,0.570046289237525,0.0,0.7591866545157544,0.188535842496213,-5.70046289237525,-5.70046289237525,0.0001282051282051282,-2.850231446187625,-0.570046289237525,Other
pokemon,Palafin ex,4,2.5,0,340.0,2.0,0.575,0.0,0.0,0.0,0.5856232079355088,0.905064129641871,0.000556532666509875,0.06856595306282685,-5.856232079355087,-5.856232079355087,0.0005128205128205128,-2.342492831742035,-0.5856232079355088,Palafin
pokemon,Mew ex,365,1.4657534246575343,1,160.0,2.0,0.5068326428088645,2.4061172974278904,1.4517904227744098,0.5656625272724228,1.4154271912657916,0.9397315810674425,1.4982980575859182,0.05672997194188759,-6.091529342505797,-7.045856217159277,0.046794871794871795,-4.155903196289001,-0.8497646639933688,Lopunny Dudunsparce
pokemon,Budew,3143,1.5367483296213809,0,30.0,1.0,0.7340232351447616,2.944174023226217,0.8688606828682688,0.0,0.9294894813795133,0.5272887334608298,0.2762455871230162,1.028340069727522,-6.350720790568916,-8.426034130926865,0.40294871794871795,-4.1325704854571645,-0.9294894813795133,Dragapult
pokemon,Jirachi ex,13,1.0,1,160.0,2.0,0.5653846153846154,0.0,0.0,0.0,0.6481774749509489,0.0,1.0325010514213608,0.045117357232930096,-6.481774749509489,-6.481774749509489,0.0016666666666666668,-6.481774749509489,-0.6481774749509489,Mew Box
pokemon,Dusclops,815,1.961963190184049,0,90.0,1.0,0.2096083844580777,4.537296231375986,0.4797445449438525,0.0,1.1080026553442235,0.0,0.007155153934316124,0.03788206136678231,-6.54273032206625,-10.600282008498384,0.10448717948717949,-3.33478749998999,-1.1080026553442235,Dragapult Dusknoir
pokemon,Meowth ex,4500,1.276888888888889,1,170.0,2.0,0.4621812517593752,1.3219823333333334,2.108056145780921,0.0,0.7944458762163408,0.0,1.3005215190806225,0.045855430545780645,-6.622476428830074,-5.836402616382487,0.5769230769230769,-5.186415581227869,-0.7944458762163408,Dragapult
pokemon,Archaludon ex,11,2.8181818181818183,0,300.0,2.0,0.6079545454545454,0.0,0.0,0.0,0.7686881733731213,1.1110768151427963,0.05718395254542981,0.10971101959796847,-7.686881733731215,-7.686881733731215,0.0014102564102564104,-2.7276031958401084,-0.7686881733731213,Archaludon Dudunsparce
pokemon,Mega Audino ex,9,2.3333333333333335,1,270.0,3.0,0.6099074074074075,0.0,0.0,0.0,1.0052558875834856,0.764825349981409,0.7783525092238935,0.13082740496400644,-10.052558875834857,-10.052558875834857,0.001153846153846154,-4.308239518214938,-1.0052558875834856,Mega Absol Box
pokemon,Tauros,2,4.0,1,130.0,1.0,0.97,0.0,0.0,0.0,1.053042027900779,1.5105702122547982,0.029685281766886597,0.21046482287670726,-10.53042027900779,-10.53042027900779,0.0002564102564102564,-2.6326050697519476,-1.053042027900779,Paldean Tauros
pokemon,Mega Zeraora ex,6,2.5,1,270.0,3.0,0.20791666666666667,0.0,0.0,0.0,1.0793899398328726,1.1472380249721137,0.5806566587476655,0.06662998619130399,-10.793899398328726,-10.793899398328726,0.0007692307692307692,-4.31755975933149,-1.0793899398328726,Other
pokemon,Erika's Vileplume ex,2,2.5,1,310.0,2.0,0.8899999999999999,0.0,0.0,0.0,1.3017365215995105,2.009141488108274,0.04546779530286335,0.10957459076528639,-13.017365215995106,-13.017365215995106,0.0002564102564102564,-5.206946086398043,-1.3017365215995105,Mega Venusaur
pokemon,Pidove,1,4.0,0,50.0,1.0,0.97,0.0,0.0,0.0,1.331635905300277,0.0,0.7991177778676262,1.4147748991113058,-13.316359053002774,-13.316359053002774,0.0001282051282051282,-3.3290897632506935,-1.331635905300277,Other
pokemon,Rotom ex,1,2.0,1,190.0,2.0,0.84,0.0,0.0,0.0,1.479866532824417,0.0,2.380172122270844,0.080159314337121,-14.79866532824417,-14.79866532824417,0.0001282051282051282,-7.399332664122085,-1.479866532824417,Other
pokemon,Mega Zygarde ex,9,1.4444444444444444,1,310.0,3.0,0.17277777777777778,0.0,0.0,0.0,1.5232191482410447,2.118928104430974,0.36065217495215873,0.05282644253122583,-15.232191482410448,-15.232191482410448,0.001153846153846154,-10.545363333976464,-1.5232191482410447,Lucario Hariyama
pokemon,Meowth,1,3.0,1,60.0,1.0,0.94,0.0,0.0,0.0,1.674957529958169,0.0,1.428856065938293,1.3558211833500062,-16.74957529958169,-16.74957529958169,0.0001282051282051282,-5.5831917665272295,-1.674957529958169,Other
pokemon,Wailord ex,4,3.0,1,380.0,2.0,0.58875,0.0,0.0,0.0,1.69709181107099,2.3202874297235443,0.02797886501033265,0.11086010149347045,-16.9709181107099,-16.9709181107099,0.0005128205128205128,-5.656972703569966,-1.69709181107099,Wailord
pokemon,Tatsugiri ex,1,4.0,0,160.0,2.0,0.97,0.0,0.0,0.0,1.7533112463979834,0.0,2.8611581863201057,0.0537849399618548,-17.533112463979833,-17.533112463979833,0.0001282051282051282,-4.383278115994958,-1.7533112463979834,Mega Dragonite
pokemon,Kangaskhan,1,4.0,1,130.0,1.0,0.97,0.0,0.0,0.0,1.820016329729664,3.021140424509595,4.8383595684745375e-06,0.0046974681151618,-18.20016329729664,-18.20016329729664,0.0001282051282051282,-4.55004082432416,-1.820016329729664,Other
pokemon,Misty's Gyarados,2,3.5,1,180.0,1.0,0.955,0.0,0.0,0.0,1.8275791283379852,2.904756602680252,0.0179080006397427,0.11575155286996475,-18.275791283379853,-18.275791283379853,0.0002564102564102564,-5.2216546523942435,-1.8275791283379852,Misty's Gyarados
pokemon,Igglybuff,4,4.0,1,30.0,1.0,0.97,0.0,0.0,0.0,2.0336718986263977,1.9397530153726736,0.003994962281503734,1.453017881229209,-20.33671898626398,-20.33671898626398,0.0005128205128205128,-5.084179746565995,-2.0336718986263977,Other
pokemon,Tyrantrum,2,3.5,1,180.0,1.0,0.955,0.0,0.0,0.0,2.0374595827679474,2.9346126545524838,0.27242046837475153,0.15666283522605615,-20.37459582767947,-20.37459582767947,0.0002564102564102564,-5.821313093622706,-2.0374595827679474,Other
pokemon,Avalugg,3,3.6666666666666665,1,160.0,1.0,0.96,0.0,0.0,0.0,2.124360951240243,2.97436458888319,0.34984561553406085,0.1907448536565222,-21.24360951240243,-21.24360951240243,0.0003846153846153846,-5.7937116852006625,-2.124360951240243,Other
pokemon,Iono's Bellibolt ex,4,2.75,1,280.0,2.0,0.9149999999999999,0.0,0.0,0.0,2.1256869070481437,3.3413012043957018,0.029060829571798823,0.16366904639953977,-21.256869070481436,-21.256869070481436,0.0005128205128205128,-7.729770571084159,-2.1256869070481437,Iono's Bellibolt
pokemon,Mega Abomasnow ex,6,3.3333333333333335,1,350.0,3.0,0.7820833333333334,0.0,0.0,0.0,2.527349311618604,2.691619145363344,1.189042571333043,0.321147584847238,-25.273493116186035,-25.273493116186035,0.0007692307692307692,-7.58204793485581,-2.527349311618604,Mega Abomasnow
pokemon,Team Rocket's Crobat ex,1,3.0,1,310.0,2.0,0.94,0.0,0.0,0.0,2.8159256525692444,3.9340147888144874,0.5186038633216611,0.228959214851749,-28.159256525692445,-28.159256525692445,0.0001282051282051282,-9.386418841897482,-2.8159256525692444,Other
