tid,tp_id,rot_copies,rot_unique,rot_pokemon,rot_trainer,rot_energy,deck_id,deck_name,day2,topcut
0072,1,31,14,19,12,0,dragapult-dusknoir,Dragapult Dusknoir,0,0
0072,2,11,5,5,6,0,lucario-hariyama,Lucario Hariyama,0,0
0072,3,12,8,7,4,1,mega-chandelure-ex,Mega Chandelure,0,0
0072,4,15,7,6,9,0,beedrill-ex-cri,Beedrill,0,0
0072,5,28,14,15,13,0,slowking-scr,Slowking,1,0
0072,6,31,15,16,15,0,festival-lead,Festival Lead,0,0
0072,7,29,14,17,12,0,dragapult-ex,Dragapult,0,0
0072,8,17,10,6,10,1,alakazam-dudunsparce,Alakazam Dudunsparce,0,0
0072,9,23,17,14,9,0,basic-box-m,Basic Box,0,0
0072,10,16,11,4,12,0,n-zoroark,N's Zoroark,0,0
0072,11,31,16,18,13,0,dragapult-dusknoir,Dragapult Dusknoir,0,0
0072,12,26,10,16,10,0,dragapult-ex,Dragapult,0,0
0072,13,28,12,17,11,0,dragapult-ex,Dragapult,1,0
0072,14,27,11,17,10,0,dragapult-ex,Dragapult,0,0
0072,15,12,6,0,8,4,crustle-dri,Crustle,0,0
0072,16,17,10,7,9,1,alakazam-dudunsparce,Alakazam Dudunsparce,0,0
0072,17,26,11,17,9,0,dragapult-ex,Dragapult,1,0
0072,18,31,14,18,13,0,festival-lead,Festival Lead,0,0
0072,19,19,12,6,13,0,n-zoroark,N's Zoroark,0,0
0072,20,20,10,11,9,0,ogerpon-meganium-hydrapple,Ogerpon Meganium Hydrapple,0,0
0072,21,19,11,5,14,0,n-zoroark,N's Zoroark,0,0
0072,22,8,3,0,8,0,rockets-honchkrow,Rocket's Honchkrow,0,0
0072,23,26,15,11,15,0,raging-bolt-ogerpon,Raging Bolt Ogerpon,0,0
0072,24,11,6,1,6,4,hops-trevenant,Hop's Trevenant,1,0
0072,25,4,2,0,4,0,lucario-hariyama,Lucario Hariyama,0,0
0072,26,28,14,15,12,1,slowking-scr,Slowking,0,0
0072,27,27,11,17,10,0,dragapult-ex,Dragapult,1,0
0072,28,26,11,17,9,0,dragapult-ex,Dragapult,0,0
0072,29,27,12,12,13,2,slowking-scr,Slowking,0,0
0072,30,30,12,15,11,4,seaking-pre,Seaking Festival Lead,0,0
0072,31,27,17,11,16,0,basic-box-m,Basic Box,0,0
0072,32,19,9,13,6,0,alakazam-dusknoir,Alakazam Dusknoir,0,0
0072,33,26,10,16,10,0,dragapult-ex,Dragapult,0,0
0072,34,20,11,13,6,1,starmie-dusknoir,Starmie Dusknoir,0,0
0072,35,28,17,11,17,0,basic-box-m,Basic Box,0,0
0072,36,17,9,11,6,0,alakazam-dusknoir,Alakazam Dusknoir,0,0
0072,37,27,12,17,10,0,dragapult-ex,Dragapult,0,0
0072,38,17,10,7,9,1,alakazam-dudunsparce,Alakazam Dudunsparce,0,0
0072,39,26,11,16,10,0,dragapult-ex,Dragapult,0,0
0072,40,26,11,17,9,0,dragapult-ex,Dragapult,0,0
0072,41,25,12,12,12,1,slowking-scr,Slowking,0,0
0072,42,30,14,19,11,0,dragapult-dusknoir,Dragapult Dusknoir,0,0
0072,43,6,3,0,5,1,cynthia-garchomp-ex,Cynthia's Garchomp,1,0
0072,44,27,11,17,10,0,dragapult-ex,Dragapult,0,0
0072,45,26,11,16,10,0,dragapult-blaziken,Dragapult Blaziken,0,0
0072,46,26,12,17,9,0,dragapult-blaziken,Dragapult Blaziken,0,0
0072,47,26,11,17,9,0,dragapult-dudunsparce,Dragapult Dudunsparce,1,0
0072,48,36,16,20,16,0,festival-lead,Festival Lead,0,0
0072,49,27,12,14,10,3,slowking-scr,Slowking,0,0
0072,50,14,5,9,5,0,mega-excadrill-ex,Mega Excadrill,1,0
0072,51,17,11,5,11,1,alakazam-dudunsparce,Alakazam Dudunsparce,0,0
0072,52,30,15,19,11,0,dragapult-dusknoir,Dragapult Dusknoir,0,0
0072,53,26,11,16,10,0,dragapult-ex,Dragapult,1,0
0072,54,26,12,13,12,1,slowking-scr,Slowking,1,0
0072,55,16,11,5,11,0,n-zoroark,N's Zoroark,0,0
0072,56,16,10,11,5,0,diancie-dusknoir,Diancie Dusknoir,0,0
0072,57,26,11,16,10,0,dragapult-ex,Dragapult,1,0
0072,58,9,6,3,5,1,mega-greninja-ex,Mega Greninja,0,0
0072,59,27,11,17,10,0,dragapult-ex,Dragapult,0,0
0072,60,13,7,0,9,4,crustle-dri,Crustle,0,0
0072,61,12,6,4,8,0,ceruledge-ex,Ceruledge,0,0
0072,62,15,11,4,10,1,alakazam-dudunsparce,Alakazam Dudunsparce,0,0
0072,63,5,4,1,4,0,lucario-hariyama,Lucario Hariyama,0,0
0072,64,26,10,16,10,0,dragapult-ex,Dragapult,0,0
0072,65,16,11,5,11,0,n-zoroark,N's Zoroark,0,0
0072,66,8,4,0,8,0,cynthia-garchomp-ex,Cynthia's Garchomp,0,0
0072,67,27,17,12,15,0,basic-box-m,Basic Box,0,0
0072,68,15,8,5,10,0,beedrill-ex-cri,Beedrill,0,0
0072,69,32,14,18,14,0,festival-lead,Festival Lead,0,0
0072,70,26,16,11,15,0,basic-box-m,Basic Box,1,0
0072,71,9,4,0,9,0,rockets-honchkrow,Rocket's Honchkrow,1,0
0072,72,7,5,1,5,1,cynthia-garchomp-ex,Cynthia's Garchomp,0,0
0072,73,27,11,17,10,0,dragapult-ex,Dragapult,0,0
0072,74,27,14,13,12,2,slowking-scr,Slowking,0,0
0072,75,14,7,5,9,0,mega-venusaur-ex,Mega Venusaur,0,0
0072,76,25,15,9,16,0,basic-box-m,Basic Box,0,0
0072,77,21,11,12,9,0,ogerpon-meganium-hydrapple,Ogerpon Meganium Hydrapple,0,0
0072,78,27,11,17,10,0,dragapult-ex,Dragapult,0,0
0072,79,27,13,13,12,2,slowking-scr,Slowking,0,0
0072,80,26,11,16,10,0,dragapult-ex,Dragapult,0,0
0072,81,9,4,0,9,0,rockets-honchkrow,Rocket's Honchkrow,1,0
0072,82,27,11,17,10,0,dragapult-ex,Dragapult,0,0
0072,83,27,11,17,10,0,dragapult-ex,Dragapult,0,0
0072,84,15,6,9,6,0,grimmsnarl-froslass,Grimmsnarl Froslass,0,0
0072,85,29,14,15,13,1,slowking-scr,Slowking,0,0
0072,86,13,7,4,9,0,mega-venusaur-ex,Mega Venusaur,0,0
0072,87,27,11,17,10,0,dragapult-ex,Dragapult,0,0
0072,88,26,12,16,10,0,dragapult-blaziken,Dragapult Blaziken,0,0
0072,89,5,2,0,5,0,mega-abomasnow-ex,Mega Abomasnow,0,0
0072,90,17,11,5,12,0,n-zoroark,N's Zoroark,0,0
0072,91,13,7,0,9,4,crustle-dri,Crustle,0,0
0072,92,27,15,12,15,0,raging-bolt-ogerpon,Raging Bolt Ogerpon,1,0
0072,93,6,3,3,3,0,lucario-hariyama,Lucario Hariyama,0,0
0072,94,16,10,4,12,0,n-zoroark,N's Zoroark,0,0
0072,95,10,5,0,6,4,crustle-dri,Crustle,0,0
0072,96,13,9,4,9,0,n-zoroark,N's Zoroark,0,0
0072,97,16,11,5,11,0,n-zoroark,N's Zoroark,0,0
0072,98,27,11,17,10,0,dragapult-ex,Dragapult,1,0
0072,99,17,10,4,13,0,n-zoroark,N's Zoroark,0,0
0072,100,26,13,14,11,1,slowking-scr,Slowking,0,0
0072,101,27,11,14,13,0,dragapult-ex,Dragapult,0,0
0072,102,27,11,17,10,0,dragapult-ex,Dragapult,0,0
0072,103,26,12,17,9,0,dragapult-blaziken,Dragapult Blaziken,0,0
0072,104,14,8,0,10,4,crustle-dri,Crustle,0,0
0072,105,28,13,13,12,3,slowking-scr,Slowking,1,0
0072,106,24,16,13,11,0,ogerpon-meganium-hydrapple,Ogerpon Meganium Hydrapple,0,0
0072,107,30,14,19,11,0,dragapult-dusknoir,Dragapult Dusknoir,1,0
0072,108,31,14,19,12,0,dragapult-dusknoir,Dragapult Dusknoir,0,0
0072,109,17,10,5,11,1,alakazam-dudunsparce,Alakazam Dudunsparce,0,0
0072,110,27,12,16,11,0,dragapult-blaziken,Dragapult Blaziken,0,0
0072,111,25,11,16,9,0,dragapult-blaziken,Dragapult Blaziken,1,0
0072,112,31,14,20,11,0,dragapult-dusknoir,Dragapult Dusknoir,0,0
0072,113,14,9,5,8,1,starmie-froslass,Starmie Froslass,0,0
0072,114,26,18,11,15,0,basic-box-m,Basic Box,0,0
0072,115,13,6,8,5,0,grimmsnarl-froslass,Grimmsnarl Froslass,0,0
0072,116,15,9,5,9,1,alakazam-dudunsparce,Alakazam Dudunsparce,0,0
0072,117,18,11,7,8,3,kangaskhan-bouffalant,Kangaskhan Bouffalant,0,0
0072,118,27,11,17,10,0,dragapult-ex,Dragapult,1,0
0072,119,20,10,11,9,0,ogerpon-meganium-hydrapple,Ogerpon Meganium Hydrapple,0,0
0072,120,17,8,9,8,0,mega-excadrill-ex,Mega Excadrill,0,0
0072,121,28,13,17,11,0,dragapult-blaziken,Dragapult Blaziken,0,0
0072,122,13,6,8,5,0,grimmsnarl-froslass,Grimmsnarl Froslass,0,0
0072,123,26,10,16,10,0,dragapult-ex,Dragapult,1,0
0072,124,16,11,5,10,1,alakazam-dudunsparce,Alakazam Dudunsparce,0,0
0072,125,18,10,4,14,0,n-zoroark,N's Zoroark,0,0
0072,126,24,13,17,6,1,lopunny-dusknoir,Lopunny Dusknoir,0,0
0072,127,8,3,0,8,0,rockets-honchkrow,Rocket's Honchkrow,0,0
0072,128,25,11,15,10,0,dragapult-ex,Dragapult,0,0
0072,129,26,12,14,10,2,slowking-scr,Slowking,0,0
0072,130,28,12,17,11,0,dragapult-ex,Dragapult,0,0
0072,131,9,6,3,5,1,dhelmise-pbl,Dhelmise,0,0
0072,132,27,11,17,10,0,dragapult-ex,Dragapult,1,0
0072,133,16,11,5,11,0,n-zoroark,N's Zoroark,0,0
0072,134,15,9,4,10,1,alakazam-dudunsparce,Alakazam Dudunsparce,0,0
0072,135,18,11,5,13,0,n-zoroark,N's Zoroark,0,0
0072,136,26,11,17,9,0,dragapult-ex,Dragapult,1,0
0072,137,27,11,17,10,0,dragapult-ex,Dragapult,0,0
0072,138,11,8,5,5,1,dhelmise-pbl,Dhelmise,0,0
0072,139,13,6,5,8,0,mega-venusaur-ex,Mega Venusaur,0,0
0072,140,18,12,8,10,0,mega-starmie-ex,Mega Starmie,0,0
0072,141,27,11,17,10,0,dragapult-ex,Dragapult,0,0
0072,142,27,11,17,10,0,dragapult-ex,Dragapult,0,0
0072,143,25,14,10,15,0,basic-box-m,Basic Box,1,0
0072,144,6,4,0,6,0,mega-lucario-ex,Mega Lucario,0,0
0072,145,16,10,4,12,0,n-zoroark,N's Zoroark,0,0
0072,146,14,8,0,10,4,crustle-dri,Crustle,0,0
0072,147,31,14,19,12,0,festival-lead,Festival Lead,0,0
0072,148,28,12,18,10,0,dragapult-ex,Dragapult,0,0
0072,149,29,13,18,11,0,dragapult-ex,Dragapult,0,0
0072,150,29,13,18,11,0,dragapult-dusknoir,Dragapult Dusknoir,0,0
0072,151,27,11,17,10,0,dragapult-ex,Dragapult,1,0
0072,152,17,8,8,9,0,sharpedo-toxtricity,Sharpedo Toxtricity,0,0
0072,153,27,11,17,10,0,dragapult-ex,Dragapult,0,0
0072,154,11,5,4,7,0,mega-excadrill-ex,Mega Excadrill,0,0
0072,155,13,8,4,8,1,alakazam-dudunsparce,Alakazam Dudunsparce,0,0
0072,156,27,10,16,11,0,dragapult-ex,Dragapult,0,0
0072,157,15,11,9,5,1,hydreigon-ex,Hydreigon,0,0
0072,158,5,3,0,5,0,lucario-hariyama,Lucario Hariyama,0,0
0072,159,27,11,17,10,0,dragapult-ex,Dragapult,0,0
0072,160,17,12,5,12,0,n-zoroark,N's Zoroark,0,0
0072,161,26,11,17,9,0,dragapult-blaziken,Dragapult Blaziken,0,0
0072,162,27,11,17,10,0,dragapult-ex,Dragapult,1,0
0072,163,30,13,19,11,0,dragapult-blaziken,Dragapult Blaziken,0,0
0072,164,9,4,0,9,0,rockets-honchkrow,Rocket's Honchkrow,0,0
0072,165,25,15,10,15,0,basic-box-m,Basic Box,1,0
0072,166,8,4,0,8,0,rocket-mewtwo-ex,Rocket's Mewtwo,0,0
0072,167,22,13,14,8,0,ogerpon-meganium-hydrapple,Ogerpon Meganium Hydrapple,0,0
0072,168,27,11,17,10,0,dragapult-ex,Dragapult,0,0
0072,169,27,11,17,10,0,dragapult-ex,Dragapult,0,0
0072,170,14,9,9,5,0,hop-zacian,Hop's Zacian,0,0
0072,171,20,11,13,7,0,alakazam-dusknoir,Alakazam Dusknoir,0,0
0072,172,22,13,8,11,3,kangaskhan-bouffalant,Kangaskhan Bouffalant,0,0
0072,173,19,9,8,11,0,sharpedo-toxtricity,Sharpedo Toxtricity,0,0
0072,174,6,5,0,6,0,lucario-hariyama,Lucario Hariyama,1,0
0072,175,9,5,3,5,1,dhelmise-pbl,Dhelmise,0,0
0072,176,19,8,14,4,1,starmie-dusknoir,Starmie Dusknoir,0,0
0072,177,27,11,17,10,0,dragapult-ex,Dragapult,0,0
0072,178,27,10,16,11,0,dragapult-ex,Dragapult,0,0
0072,179,27,13,17,10,0,dragapult-blaziken,Dragapult Blaziken,0,0
0072,180,15,7,9,6,0,mega-excadrill-ex,Mega Excadrill,0,0
0072,181,26,10,16,10,0,dragapult-ex,Dragapult,1,0
0072,182,14,9,4,9,1,alakazam-dudunsparce,Alakazam Dudunsparce,0,0
0072,183,16,7,6,6,4,lopunny-dudunsparce,Lopunny Dudunsparce,0,0
0072,184,17,10,4,13,0,n-zoroark,N's Zoroark,0,0
0072,185,14,7,6,8,0,ogerpon-meganium-arboliva,Ogerpon Meganium Arboliva,0,0
0072,186,14,8,5,8,1,mega-starmie-ex,Mega Starmie,0,0
0072,187,26,17,11,15,0,basic-box-m,Basic Box,1,0
0072,188,17,10,6,10,1,alakazam-dudunsparce,Alakazam Dudunsparce,1,0
0072,189,21,11,12,9,0,ogerpon-meganium-hydrapple,Ogerpon Meganium Hydrapple,1,0
0072,190,15,8,6,9,0,sharpedo-toxtricity,Sharpedo Toxtricity,0,0
0072,191,16,8,6,6,4,lopunny-dudunsparce,Lopunny Dudunsparce,0,0
0072,192,27,18,12,15,0,basic-box-m,Basic Box,1,0
0072,193,27,11,17,10,0,dragapult-ex,Dragapult,0,0
0072,194,27,13,17,10,0,dragapult-blaziken,Dragapult Blaziken,0,0
0072,195,9,6,3,5,1,other,Other,0,0
0072,196,9,6,4,4,1,mega-chandelure-ex,Mega Chandelure,0,0
0072,197,27,14,17,10,0,dragapult-dusknoir,Dragapult Dusknoir,0,0
0072,198,28,13,19,9,0,dragapult-dusknoir,Dragapult Dusknoir,0,0
0072,199,18,11,5,13,0,n-zoroark,N's Zoroark,0,0
0072,200,7,3,0,7,0,rockets-honchkrow,Rocket's Honchkrow,0,0
0072,201,29,13,20,9,0,dragapult-dusknoir,Dragapult Dusknoir,1,0
0072,202,12,6,0,8,4,crustle-dri,Crustle,0,0
0072,203,17,8,6,6,5,lopunny-dudunsparce,Lopunny Dudunsparce,0,0
0072,204,17,10,4,13,0,n-zoroark,N's Zoroark,0,0
0072,205,4,3,1,3,0,lucario-hariyama,Lucario Hariyama,0,0
0072,206,18,10,10,8,0,alakazam-dusknoir,Alakazam Dusknoir,0,0
0072,207,17,11,3,14,0,n-zoroark,N's Zoroark,0,0
0072,208,5,2,0,5,0,iono-bellibolt,Iono's Bellibolt,0,0
0072,209,28,13,18,10,0,dragapult-blaziken,Dragapult Blaziken,0,0
0072,210,25,10,16,9,0,dragapult-ex,Dragapult,0,0
0072,211,29,13,19,10,0,dragapult-dusknoir,Dragapult Dusknoir,0,0
0072,212,31,14,19,12,0,dragapult-dusknoir,Dragapult Dusknoir,0,0
0072,213,14,8,1,9,4,crustle-dri,Crustle,0,0
0072,214,13,7,0,9,4,crustle-dri,Crustle,0,0
0072,215,10,6,5,5,0,mega-excadrill-ex,Mega Excadrill,0,0
0072,216,14,6,9,5,0,grimmsnarl-froslass,Grimmsnarl Froslass,0,0
0072,217,11,5,1,9,1,dhelmise-pbl,Dhelmise,1,0
0072,218,27,11,17,10,0,dragapult-ex,Dragapult,0,0
0072,219,26,12,17,9,0,dragapult-blaziken,Dragapult Blaziken,0,0
0072,220,26,11,12,12,2,slowking-scr,Slowking,0,0
0072,221,15,10,6,8,1,alakazam-dudunsparce,Alakazam Dudunsparce,0,0
0072,222,16,11,5,11,0,n-zoroark,N's Zoroark,0,0
0072,223,24,16,11,13,0,basic-box-m,Basic Box,0,0
0072,224,25,10,16,9,0,dragapult-ex,Dragapult,0,0
0072,225,8,4,0,8,0,rockets-honchkrow,Rocket's Honchkrow,0,0
0072,226,28,13,17,11,0,dragapult-ex,Dragapult,0,0
0072,227,27,11,17,10,0,dragapult-ex,Dragapult,0,0
0072,228,26,15,11,15,0,basic-box-m,Basic Box,1,0
0072,229,11,5,5,6,0,mega-excadrill-ex,Mega Excadrill,0,0
0072,230,34,15,21,13,0,festival-lead,Festival Lead,0,0
0072,231,25,11,17,8,0,dragapult-ex,Dragapult,0,0
0072,232,27,11,17,10,0,dragapult-ex,Dragapult,0,0
0072,233,19,11,6,13,0,n-zoroark,N's Zoroark,0,0
0072,234,17,12,5,12,0,n-zoroark,N's Zoroark,0,0
0072,235,27,14,13,12,2,slowking-scr,Slowking,0,0
0072,236,14,6,8,6,0,mega-excadrill-ex,Mega Excadrill,0,0
0072,237,21,13,13,8,0,alakazam-dusknoir,Alakazam Dusknoir,0,0
0072,238,13,7,0,9,4,crustle-dri,Crustle,0,0
0072,239,21,10,18,2,1,lopunny-dusknoir,Lopunny Dusknoir,0,0
0072,240,32,14,17,11,4,seaking-pre,Seaking Festival Lead,1,0
0072,241,9,4,0,9,0,rockets-honchkrow,Rocket's Honchkrow,0,0
0072,242,20,11,10,9,1,alakazam-dudunsparce,Alakazam Dudunsparce,0,0
0072,243,27,11,17,10,0,dragapult-ex,Dragapult,1,0
0072,244,4,2,0,4,0,lucario-hariyama,Lucario Hariyama,0,0
0072,245,27,11,17,10,0,dragapult-ex,Dragapult,0,0
0072,246,15,8,0,11,4,crustle-dri,Crustle,0,0
0072,247,13,9,8,5,0,toxtricity-box,Toxtricity Box,0,0
0072,248,27,17,11,16,0,basic-box-m,Basic Box,0,0
0072,249,26,17,11,15,0,basic-box-m,Basic Box,1,0
0072,250,14,7,0,10,4,crustle-dri,Crustle,0,0
0072,251,13,7,0,9,4,crustle-dri,Crustle,0,0
0072,252,22,13,16,5,1,lopunny-dusknoir,Lopunny Dusknoir,0,0
0072,253,5,3,0,5,0,lucario-hariyama,Lucario Hariyama,0,0
0072,254,17,12,4,13,0,n-zoroark,N's Zoroark,0,0
0072,255,13,9,1,8,4,crustle-dri,Crustle,0,0
0072,256,21,13,14,7,0,ogerpon-meganium-hydrapple,Ogerpon Meganium Hydrapple,0,0
0072,257,17,11,5,11,1,alakazam-dudunsparce,Alakazam Dudunsparce,0,0
0072,258,27,11,17,10,0,dragapult-ex,Dragapult,1,0
0072,259,27,11,17,10,0,dragapult-ex,Dragapult,0,0
0072,260,15,10,4,11,0,n-zoroark,N's Zoroark,0,0
0072,261,14,8,6,8,0,ogerpon-meganium-arboliva,Ogerpon Meganium Arboliva,0,0
0072,262,26,10,16,10,0,dragapult-ex,Dragapult,0,0
0072,263,16,11,6,9,1,alakazam-dudunsparce,Alakazam Dudunsparce,0,0
0072,264,16,11,5,11,0,n-zoroark,N's Zoroark,0,0
0072,265,8,3,0,8,0,rockets-honchkrow,Rocket's Honchkrow,0,0
0072,266,14,5,8,6,0,mega-excadrill-ex,Mega Excadrill,0,0
0072,267,23,18,13,10,0,dudunsparce-control,Dudunsparce Control,0,0
0072,268,26,11,17,9,0,dragapult-ex,Dragapult,0,0
0072,269,14,8,9,5,0,mega-excadrill-ex,Mega Excadrill,0,0
0072,270,29,11,22,6,1,dragapult-dusknoir,Dragapult Dusknoir,1,0
0072,271,24,10,15,9,0,dragapult-ex,Dragapult,1,0
0072,272,28,12,18,10,0,dragapult-ex,Dragapult,0,0
0072,273,22,13,14,8,0,ogerpon-meganium-hydrapple,Ogerpon Meganium Hydrapple,0,0
0072,274,29,13,15,10,4,seaking-pre,Seaking Festival Lead,0,0
0072,275,27,11,17,10,0,dragapult-ex,Dragapult,1,0
0072,276,7,4,0,6,1,cynthia-garchomp-ex,Cynthia's Garchomp,0,0
0072,277,26,16,11,15,0,basic-box-m,Basic Box,1,0
0072,278,31,13,19,12,0,dragapult-dusknoir,Dragapult Dusknoir,0,0
0072,279,16,11,5,11,0,sharpedo-toxtricity,Sharpedo Toxtricity,0,0
0072,280,27,11,17,10,0,dragapult-ex,Dragapult,0,0
0072,281,28,12,18,10,0,dragapult-ex,Dragapult,0,0
0072,282,13,4,8,5,0,mega-excadrill-ex,Mega Excadrill,1,0
0072,283,26,11,17,9,0,dragapult-ex,Dragapult,0,0
0072,284,17,12,4,13,0,n-zoroark,N's Zoroark,0,0
0072,285,28,12,16,12,0,dragapult-ex,Dragapult,0,0
0072,286,4,3,1,3,0,lucario-hariyama,Lucario Hariyama,0,0
0072,287,11,8,3,8,0,stevens-metagross,Steven's Metagross,0,0
0072,288,29,16,17,12,0,dragapult-blaziken,Dragapult Blaziken,0,0
0072,289,13,7,0,9,4,crustle-dri,Crustle,1,0
0072,290,16,8,7,9,0,sharpedo-toxtricity,Sharpedo Toxtricity,0,0
0072,291,13,7,0,9,4,crustle-dri,Crustle,0,0
0072,292,30,15,18,12,0,dragapult-dusknoir,Dragapult Dusknoir,0,0
0072,293,13,6,8,5,0,grimmsnarl-froslass,Grimmsnarl Froslass,1,0
0072,294,12,6,0,8,4,crustle-dri,Crustle,0,0
0072,295,17,11,4,13,0,n-zoroark,N's Zoroark,0,0
0072,296,19,8,11,8,0,dragapult-ex,Dragapult,0,0
0072,297,12,8,4,7,1,alakazam-dudunsparce,Alakazam Dudunsparce,0,0
0072,298,13,9,3,10,0,n-zoroark,N's Zoroark,1,0
0072,299,26,16,11,15,0,clefairy-ogerpon,Clefairy Ogerpon,1,0
0072,300,27,12,16,11,0,dragapult-ex,Dragapult,0,0
0072,301,26,11,16,10,0,dragapult-ex,Dragapult,0,0
0072,302,16,11,5,11,0,n-zoroark,N's Zoroark,0,0
0072,303,16,8,5,10,1,beedrill-ex-cri,Beedrill,0,0
0072,304,26,13,15,11,0,dragapult-ex,Dragapult,0,0
0072,305,9,5,3,5,1,mega-greninja-ex,Mega Greninja,0,0
0072,306,26,17,11,15,0,basic-box-m,Basic Box,0,0
0072,307,16,8,7,9,0,sharpedo-toxtricity,Sharpedo Toxtricity,0,0
0072,308,15,6,9,6,0,mega-excadrill-ex,Mega Excadrill,0,0
0072,309,10,8,2,8,0,toucannon-pbl,Toucannon,0,0
0072,310,19,10,12,6,1,mega-greninja-ex,Mega Greninja,0,0
0072,311,20,10,12,8,0,starmie-froslass,Starmie Froslass,0,0
0072,312,14,11,6,8,0,dhelmise-pbl,Dhelmise,0,0
0072,313,9,4,0,9,0,rockets-honchkrow,Rocket's Honchkrow,0,0
0072,314,25,12,17,8,0,dragapult-blaziken,Dragapult Blaziken,0,0
0072,315,32,14,19,13,0,dragapult-dusknoir,Dragapult Dusknoir,0,0
0072,316,27,11,17,10,0,dragapult-ex,Dragapult,0,0
0072,317,19,8,14,5,0,starmie-dusknoir,Starmie Dusknoir,1,0
0072,318,27,11,12,12,3,slowking-scr,Slowking,1,0
0072,319,26,16,11,15,0,basic-box-m,Basic Box,0,0
0072,320,14,9,0,10,4,crustle-dri,Crustle,0,0
0072,321,15,11,6,8,1,alakazam-dudunsparce,Alakazam Dudunsparce,1,0
0072,322,27,11,16,11,0,dragapult-ex,Dragapult,0,0
0072,323,29,13,20,9,0,dragapult-dusknoir,Dragapult Dusknoir,0,0
0072,324,17,10,4,13,0,n-zoroark,N's Zoroark,0,0
0072,325,27,11,17,10,0,dragapult-ex,Dragapult,0,0
0072,326,29,12,17,12,0,dragapult-ex,Dragapult,0,0
0072,327,13,7,0,9,4,crustle-dri,Crustle,0,0
0072,328,9,4,0,9,0,rockets-honchkrow,Rocket's Honchkrow,0,0
0072,329,27,11,17,10,0,dragapult-ex,Dragapult,0,0
0072,330,17,11,4,13,0,n-zoroark,N's Zoroark,0,0
0072,331,13,6,8,5,0,mega-excadrill-ex,Mega Excadrill,0,0
0072,332,22,14,14,8,0,ogerpon-meganium-hydrapple,Ogerpon Meganium Hydrapple,0,0
0072,333,25,14,11,14,0,basic-box-m,Basic Box,1,0
0072,334,35,16,19,16,0,festival-lead,Festival Lead,0,0
0072,335,29,18,16,13,0,flareon-ex,Flareon,0,0
0072,336,30,13,20,10,0,dragapult-dusknoir,Dragapult Dusknoir,1,0
0072,337,22,13,14,8,0,ogerpon-meganium-hydrapple,Ogerpon Meganium Hydrapple,0,0
0072,338,16,10,5,11,0,n-zoroark,N's Zoroark,1,0
0072,339,16,12,4,12,0,n-zoroark,N's Zoroark,0,0
0072,340,25,11,16,9,0,palafin-ex,Palafin,0,0
0072,341,17,11,5,12,0,n-zoroark,N's Zoroark,0,0
0072,342,22,13,14,8,0,ogerpon-meganium-hydrapple,Ogerpon Meganium Hydrapple,0,0
0072,343,26,12,16,10,0,dragapult-blaziken,Dragapult Blaziken,0,0
0072,344,28,15,13,15,0,raging-bolt-ogerpon,Raging Bolt Ogerpon,0,0
0072,345,27,11,17,10,0,dragapult-ex,Dragapult,0,0
0072,346,4,4,1,3,0,lucario-hariyama,Lucario Hariyama,0,0
0072,347,28,12,19,9,0,dragapult-dusknoir,Dragapult Dusknoir,0,0
0072,348,32,15,20,12,0,festival-lead,Festival Lead,0,0
0072,349,32,15,21,11,0,dragapult-dusknoir,Dragapult Dusknoir,0,0
0072,350,10,6,5,4,1,mega-chandelure-ex,Mega Chandelure,0,0
0072,351,17,11,5,12,0,n-zoroark,N's Zoroark,0,0
0072,352,26,10,16,10,0,dragapult-ex,Dragapult,0,0
0072,353,26,11,17,9,0,dragapult-ex,Dragapult,0,0
0072,354,8,3,0,8,0,rockets-honchkrow,Rocket's Honchkrow,0,0
0072,355,14,8,6,7,1,mega-lucario-ex,Mega Lucario,0,0
0072,356,5,4,1,4,0,dhelmise-pbl,Dhelmise,0,0
0072,357,10,7,4,6,0,dhelmise-pbl,Dhelmise,0,0
0072,358,17,10,7,9,1,alakazam-dudunsparce,Alakazam Dudunsparce,0,0
0072,359,23,13,13,10,0,basic-box-m,Basic Box,0,0
0072,360,13,7,0,9,4,crustle-dri,Crustle,1,0
0072,361,29,13,15,11,3,slowking-scr,Slowking,0,0
0072,362,15,10,5,10,0,n-zoroark,N's Zoroark,0,0
0072,363,27,16,11,16,0,basic-box-m,Basic Box,0,0
0072,364,25,12,10,15,0,raging-bolt-ogerpon,Raging Bolt Ogerpon,0,0
0072,365,24,13,10,11,3,kangaskhan-bouffalant,Kangaskhan Bouffalant,0,0
0072,366,19,9,8,11,0,sharpedo-toxtricity,Sharpedo Toxtricity,1,0
0072,367,26,10,16,10,0,dragapult-ex,Dragapult,0,0
0072,368,25,15,10,15,0,basic-box-m,Basic Box,0,0
0072,369,28,14,14,12,2,slowking-scr,Slowking,0,0
0072,370,27,11,17,10,0,dragapult-ex,Dragapult,0,0
0072,371,29,14,19,10,0,dragapult-dusknoir,Dragapult Dusknoir,0,0
0072,372,14,10,5,8,1,alakazam-dudunsparce,Alakazam Dudunsparce,0,0
0072,373,27,13,15,12,0,dragapult-ex,Dragapult,0,0
0072,374,14,8,0,10,4,crustle-dri,Crustle,1,0
0072,375,27,11,17,10,0,dragapult-ex,Dragapult,0,0
0072,376,28,13,19,9,0,dragapult-dusknoir,Dragapult Dusknoir,1,0
0072,377,10,6,6,3,1,mega-greninja-ex,Mega Greninja,0,0
0072,378,6,5,1,5,0,lucario-hariyama,Lucario Hariyama,0,0
0072,379,13,4,8,5,0,mega-excadrill-ex,Mega Excadrill,0,0
0072,380,26,10,16,10,0,dragapult-ex,Dragapult,0,0
0072,381,13,6,5,8,0,mega-venusaur-ex,Mega Venusaur,0,0
0072,382,30,14,15,13,2,slowking-scr,Slowking,0,0
0072,383,26,11,12,12,2,slowking-scr,Slowking,0,0
0072,384,28,13,18,10,0,dragapult-dusknoir,Dragapult Dusknoir,0,0
0072,385,27,11,17,10,0,dragapult-ex,Dragapult,0,0
0072,386,27,11,17,10,0,dragapult-ex,Dragapult,0,0
0072,387,27,18,11,16,0,basic-box-m,Basic Box,0,0
0072,388,28,14,17,11,0,dragapult-blaziken,Dragapult Blaziken,0,0
0072,389,31,13,20,11,0,dragapult-dusknoir,Dragapult Dusknoir,0,0
0072,390,31,14,19,12,0,dragapult-dusknoir,Dragapult Dusknoir,0,0
0072,391,31,15,18,13,0,festival-lead,Festival Lead,0,0
0072,392,30,13,18,12,0,dragapult-dusknoir,Dragapult Dusknoir,0,0
0072,393,15,8,0,11,4,crustle-dri,Crustle,0,0
0072,394,17,9,7,10,0,sharpedo-toxtricity,Sharpedo Toxtricity,1,0
0072,395,9,4,4,5,0,mega-excadrill-ex,Mega Excadrill,0,0
0072,396,26,17,10,16,0,basic-box-m,Basic Box,0,0
0072,397,28,13,18,10,0,dragapult-blaziken,Dragapult Blaziken,0,0
0072,398,26,14,12,14,0,raging-bolt-ogerpon,Raging Bolt Ogerpon,0,0
0072,399,16,9,4,12,0,n-zoroark,N's Zoroark,0,0
0072,400,17,10,7,9,1,alakazam-dudunsparce,Alakazam Dudunsparce,0,0
0072,401,24,11,16,8,0,dragapult-blaziken,Dragapult Blaziken,0,0
0072,402,15,8,0,11,4,crustle-dri,Crustle,1,0
0072,403,26,11,17,9,0,dragapult-blaziken,Dragapult Blaziken,0,0
0072,404,26,10,16,10,0,dragapult-ex,Dragapult,0,0
0072,405,26,12,17,9,0,dragapult-blaziken,Dragapult Blaziken,0,0
0072,406,27,16,12,15,0,basic-box-m,Basic Box,0,0
0072,407,21,14,12,9,0,basic-box-m,Basic Box,1,0
0072,408,25,11,15,10,0,dragapult-ex,Dragapult,1,0
0072,409,27,12,17,10,0,dragapult-ex,Dragapult,0,0
0072,410,30,14,19,11,0,dragapult-dusknoir,Dragapult Dusknoir,0,0
0072,411,23,14,13,10,0,basic-box-m,Basic Box,1,0
0072,412,4,2,0,4,0,lucario-hariyama,Lucario Hariyama,0,0
0072,413,27,11,17,10,0,dragapult-ex,Dragapult,0,0
0072,414,25,10,16,9,0,dragapult-ex,Dragapult,0,0
0072,415,30,14,20,10,0,dragapult-dusknoir,Dragapult Dusknoir,0,0
0072,416,15,7,4,6,5,lopunny-dudunsparce,Lopunny Dudunsparce,0,0
0072,417,27,12,18,9,0,dragapult-blaziken,Dragapult Blaziken,1,0
0072,418,29,14,19,10,0,dragapult-dusknoir,Dragapult Dusknoir,0,0
0072,419,12,7,6,6,0,mega-lucario-ex,Mega Lucario,0,0
0072,420,29,14,19,10,0,dragapult-dusknoir,Dragapult Dusknoir,1,0
0072,421,18,9,4,14,0,n-zoroark,N's Zoroark,0,0
0072,422,9,5,5,3,1,okidogi-barbaracle,Okidogi Barbaracle,0,0
0072,423,20,11,6,14,0,n-zoroark,N's Zoroark,1,0
0072,424,15,10,5,9,1,alakazam-dudunsparce,Alakazam Dudunsparce,0,0
0072,425,26,12,13,11,2,slowking-scr,Slowking,0,0
0072,426,18,12,11,6,1,alakazam-dudunsparce,Alakazam Dudunsparce,0,0
0072,427,5,3,0,5,0,lucario-hariyama,Lucario Hariyama,0,0
0072,428,27,11,17,10,0,dragapult-ex,Dragapult,0,0
0072,429,16,9,5,11,0,n-zoroark,N's Zoroark,0,0
0072,430,21,8,10,11,0,raging-bolt-ogerpon,Raging Bolt Ogerpon,0,0
0072,431,31,16,14,16,1,slowking-scr,Slowking,0,0
0072,432,12,6,0,8,4,crustle-dri,Crustle,0,0
0072,433,8,3,0,8,0,rockets-honchkrow,Rocket's Honchkrow,0,0
0072,434,27,11,17,10,0,dragapult-ex,Dragapult,0,0
0072,435,25,10,16,9,0,dragapult-ex,Dragapult,1,0
0072,436,23,10,8,12,3,ceruledge-ex,Ceruledge,0,0
0072,437,12,6,7,4,1,mega-chandelure-ex,Mega Chandelure,1,0
0072,438,27,11,17,10,0,dragapult-ex,Dragapult,0,0
0072,439,26,14,11,15,0,basic-box-m,Basic Box,0,0
0072,440,33,14,19,14,0,festival-lead,Festival Lead,0,0
0072,441,14,8,5,8,1,alakazam-dudunsparce,Alakazam Dudunsparce,0,0
0072,442,27,11,17,10,0,dragapult-ex,Dragapult,1,0
0072,443,27,11,17,10,0,dragapult-ex,Dragapult,1,0
0072,444,28,14,13,13,2,slowking-scr,Slowking,1,1
0072,445,27,11,17,10,0,dragapult-ex,Dragapult,0,0
0072,446,27,11,16,11,0,dragapult-ex,Dragapult,0,0
0072,447,28,12,18,10,0,dragapult-ex,Dragapult,0,0
0072,448,19,9,12,7,0,ogerpon-meganium-hydrapple,Ogerpon Meganium Hydrapple,0,0
0072,449,14,10,5,9,0,n-zoroark,N's Zoroark,1,0
0072,450,14,8,6,8,0,ceruledge-ex,Ceruledge,0,0
0072,451,25,11,17,8,0,dragapult-blaziken,Dragapult Blaziken,0,0
0072,452,26,15,11,15,0,basic-box-m,Basic Box,0,0
0072,453,27,11,17,10,0,dragapult-ex,Dragapult,0,0
0072,454,27,12,16,11,0,dragapult-ex,Dragapult,0,0
0072,455,18,12,7,10,1,mega-excadrill-ex,Mega Excadrill,0,0
0072,456,30,14,20,10,0,dragapult-dusknoir,Dragapult Dusknoir,0,0
0072,457,27,11,17,10,0,dragapult-ex,Dragapult,1,0
0072,458,3,2,0,3,0,lucario-hariyama,Lucario Hariyama,0,0
0072,459,26,16,11,15,0,basic-box-m,Basic Box,0,0
0072,460,14,8,0,10,4,crustle-dri,Crustle,0,0
0072,461,27,11,17,10,0,dragapult-ex,Dragapult,0,0
0072,462,14,8,0,10,4,crustle-dri,Crustle,0,0
0072,463,27,11,17,10,0,dragapult-ex,Dragapult,0,0
0072,464,26,11,17,9,0,dragapult-ex,Dragapult,0,0
0072,465,8,4,0,8,0,dhelmise-pbl,Dhelmise,0,0
0072,466,27,11,17,10,0,dragapult-ex,Dragapult,1,0
0072,467,16,7,9,7,0,mega-excadrill-ex,Mega Excadrill,0,0
0072,468,25,14,11,14,0,basic-box-m,Basic Box,1,0
0072,469,28,16,13,15,0,raging-bolt-ogerpon,Raging Bolt Ogerpon,0,0
0072,470,16,11,8,7,1,alakazam-dudunsparce,Alakazam Dudunsparce,0,0
0072,471,32,13,15,13,4,seaking-pre,Seaking Festival Lead,0,0
0072,472,12,7,5,6,1,alakazam-dudunsparce,Alakazam Dudunsparce,0,0
0072,473,16,11,5,11,0,n-zoroark,N's Zoroark,0,0
0072,474,6,5,1,5,0,doublade-por,Doublade,0,0
0072,475,27,17,11,16,0,basic-box-m,Basic Box,0,0
0072,476,13,6,8,5,0,grimmsnarl-froslass,Grimmsnarl Froslass,0,0
0072,477,21,13,13,8,0,raging-bolt-ogerpon,Raging Bolt Ogerpon,0,0
0072,478,16,11,3,13,0,n-zoroark,N's Zoroark,0,0
0072,479,29,13,19,10,0,dragapult-dusknoir,Dragapult Dusknoir,1,0
0072,480,16,11,5,11,0,n-zoroark,N's Zoroark,0,0
0072,481,11,5,5,6,0,lucario-hariyama,Lucario Hariyama,1,0
0072,482,24,11,15,9,0,dragapult-blaziken,Dragapult Blaziken,0,0
0072,483,16,11,5,11,0,n-zoroark,N's Zoroark,0,0
0072,484,22,12,14,8,0,ogerpon-meganium-hydrapple,Ogerpon Meganium Hydrapple,0,0
0072,485,20,12,9,10,1,alakazam-dudunsparce,Alakazam Dudunsparce,0,0
0072,486,26,11,17,9,0,dragapult-ex,Dragapult,1,0
0072,487,31,15,19,12,0,dragapult-dusknoir,Dragapult Dusknoir,0,0
0072,488,25,17,11,14,0,basic-box-m,Basic Box,0,0
0072,489,26,12,17,9,0,dragapult-blaziken,Dragapult Blaziken,1,0
0072,490,27,11,17,10,0,dragapult-ex,Dragapult,0,0
0072,491,18,9,8,10,0,sharpedo-toxtricity,Sharpedo Toxtricity,1,0
0072,492,14,9,5,8,1,alakazam-dudunsparce,Alakazam Dudunsparce,0,0
0072,493,18,9,9,9,0,mega-excadrill-ex,Mega Excadrill,0,0
0072,494,5,3,0,5,0,lucario-hariyama,Lucario Hariyama,0,0
0072,495,15,6,9,6,0,mega-excadrill-ex,Mega Excadrill,0,0
0072,496,31,14,20,11,0,dragapult-dusknoir,Dragapult Dusknoir,0,0
0072,497,30,14,19,11,0,dragapult-ex,Dragapult,1,0
0072,498,27,11,17,10,0,dragapult-ex,Dragapult,0,0
0072,499,27,11,17,10,0,dragapult-ex,Dragapult,0,0
0072,500,27,17,10,17,0,basic-box-m,Basic Box,0,0
0072,501,28,18,13,15,0,basic-box-m,Basic Box,0,0
0072,502,10,5,3,6,1,dhelmise-pbl,Dhelmise,1,0
0072,503,27,11,17,10,0,dragapult-ex,Dragapult,0,0
0072,504,29,14,13,14,2,slowking-scr,Slowking,0,0
0072,505,27,11,17,10,0,dragapult-ex,Dragapult,0,0
0072,506,23,14,10,13,0,basic-box-m,Basic Box,0,0
0072,507,13,7,0,9,4,crustle-dri,Crustle,0,0
0072,508,18,10,4,14,0,n-zoroark,N's Zoroark,1,0
0072,509,10,7,4,5,1,okidogi-barbaracle,Okidogi Barbaracle,0,0
0072,510,18,13,6,11,1,alakazam-dudunsparce,Alakazam Dudunsparce,0,0
0072,511,16,10,4,12,0,n-zoroark,N's Zoroark,1,0
0072,512,17,10,8,8,1,alakazam-dudunsparce,Alakazam Dudunsparce,0,0
0072,513,17,11,5,12,0,n-zoroark,N's Zoroark,0,0
0072,514,25,11,16,9,0,dragapult-ex,Dragapult,0,0
0072,515,30,13,19,11,0,dragapult-dusknoir,Dragapult Dusknoir,0,0
0072,516,13,6,8,5,0,grimmsnarl-froslass,Grimmsnarl Froslass,0,0
0072,517,35,17,19,15,1,festival-lead,Festival Lead,0,0
0072,518,14,8,0,10,4,crustle-dri,Crustle,1,0
0072,519,29,14,19,10,0,dragapult-dusknoir,Dragapult Dusknoir,0,0
0072,520,18,12,4,14,0,n-zoroark,N's Zoroark,1,0
0072,521,25,14,11,14,0,raging-bolt-ogerpon,Raging Bolt Ogerpon,0,0
0072,522,17,11,4,13,0,n-zoroark,N's Zoroark,0,0
0072,523,20,10,13,7,0,alakazam-dusknoir,Alakazam Dusknoir,0,0
0072,524,16,10,3,13,0,n-zoroark,N's Zoroark,0,0
0072,525,14,8,0,10,4,crustle-dri,Crustle,1,0
0072,526,18,9,6,11,1,starmie-froslass,Starmie Froslass,0,0
0072,527,26,10,16,10,0,dragapult-ex,Dragapult,1,0
0072,528,17,10,5,11,1,alakazam-dudunsparce,Alakazam Dudunsparce,0,0
0072,529,27,11,17,10,0,dragapult-ex,Dragapult,0,0
0072,530,14,5,8,6,0,mega-excadrill-ex,Mega Excadrill,0,0
0072,531,26,11,17,9,0,dragapult-ex,Dragapult,0,0
0072,532,27,11,17,10,0,dragapult-ex,Dragapult,0,0
0072,533,20,12,12,8,0,ogerpon-meganium-hydrapple,Ogerpon Meganium Hydrapple,0,0
0072,534,31,14,20,11,0,dragapult-dusknoir,Dragapult Dusknoir,1,0
0072,535,13,7,0,9,4,crustle-dri,Crustle,1,0
0072,536,19,9,13,6,0,alakazam-dusknoir,Alakazam Dusknoir,0,0
0072,537,8,4,0,7,1,cynthia-garchomp-ex,Cynthia's Garchomp,1,0
0072,538,7,5,3,3,1,dhelmise-pbl,Dhelmise,0,0
0072,539,14,7,5,9,0,mega-venusaur-ex,Mega Venusaur,0,0
0072,540,26,10,16,10,0,dragapult-ex,Dragapult,0,0
0072,541,31,13,19,12,0,dragapult-dusknoir,Dragapult Dusknoir,1,0
0072,542,29,14,14,15,0,festival-lead,Festival Lead,0,0
0072,543,16,11,4,12,0,n-zoroark,N's Zoroark,0,0
0072,544,26,14,11,15,0,raging-bolt-ogerpon,Raging Bolt Ogerpon,0,0
0072,545,16,9,7,9,0,sharpedo-toxtricity,Sharpedo Toxtricity,0,0
0072,546,20,11,12,8,0,ogerpon-meganium-hydrapple,Ogerpon Meganium Hydrapple,0,0
0072,547,31,13,19,12,0,dragapult-dusknoir,Dragapult Dusknoir,0,0
0072,548,27,11,17,10,0,dragapult-ex,Dragapult,0,0
0072,549,5,4,0,5,0,rocket-mewtwo-ex,Rocket's Mewtwo,0,0
0072,550,17,10,4,13,0,n-zoroark,N's Zoroark,0,0
0072,551,9,3,4,5,0,mega-excadrill-ex,Mega Excadrill,0,0
0072,552,26,11,17,9,0,dragapult-ex,Dragapult,0,0
0072,553,4,3,0,4,0,rockets-honchkrow,Rocket's Honchkrow,0,0
0072,554,7,4,0,7,0,rocket-mewtwo-ex,Rocket's Mewtwo,1,0
0072,555,15,11,5,10,0,n-zoroark,N's Zoroark,0,0
0072,556,28,13,15,13,0,festival-lead,Festival Lead,0,0
0072,557,14,9,5,8,1,alakazam-dudunsparce,Alakazam Dudunsparce,0,0
0072,558,9,4,0,9,0,rockets-honchkrow,Rocket's Honchkrow,0,0
0072,559,15,9,9,6,0,diancie-dusknoir,Diancie Dusknoir,1,0
0072,560,31,14,20,11,0,dragapult-dusknoir,Dragapult Dusknoir,0,0
0072,561,33,16,19,14,0,festival-lead,Festival Lead,0,0
0072,562,21,14,11,10,0,basic-box-m,Basic Box,1,0
0072,563,30,14,20,10,0,dragapult-dusknoir,Dragapult Dusknoir,0,0
0072,564,11,5,4,7,0,mega-venusaur-ex,Mega Venusaur,0,0
0072,565,5,3,0,5,0,lucario-hariyama,Lucario Hariyama,0,0
0072,566,27,12,18,9,0,dragapult-dusknoir,Dragapult Dusknoir,0,0
0072,567,27,12,16,11,0,dragapult-ex,Dragapult,1,0
0072,568,9,4,0,5,4,hops-trevenant,Hop's Trevenant,0,0
0072,569,26,17,10,16,0,basic-box-m,Basic Box,1,0
0072,570,18,9,9,8,1,hydreigon-ex,Hydreigon,0,0
0072,571,26,10,12,12,2,slowking-scr,Slowking,0,0
0072,572,27,13,17,10,0,dragapult-blaziken,Dragapult Blaziken,0,0
0072,573,12,6,0,8,4,crustle-dri,Crustle,0,0
0072,574,21,12,5,16,0,n-zoroark,N's Zoroark,1,0
0072,575,16,10,4,12,0,n-zoroark,N's Zoroark,0,0
0072,576,6,3,4,2,0,cinccino-ex,Cinccino,0,0
0072,577,12,6,5,7,0,mega-excadrill-ex,Mega Excadrill,1,0
0072,578,12,7,0,8,4,crustle-dri,Crustle,1,0
0072,579,9,5,0,9,0,dhelmise-pbl,Dhelmise,0,0
0072,580,29,14,19,10,0,dragapult-dusknoir,Dragapult Dusknoir,0,0
0072,581,13,8,7,6,0,beedrill-ex-cri,Beedrill,0,0
0072,582,27,11,17,10,0,dragapult-ex,Dragapult,0,0
0072,583,16,7,9,7,0,mega-excadrill-ex,Mega Excadrill,0,0
0072,584,12,6,0,8,4,crustle-dri,Crustle,0,0
0072,585,20,11,12,8,0,ogerpon-meganium-hydrapple,Ogerpon Meganium Hydrapple,0,0
0072,586,27,11,12,12,3,slowking-scr,Slowking,0,0
0072,587,21,13,11,10,0,ogerpon-meganium-hydrapple,Ogerpon Meganium Hydrapple,0,0
0072,588,16,7,8,8,0,sharpedo-toxtricity,Sharpedo Toxtricity,0,0
0072,589,21,12,12,9,0,ogerpon-meganium-hydrapple,Ogerpon Meganium Hydrapple,0,0
0072,590,28,12,18,10,0,dragapult-ex,Dragapult,0,0
0072,591,16,10,4,12,0,n-zoroark,N's Zoroark,1,0
0072,592,28,12,18,10,0,dragapult-ex,Dragapult,0,0
0072,593,12,7,3,8,1,alakazam-dudunsparce,Alakazam Dudunsparce,0,0
0072,594,20,10,13,7,0,alakazam-dusknoir,Alakazam Dusknoir,0,0
0072,595,26,11,17,9,0,dragapult-ex,Dragapult,0,0
0072,596,30,13,19,11,0,dragapult-dusknoir,Dragapult Dusknoir,1,0
0072,597,4,3,1,3,0,lucario-hariyama,Lucario Hariyama,0,0
0072,598,16,10,4,12,0,n-zoroark,N's Zoroark,0,0
0072,599,27,11,17,10,0,dragapult-ex,Dragapult,0,0
0072,600,31,14,21,10,0,dragapult-dusknoir,Dragapult Dusknoir,0,0
0072,601,31,13,21,10,0,dragapult-dusknoir,Dragapult Dusknoir,0,0
0072,602,26,11,16,10,0,dragapult-ex,Dragapult,1,0
0072,603,16,11,5,11,0,n-zoroark,N's Zoroark,0,0
0072,604,27,12,17,10,0,dragapult-blaziken,Dragapult Blaziken,0,0
0072,605,9,5,2,6,1,dhelmise-pbl,Dhelmise,0,0
0072,606,17,11,4,13,0,n-zoroark,N's Zoroark,0,0
0072,607,9,4,0,9,0,rockets-honchkrow,Rocket's Honchkrow,0,0
0072,608,17,10,3,14,0,n-zoroark,N's Zoroark,0,0
0072,609,9,4,0,9,0,rockets-honchkrow,Rocket's Honchkrow,0,0
0072,610,28,13,17,11,0,dragapult-ex,Dragapult,1,0
0072,611,27,11,16,11,0,dragapult-ex,Dragapult,0,0
0072,612,16,10,4,12,0,n-zoroark,N's Zoroark,0,0
0072,613,31,13,19,12,0,dragapult-dusknoir,Dragapult Dusknoir,0,0
0072,614,27,12,13,12,2,slowking-scr,Slowking,0,0
0072,615,13,8,6,6,1,mega-greninja-ex,Mega Greninja,0,0
0072,616,19,10,8,11,0,sharpedo-toxtricity,Sharpedo Toxtricity,0,0
0072,617,20,11,11,9,0,ogerpon-meganium-hydrapple,Ogerpon Meganium Hydrapple,0,0
0072,618,16,10,4,12,0,n-zoroark,N's Zoroark,0,0
0072,619,25,14,9,15,1,basic-box-m,Basic Box,0,0
0072,620,9,4,0,9,0,rockets-honchkrow,Rocket's Honchkrow,1,0
0072,621,15,8,7,8,0,mega-excadrill-ex,Mega Excadrill,0,0
0072,622,26,12,17,9,0,dragapult-blaziken,Dragapult Blaziken,0,0
0072,623,26,16,12,14,0,basic-box-m,Basic Box,0,0
0072,624,7,5,2,5,0,dhelmise-pbl,Dhelmise,0,0
0072,625,27,11,17,10,0,dragapult-ex,Dragapult,0,0
0072,626,26,12,17,9,0,dragapult-blaziken,Dragapult Blaziken,0,0
0072,627,24,10,15,9,0,dragapult-ex,Dragapult,0,0
0072,628,22,11,14,8,0,ogerpon-meganium-hydrapple,Ogerpon Meganium Hydrapple,1,0
0072,629,27,15,13,14,0,raging-bolt-ogerpon,Raging Bolt Ogerpon,0,0
0072,630,4,3,0,4,0,lucario-hariyama,Lucario Hariyama,0,0
0072,631,26,10,16,10,0,dragapult-ex,Dragapult,1,0
0072,632,27,12,12,13,2,slowking-scr,Slowking,1,0
0072,633,29,15,12,12,5,slowking-scr,Slowking,0,0
0072,634,18,11,6,11,1,alakazam-dudunsparce,Alakazam Dudunsparce,0,0
0072,635,27,17,12,15,0,basic-box-m,Basic Box,0,0
0072,636,18,8,9,9,0,mega-excadrill-ex,Mega Excadrill,0,0
0072,637,3,3,0,3,0,lucario-hariyama,Lucario Hariyama,0,0
0072,638,21,11,12,9,0,ogerpon-meganium-hydrapple,Ogerpon Meganium Hydrapple,0,0
0072,639,14,8,7,7,0,mega-venusaur-ex,Mega Venusaur,0,0
0072,640,28,13,16,11,1,dragapult-dudunsparce,Dragapult Dudunsparce,0,0
0072,641,5,4,0,5,0,rocket-mewtwo-ex,Rocket's Mewtwo,0,0
0072,642,30,14,19,11,0,dragapult-dusknoir,Dragapult Dusknoir,0,0
0072,643,14,7,9,5,0,grimmsnarl-froslass,Grimmsnarl Froslass,0,0
0072,644,21,12,17,3,1,lopunny-dusknoir,Lopunny Dusknoir,0,0
0072,645,27,11,17,10,0,dragapult-ex,Dragapult,0,0
0072,646,27,18,11,16,0,basic-box-m,Basic Box,0,0
0072,647,27,12,17,10,0,dragapult-ex,Dragapult,0,0
0072,648,25,16,10,15,0,clefairy-ogerpon,Clefairy Ogerpon,1,0
0072,649,4,3,0,4,0,lucario-hariyama,Lucario Hariyama,0,0
0072,650,11,7,0,7,4,crustle-dri,Crustle,0,0
0072,651,14,6,9,5,0,grimmsnarl-froslass,Grimmsnarl Froslass,0,0
0072,652,14,6,9,5,0,grimmsnarl-froslass,Grimmsnarl Froslass,0,0
0072,653,30,13,19,11,0,dragapult-dusknoir,Dragapult Dusknoir,1,0
0072,654,4,3,0,4,0,mega-lucario-ex,Mega Lucario,0,0
0072,655,13,7,5,8,0,mega-excadrill-ex,Mega Excadrill,0,0
0072,656,27,12,17,10,0,dragapult-blaziken,Dragapult Blaziken,1,0
0072,657,30,13,19,11,0,dragapult-dusknoir,Dragapult Dusknoir,0,0
0072,658,20,12,11,9,0,greninja-ex,Greninja,0,0
0072,659,17,10,7,9,1,alakazam-dudunsparce,Alakazam Dudunsparce,0,0
0072,660,17,12,5,11,1,alakazam-dudunsparce,Alakazam Dudunsparce,0,0
0072,661,26,12,16,10,0,dragapult-blaziken,Dragapult Blaziken,0,0
0072,662,15,10,4,10,1,alakazam-dudunsparce,Alakazam Dudunsparce,0,0
0072,663,27,11,17,10,0,dragapult-ex,Dragapult,0,0
0072,664,27,13,15,12,0,slowking-scr,Slowking,0,0
0072,665,25,11,16,9,0,dragapult-ex,Dragapult,0,0
0072,666,28,14,18,10,0,dragapult-blaziken,Dragapult Blaziken,0,0
0072,667,10,6,5,4,1,dhelmise-pbl,Dhelmise,0,0
0072,668,27,11,17,10,0,dragapult-ex,Dragapult,0,0
0072,669,15,10,4,11,0,n-zoroark,N's Zoroark,0,0
0072,670,27,11,17,10,0,dragapult-ex,Dragapult,0,0
0072,671,12,7,0,8,4,crustle-dri,Crustle,0,0
0072,672,27,11,17,10,0,dragapult-ex,Dragapult,0,0
0072,673,14,7,9,5,0,grimmsnarl-froslass,Grimmsnarl Froslass,0,0
0072,674,26,11,16,10,0,dragapult-ex,Dragapult,0,0
0072,675,30,13,19,11,0,dragapult-dusknoir,Dragapult Dusknoir,1,0
0072,676,16,10,6,9,1,alakazam-dudunsparce,Alakazam Dudunsparce,1,0
0072,677,3,1,0,3,0,mega-abomasnow-ex,Mega Abomasnow,0,0
0072,678,8,5,4,4,0,mega-excadrill-ex,Mega Excadrill,0,0
0072,679,27,11,17,10,0,dragapult-ex,Dragapult,1,0
0072,680,13,4,8,5,0,mega-excadrill-ex,Mega Excadrill,0,0
0072,681,29,13,18,11,0,dragapult-dusknoir,Dragapult Dusknoir,0,0
0072,682,13,8,5,7,1,mega-greninja-ex,Mega Greninja,0,0
0072,683,15,6,9,6,0,mega-excadrill-ex,Mega Excadrill,0,0
0072,684,16,10,4,12,0,n-zoroark,N's Zoroark,0,0
0072,685,26,10,16,10,0,dragapult-ex,Dragapult,0,0
0072,686,15,10,4,11,0,n-zoroark,N's Zoroark,0,0
0072,687,27,11,17,10,0,dragapult-ex,Dragapult,0,0
0072,688,16,10,4,12,0,n-zoroark,N's Zoroark,0,0
0072,689,30,14,19,11,0,dragapult-dusknoir,Dragapult Dusknoir,0,0
0072,690,38,21,21,17,0,flareon-noctowl,Flareon Noctowl,0,0
0072,691,20,9,11,9,0,mega-starmie-ex,Mega Starmie,0,0
0072,692,27,11,16,11,0,dragapult-ex,Dragapult,0,0
0072,693,31,14,21,10,0,dragapult-dusknoir,Dragapult Dusknoir,0,0
0072,694,12,9,7,5,0,toxtricity-box,Toxtricity Box,0,0
0072,695,27,11,17,10,0,dragapult-ex,Dragapult,1,1
0072,696,30,14,19,11,0,dragapult-dusknoir,Dragapult Dusknoir,0,0
0072,697,29,14,16,13,0,slowking-scr,Slowking,0,0
0072,698,8,4,2,5,1,dhelmise-pbl,Dhelmise,1,0
0072,699,24,14,13,11,0,greninja-ex,Greninja,0,0
0072,700,21,10,18,2,1,lopunny-dusknoir,Lopunny Dusknoir,1,0
0072,701,12,8,5,6,1,alakazam-dudunsparce,Alakazam Dudunsparce,0,0
0072,702,21,13,5,16,0,n-zoroark,N's Zoroark,0,0
0072,703,29,13,19,10,0,dragapult-dusknoir,Dragapult Dusknoir,0,0
0072,704,27,12,17,10,0,dragapult-ex,Dragapult,0,0
0072,705,5,3,1,3,1,dhelmise-pbl,Dhelmise,0,0
0072,706,25,11,16,9,0,dragapult-blaziken,Dragapult Blaziken,1,0
0072,707,12,6,5,7,0,mega-excadrill-ex,Mega Excadrill,0,0
0072,708,16,8,8,8,0,mega-excadrill-ex,Mega Excadrill,0,0
0072,709,27,14,11,16,0,raging-bolt-ogerpon,Raging Bolt Ogerpon,0,0
0072,710,4,2,0,4,0,lucario-hariyama,Lucario Hariyama,0,0
0072,711,25,10,16,9,0,dragapult-ex,Dragapult,0,0
0072,712,18,9,9,8,1,alakazam-dudunsparce,Alakazam Dudunsparce,0,0
0072,713,16,10,7,9,0,ethan-typhlosion,Ethan's Typhlosion,0,0
0072,714,14,8,0,10,4,crustle-dri,Crustle,0,0
0072,715,27,11,17,10,0,dragapult-ex,Dragapult,0,0
0072,716,16,11,6,9,1,alakazam-dudunsparce,Alakazam Dudunsparce,0,0
0072,717,6,3,0,5,1,cynthia-garchomp-ex,Cynthia's Garchomp,0,0
0072,718,31,15,17,14,0,festival-lead,Festival Lead,0,0
0072,719,27,11,17,10,0,dragapult-ex,Dragapult,0,0
0072,720,4,4,0,4,0,mega-lucario-ex,Mega Lucario,0,0
0072,721,11,7,5,5,1,mega-chandelure-ex,Mega Chandelure,0,0
0072,722,13,7,0,9,4,crustle-dri,Crustle,0,0
0072,723,7,4,1,5,1,cynthia-garchomp-ex,Cynthia's Garchomp,0,0
0072,724,27,11,16,11,0,dragapult-ex,Dragapult,0,0
0072,725,19,9,6,9,4,kangaskhan-bouffalant,Kangaskhan Bouffalant,0,0
0072,726,17,10,5,12,0,n-zoroark,N's Zoroark,0,0
0072,727,29,14,15,14,0,festival-lead,Festival Lead,0,0
0072,728,22,12,12,10,0,ogerpon-meganium-hydrapple,Ogerpon Meganium Hydrapple,0,0
0072,729,25,12,17,8,0,dragapult-dusknoir,Dragapult Dusknoir,0,0
0072,730,14,6,9,5,0,grimmsnarl-froslass,Grimmsnarl Froslass,0,0
0072,731,14,9,4,9,1,alakazam-dudunsparce,Alakazam Dudunsparce,0,0
0072,732,11,5,1,9,1,dhelmise-pbl,Dhelmise,1,0
0072,733,26,17,10,16,0,basic-box-m,Basic Box,0,0
0072,734,11,5,5,6,0,mega-excadrill-ex,Mega Excadrill,0,0
0072,735,19,8,14,5,0,starmie-dusknoir,Starmie Dusknoir,0,0
0072,736,27,11,17,10,0,dragapult-ex,Dragapult,0,0
0072,737,12,6,7,4,1,mega-chandelure-ex,Mega Chandelure,1,0
0072,738,15,8,6,8,1,mega-lucario-ex,Mega Lucario,0,0
0072,739,28,15,15,13,0,slowking-scr,Slowking,0,0
0072,740,28,13,17,11,0,dragapult-blaziken,Dragapult Blaziken,0,0
0072,741,15,8,6,4,5,lopunny-dudunsparce,Lopunny Dudunsparce,0,0
0072,742,14,7,0,10,4,crustle-dri,Crustle,0,0
0072,743,27,11,17,10,0,dragapult-ex,Dragapult,1,0
0072,744,24,12,9,15,0,lillie-clefairy,Lillie's Clefairy,0,0
0072,745,27,12,17,10,0,dragapult-ex,Dragapult,0,0
0072,746,29,14,14,13,2,slowking-scr,Slowking,0,0
0072,747,26,11,17,9,0,dragapult-ex,Dragapult,0,0
0072,748,4,3,0,4,0,other,Other,0,0
0072,749,28,11,14,10,4,seaking-pre,Seaking Festival Lead,0,0
0072,750,24,12,9,15,0,lillie-clefairy,Lillie's Clefairy,0,0
0072,751,16,11,5,10,1,alakazam-dudunsparce,Alakazam Dudunsparce,0,0
0072,752,11,8,3,8,0,alakazam-meg,Alakazam,0,0
0072,753,22,15,11,9,2,kangaskhan-bouffalant,Kangaskhan Bouffalant,0,0
0072,754,10,4,0,6,4,hops-trevenant,Hop's Trevenant,0,0
0072,755,17,11,5,11,1,alakazam-dudunsparce,Alakazam Dudunsparce,0,0
0072,756,6,5,2,4,0,dhelmise-pbl,Dhelmise,0,0
0072,757,10,6,5,4,1,mega-chandelure-ex,Mega Chandelure,0,0
0072,758,16,11,5,11,0,n-zoroark,N's Zoroark,1,0
0072,759,31,14,20,11,0,dragapult-dusknoir,Dragapult Dusknoir,1,0
0072,760,16,10,5,11,0,ethan-typhlosion,Ethan's Typhlosion,0,0
0072,761,7,4,0,7,0,cynthia-garchomp-ex,Cynthia's Garchomp,0,0
0072,762,27,14,11,16,0,raging-bolt-ogerpon,Raging Bolt Ogerpon,0,0
0072,763,26,11,13,11,2,slowking-scr,Slowking,0,0
0072,764,15,10,4,11,0,n-zoroark,N's Zoroark,0,0
0072,765,27,11,16,11,0,dragapult-ex,Dragapult,0,0
0072,766,14,8,0,10,4,crustle-dri,Crustle,1,0
0072,767,17,8,8,9,0,sharpedo-toxtricity,Sharpedo Toxtricity,1,0
0072,768,27,11,17,10,0,dragapult-ex,Dragapult,1,0
0072,769,17,10,7,9,1,alakazam-dudunsparce,Alakazam Dudunsparce,0,0
0072,770,20,11,10,9,1,alakazam-dudunsparce,Alakazam Dudunsparce,0,0
0072,771,21,12,12,9,0,ogerpon-meganium-hydrapple,Ogerpon Meganium Hydrapple,0,0
0072,772,17,10,7,9,1,alakazam-dudunsparce,Alakazam Dudunsparce,0,0
0072,773,27,11,17,10,0,dragapult-ex,Dragapult,0,0
0072,774,22,12,13,9,0,alakazam-dusknoir,Alakazam Dusknoir,0,0
0072,775,19,9,12,7,0,alakazam-dusknoir,Alakazam Dusknoir,0,0
0072,776,7,4,0,7,0,rockets-honchkrow,Rocket's Honchkrow,0,0
0072,777,25,12,16,9,0,dragapult-blaziken,Dragapult Blaziken,0,0
0072,778,22,13,12,10,0,ogerpon-meganium-hydrapple,Ogerpon Meganium Hydrapple,0,0
0072,779,28,14,18,10,0,dragapult-dusknoir,Dragapult Dusknoir,0,0
0072,780,15,10,4,11,0,n-zoroark,N's Zoroark,1,0
0072,781,26,11,12,12,2,slowking-scr,Slowking,0,0
0072,782,25,11,16,9,0,dragapult-blaziken,Dragapult Blaziken,1,0
0072,783,23,14,14,9,0,ogerpon-meganium-hydrapple,Ogerpon Meganium Hydrapple,0,0
0072,784,25,11,16,9,0,dragapult-blaziken,Dragapult Blaziken,0,0
0072,785,27,11,17,10,0,dragapult-ex,Dragapult,0,0
0072,786,14,8,0,10,4,crustle-dri,Crustle,0,0
0072,787,24,10,15,9,0,dragapult-ex,Dragapult,1,0
0072,788,28,13,13,13,2,slowking-scr,Slowking,0,0
0072,789,17,11,4,13,0,n-zoroark,N's Zoroark,0,0
0072,790,20,13,11,9,0,ogerpon-meganium-hydrapple,Ogerpon Meganium Hydrapple,0,0
0072,791,22,12,12,10,0,ogerpon-meganium-hydrapple,Ogerpon Meganium Hydrapple,1,1
0072,792,4,2,0,4,0,lucario-hariyama,Lucario Hariyama,0,0
0072,793,27,11,17,10,0,dragapult-ex,Dragapult,0,0
0072,794,13,8,0,9,4,crustle-dri,Crustle,0,0
0072,795,13,8,7,5,1,mega-greninja-ex,Mega Greninja,0,0
0072,796,10,7,5,5,0,mega-excadrill-ex,Mega Excadrill,0,0
0072,797,27,11,17,10,0,dragapult-ex,Dragapult,0,0
0072,798,9,4,0,9,0,rockets-honchkrow,Rocket's Honchkrow,0,0
0072,799,9,6,3,6,0,dhelmise-pbl,Dhelmise,0,0
0072,800,26,16,11,15,0,basic-box-m,Basic Box,0,0
0072,801,21,12,14,7,0,ogerpon-meganium-hydrapple,Ogerpon Meganium Hydrapple,1,0
0072,802,25,15,11,14,0,basic-box-m,Basic Box,0,0
0072,803,27,11,17,10,0,dragapult-ex,Dragapult,0,0
0072,804,16,10,5,10,1,alakazam-dudunsparce,Alakazam Dudunsparce,1,0
0072,805,27,11,17,10,0,dragapult-ex,Dragapult,0,0
0072,806,3,2,0,3,0,lucario-hariyama,Lucario Hariyama,1,0
0072,807,25,16,10,15,0,basic-box-m,Basic Box,0,0
0072,808,27,12,16,11,0,dragapult-ex,Dragapult,1,0
0072,809,10,5,5,5,0,mega-lucario-ex,Mega Lucario,0,0
0072,810,28,13,18,10,0,dragapult-dusknoir,Dragapult Dusknoir,1,0
0072,811,2,2,0,2,0,lucario-hariyama,Lucario Hariyama,0,0
0072,812,27,12,13,13,1,slowking-scr,Slowking,1,0
0072,813,11,7,3,7,1,mega-lucario-ex,Mega Lucario,0,0
0072,814,28,12,18,10,0,dragapult-ex,Dragapult,0,0
0072,815,27,12,16,11,0,dragapult-ex,Dragapult,0,0
0072,816,26,10,16,10,0,dragapult-ex,Dragapult,1,0
0072,817,8,5,4,4,0,dhelmise-pbl,Dhelmise,0,0
0072,818,18,12,5,13,0,n-zoroark,N's Zoroark,0,0
0072,819,16,9,6,9,1,alakazam-dudunsparce,Alakazam Dudunsparce,0,0
0072,820,22,13,6,16,0,n-zoroark,N's Zoroark,0,0
0072,821,28,14,14,14,0,slowking-scr,Slowking,1,0
0072,822,17,8,8,9,0,sharpedo-toxtricity,Sharpedo Toxtricity,0,0
0072,823,14,8,6,8,0,other,Other,0,0
0072,824,19,8,14,5,0,starmie-dusknoir,Starmie Dusknoir,1,0
0072,825,25,10,16,9,0,dragapult-ex,Dragapult,0,0
0072,826,32,16,20,12,0,festival-lead,Festival Lead,0,0
0072,827,30,14,20,10,0,dragapult-dusknoir,Dragapult Dusknoir,0,0
0072,828,22,11,12,10,0,mega-feraligatr-ex,Mega Feraligatr,0,0
0072,829,29,13,13,12,4,slowking-scr,Slowking,0,0
0072,830,23,13,12,11,0,ogerpon-meganium-hydrapple,Ogerpon Meganium Hydrapple,1,0
0072,831,26,11,17,9,0,dragapult-ex,Dragapult,1,0
0072,832,9,5,2,6,1,dhelmise-pbl,Dhelmise,0,0
0072,833,15,8,6,9,0,sharpedo-toxtricity,Sharpedo Toxtricity,1,0
0072,834,14,10,5,8,1,other,Other,0,0
0072,835,21,12,14,7,0,alakazam-dusknoir,Alakazam Dusknoir,0,0
0072,836,25,10,16,9,0,dragapult-ex,Dragapult,0,0
0072,837,10,5,1,9,0,dhelmise-pbl,Dhelmise,0,0
0072,838,18,10,5,12,1,mega-froslass-ex,Mega Froslass,0,0
0072,839,29,13,20,9,0,dragapult-dusknoir,Dragapult Dusknoir,0,0
0072,840,14,10,5,8,1,alakazam-dudunsparce,Alakazam Dudunsparce,0,0
0072,841,26,10,16,10,0,dragapult-ex,Dragapult,0,0
0072,842,16,8,7,9,0,starmie-froslass,Starmie Froslass,0,0
0072,843,28,16,17,10,1,dragapult-dusknoir,Dragapult Dusknoir,0,0
0072,844,21,12,12,9,0,ogerpon-meganium-hydrapple,Ogerpon Meganium Hydrapple,0,0
0072,845,13,8,2,10,1,alakazam-dudunsparce,Alakazam Dudunsparce,0,0
0072,846,30,14,19,11,0,dragapult-dusknoir,Dragapult Dusknoir,0,0
0072,847,27,11,17,10,0,dragapult-ex,Dragapult,0,0
0072,848,13,6,8,5,0,grimmsnarl-froslass,Grimmsnarl Froslass,0,0
0072,849,17,8,8,9,0,sharpedo-toxtricity,Sharpedo Toxtricity,0,0
0072,850,24,12,9,15,0,lillie-clefairy,Lillie's Clefairy,0,0
0072,851,13,7,9,4,0,mega-excadrill-ex,Mega Excadrill,1,0
0072,852,14,6,9,5,0,grimmsnarl-froslass,Grimmsnarl Froslass,0,0
0072,853,27,12,13,12,2,slowking-scr,Slowking,0,0
0072,854,27,12,12,13,2,slowking-scr,Slowking,0,0
0072,855,8,3,0,8,0,rockets-honchkrow,Rocket's Honchkrow,0,0
0072,856,25,14,10,15,0,basic-box-m,Basic Box,0,0
0072,857,27,13,17,10,0,dragapult-blaziken,Dragapult Blaziken,0,0
0072,858,16,7,9,7,0,mega-excadrill-ex,Mega Excadrill,0,0
0072,859,12,6,0,8,4,crustle-dri,Crustle,0,0
0072,860,27,13,17,10,0,dragapult-blaziken,Dragapult Blaziken,0,0
0072,861,25,11,16,9,0,dragapult-blaziken,Dragapult Blaziken,0,0
0072,862,20,9,13,7,0,alakazam-dusknoir,Alakazam Dusknoir,0,0
0072,863,32,14,20,12,0,festival-lead,Festival Lead,0,0
0072,864,36,16,18,17,1,festival-lead,Festival Lead,0,0
0072,865,3,2,0,3,0,lucario-hariyama,Lucario Hariyama,1,0
0072,866,16,7,7,9,0,sharpedo-toxtricity,Sharpedo Toxtricity,0,0
0072,867,14,8,4,9,1,alakazam-dudunsparce,Alakazam Dudunsparce,0,0
0072,868,27,11,17,10,0,dragapult-ex,Dragapult,1,0
0072,869,13,7,0,9,4,crustle-dri,Crustle,0,0
0072,870,20,12,12,8,0,ogerpon-meganium-hydrapple,Ogerpon Meganium Hydrapple,0,0
0072,871,9,5,3,5,1,dhelmise-pbl,Dhelmise,0,0
0072,872,18,9,12,5,1,alakazam-dusknoir,Alakazam Dusknoir,1,0
0072,873,27,11,17,10,0,dragapult-ex,Dragapult,0,0
0072,874,18,9,11,6,1,mega-greninja-ex,Mega Greninja,0,0
0072,875,27,17,11,16,0,basic-box-m,Basic Box,0,0
0072,876,25,15,10,15,0,basic-box-m,Basic Box,1,0
0072,877,30,13,19,11,0,festival-lead,Festival Lead,0,0
0072,878,8,4,0,8,0,cynthia-garchomp-ex,Cynthia's Garchomp,0,0
0072,879,12,5,3,9,0,other,Other,0,0
0072,880,8,4,0,8,0,rocket-mewtwo-ex,Rocket's Mewtwo,0,0
0072,881,16,9,0,12,4,crustle-dri,Crustle,0,0
0072,882,27,11,17,10,0,dragapult-ex,Dragapult,1,0
0072,883,12,6,8,4,0,mega-excadrill-ex,Mega Excadrill,0,0
0072,884,27,11,17,10,0,dragapult-ex,Dragapult,0,0
0072,885,15,10,5,9,1,alakazam-dudunsparce,Alakazam Dudunsparce,0,0
0072,886,13,7,7,6,0,mega-lucario-ex,Mega Lucario,0,0
0072,887,27,13,17,10,0,dragapult-blaziken,Dragapult Blaziken,0,0
0072,888,16,10,4,12,0,n-zoroark,N's Zoroark,0,0
0072,889,13,8,5,8,0,ogerpon-meganium-arboliva,Ogerpon Meganium Arboliva,0,0
0072,890,28,12,16,12,0,dragapult-ex,Dragapult,0,0
0072,891,11,7,3,8,0,n-zoroark,N's Zoroark,1,0
0072,892,17,8,8,9,0,sharpedo-toxtricity,Sharpedo Toxtricity,0,0
0072,893,25,11,16,9,0,dragapult-ex,Dragapult,0,0
0072,894,25,11,16,9,0,dragapult-blaziken,Dragapult Blaziken,0,0
0072,895,22,13,15,7,0,alakazam-dusknoir,Alakazam Dusknoir,0,0
0072,896,13,7,0,9,4,crustle-dri,Crustle,0,0
0072,897,28,14,14,13,1,slowking-scr,Slowking,0,0
0072,898,26,15,11,15,0,raging-bolt-ogerpon,Raging Bolt Ogerpon,0,0
0072,899,25,11,16,9,0,dragapult-blaziken,Dragapult Blaziken,0,0
0072,900,31,13,20,11,0,festival-lead,Festival Lead,0,0
0072,901,27,13,17,10,0,dragapult-blaziken,Dragapult Blaziken,0,0
0072,902,19,9,13,6,0,alakazam-dusknoir,Alakazam Dusknoir,0,0
0072,903,3,2,0,3,0,rocket-spidops,Rocket's Spidops,0,0
0072,904,10,7,2,8,0,dhelmise-pbl,Dhelmise,0,0
0072,905,13,8,0,9,4,crustle-dri,Crustle,0,0
0072,906,6,3,0,6,0,rocket-mewtwo-ex,Rocket's Mewtwo,1,0
0072,907,30,13,19,11,0,dragapult-dusknoir,Dragapult Dusknoir,0,0
0072,908,12,8,4,5,3,mega-starmie-ex,Mega Starmie,0,0
0072,909,13,8,4,8,1,alakazam-dudunsparce,Alakazam Dudunsparce,0,0
0072,910,12,6,5,6,1,mega-chandelure-ex,Mega Chandelure,0,0
0072,911,27,17,11,16,0,basic-box-m,Basic Box,1,0
0072,912,5,4,0,4,1,dhelmise-pbl,Dhelmise,0,0
0072,913,5,4,0,5,0,lucario-hariyama,Lucario Hariyama,1,0
0072,914,10,5,5,5,0,mega-lucario-ex,Mega Lucario,0,0
0072,915,30,15,16,12,2,slowking-scr,Slowking,1,0
0072,916,9,6,3,5,1,mega-greninja-ex,Mega Greninja,0,0
0072,917,11,6,2,5,4,hops-trevenant,Hop's Trevenant,0,0
0072,918,27,17,12,15,0,raging-bolt-ogerpon,Raging Bolt Ogerpon,0,0
0072,919,6,5,1,5,0,lucario-hariyama,Lucario Hariyama,0,0
0072,920,14,6,8,6,0,mega-excadrill-ex,Mega Excadrill,0,0
0072,921,28,13,13,13,2,slowking-scr,Slowking,0,0
0072,922,27,12,18,9,0,dragapult-blaziken,Dragapult Blaziken,0,0
0072,923,29,13,20,9,0,dragapult-dusknoir,Dragapult Dusknoir,0,0
0072,924,26,10,16,10,0,dragapult-ex,Dragapult,1,0
0072,925,23,12,10,12,1,slowking-scr,Slowking,0,0
0072,926,30,12,15,11,4,seaking-pre,Seaking Festival Lead,0,0
0072,927,32,13,19,13,0,dragapult-dusknoir,Dragapult Dusknoir,0,0
0072,928,10,4,3,6,1,dhelmise-pbl,Dhelmise,0,0
0072,929,30,14,20,10,0,dragapult-dusknoir,Dragapult Dusknoir,0,0
0072,930,5,3,0,5,0,rocket-mewtwo-ex,Rocket's Mewtwo,0,0
0072,931,13,7,0,9,4,crustle-dri,Crustle,0,0
0072,932,32,13,19,13,0,dragapult-dusknoir,Dragapult Dusknoir,0,0
0072,933,4,3,0,4,0,lucario-hariyama,Lucario Hariyama,0,0
0072,934,28,12,17,11,0,dragapult-ex,Dragapult,0,0
0072,935,26,11,12,12,2,slowking-scr,Slowking,0,0
0072,936,32,16,18,14,0,festival-lead,Festival Lead,0,0
0072,937,27,11,17,10,0,dragapult-ex,Dragapult,0,0
0072,938,16,10,4,12,0,n-zoroark,N's Zoroark,1,0
0072,939,14,8,6,8,0,ogerpon-meganium-arboliva,Ogerpon Meganium Arboliva,0,0
0072,940,10,7,3,7,0,dhelmise-pbl,Dhelmise,0,0
0072,941,18,11,6,11,1,alakazam-dudunsparce,Alakazam Dudunsparce,0,0
0072,942,5,4,0,5,0,lucario-hariyama,Lucario Hariyama,0,0
0072,943,27,17,11,16,0,basic-box-m,Basic Box,0,0
0072,944,13,8,1,8,4,crustle-dri,Crustle,0,0
0072,945,27,11,17,10,0,dragapult-ex,Dragapult,1,0
0072,946,7,3,0,6,1,cynthia-garchomp-ex,Cynthia's Garchomp,0,0
0072,947,27,11,16,10,1,dragapult-ex,Dragapult,0,0
0072,948,15,10,4,11,0,n-zoroark,N's Zoroark,0,0
0072,949,30,14,20,10,0,dragapult-dusknoir,Dragapult Dusknoir,0,0
0072,950,19,10,5,14,0,n-zoroark,N's Zoroark,1,0
0072,951,4,3,1,3,0,lucario-hariyama,Lucario Hariyama,0,0
0072,952,26,10,16,10,0,dragapult-ex,Dragapult,0,0
0072,953,14,7,4,5,5,toucannon-pbl,Toucannon,0,0
0072,954,10,7,2,8,0,mega-excadrill-ex,Mega Excadrill,0,0
0072,955,12,5,6,6,0,mega-excadrill-ex,Mega Excadrill,0,0
0072,956,13,8,4,8,1,alakazam-dudunsparce,Alakazam Dudunsparce,0,0
0072,957,17,8,8,9,0,sharpedo-toxtricity,Sharpedo Toxtricity,1,0
0072,958,15,8,7,8,0,mega-venusaur-ex,Mega Venusaur,0,0
0072,959,8,5,2,5,1,dhelmise-pbl,Dhelmise,0,0
0072,960,11,7,6,4,1,okidogi-barbaracle,Okidogi Barbaracle,0,0
0072,961,17,10,7,9,1,alakazam-dudunsparce,Alakazam Dudunsparce,0,0
0072,962,27,12,17,10,0,dragapult-blaziken,Dragapult Blaziken,0,0
0072,963,26,10,16,10,0,dragapult-ex,Dragapult,0,0
0072,964,21,12,12,8,1,dragapult-ex,Dragapult,0,0
0072,965,12,6,0,8,4,crustle-dri,Crustle,0,0
0072,966,27,11,17,10,0,dragapult-ex,Dragapult,0,0
0072,967,8,5,3,5,0,marnie-grimmsnarl-ex,Marnie's Grimmsnarl,0,0
0072,968,16,10,4,12,0,n-zoroark,N's Zoroark,0,0
0072,969,17,12,5,12,0,n-zoroark,N's Zoroark,0,0
0072,970,26,16,11,15,0,basic-box-m,Basic Box,0,0
0072,971,27,11,17,10,0,dragapult-ex,Dragapult,0,0
0072,972,6,4,1,5,0,mega-lucario-ex,Mega Lucario,0,0
0072,973,28,14,18,10,0,dragapult-dusknoir,Dragapult Dusknoir,0,0
0072,974,32,12,17,11,4,seaking-pre,Seaking Festival Lead,0,0
0072,975,32,18,17,15,0,raging-bolt-ogerpon,Raging Bolt Ogerpon,0,0
0072,976,20,9,13,7,0,alakazam-dusknoir,Alakazam Dusknoir,1,0
0072,977,16,10,4,12,0,n-zoroark,N's Zoroark,0,0
0072,978,26,14,11,15,0,raging-bolt-ogerpon,Raging Bolt Ogerpon,0,0
0072,979,26,12,16,10,0,dragapult-blaziken,Dragapult Blaziken,1,0
0072,980,28,16,13,15,0,raging-bolt-ogerpon,Raging Bolt Ogerpon,0,0
0072,981,23,14,11,12,0,clefairy-ogerpon,Clefairy Ogerpon,1,0
0072,982,11,6,6,4,1,mega-chandelure-ex,Mega Chandelure,1,0
0072,983,14,8,0,10,4,crustle-dri,Crustle,1,0
0072,984,30,14,19,11,0,festival-lead,Festival Lead,0,0
0072,985,25,15,11,14,0,basic-box-m,Basic Box,0,0
0072,986,25,10,15,10,0,dragapult-ex,Dragapult,0,0
0072,987,25,10,16,9,0,dragapult-ex,Dragapult,0,0
0072,988,27,11,17,10,0,dragapult-ex,Dragapult,0,0
0072,989,13,7,0,9,4,crustle-dri,Crustle,0,0
0072,990,30,13,19,11,0,dragapult-dusknoir,Dragapult Dusknoir,1,0
0072,991,21,11,18,2,1,lopunny-dusknoir,Lopunny Dusknoir,0,0
0072,992,22,13,15,7,0,ogerpon-meganium-hydrapple,Ogerpon Meganium Hydrapple,0,0
0072,993,26,12,17,9,0,dragapult-blaziken,Dragapult Blaziken,0,0
0072,994,3,3,0,3,0,lucario-hariyama,Lucario Hariyama,0,0
0072,995,28,11,12,13,3,slowking-scr,Slowking,0,0
0072,996,11,6,0,7,4,crustle-dri,Crustle,0,0
0072,997,27,11,17,10,0,dragapult-ex,Dragapult,0,0
0072,998,26,12,17,9,0,dragapult-blaziken,Dragapult Blaziken,0,0
0072,999,26,11,17,9,0,dragapult-ex,Dragapult,0,0
0072,1000,12,8,5,6,1,dhelmise-pbl,Dhelmise,0,0
0072,1001,13,6,8,5,0,grimmsnarl-froslass,Grimmsnarl Froslass,0,0
0072,1002,27,11,17,10,0,dragapult-ex,Dragapult,0,0
0072,1003,22,12,16,5,1,lopunny-dusknoir,Lopunny Dusknoir,0,0
0072,1004,28,12,17,11,0,dragapult-froslass,Dragapult Froslass,0,0
0072,1005,14,9,5,8,1,alakazam-dudunsparce,Alakazam Dudunsparce,1,0
0072,1006,18,7,9,9,0,ceruledge-ex,Ceruledge,0,0
0072,1007,31,14,20,11,0,festival-lead,Festival Lead,0,0
0072,1008,25,11,16,9,0,dragapult-blaziken,Dragapult Blaziken,1,0
0072,1009,29,14,14,13,2,slowking-scr,Slowking,0,0
0072,1010,5,4,0,5,0,rocket-mewtwo-ex,Rocket's Mewtwo,0,0
0072,1011,13,7,0,9,4,crustle-dri,Crustle,0,0
0072,1012,28,11,13,11,4,seaking-pre,Seaking Festival Lead,0,0
0072,1013,13,7,0,9,4,crustle-dri,Crustle,0,0
0072,1014,18,11,8,9,1,alakazam-dudunsparce,Alakazam Dudunsparce,0,0
0072,1015,10,5,1,9,0,manectric-eelektrik,Manectric Eelektrik,1,0
0072,1016,25,11,15,10,0,dragapult-dudunsparce,Dragapult Dudunsparce,0,0
0072,1017,12,6,6,6,0,mega-excadrill-ex,Mega Excadrill,0,0
0072,1018,16,11,5,11,0,n-zoroark,N's Zoroark,0,0
0072,1019,28,12,17,11,0,dragapult-ex,Dragapult,0,0
0072,1020,30,13,19,11,0,dragapult-dusknoir,Dragapult Dusknoir,0,0
0072,1021,17,11,4,13,0,n-zoroark,N's Zoroark,0,0
0072,1022,30,14,20,10,0,dragapult-dusknoir,Dragapult Dusknoir,1,0
0072,1023,27,13,17,10,0,dragapult-blaziken,Dragapult Blaziken,0,0
0072,1024,17,10,7,9,1,alakazam-dudunsparce,Alakazam Dudunsparce,0,0
0072,1025,32,17,19,13,0,festival-lead,Festival Lead,0,0
0072,1026,28,13,13,13,2,slowking-scr,Slowking,0,0
0072,1027,16,10,11,5,0,diancie-dusknoir,Diancie Dusknoir,0,0
0072,1028,27,11,17,10,0,dragapult-ex,Dragapult,0,0
0072,1029,25,11,16,9,0,dragapult-blaziken,Dragapult Blaziken,0,0
0072,1030,27,17,11,16,0,basic-box-m,Basic Box,0,0
0072,1031,4,2,0,4,0,lucario-hariyama,Lucario Hariyama,0,0
0072,1032,13,7,5,8,0,mega-lucario-ex,Mega Lucario,1,0
0072,1033,27,16,12,15,0,basic-box-m,Basic Box,0,0
0072,1034,27,11,17,10,0,dragapult-ex,Dragapult,0,0
0072,1035,26,17,11,15,0,basic-box-m,Basic Box,0,0
0072,1036,20,11,12,8,0,ogerpon-meganium-hydrapple,Ogerpon Meganium Hydrapple,0,0
0072,1037,26,12,17,9,0,dragapult-blaziken,Dragapult Blaziken,1,0
0072,1038,10,5,1,6,3,hops-trevenant,Hop's Trevenant,0,0
0072,1039,11,4,0,7,4,hops-trevenant,Hop's Trevenant,0,0
0072,1040,25,11,17,8,0,dragapult-ex,Dragapult,1,0
0072,1041,22,12,18,3,1,other,Other,0,0
0072,1042,27,11,17,10,0,dragapult-ex,Dragapult,1,0
0072,1043,28,12,18,10,0,dragapult-ex,Dragapult,0,0
0072,1044,30,14,18,12,0,dragapult-dusknoir,Dragapult Dusknoir,1,0
0072,1045,16,9,8,8,0,ethan-typhlosion,Ethan's Typhlosion,0,0
0072,1046,18,9,12,5,1,alakazam-dusknoir,Alakazam Dusknoir,1,0
0072,1047,17,11,4,13,0,n-zoroark,N's Zoroark,1,0
0072,1048,13,6,3,9,1,alakazam-dudunsparce,Alakazam Dudunsparce,0,0
0072,1049,16,12,5,10,1,alakazam-dudunsparce,Alakazam Dudunsparce,0,0
0072,1050,6,5,1,5,0,lucario-hariyama,Lucario Hariyama,0,0
0072,1051,18,7,10,3,5,lopunny-dudunsparce,Lopunny Dudunsparce,0,0
0072,1052,14,10,4,10,0,n-zoroark,N's Zoroark,1,0
0072,1053,19,14,5,14,0,n-zoroark,N's Zoroark,0,0
0072,1054,26,11,15,11,0,dragapult-ex,Dragapult,1,0
0072,1055,28,12,17,11,0,dragapult-ex,Dragapult,0,0
0072,1056,17,10,7,9,1,alakazam-dudunsparce,Alakazam Dudunsparce,0,0
0072,1057,26,15,11,15,0,basic-box-m,Basic Box,0,0
0072,1058,15,9,3,12,0,n-zoroark,N's Zoroark,0,0
0072,1059,27,13,18,9,0,dragapult-dusknoir,Dragapult Dusknoir,0,0
0072,1060,13,7,8,5,0,mega-excadrill-ex,Mega Excadrill,0,0
0072,1061,17,9,3,14,0,n-zoroark,N's Zoroark,0,0
0072,1062,26,10,16,10,0,dragapult-ex,Dragapult,0,0
0072,1063,14,8,0,10,4,crustle-dri,Crustle,0,0
0072,1064,28,14,18,10,0,dragapult-blaziken,Dragapult Blaziken,1,0
0072,1065,17,8,8,9,0,sharpedo-toxtricity,Sharpedo Toxtricity,0,0
0072,1066,23,14,12,11,0,basic-box-m,Basic Box,0,0
0072,1067,17,8,8,9,0,mega-excadrill-ex,Mega Excadrill,0,0
0072,1068,19,9,13,6,0,alakazam-dusknoir,Alakazam Dusknoir,0,0
0072,1069,27,11,17,10,0,dragapult-ex,Dragapult,0,0
0072,1070,27,11,17,10,0,dragapult-ex,Dragapult,0,0
0072,1071,26,12,16,10,0,dragapult-ex,Dragapult,0,0
0072,1072,18,12,5,12,1,alakazam-dudunsparce,Alakazam Dudunsparce,0,0
0072,1073,16,11,5,11,0,n-zoroark,N's Zoroark,0,0
0072,1074,15,8,8,7,0,ethan-typhlosion,Ethan's Typhlosion,0,0
0072,1075,18,11,5,12,1,alakazam-dudunsparce,Alakazam Dudunsparce,0,0
0072,1076,7,3,0,7,0,rockets-honchkrow,Rocket's Honchkrow,0,0
0072,1077,20,9,13,7,0,alakazam-dusknoir,Alakazam Dusknoir,0,0
0072,1078,6,3,4,2,0,cinccino-ex,Cinccino,0,0
0072,1079,27,12,12,13,2,slowking-scr,Slowking,0,0
0072,1080,28,15,14,12,2,slowking-scr,Slowking,0,0
0072,1081,20,11,10,10,0,starmie-froslass,Starmie Froslass,0,0
0072,1082,26,11,16,10,0,dragapult-ex,Dragapult,0,0
0072,1083,14,8,6,8,0,ogerpon-meganium-arboliva,Ogerpon Meganium Arboliva,0,0
0072,1084,15,12,6,9,0,n-zoroark,N's Zoroark,0,0
0072,1085,17,11,5,12,0,n-zoroark,N's Zoroark,0,0
0072,1086,15,10,6,9,0,mega-lucario-ex,Mega Lucario,0,0
0072,1087,30,13,19,11,0,dragapult-dusknoir,Dragapult Dusknoir,0,0
0072,1088,17,10,6,11,0,beedrill-ex-cri,Beedrill,0,0
0072,1089,12,6,4,7,1,dhelmise-pbl,Dhelmise,1,0
0072,1090,24,15,10,14,0,basic-box-m,Basic Box,1,0
0072,1091,26,10,16,10,0,dragapult-ex,Dragapult,0,0
0072,1092,19,12,11,7,1,mega-greninja-ex,Mega Greninja,0,0
0072,1093,26,11,15,11,0,dragapult-ex,Dragapult,0,0
0072,1094,15,6,8,7,0,mega-excadrill-ex,Mega Excadrill,0,0
0072,1095,28,17,14,11,3,toucannon-pbl,Toucannon,0,0
0072,1096,27,11,17,10,0,dragapult-ex,Dragapult,1,0
0072,1097,28,13,14,12,2,slowking-scr,Slowking,0,0
0072,1098,27,11,17,10,0,dragapult-ex,Dragapult,0,0
0072,1099,30,15,19,11,0,dragapult-dusknoir,Dragapult Dusknoir,1,0
0072,1100,22,14,14,8,0,ogerpon-meganium-hydrapple,Ogerpon Meganium Hydrapple,0,0
0072,1101,27,11,17,10,0,dragapult-ex,Dragapult,0,0
0072,1102,13,7,5,8,0,mega-excadrill-ex,Mega Excadrill,0,0
0072,1103,27,11,17,10,0,dragapult-ex,Dragapult,0,0
0072,1104,14,8,0,10,4,crustle-dri,Crustle,0,0
0072,1105,23,14,17,5,1,lopunny-dusknoir,Lopunny Dusknoir,0,0
0072,1106,13,6,5,3,5,lopunny-dudunsparce,Lopunny Dudunsparce,0,0
0072,1107,19,10,12,7,0,ogerpon-meganium-hydrapple,Ogerpon Meganium Hydrapple,0,0
0072,1108,12,8,0,8,4,crustle-dri,Crustle,0,0
0072,1109,27,11,17,10,0,dragapult-ex,Dragapult,0,0
0072,1110,12,7,3,9,0,mega-greninja-ex,Mega Greninja,0,0
0072,1111,26,10,16,10,0,dragapult-ex,Dragapult,0,0
0072,1112,6,3,0,6,0,cynthia-garchomp-ex,Cynthia's Garchomp,0,0
0072,1113,12,6,0,8,4,crustle-dri,Crustle,0,0
0072,1114,0,0,0,0,0,manectric-eelektrik,Manectric Eelektrik,0,0
0072,1115,15,8,6,9,0,beedrill-ex-cri,Beedrill,0,0
0072,1116,14,8,2,10,2,mega-starmie-ex,Mega Starmie,0,0
0072,1117,27,11,17,10,0,dragapult-ex,Dragapult,1,0
0072,1118,7,4,3,4,0,mega-lucario-ex,Mega Lucario,0,0
0072,1119,15,6,9,6,0,mega-excadrill-ex,Mega Excadrill,0,0
0072,1120,11,5,1,7,3,hops-trevenant,Hop's Trevenant,0,0
0072,1121,17,11,4,11,2,mega-starmie-ex,Mega Starmie,0,0
0072,1122,27,17,11,16,0,basic-box-m,Basic Box,0,0
0072,1123,13,8,4,8,1,alakazam-dudunsparce,Alakazam Dudunsparce,0,0
0072,1124,26,12,16,10,0,dragapult-blaziken,Dragapult Blaziken,0,0
0072,1125,17,11,4,13,0,n-zoroark,N's Zoroark,0,0
0072,1126,14,6,9,5,0,grimmsnarl-froslass,Grimmsnarl Froslass,1,0
0072,1127,16,11,5,11,0,n-zoroark,N's Zoroark,0,0
0072,1128,10,4,0,6,4,hops-trevenant,Hop's Trevenant,1,0
0072,1129,29,13,19,10,0,dragapult-dusknoir,Dragapult Dusknoir,0,0
0072,1130,15,11,5,10,0,n-zoroark,N's Zoroark,0,0
0072,1131,3,2,0,3,0,rocket-mewtwo-ex,Rocket's Mewtwo,1,0
0072,1132,29,13,13,13,3,slowking-scr,Slowking,1,0
0072,1133,28,12,17,11,0,dragapult-ex,Dragapult,0,0
0072,1134,26,15,10,16,0,dudunsparce-control,Dudunsparce Control,0,0
0072,1135,26,15,10,16,0,basic-box-m,Basic Box,0,0
0072,1136,27,11,17,10,0,dragapult-ex,Dragapult,0,0
0072,1137,25,11,16,9,0,dragapult-blaziken,Dragapult Blaziken,0,0
0072,1138,15,6,9,6,0,mega-excadrill-ex,Mega Excadrill,0,0
0072,1139,31,14,20,11,0,festival-lead,Festival Lead,1,0
0072,1140,12,7,4,8,0,doublade-por,Doublade,0,0
0072,1141,26,16,11,15,0,basic-box-m,Basic Box,0,0
0072,1142,17,11,6,10,1,alakazam-dudunsparce,Alakazam Dudunsparce,0,0
0072,1143,23,14,11,12,0,basic-box-m,Basic Box,0,0
0072,1144,19,12,6,12,1,alakazam-dudunsparce,Alakazam Dudunsparce,0,0
0072,1145,13,9,0,10,3,crustle-dri,Crustle,0,0
0072,1146,20,9,6,10,4,kangaskhan-bouffalant,Kangaskhan Bouffalant,1,0
0072,1147,7,5,3,4,0,dhelmise-pbl,Dhelmise,0,0
0072,1148,12,6,7,4,1,mega-chandelure-ex,Mega Chandelure,0,0
0072,1149,26,15,10,16,0,basic-box-m,Basic Box,0,0
0072,1150,16,11,5,11,0,n-zoroark,N's Zoroark,0,0
0072,1151,16,11,5,10,1,alakazam-dudunsparce,Alakazam Dudunsparce,0,0
0072,1152,14,7,0,10,4,crustle-dri,Crustle,1,0
0072,1153,26,12,17,9,0,dragapult-blaziken,Dragapult Blaziken,0,0
0072,1154,35,22,21,14,0,flareon-noctowl,Flareon Noctowl,0,0
0072,1155,15,11,6,8,1,alakazam-dudunsparce,Alakazam Dudunsparce,1,0
0072,1156,25,14,10,15,0,clefairy-ogerpon,Clefairy Ogerpon,0,0
0072,1157,32,16,18,14,0,festival-lead,Festival Lead,0,0
0072,1158,15,10,4,11,0,n-zoroark,N's Zoroark,0,0
0072,1159,29,14,18,11,0,dragapult-dusknoir,Dragapult Dusknoir,0,0
0072,1160,30,14,19,11,0,festival-lead,Festival Lead,0,0
0072,1161,17,12,5,11,1,alakazam-dudunsparce,Alakazam Dudunsparce,0,0
0072,1162,27,12,12,12,3,slowking-scr,Slowking,0,0
0072,1163,13,7,0,9,4,crustle-dri,Crustle,0,0
0072,1164,30,13,19,11,0,dragapult-dusknoir,Dragapult Dusknoir,0,0
0072,1165,29,12,13,13,3,slowking-scr,Slowking,0,0
0072,1166,17,10,8,9,0,sharpedo-toxtricity,Sharpedo Toxtricity,0,0
0072,1167,27,11,17,10,0,dragapult-ex,Dragapult,0,0
0072,1168,9,5,3,5,1,dhelmise-pbl,Dhelmise,0,0
0072,1169,26,11,17,9,0,dragapult-ex,Dragapult,1,0
0072,1170,28,13,13,13,2,slowking-scr,Slowking,0,0
0072,1171,15,10,4,11,0,n-zoroark,N's Zoroark,0,0
0072,1172,16,11,5,11,0,n-zoroark,N's Zoroark,0,0
0072,1173,29,13,19,10,0,dragapult-dusknoir,Dragapult Dusknoir,0,0
0072,1174,4,3,0,4,0,lucario-hariyama,Lucario Hariyama,0,0
0072,1175,26,17,11,15,0,basic-box-m,Basic Box,1,0
0072,1176,28,13,14,14,0,festival-lead,Festival Lead,0,0
0072,1177,4,2,0,4,0,lucario-hariyama,Lucario Hariyama,0,0
0072,1178,27,14,15,12,0,slowking-scr,Slowking,0,0
0072,1179,29,10,22,6,1,dragapult-dusknoir,Dragapult Dusknoir,1,0
0072,1180,29,13,18,11,0,dragapult-dusknoir,Dragapult Dusknoir,0,0
0072,1181,15,11,4,11,0,n-zoroark,N's Zoroark,0,0
0072,1182,26,10,16,10,0,dragapult-ex,Dragapult,0,0
0072,1183,19,8,12,7,0,grimmsnarl-froslass,Grimmsnarl Froslass,0,0
0072,1184,26,10,16,10,0,dragapult-ex,Dragapult,1,0
0072,1185,14,8,0,10,4,crustle-dri,Crustle,0,0
0072,1186,18,8,11,6,1,greninja-ex,Greninja,0,0
0072,1187,31,12,15,12,4,seaking-pre,Seaking Festival Lead,0,0
0072,1188,28,12,16,12,0,dragapult-ex,Dragapult,0,0
0072,1189,12,7,4,7,1,alakazam-dudunsparce,Alakazam Dudunsparce,0,0
0072,1190,22,13,13,9,0,ogerpon-meganium-hydrapple,Ogerpon Meganium Hydrapple,0,0
0072,1191,27,11,17,10,0,dragapult-ex,Dragapult,0,0
0072,1192,26,16,10,16,0,basic-box-m,Basic Box,1,0
0072,1193,28,12,17,11,0,dragapult-ex,Dragapult,0,0
0072,1194,27,11,18,9,0,dragapult-dudunsparce,Dragapult Dudunsparce,0,0
0072,1195,12,6,8,4,0,mega-excadrill-ex,Mega Excadrill,0,0
0072,1196,15,6,9,6,0,mega-excadrill-ex,Mega Excadrill,0,0
0072,1197,30,13,19,11,0,dragapult-dusknoir,Dragapult Dusknoir,0,0
0072,1198,15,8,9,6,0,mega-excadrill-ex,Mega Excadrill,0,0
0072,1199,16,11,5,10,1,alakazam-dudunsparce,Alakazam Dudunsparce,1,0
0072,1200,33,13,22,11,0,festival-lead,Festival Lead,0,0
0072,1201,29,15,17,12,0,dragapult-blaziken,Dragapult Blaziken,1,0
0072,1202,22,12,18,3,1,lopunny-dusknoir,Lopunny Dusknoir,0,0
0072,1203,27,11,17,10,0,dragapult-ex,Dragapult,0,0
0072,1204,12,6,0,8,4,crustle-dri,Crustle,0,0
0072,1205,13,8,1,8,4,crustle-dri,Crustle,0,0
0072,1206,17,10,6,10,1,alakazam-dudunsparce,Alakazam Dudunsparce,0,0
0072,1207,15,8,6,9,0,ogerpon-meganium-arboliva,Ogerpon Meganium Arboliva,0,0
0072,1208,26,10,12,12,2,slowking-scr,Slowking,0,0
0072,1209,27,15,12,15,0,raging-bolt-ogerpon,Raging Bolt Ogerpon,0,0
0072,1210,10,5,5,5,0,mega-excadrill-ex,Mega Excadrill,0,0
0072,1211,16,10,4,12,0,n-zoroark,N's Zoroark,1,0
0072,1212,13,7,0,9,4,crustle-dri,Crustle,0,0
0072,1213,26,12,17,9,0,dragapult-blaziken,Dragapult Blaziken,0,0
0072,1214,21,13,9,12,0,basic-box-m,Basic Box,1,0
0072,1215,28,14,17,11,0,festival-lead,Festival Lead,0,0
0072,1216,30,13,19,11,0,dragapult-dusknoir,Dragapult Dusknoir,0,0
0072,1217,27,13,17,10,0,dragapult-blaziken,Dragapult Blaziken,0,0
0072,1218,27,11,17,10,0,dragapult-ex,Dragapult,1,0
0072,1219,9,4,0,9,0,rockets-honchkrow,Rocket's Honchkrow,0,0
0072,1220,5,3,1,4,0,other,Other,0,0
0072,1221,27,17,11,16,0,basic-box-m,Basic Box,0,0
0072,1222,14,5,8,6,0,mega-excadrill-ex,Mega Excadrill,0,0
0072,1223,26,10,16,10,0,dragapult-ex,Dragapult,1,0
0072,1224,22,12,19,2,1,lopunny-dusknoir,Lopunny Dusknoir,1,0
0072,1225,11,5,5,6,0,mega-excadrill-ex,Mega Excadrill,0,0
0072,1226,29,13,19,10,0,dragapult-dusknoir,Dragapult Dusknoir,1,0
0072,1227,27,11,17,10,0,dragapult-ex,Dragapult,1,0
0072,1228,12,8,2,10,0,decidueye-ex,Decidueye,0,0
0072,1229,26,13,17,9,0,dragapult-blaziken,Dragapult Blaziken,1,0
0072,1230,15,9,6,9,0,mega-venusaur-ex,Mega Venusaur,0,0
0072,1231,17,8,6,11,0,beedrill-ex-cri,Beedrill,0,0
0072,1232,13,7,5,7,1,dhelmise-pbl,Dhelmise,1,0
0072,1233,7,4,0,7,0,rocket-mewtwo-ex,Rocket's Mewtwo,1,0
0072,1234,27,17,11,16,0,basic-box-m,Basic Box,0,0
0072,1235,16,8,7,5,4,lopunny-dudunsparce,Lopunny Dudunsparce,0,0
0072,1236,18,12,7,10,1,alakazam-dudunsparce,Alakazam Dudunsparce,0,0
0072,1237,21,13,9,12,0,clefairy-ogerpon,Clefairy Ogerpon,1,0
0072,1238,9,4,4,5,0,mega-excadrill-ex,Mega Excadrill,0,0
0072,1239,24,14,14,10,0,ogerpon-meganium-hydrapple,Ogerpon Meganium Hydrapple,1,0
0072,1240,20,10,8,9,3,bronzong-tef,Bronzong,0,0
0072,1241,27,11,17,10,0,dragapult-ex,Dragapult,0,0
0072,1242,10,6,5,4,1,mega-chandelure-ex,Mega Chandelure,0,0
0072,1243,25,11,7,17,1,lillie-clefairy,Lillie's Clefairy,0,0
0072,1244,19,12,7,11,1,alakazam-dudunsparce,Alakazam Dudunsparce,0,0
0072,1245,26,11,17,9,0,dragapult-ex,Dragapult,0,0
0072,1246,8,5,2,6,0,dhelmise-pbl,Dhelmise,1,0
0072,1247,31,15,19,12,0,festival-lead,Festival Lead,0,0
0072,1248,31,13,17,12,2,slowking-scr,Slowking,1,0
0072,1249,17,7,5,8,4,other,Other,0,0
0072,1250,26,10,16,10,0,dragapult-ex,Dragapult,1,0
0072,1251,16,8,7,9,0,sharpedo-toxtricity,Sharpedo Toxtricity,0,0
0072,1252,15,8,3,9,3,other,Other,0,0
0072,1253,17,8,8,9,0,mega-excadrill-ex,Mega Excadrill,0,0
0072,1254,14,8,4,9,1,alakazam-dudunsparce,Alakazam Dudunsparce,0,0
0072,1255,27,11,17,10,0,dragapult-ex,Dragapult,0,0
0072,1256,26,10,16,10,0,dragapult-ex,Dragapult,0,0
0072,1257,14,9,5,8,1,alakazam-dudunsparce,Alakazam Dudunsparce,0,0
0072,1258,16,10,4,12,0,n-zoroark,N's Zoroark,1,0
0072,1259,17,11,4,13,0,n-zoroark,N's Zoroark,0,0
0072,1260,29,13,13,12,4,slowking-scr,Slowking,1,0
0072,1261,25,10,15,10,0,dragapult-ex,Dragapult,0,0
0072,1262,5,3,1,4,0,dhelmise-pbl,Dhelmise,0,0
0072,1263,15,6,6,4,5,lopunny-dudunsparce,Lopunny Dudunsparce,1,0
0072,1264,19,11,4,15,0,n-zoroark,N's Zoroark,0,0
0072,1265,30,13,16,10,4,seaking-pre,Seaking Festival Lead,0,0
0072,1266,28,12,17,11,0,dragapult-ex,Dragapult,0,0
0072,1267,32,14,21,11,0,dragapult-dusknoir,Dragapult Dusknoir,0,0
0072,1268,25,14,10,15,0,basic-box-m,Basic Box,1,0
0072,1269,17,9,7,10,0,sharpedo-toxtricity,Sharpedo Toxtricity,0,0
0072,1270,13,6,9,4,0,mega-excadrill-ex,Mega Excadrill,1,0
0072,1271,29,13,20,9,0,dragapult-dusknoir,Dragapult Dusknoir,0,0
0072,1272,27,11,17,10,0,dragapult-ex,Dragapult,0,0
0072,1273,27,12,16,11,0,dragapult-dudunsparce,Dragapult Dudunsparce,0,0
0072,1274,15,11,7,7,1,alakazam-dudunsparce,Alakazam Dudunsparce,0,0
0072,1275,10,5,1,5,4,hops-trevenant,Hop's Trevenant,0,0
0072,1276,6,4,0,6,0,lucario-hariyama,Lucario Hariyama,0,0
0072,1277,6,4,3,3,0,ethan-magcargo,Ethan's Magcargo,0,0
0072,1278,8,3,0,8,0,rockets-honchkrow,Rocket's Honchkrow,0,0
0072,1279,18,10,10,7,1,starmie-froslass,Starmie Froslass,0,0
0072,1280,26,12,16,10,0,dragapult-dudunsparce,Dragapult Dudunsparce,0,0
0072,1281,27,11,17,10,0,dragapult-ex,Dragapult,0,0
0072,1282,18,12,5,13,0,n-zoroark,N's Zoroark,0,0
0072,1283,5,2,0,4,1,cynthia-garchomp-ex,Cynthia's Garchomp,0,0
0072,1284,13,6,5,8,0,mega-venusaur-ex,Mega Venusaur,0,0
0072,1285,30,13,19,11,0,dragapult-dusknoir,Dragapult Dusknoir,0,0
0072,1286,23,12,17,5,1,lopunny-dusknoir,Lopunny Dusknoir,0,0
0072,1287,12,7,0,8,4,crustle-dri,Crustle,0,0
0072,1288,15,7,5,5,5,lopunny-dudunsparce,Lopunny Dudunsparce,0,0
0072,1289,15,6,9,6,0,mega-excadrill-ex,Mega Excadrill,0,0
0072,1290,7,5,1,6,0,lucario-hariyama,Lucario Hariyama,0,0
0072,1291,12,6,0,8,4,crustle-dri,Crustle,1,0
0072,1292,28,13,19,9,0,dragapult-dusknoir,Dragapult Dusknoir,0,0
0072,1293,13,9,8,5,0,dhelmise-pbl,Dhelmise,0,0
0072,1294,14,7,6,8,0,mega-venusaur-ex,Mega Venusaur,0,0
0072,1295,19,8,8,11,0,ceruledge-ex,Ceruledge,0,0
0072,1296,18,11,4,14,0,n-zoroark,N's Zoroark,0,0
0072,1297,26,10,16,10,0,dragapult-ex,Dragapult,0,0
0072,1298,28,16,13,15,0,raging-bolt-ogerpon,Raging Bolt Ogerpon,0,0
0072,1299,27,11,13,13,1,slowking-scr,Slowking,0,0
0072,1300,30,14,20,10,0,dragapult-dusknoir,Dragapult Dusknoir,0,0
0072,1301,17,11,6,11,0,n-zoroark,N's Zoroark,0,0
0072,1302,10,4,5,5,0,mega-excadrill-ex,Mega Excadrill,0,0
0072,1303,25,14,10,15,0,basic-box-m,Basic Box,0,0
0072,1304,17,10,5,11,1,alakazam-dudunsparce,Alakazam Dudunsparce,0,0
0072,1305,22,10,9,11,2,slowking-scr,Slowking,0,0
0072,1306,19,9,13,6,0,alakazam-dusknoir,Alakazam Dusknoir,0,0
0072,1307,7,5,2,5,0,cynthia-garchomp-ex,Cynthia's Garchomp,0,0
0072,1308,27,11,17,10,0,dragapult-ex,Dragapult,0,0
0072,1309,27,13,17,10,0,dragapult-blaziken,Dragapult Blaziken,0,0
0072,1310,32,14,17,15,0,festival-lead,Festival Lead,0,0
0072,1311,13,7,9,4,0,mega-excadrill-ex,Mega Excadrill,0,0
0072,1312,9,4,0,9,0,rockets-honchkrow,Rocket's Honchkrow,0,0
0072,1313,16,7,5,11,0,beedrill-ex-cri,Beedrill,0,0
0072,1314,27,11,17,10,0,dragapult-ex,Dragapult,1,0
0072,1315,14,6,9,5,0,grimmsnarl-froslass,Grimmsnarl Froslass,1,0
0072,1316,23,14,15,8,0,ogerpon-meganium-hydrapple,Ogerpon Meganium Hydrapple,0,0
0072,1317,25,12,17,8,0,dragapult-blaziken,Dragapult Blaziken,0,0
0072,1318,10,5,1,6,3,hops-trevenant,Hop's Trevenant,0,0
0072,1319,29,13,18,11,0,dragapult-dusknoir,Dragapult Dusknoir,0,0
0072,1320,27,17,11,16,0,basic-box-m,Basic Box,1,0
0072,1321,14,9,0,10,4,crustle-dri,Crustle,0,0
0072,1322,27,14,12,13,2,slowking-scr,Slowking,1,0
0072,1323,4,3,1,3,0,lucario-hariyama,Lucario Hariyama,0,0
0072,1324,28,12,18,10,0,dragapult-ex,Dragapult,1,0
0072,1325,27,11,17,10,0,dragapult-ex,Dragapult,1,0
0072,1326,6,3,0,6,0,rocket-mewtwo-ex,Rocket's Mewtwo,0,0
0072,1327,30,13,19,11,0,dragapult-dusknoir,Dragapult Dusknoir,0,0
0072,1328,13,6,4,9,0,sharpedo-toxtricity,Sharpedo Toxtricity,0,0
0072,1329,29,14,14,13,2,slowking-scr,Slowking,0,0
0072,1330,29,12,17,12,0,dragapult-ex,Dragapult,1,0
0072,1331,16,10,4,12,0,n-zoroark,N's Zoroark,0,0
0072,1332,20,10,17,2,1,lopunny-dusknoir,Lopunny Dusknoir,1,0
0072,1333,7,3,0,7,0,manectric-eelektrik,Manectric Eelektrik,0,0
0072,1334,18,9,8,9,1,ceruledge-ex,Ceruledge,1,0
0072,1335,21,12,6,15,0,n-zoroark,N's Zoroark,0,0
0072,1336,27,11,17,10,0,dragapult-ex,Dragapult,0,0
0072,1337,17,10,7,9,1,alakazam-dudunsparce,Alakazam Dudunsparce,0,0
0072,1338,18,9,6,9,3,kangaskhan-bouffalant,Kangaskhan Bouffalant,0,0
0072,1339,27,11,17,10,0,dragapult-ex,Dragapult,1,0
0072,1340,34,15,20,14,0,festival-lead,Festival Lead,0,0
0072,1341,27,11,17,10,0,dragapult-ex,Dragapult,1,0
0072,1342,9,6,5,4,0,cinccino-ex,Cinccino,0,0
0072,1343,16,11,5,11,0,n-zoroark,N's Zoroark,0,0
0072,1344,31,15,17,14,0,festival-lead,Festival Lead,0,0
0072,1345,26,17,11,15,0,basic-box-m,Basic Box,0,0
0072,1346,27,11,17,10,0,dragapult-ex,Dragapult,0,0
0072,1347,11,8,6,5,0,toxtricity-box,Toxtricity Box,0,0
0072,1348,17,13,6,10,1,alakazam-dudunsparce,Alakazam Dudunsparce,0,0
0072,1349,27,12,17,10,0,dragapult-ex,Dragapult,0,0
0072,1350,16,10,4,12,0,n-zoroark,N's Zoroark,1,0
0072,1351,28,15,12,16,0,raging-bolt-ogerpon,Raging Bolt Ogerpon,0,0
0072,1352,12,5,7,5,0,mega-excadrill-ex,Mega Excadrill,1,0
0072,1353,26,12,16,10,0,dragapult-blaziken,Dragapult Blaziken,0,0
0072,1354,13,7,0,9,4,crustle-dri,Crustle,1,0
0072,1355,27,11,17,10,0,dragapult-ex,Dragapult,0,0
0072,1356,20,9,13,7,0,alakazam-dusknoir,Alakazam Dusknoir,0,0
0072,1357,26,13,14,10,2,slowking-scr,Slowking,0,0
0072,1358,19,7,8,11,0,ceruledge-ex,Ceruledge,0,0
0072,1359,27,11,16,11,0,dragapult-ex,Dragapult,0,0
0072,1360,27,11,17,10,0,dragapult-ex,Dragapult,0,0
0072,1361,30,13,18,12,0,dragapult-dusknoir,Dragapult Dusknoir,1,0
0072,1362,14,9,7,7,0,metagross-cri,Metagross,0,0
0072,1363,27,12,18,9,0,dragapult-blaziken,Dragapult Blaziken,0,0
0072,1364,4,3,0,4,0,lucario-hariyama,Lucario Hariyama,0,0
0072,1365,28,12,17,11,0,dragapult-ex,Dragapult,0,0
0072,1366,17,8,8,9,0,sharpedo-toxtricity,Sharpedo Toxtricity,0,0
0072,1367,21,11,12,9,0,ogerpon-meganium-hydrapple,Ogerpon Meganium Hydrapple,0,0
0072,1368,27,11,17,10,0,dragapult-ex,Dragapult,0,0
0072,1369,4,3,0,4,0,lucario-hariyama,Lucario Hariyama,0,0
0072,1370,16,10,4,12,0,n-zoroark,N's Zoroark,0,0
0072,1371,26,10,16,10,0,dragapult-ex,Dragapult,0,0
0072,1372,20,10,6,10,4,kangaskhan-bouffalant,Kangaskhan Bouffalant,0,0
0072,1373,11,5,8,3,0,cinccino-ex,Cinccino,0,0
0072,1374,27,11,17,10,0,dragapult-ex,Dragapult,0,0
0072,1375,27,17,11,16,0,basic-box-m,Basic Box,0,0
0072,1376,26,10,16,10,0,dragapult-ex,Dragapult,0,0
0072,1377,5,3,0,5,0,rockets-honchkrow,Rocket's Honchkrow,0,0
0072,1378,8,5,1,6,1,cynthia-garchomp-ex,Cynthia's Garchomp,0,0
0072,1379,4,3,0,4,0,lucario-hariyama,Lucario Hariyama,0,0
0072,1380,13,8,4,9,0,dhelmise-pbl,Dhelmise,0,0
0072,1381,24,10,9,13,2,slowking-scr,Slowking,0,0
0072,1382,27,18,11,16,0,basic-box-m,Basic Box,0,0
0072,1383,27,11,17,10,0,dragapult-ex,Dragapult,0,0
0072,1384,16,9,4,12,0,n-zoroark,N's Zoroark,0,0
0072,1385,28,13,18,10,0,dragapult-dusknoir,Dragapult Dusknoir,0,0
0072,1386,28,14,14,14,0,festival-lead,Festival Lead,0,0
0072,1387,27,12,17,10,0,dragapult-blaziken,Dragapult Blaziken,0,0
0072,1388,14,7,0,10,4,crustle-dri,Crustle,0,0
0072,1389,24,10,15,9,0,dragapult-ex,Dragapult,0,0
0072,1390,5,3,0,5,0,lucario-hariyama,Lucario Hariyama,0,0
0072,1391,28,12,14,12,2,slowking-scr,Slowking,0,0
0072,1392,10,4,5,5,0,mega-excadrill-ex,Mega Excadrill,1,0
0072,1393,26,11,17,9,0,dragapult-ex,Dragapult,1,0
0072,1394,13,7,0,9,4,crustle-dri,Crustle,0,0
0072,1395,14,6,5,9,0,mega-lucario-ex,Mega Lucario,0,0
0072,1396,17,10,7,9,1,alakazam-dudunsparce,Alakazam Dudunsparce,0,0
0072,1397,28,17,12,16,0,raging-bolt-ogerpon,Raging Bolt Ogerpon,1,0
0072,1398,31,14,20,11,0,festival-lead,Festival Lead,0,0
0072,1399,26,12,17,9,0,dragapult-blaziken,Dragapult Blaziken,0,0
0072,1400,30,13,19,11,0,dragapult-dusknoir,Dragapult Dusknoir,1,0
0072,1401,19,9,6,9,4,kangaskhan-bouffalant,Kangaskhan Bouffalant,0,0
0072,1402,27,11,17,10,0,dragapult-ex,Dragapult,0,0
0072,1403,12,8,5,7,0,mega-lucario-ex,Mega Lucario,0,0
0072,1404,16,12,4,12,0,n-zoroark,N's Zoroark,1,0
0072,1405,17,8,8,9,0,sharpedo-toxtricity,Sharpedo Toxtricity,0,0
0072,1406,14,7,6,8,0,mega-excadrill-ex,Mega Excadrill,0,0
0072,1407,28,13,19,9,0,dragapult-dusknoir,Dragapult Dusknoir,0,0
0072,1408,5,3,0,5,0,rocket-mewtwo-ex,Rocket's Mewtwo,0,0
0072,1409,15,8,5,9,1,alakazam-dudunsparce,Alakazam Dudunsparce,0,0
0072,1410,20,15,8,12,0,ogerpon-meganium,Ogerpon Meganium,0,0
0072,1411,16,9,5,11,0,n-zoroark,N's Zoroark,0,0
0072,1412,28,13,19,9,0,dragapult-dusknoir,Dragapult Dusknoir,0,0
0072,1413,18,12,4,14,0,n-zoroark,N's Zoroark,1,0
0072,1414,31,15,12,18,1,slowking-scr,Slowking,0,0
0072,1415,31,14,20,11,0,dragapult-dusknoir,Dragapult Dusknoir,0,0
0072,1416,14,7,9,5,0,mega-excadrill-ex,Mega Excadrill,0,0
0072,1417,21,13,11,10,0,ogerpon-meganium-hydrapple,Ogerpon Meganium Hydrapple,1,0
0072,1418,12,6,5,7,0,mega-excadrill-ex,Mega Excadrill,1,0
0072,1419,32,13,20,12,0,dragapult-dusknoir,Dragapult Dusknoir,0,0
0072,1420,22,11,19,2,1,lopunny-dusknoir,Lopunny Dusknoir,0,0
0072,1421,27,11,17,10,0,dragapult-ex,Dragapult,0,0
0072,1422,26,12,16,10,0,dragapult-blaziken,Dragapult Blaziken,0,0
0072,1423,19,12,6,13,0,n-zoroark,N's Zoroark,0,0
0072,1424,11,5,5,6,0,mega-excadrill-ex,Mega Excadrill,0,0
0072,1425,7,4,1,5,1,cynthia-garchomp-ex,Cynthia's Garchomp,0,0
0072,1426,29,13,20,9,0,dragapult-dusknoir,Dragapult Dusknoir,0,0
0072,1427,18,12,4,14,0,n-zoroark,N's Zoroark,0,0
0072,1428,30,13,19,11,0,dragapult-dusknoir,Dragapult Dusknoir,0,0
0072,1429,31,13,22,9,0,dragapult-dusknoir,Dragapult Dusknoir,0,0
0072,1430,27,16,11,16,0,basic-box-m,Basic Box,0,0
0072,1431,8,4,0,8,0,rocket-mewtwo-ex,Rocket's Mewtwo,0,0
0072,1432,29,14,19,10,0,dragapult-dusknoir,Dragapult Dusknoir,0,0
0072,1433,5,3,0,5,0,lucario-hariyama,Lucario Hariyama,0,0
0072,1434,32,15,21,11,0,dragapult-dusknoir,Dragapult Dusknoir,0,0
0072,1435,26,10,16,10,0,dragapult-ex,Dragapult,0,0
0072,1436,16,12,5,10,1,alakazam-dudunsparce,Alakazam Dudunsparce,0,0
0072,1437,27,11,15,12,0,dragapult-blaziken,Dragapult Blaziken,0,0
0072,1438,28,13,13,13,2,slowking-scr,Slowking,1,0
0072,1439,17,11,7,10,0,ethan-typhlosion,Ethan's Typhlosion,0,0
0072,1440,27,11,17,10,0,dragapult-ex,Dragapult,0,0
0072,1441,19,9,13,6,0,azumarill-ssp,Azumarill,0,0
0072,1442,8,3,0,8,0,rockets-honchkrow,Rocket's Honchkrow,0,0
0072,1443,14,9,0,10,4,crustle-dri,Crustle,0,0
0072,1444,28,15,18,10,0,dragapult-ex,Dragapult,1,0
0072,1445,27,11,17,10,0,dragapult-ex,Dragapult,0,0
0072,1446,16,9,3,13,0,ethan-typhlosion,Ethan's Typhlosion,0,0
0072,1447,26,11,17,9,0,dragapult-ex,Dragapult,0,0
0072,1448,29,14,19,10,0,dragapult-dusknoir,Dragapult Dusknoir,0,0
0072,1449,27,13,17,10,0,dragapult-blaziken,Dragapult Blaziken,0,0
0072,1450,28,13,14,12,2,slowking-scr,Slowking,0,0
0072,1451,15,10,3,12,0,n-zoroark,N's Zoroark,0,0
0072,1452,26,11,15,11,0,dragapult-ex,Dragapult,0,0
0072,1453,9,4,0,9,0,rockets-honchkrow,Rocket's Honchkrow,1,0
0072,1454,5,3,0,5,0,rocket-mewtwo-ex,Rocket's Mewtwo,0,0
0072,1455,31,13,19,12,0,dragapult-dusknoir,Dragapult Dusknoir,0,0
0072,1456,28,12,12,14,2,slowking-scr,Slowking,1,0
0072,1457,26,10,16,10,0,dragapult-ex,Dragapult,1,0
0072,1458,17,10,7,9,1,alakazam-dudunsparce,Alakazam Dudunsparce,0,0
0072,1459,13,8,5,7,1,alakazam-dudunsparce,Alakazam Dudunsparce,0,0
0072,1460,26,10,16,10,0,dragapult-ex,Dragapult,0,0
0072,1461,4,3,0,4,0,lucario-hariyama,Lucario Hariyama,0,0
0072,1462,23,12,15,8,0,alakazam-dusknoir,Alakazam Dusknoir,0,0
0072,1463,27,11,17,10,0,dragapult-ex,Dragapult,0,0
0072,1464,26,11,17,9,0,dragapult-blaziken,Dragapult Blaziken,0,0
0072,1465,14,9,4,9,1,alakazam-dudunsparce,Alakazam Dudunsparce,0,0
0072,1466,27,11,17,10,0,dragapult-ex,Dragapult,0,0
0072,1467,28,12,18,10,0,dragapult-ex,Dragapult,0,0
0072,1468,25,11,16,9,0,dragapult-ex,Dragapult,1,0
0072,1469,13,7,0,9,4,crustle-dri,Crustle,1,0
0072,1470,26,10,16,10,0,dragapult-ex,Dragapult,0,0
0072,1471,11,5,1,6,4,hops-trevenant,Hop's Trevenant,0,0
0072,1472,26,11,13,13,0,slowking-scr,Slowking,0,0
0072,1473,16,11,6,9,1,alakazam-dudunsparce,Alakazam Dudunsparce,0,0
0072,1474,18,11,6,11,1,alakazam-dudunsparce,Alakazam Dudunsparce,0,0
0072,1475,29,14,19,10,0,dragapult-dusknoir,Dragapult Dusknoir,0,0
0072,1476,10,7,1,9,0,mega-excadrill-ex,Mega Excadrill,0,0
0072,1477,17,11,6,10,1,alakazam-dudunsparce,Alakazam Dudunsparce,0,0
0072,1478,30,13,19,11,0,dragapult-dusknoir,Dragapult Dusknoir,0,0
0072,1479,9,6,3,6,0,dhelmise-pbl,Dhelmise,0,0
0072,1480,9,5,4,4,1,dhelmise-pbl,Dhelmise,1,0
0072,1481,30,14,15,12,3,slowking-scr,Slowking,0,0
0072,1482,16,8,7,8,1,other,Other,0,0
0072,1483,14,10,5,8,1,alakazam-dudunsparce,Alakazam Dudunsparce,0,0
0072,1484,11,5,4,7,0,mega-excadrill-ex,Mega Excadrill,0,0
0072,1485,25,17,11,14,0,basic-box-m,Basic Box,0,0
0072,1486,17,10,6,11,0,sharpedo-toxtricity,Sharpedo Toxtricity,0,0
0072,1487,13,8,3,9,1,alakazam-dudunsparce,Alakazam Dudunsparce,0,0
0072,1488,27,17,11,16,0,basic-box-m,Basic Box,0,0
0072,1489,14,8,4,9,1,alakazam-dudunsparce,Alakazam Dudunsparce,0,0
0072,1490,11,6,5,6,0,mega-lucario-ex,Mega Lucario,1,0
0072,1491,15,9,6,9,0,mega-lucario-ex,Mega Lucario,0,0
0072,1492,21,11,15,6,0,alakazam-dusknoir,Alakazam Dusknoir,0,0
0072,1493,16,7,9,7,0,mega-excadrill-ex,Mega Excadrill,1,0
0072,1494,28,13,13,13,2,slowking-scr,Slowking,1,0
0072,1495,17,10,7,9,1,alakazam-dudunsparce,Alakazam Dudunsparce,0,0
0072,1496,20,11,10,10,0,sinistcha-ogerpon,Sinistcha Ogerpon,0,0
0072,1497,26,11,16,10,0,dragapult-ex,Dragapult,0,0
0072,1498,30,15,16,14,0,festival-lead,Festival Lead,0,0
0072,1499,26,11,17,9,0,dragapult-ex,Dragapult,0,0
0072,1500,25,11,16,9,0,dragapult-blaziken,Dragapult Blaziken,0,0
0072,1501,9,5,0,5,4,crustle-dri,Crustle,0,0
0072,1502,12,6,0,8,4,crustle-dri,Crustle,0,0
0072,1503,15,11,6,8,1,alakazam-dudunsparce,Alakazam Dudunsparce,0,0
0072,1504,28,13,19,9,0,dragapult-dusknoir,Dragapult Dusknoir,0,0
0072,1505,25,11,16,9,0,dragapult-blaziken,Dragapult Blaziken,1,0
0072,1506,16,7,5,6,5,lopunny-dudunsparce,Lopunny Dudunsparce,0,0
0072,1507,27,11,17,10,0,dragapult-ex,Dragapult,0,0
0072,1508,11,6,2,8,1,dhelmise-pbl,Dhelmise,0,0
0072,1509,5,2,0,4,1,cynthia-garchomp-ex,Cynthia's Garchomp,1,0
0072,1510,8,6,1,7,0,dhelmise-pbl,Dhelmise,0,0
0072,1511,27,11,17,10,0,dragapult-ex,Dragapult,0,0
0072,1512,25,16,10,15,0,basic-box-m,Basic Box,1,0
0072,1513,20,13,13,7,0,basic-box-m,Basic Box,1,0
0072,1514,26,12,17,9,0,dragapult-blaziken,Dragapult Blaziken,0,0
0072,1515,9,4,0,9,0,rockets-honchkrow,Rocket's Honchkrow,0,0
0072,1516,21,14,11,10,0,basic-box-m,Basic Box,0,0
0072,1517,11,7,4,7,0,mega-lucario-ex,Mega Lucario,0,0
0072,1518,28,15,17,11,0,festival-lead,Festival Lead,0,0
0072,1519,28,13,17,11,0,dragapult-blaziken,Dragapult Blaziken,1,0
0072,1520,28,14,18,10,0,dragapult-dusknoir,Dragapult Dusknoir,1,0
0072,1521,25,10,15,10,0,dragapult-ex,Dragapult,0,0
0072,1522,27,17,11,16,0,basic-box-m,Basic Box,1,0
0072,1523,25,15,9,16,0,basic-box-m,Basic Box,0,0
0072,1524,13,7,0,9,4,crustle-dri,Crustle,0,0
0072,1525,17,11,5,12,0,n-zoroark,N's Zoroark,0,0
0072,1526,4,2,0,4,0,lucario-hariyama,Lucario Hariyama,0,0
0072,1527,16,10,5,10,1,alakazam-dudunsparce,Alakazam Dudunsparce,0,0
0072,1528,27,16,10,17,0,basic-box-m,Basic Box,0,0
0072,1529,18,13,11,7,0,kangaskhan-bouffalant,Kangaskhan Bouffalant,0,0
0072,1530,26,10,16,10,0,dragapult-ex,Dragapult,0,0
0072,1531,6,4,2,3,1,dhelmise-pbl,Dhelmise,0,0
0072,1532,27,15,17,10,0,blaziken-ex-jtg,Blaziken,0,0
0072,1533,28,12,13,13,2,slowking-scr,Slowking,0,0
0072,1534,21,9,13,8,0,marnie-grimmsnarl-ex,Marnie's Grimmsnarl,1,0
0072,1535,7,4,0,7,0,cynthia-garchomp-ex,Cynthia's Garchomp,0,0
0072,1536,15,9,5,9,1,alakazam-dudunsparce,Alakazam Dudunsparce,1,0
0072,1537,10,5,4,6,0,mega-excadrill-ex,Mega Excadrill,0,0
0072,1538,16,7,9,7,0,mega-excadrill-ex,Mega Excadrill,0,0
0072,1539,26,12,16,10,0,dragapult-blaziken,Dragapult Blaziken,0,0
0072,1540,27,11,17,10,0,dragapult-ex,Dragapult,0,0
0072,1541,17,12,4,13,0,n-zoroark,N's Zoroark,0,0
0072,1542,15,10,5,10,0,n-zoroark,N's Zoroark,0,0
0072,1543,16,9,9,7,0,toxtricity-brute-bonnet,Toxtricity Brute Bonnet,0,0
0072,1544,22,13,12,10,0,ogerpon-meganium-hydrapple,Ogerpon Meganium Hydrapple,0,0
0072,1545,23,14,7,16,0,n-zoroark,N's Zoroark,0,0
0072,1546,17,12,5,12,0,n-zoroark,N's Zoroark,0,0
0072,1547,27,11,17,10,0,dragapult-ex,Dragapult,0,0
0072,1548,14,7,8,6,0,grimmsnarl-froslass,Grimmsnarl Froslass,0,0
0072,1549,2,2,1,1,0,mega-lucario-ex,Mega Lucario,0,0
0072,1550,15,6,9,6,0,mega-excadrill-ex,Mega Excadrill,0,0
0072,1551,27,13,14,11,2,slowking-scr,Slowking,0,0
0072,1552,14,6,9,5,0,grimmsnarl-froslass,Grimmsnarl Froslass,0,0
0072,1553,12,6,0,8,4,crustle-dri,Crustle,0,0
0072,1554,18,12,8,10,0,beedrill-ex-cri,Beedrill,0,0
0072,1555,26,12,17,9,0,dragapult-blaziken,Dragapult Blaziken,0,0
0072,1556,32,14,19,13,0,festival-lead,Festival Lead,1,0
0072,1557,8,7,2,4,2,hop-zacian,Hop's Zacian,0,0
0072,1558,28,12,13,12,3,slowking-scr,Slowking,1,0
0072,1559,19,8,8,6,5,lopunny-dudunsparce,Lopunny Dudunsparce,0,0
0072,1560,25,10,16,9,0,dragapult-ex,Dragapult,0,0
0072,1561,27,11,17,10,0,dragapult-ex,Dragapult,1,0
0072,1562,14,8,0,10,4,crustle-dri,Crustle,1,0
0072,1563,27,11,17,10,0,dragapult-ex,Dragapult,0,0
0072,1564,16,7,6,9,1,alakazam-dudunsparce,Alakazam Dudunsparce,0,0
0072,1565,12,6,7,4,1,mega-chandelure-ex,Mega Chandelure,0,0
0072,1566,14,8,0,10,4,crustle-dri,Crustle,0,0
0072,1567,27,11,17,10,0,dragapult-ex,Dragapult,1,0
0072,1568,16,11,5,11,0,n-zoroark,N's Zoroark,0,0
0072,1569,26,10,16,10,0,dragapult-ex,Dragapult,0,0
0072,1570,8,4,2,5,1,dhelmise-pbl,Dhelmise,0,0
0072,1571,15,11,5,9,1,alakazam-dudunsparce,Alakazam Dudunsparce,1,0
0072,1572,20,9,6,10,4,kangaskhan-bouffalant,Kangaskhan Bouffalant,1,0
0072,1573,27,15,12,15,0,raging-bolt-ogerpon,Raging Bolt Ogerpon,0,0
0072,1574,14,6,9,5,0,grimmsnarl-froslass,Grimmsnarl Froslass,0,0
0072,1575,26,10,16,10,0,dragapult-ex,Dragapult,0,0
0072,1576,15,6,9,6,0,mega-excadrill-ex,Mega Excadrill,0,0
0072,1577,27,11,17,10,0,dragapult-ex,Dragapult,0,0
0072,1578,28,13,13,13,2,slowking-scr,Slowking,1,0
0072,1579,13,8,5,8,0,mega-starmie-ex,Mega Starmie,1,0
0072,1580,31,15,19,12,0,festival-lead,Festival Lead,0,0
0072,1581,31,13,19,12,0,dragapult-dusknoir,Dragapult Dusknoir,1,0
0072,1582,21,12,14,7,0,ogerpon-meganium-hydrapple,Ogerpon Meganium Hydrapple,0,0
0072,1583,6,4,3,3,0,dhelmise-pbl,Dhelmise,0,0
0072,1584,27,11,17,10,0,dragapult-ex,Dragapult,0,0
0072,1585,11,6,4,7,0,mega-venusaur-ex,Mega Venusaur,0,0
0072,1586,24,11,12,10,2,slowking-scr,Slowking,1,0
0072,1587,30,16,16,12,2,slowking-scr,Slowking,0,0
0072,1588,27,11,17,10,0,dragapult-ex,Dragapult,1,0
0072,1589,19,10,6,10,3,yanmega-ex,Yanmega,0,0
0072,1590,14,7,5,4,5,lopunny-dudunsparce,Lopunny Dudunsparce,1,0
0072,1591,14,9,6,8,0,stevens-metagross,Steven's Metagross,0,0
0072,1592,27,11,17,10,0,dragapult-ex,Dragapult,1,0
0072,1593,22,13,6,16,0,n-zoroark,N's Zoroark,0,0
0072,1594,26,10,16,10,0,dragapult-ex,Dragapult,0,0
0072,1595,26,10,16,10,0,dragapult-ex,Dragapult,0,0
0072,1596,14,7,0,10,4,crustle-dri,Crustle,1,0
0072,1597,26,11,15,11,0,dragapult-ex,Dragapult,0,0
0072,1598,11,5,5,6,0,mega-excadrill-ex,Mega Excadrill,0,0
0072,1599,7,7,2,5,0,doublade-por,Doublade,0,0
0072,1600,21,12,11,10,0,greninja-ex,Greninja,0,0
0072,1601,14,9,0,10,4,crustle-dri,Crustle,0,0
0072,1602,13,9,3,9,1,alakazam-dudunsparce,Alakazam Dudunsparce,0,0
0072,1603,21,10,18,2,1,lopunny-dusknoir,Lopunny Dusknoir,1,0
0072,1604,27,14,15,12,0,slowking-scr,Slowking,1,0
0072,1605,17,11,3,14,0,n-zoroark,N's Zoroark,0,0
0072,1606,27,13,17,10,0,dragapult-blaziken,Dragapult Blaziken,0,0
0072,1607,17,9,9,8,0,ethan-typhlosion,Ethan's Typhlosion,0,0
0072,1608,5,4,1,4,0,lucario-hariyama,Lucario Hariyama,0,0
0072,1609,26,15,9,17,0,basic-box-m,Basic Box,0,0
0072,1610,21,11,9,11,1,slowking-scr,Slowking,1,0
0072,1611,26,10,16,10,0,dragapult-ex,Dragapult,0,0
0072,1612,7,4,2,4,1,other,Other,0,0
0072,1613,16,10,6,9,1,alakazam-dudunsparce,Alakazam Dudunsparce,0,0
0072,1614,27,13,17,10,0,dragapult-blaziken,Dragapult Blaziken,1,0
0072,1615,17,8,7,10,0,sharpedo-toxtricity,Sharpedo Toxtricity,0,0
0072,1616,14,9,11,3,0,mega-excadrill-ex,Mega Excadrill,1,0
0072,1617,32,12,17,15,0,festival-lead,Festival Lead,0,0
0072,1618,9,4,0,9,0,rockets-honchkrow,Rocket's Honchkrow,0,0
0072,1619,11,4,0,7,4,hops-trevenant,Hop's Trevenant,0,0
0072,1620,18,7,1,16,1,other,Other,0,0
0072,1621,12,6,5,7,0,other,Other,0,0
0072,1622,23,11,14,9,0,ogerpon-meganium-hydrapple,Ogerpon Meganium Hydrapple,0,0
0072,1623,13,6,6,7,0,mega-lucario-ex,Mega Lucario,0,0
0072,1624,27,11,16,11,0,dragapult-ex,Dragapult,0,0
0072,1625,25,11,16,9,0,dragapult-blaziken,Dragapult Blaziken,0,0
0072,1626,21,10,12,9,0,ogerpon-meganium-hydrapple,Ogerpon Meganium Hydrapple,0,0
0072,1627,21,11,18,2,1,other,Other,1,0
0072,1628,16,10,4,12,0,n-zoroark,N's Zoroark,1,0
0072,1629,27,11,17,10,0,dragapult-ex,Dragapult,1,1
0072,1630,27,12,13,12,2,slowking-scr,Slowking,0,0
0072,1631,19,8,14,5,0,starmie-dusknoir,Starmie Dusknoir,0,0
0072,1632,17,11,4,13,0,n-zoroark,N's Zoroark,0,0
0072,1633,9,4,0,9,0,rockets-honchkrow,Rocket's Honchkrow,0,0
0072,1634,13,7,0,9,4,crustle-dri,Crustle,0,0
0072,1635,16,7,6,5,5,lopunny-dudunsparce,Lopunny Dudunsparce,0,0
0072,1636,27,11,17,10,0,dragapult-ex,Dragapult,0,0
0072,1637,27,18,11,16,0,basic-box-m,Basic Box,0,0
0072,1638,27,11,17,10,0,dragapult-ex,Dragapult,1,0
0072,1639,22,11,9,13,0,other,Other,0,0
0072,1640,26,11,13,11,2,slowking-scr,Slowking,0,0
0072,1641,26,16,11,15,0,basic-box-m,Basic Box,1,0
0072,1642,8,5,2,5,1,dhelmise-pbl,Dhelmise,0,0
0072,1643,29,15,19,10,0,dragapult-dusknoir,Dragapult Dusknoir,0,0
0072,1644,15,9,5,6,4,crustle-dri,Crustle,0,0
0072,1645,10,4,4,6,0,mega-excadrill-ex,Mega Excadrill,0,0
0072,1646,3,2,0,3,0,lucario-hariyama,Lucario Hariyama,0,0
0072,1647,14,5,8,6,0,mega-excadrill-ex,Mega Excadrill,0,0
0072,1648,27,12,17,10,0,dragapult-blaziken,Dragapult Blaziken,0,0
0072,1649,26,10,16,10,0,dragapult-ex,Dragapult,0,0
0072,1650,26,11,16,10,0,dragapult-ex,Dragapult,0,0
0072,1651,26,10,16,10,0,dragapult-ex,Dragapult,0,0
0072,1652,27,12,18,9,0,dragapult-blaziken,Dragapult Blaziken,1,0
0072,1653,17,12,9,8,0,starmie-froslass,Starmie Froslass,0,0
0072,1654,10,7,4,6,0,manectric-eelektrik,Manectric Eelektrik,0,0
0072,1655,25,11,16,9,0,dragapult-blaziken,Dragapult Blaziken,0,0
0072,1656,28,13,19,9,0,dragapult-dusknoir,Dragapult Dusknoir,0,0
0072,1657,17,11,8,9,0,mega-starmie-ex,Mega Starmie,0,0
0072,1658,19,9,13,6,0,alakazam-dusknoir,Alakazam Dusknoir,1,0
0072,1659,16,10,4,12,0,n-zoroark,N's Zoroark,0,0
0072,1660,27,10,16,11,0,dragapult-ex,Dragapult,0,0
0072,1661,14,8,0,10,4,crustle-dri,Crustle,0,0
0072,1662,24,10,15,9,0,dragapult-dudunsparce,Dragapult Dudunsparce,0,0
0072,1663,19,12,5,14,0,n-zoroark,N's Zoroark,0,0
0072,1664,1,1,0,1,0,lucario-hariyama,Lucario Hariyama,0,0
0072,1665,26,12,16,10,0,dragapult-blaziken,Dragapult Blaziken,0,0
0072,1666,26,10,16,10,0,dragapult-ex,Dragapult,0,0
0072,1667,9,4,0,9,0,rockets-honchkrow,Rocket's Honchkrow,1,0
0072,1668,25,10,16,9,0,dragapult-ex,Dragapult,0,0
0072,1669,27,11,13,11,3,slowking-scr,Slowking,0,0
0072,1670,11,6,0,6,5,mega-manectric-ex-meg,Mega Manectric,0,0
0072,1671,10,6,4,6,0,dhelmise-pbl,Dhelmise,1,0
0072,1672,21,13,9,12,0,basic-box-m,Basic Box,0,0
0072,1673,29,13,19,10,0,dragapult-dusknoir,Dragapult Dusknoir,0,0
0072,1674,29,13,14,13,2,slowking-scr,Slowking,0,0
0072,1675,7,7,1,5,1,mega-lucario-ex,Mega Lucario,0,0
0072,1676,5,5,0,5,0,doublade-por,Doublade,0,0
0072,1677,28,12,18,10,0,dragapult-ex,Dragapult,0,0
0072,1678,26,12,17,9,0,dragapult-blaziken,Dragapult Blaziken,0,0
0072,1679,15,7,9,6,0,grimmsnarl-froslass,Grimmsnarl Froslass,0,0
0072,1680,28,11,14,10,4,seaking-pre,Seaking Festival Lead,0,0
0072,1681,31,13,19,12,0,festival-lead,Festival Lead,0,0
0072,1682,27,17,11,16,0,basic-box-m,Basic Box,0,0
0072,1683,27,17,12,15,0,raging-bolt-ogerpon,Raging Bolt Ogerpon,0,0
0072,1684,20,10,9,11,0,archaludon-ex,Archaludon,0,0
0072,1685,12,4,7,4,1,mega-froslass-dudunsparce,Froslass Dudunsparce,0,0
0072,1686,12,9,7,5,0,toxtricity-box,Toxtricity Box,1,0
0072,1687,14,8,0,10,4,crustle-dri,Crustle,0,0
0072,1688,14,6,8,6,0,mega-excadrill-ex,Mega Excadrill,0,0
0072,1689,26,16,11,15,0,basic-box-m,Basic Box,1,0
0072,1690,4,3,1,3,0,lucario-hariyama,Lucario Hariyama,0,0
0072,1691,27,11,17,10,0,dragapult-ex,Dragapult,1,0
0072,1692,20,9,8,12,0,ceruledge-ex,Ceruledge,0,0
0072,1693,14,9,2,12,0,n-zoroark,N's Zoroark,0,0
0072,1694,6,3,0,5,1,cynthia-garchomp-ex,Cynthia's Garchomp,1,0
0072,1695,26,12,17,9,0,dragapult-blaziken,Dragapult Blaziken,0,0
0072,1696,25,10,16,9,0,dragapult-ex,Dragapult,0,0
0072,1697,21,10,13,8,0,ogerpon-meganium-hydrapple,Ogerpon Meganium Hydrapple,0,0
0072,1698,30,14,17,13,0,dragapult-blaziken,Dragapult Blaziken,0,0
0072,1699,20,10,13,7,0,alakazam-dusknoir,Alakazam Dusknoir,0,0
0072,1700,19,12,6,13,0,n-zoroark,N's Zoroark,1,0
0072,1701,27,11,17,10,0,dragapult-ex,Dragapult,0,0
0072,1702,7,6,1,6,0,dhelmise-pbl,Dhelmise,0,0
0072,1703,27,11,17,10,0,dragapult-ex,Dragapult,0,0
0072,1704,26,16,11,15,0,basic-box-m,Basic Box,0,0
0072,1705,15,7,10,5,0,grimmsnarl-froslass,Grimmsnarl Froslass,0,0
0072,1706,26,12,16,10,0,dragapult-blaziken,Dragapult Blaziken,1,0
0072,1707,17,8,8,9,0,sharpedo-toxtricity,Sharpedo Toxtricity,0,0
0072,1708,21,13,11,10,0,greninja-ex,Greninja,0,0
0072,1709,31,13,21,10,0,dragapult-dusknoir,Dragapult Dusknoir,1,0
0072,1710,26,15,15,11,0,basic-box-m,Basic Box,1,0
0072,1711,31,13,20,10,1,dragapult-dusknoir,Dragapult Dusknoir,0,0
0072,1713,4,2,0,4,0,lucario-hariyama,Lucario Hariyama,0,0
0072,1714,9,3,4,5,0,mega-excadrill-ex,Mega Excadrill,0,0
0072,1715,13,8,0,9,4,crustle-dri,Crustle,0,0
0072,1716,17,12,5,12,0,n-zoroark,N's Zoroark,0,0
0072,1717,27,11,17,10,0,dragapult-ex,Dragapult,0,0
0072,1718,26,11,17,9,0,dragapult-ex,Dragapult,0,0
0072,1719,14,8,6,7,1,other,Other,0,0
0072,1720,34,17,19,15,0,festival-lead,Festival Lead,1,0
0072,1721,11,6,2,9,0,lucario-hariyama,Lucario Hariyama,0,0
0072,1722,17,10,7,9,1,alakazam-dudunsparce,Alakazam Dudunsparce,0,0
0072,1723,27,11,16,11,0,dragapult-ex,Dragapult,0,0
0072,1724,27,11,17,10,0,dragapult-ex,Dragapult,0,0
0072,1725,17,9,7,10,0,sharpedo-toxtricity,Sharpedo Toxtricity,0,0
0072,1726,9,6,4,5,0,dhelmise-pbl,Dhelmise,0,0
0072,1727,11,7,1,10,0,paldean-tauros-pfl,Paldean Tauros,0,0
0072,1728,30,13,20,10,0,dragapult-dusknoir,Dragapult Dusknoir,0,0
0072,1729,20,12,12,8,0,ogerpon-meganium-hydrapple,Ogerpon Meganium Hydrapple,0,0
0072,1730,26,11,13,11,2,slowking-scr,Slowking,0,0
0072,1731,28,17,12,16,0,raging-bolt-ogerpon,Raging Bolt Ogerpon,0,0
0072,1732,28,12,18,10,0,dragapult-ex,Dragapult,1,0
0072,1733,5,4,0,5,0,rocket-mewtwo-ex,Rocket's Mewtwo,0,0
0072,1734,27,11,17,10,0,dragapult-ex,Dragapult,1,0
0072,1735,15,9,6,9,0,sharpedo-toxtricity,Sharpedo Toxtricity,1,0
0072,1736,27,11,17,10,0,dragapult-ex,Dragapult,0,0
0072,1737,25,10,16,9,0,dragapult-ex,Dragapult,0,0
0072,1738,16,11,4,12,0,n-zoroark,N's Zoroark,0,0
0072,1739,13,7,6,7,0,mega-venusaur-ex,Mega Venusaur,0,0
0072,1740,28,15,16,11,1,slowking-scr,Slowking,1,0
0072,1741,22,13,14,8,0,alakazam-dusknoir,Alakazam Dusknoir,1,0
0072,1742,32,14,17,11,4,seaking-pre,Seaking Festival Lead,0,0
0072,1743,31,14,20,11,0,dragapult-dusknoir,Dragapult Dusknoir,0,0
0072,1744,27,11,17,10,0,dragapult-ex,Dragapult,0,0
0072,1745,31,14,20,11,0,dragapult-dusknoir,Dragapult Dusknoir,0,0
0072,1746,13,7,0,9,4,crustle-dri,Crustle,1,0
0072,1747,24,10,15,9,0,dragapult-ex,Dragapult,0,0
0072,1748,30,14,20,10,0,dragapult-dusknoir,Dragapult Dusknoir,1,0
0072,1749,4,2,0,4,0,lucario-hariyama,Lucario Hariyama,0,0
0072,1750,10,4,4,6,0,mega-excadrill-ex,Mega Excadrill,0,0
0072,1751,15,6,9,6,0,mega-excadrill-ex,Mega Excadrill,0,0
0072,1752,27,11,17,10,0,dragapult-ex,Dragapult,0,0
0072,1753,12,6,8,4,0,mega-excadrill-ex,Mega Excadrill,0,0
0072,1754,12,6,0,8,4,crustle-dri,Crustle,0,0
0072,1755,16,10,4,12,0,n-zoroark,N's Zoroark,0,0
0072,1756,21,13,9,12,0,clefairy-ogerpon,Clefairy Ogerpon,0,0
0072,1757,13,8,5,7,1,alakazam-dudunsparce,Alakazam Dudunsparce,0,0
0072,1758,4,2,0,4,0,lucario-hariyama,Lucario Hariyama,1,0
0072,1759,28,12,16,12,0,dragapult-ex,Dragapult,0,0
0072,1760,15,6,9,6,0,mega-excadrill-ex,Mega Excadrill,0,0
0072,1761,13,8,3,6,4,kangaskhan-bouffalant,Kangaskhan Bouffalant,0,0
0072,1762,11,6,3,7,1,other,Other,0,0
0072,1763,24,11,16,8,0,dragapult-blaziken,Dragapult Blaziken,0,0
0072,1764,30,13,19,11,0,dragapult-dusknoir,Dragapult Dusknoir,0,0
0072,1765,18,10,9,9,0,mega-greninja-ex,Mega Greninja,0,0
0072,1766,27,17,11,16,0,basic-box-m,Basic Box,0,0
0072,1767,10,5,1,9,0,dhelmise-pbl,Dhelmise,0,0
0072,1768,13,7,9,4,0,jellicent-dusknoir,Jellicent Dusknoir,0,0
0072,1769,34,15,21,13,0,festival-lead,Festival Lead,0,0
0072,1770,18,12,5,13,0,n-zoroark,N's Zoroark,0,0
0072,1771,23,12,14,8,1,starmie-dusknoir,Starmie Dusknoir,0,0
0072,1772,25,10,16,9,0,dragapult-ex,Dragapult,0,0
0072,1773,15,9,0,11,4,crustle-dri,Crustle,1,0
0072,1774,26,11,16,10,0,dragapult-ex,Dragapult,0,0
0072,1775,5,3,0,5,0,rockets-honchkrow,Rocket's Honchkrow,0,0
0072,1776,9,6,3,5,1,dhelmise-pbl,Dhelmise,0,0
0072,1777,27,11,17,10,0,dragapult-ex,Dragapult,0,0
0072,1778,27,17,11,16,0,basic-box-m,Basic Box,0,0
0072,1779,9,6,3,6,0,dhelmise-pbl,Dhelmise,1,0
0072,1780,28,12,17,11,0,dragapult-ex,Dragapult,0,0
0072,1781,14,8,0,10,4,crustle-dri,Crustle,1,0
0072,1782,27,11,17,10,0,dragapult-ex,Dragapult,0,0
0072,1783,27,13,17,10,0,dragapult-blaziken,Dragapult Blaziken,1,0
0072,1784,24,11,12,12,0,toucannon-pbl,Toucannon,0,0
0072,1785,27,11,17,10,0,dragapult-ex,Dragapult,0,0
0072,1786,27,12,17,10,0,dragapult-ex,Dragapult,0,0
0072,1787,27,17,11,16,0,basic-box-m,Basic Box,0,0
0072,1788,30,13,19,11,0,dragapult-dusknoir,Dragapult Dusknoir,0,0
0072,1789,16,10,4,12,0,n-zoroark,N's Zoroark,0,0
0072,1790,31,13,21,10,0,dragapult-dusknoir,Dragapult Dusknoir,0,0
0072,1791,12,6,9,3,0,mega-excadrill-ex,Mega Excadrill,0,0
0072,1792,27,14,11,14,2,slowking-scr,Slowking,0,0
0072,1793,27,11,13,12,2,slowking-scr,Slowking,0,0
0072,1794,18,12,10,6,2,kangaskhan-bouffalant,Kangaskhan Bouffalant,1,0
0072,1795,27,11,17,10,0,dragapult-ex,Dragapult,0,0
0072,1796,7,3,0,6,1,cynthia-garchomp-ex,Cynthia's Garchomp,0,0
0072,1797,9,5,4,5,0,mega-excadrill-ex,Mega Excadrill,0,0
0072,1798,26,12,16,10,0,dragapult-ex,Dragapult,0,0
0072,1799,13,7,0,9,4,crustle-dri,Crustle,0,0
0072,1800,12,8,4,7,1,mega-manectric-ex-meg,Mega Manectric,0,0
0072,1801,7,3,0,7,0,cynthia-garchomp-ex,Cynthia's Garchomp,1,0
0072,1802,14,6,9,5,0,grimmsnarl-froslass,Grimmsnarl Froslass,0,0
0072,1803,27,11,17,10,0,dragapult-ex,Dragapult,0,0
0072,1804,15,11,5,9,1,alakazam-dudunsparce,Alakazam Dudunsparce,0,0
0072,1805,26,10,16,10,0,dragapult-ex,Dragapult,1,0
0072,1806,25,12,10,13,2,slowking-scr,Slowking,0,0
0072,1807,17,9,8,8,1,alakazam-dudunsparce,Alakazam Dudunsparce,0,0
0072,1808,9,7,4,4,1,dhelmise-pbl,Dhelmise,0,0
0072,1809,27,16,12,15,0,basic-box-m,Basic Box,0,0
0072,1810,14,7,0,10,4,crustle-dri,Crustle,0,0
0072,1811,21,13,5,16,0,n-zoroark,N's Zoroark,1,0
0072,1812,27,17,11,16,0,basic-box-m,Basic Box,0,0
0072,1813,21,11,12,9,0,ogerpon-meganium-hydrapple,Ogerpon Meganium Hydrapple,1,0
0072,1814,31,14,20,11,0,dragapult-dusknoir,Dragapult Dusknoir,0,0
0072,1815,8,3,0,8,0,rockets-honchkrow,Rocket's Honchkrow,0,0
0072,1816,16,8,6,6,4,lopunny-dudunsparce,Lopunny Dudunsparce,0,0
0072,1817,7,5,0,7,0,rocket-spidops,Rocket's Spidops,0,0
0072,1818,34,16,19,15,0,festival-lead,Festival Lead,0,0
0072,1819,28,13,17,11,0,dragapult-ex,Dragapult,0,0
0072,1820,23,9,15,8,0,ogerpon-meganium-hydrapple,Ogerpon Meganium Hydrapple,0,0
0072,1821,16,11,5,11,0,n-zoroark,N's Zoroark,0,0
0072,1822,11,6,5,5,1,mega-chandelure-ex,Mega Chandelure,0,0
0072,1823,31,14,20,11,0,dragapult-dusknoir,Dragapult Dusknoir,0,0
0072,1824,15,11,6,8,1,alakazam-dudunsparce,Alakazam Dudunsparce,1,0
0072,1825,26,10,16,10,0,dragapult-ex,Dragapult,0,0
0072,1826,12,7,2,6,4,crustle-dri,Crustle,0,0
0072,1827,14,8,4,9,1,alakazam-dudunsparce,Alakazam Dudunsparce,0,0
0072,1828,12,6,4,8,0,sharpedo-toxtricity,Sharpedo Toxtricity,0,0
0072,1829,31,14,20,11,0,dragapult-dusknoir,Dragapult Dusknoir,0,0
0072,1830,21,13,12,9,0,ogerpon-meganium-hydrapple,Ogerpon Meganium Hydrapple,0,0
0072,1831,27,11,17,10,0,dragapult-ex,Dragapult,0,0
0072,1832,20,11,12,8,0,ogerpon-meganium-hydrapple,Ogerpon Meganium Hydrapple,0,0
0072,1833,13,7,5,8,0,mega-excadrill-ex,Mega Excadrill,0,0
0072,1834,27,11,17,10,0,dragapult-ex,Dragapult,1,0
0072,1835,31,12,16,11,4,seaking-pre,Seaking Festival Lead,1,0
0072,1836,4,3,0,4,0,rocket-spidops,Rocket's Spidops,0,0
0072,1837,12,7,5,6,1,mega-greninja-ex,Mega Greninja,0,0
0072,1838,17,9,4,13,0,n-zoroark,N's Zoroark,0,0
0072,1839,16,10,4,12,0,n-zoroark,N's Zoroark,0,0
0072,1840,12,6,0,8,4,crustle-dri,Crustle,0,0
0072,1841,29,13,19,10,0,dragapult-dusknoir,Dragapult Dusknoir,0,0
0072,1842,27,17,11,16,0,basic-box-m,Basic Box,0,0
0072,1843,10,5,1,8,1,dhelmise-pbl,Dhelmise,0,0
0072,1844,14,7,5,9,0,mega-venusaur-ex,Mega Venusaur,0,0
0072,1845,23,11,9,12,2,slowking-scr,Slowking,0,0
0072,1846,17,11,4,13,0,n-zoroark,N's Zoroark,1,0
0072,1847,14,6,9,5,0,grimmsnarl-froslass,Grimmsnarl Froslass,0,0
0072,1848,18,8,9,9,0,froslass-munkidori,Froslass Munkidori,0,0
0072,1849,21,12,12,9,0,ogerpon-meganium-hydrapple,Ogerpon Meganium Hydrapple,1,0
0072,1850,17,12,4,13,0,n-zoroark,N's Zoroark,0,0
0072,1851,26,11,16,10,0,dragapult-ex,Dragapult,0,0
0072,1852,7,4,1,6,0,dhelmise-pbl,Dhelmise,0,0
0072,1853,19,9,6,9,4,kangaskhan-bouffalant,Kangaskhan Bouffalant,0,0
0072,1854,19,9,6,9,4,kangaskhan-bouffalant,Kangaskhan Bouffalant,0,0
0072,1855,7,4,0,7,0,rockets-honchkrow,Rocket's Honchkrow,0,0
0072,1856,15,10,0,11,4,crustle-dri,Crustle,0,0
0072,1857,21,12,11,10,0,ogerpon-meganium-hydrapple,Ogerpon Meganium Hydrapple,0,0
0072,1858,29,14,19,10,0,dragapult-dusknoir,Dragapult Dusknoir,0,0
0072,1859,15,11,6,9,0,mega-darkrai-ex,Mega Darkrai,0,0
0072,1860,29,14,19,10,0,dragapult-dusknoir,Dragapult Dusknoir,0,0
0072,1861,5,2,0,5,0,mega-abomasnow-ex,Mega Abomasnow,0,0
0072,1862,27,11,17,10,0,dragapult-ex,Dragapult,0,0
0072,1863,28,12,17,11,0,dragapult-ex,Dragapult,1,0
0072,1864,15,9,6,8,1,mega-greninja-ex,Mega Greninja,0,0
0072,1865,27,11,17,10,0,dragapult-ex,Dragapult,0,0
0072,1866,13,6,5,8,0,mega-venusaur-ex,Mega Venusaur,0,0
0072,1867,24,14,11,13,0,raging-bolt-ogerpon,Raging Bolt Ogerpon,0,0
0072,1868,18,12,8,10,0,ethan-typhlosion,Ethan's Typhlosion,1,0
0072,1869,26,10,16,10,0,dragapult-ex,Dragapult,1,0
0072,1870,24,12,12,11,1,slowking-scr,Slowking,0,0
0072,1871,16,7,9,7,0,mega-excadrill-ex,Mega Excadrill,0,0
0072,1872,28,17,17,11,0,tera-box,Tera Box,1,0
0072,1873,26,14,16,10,0,dragapult-blaziken,Dragapult Blaziken,0,0
0072,1874,27,11,17,10,0,dragapult-ex,Dragapult,1,0
0072,1875,22,13,14,8,0,ogerpon-meganium-hydrapple,Ogerpon Meganium Hydrapple,0,0
0072,1876,6,3,0,6,0,rocket-mewtwo-ex,Rocket's Mewtwo,0,0
0072,1877,18,11,14,4,0,lopunny-dusknoir,Lopunny Dusknoir,0,0
0072,1878,3,2,0,3,0,rocket-spidops,Rocket's Spidops,0,0
0072,1879,28,12,13,13,2,slowking-scr,Slowking,0,0
0072,1880,13,8,5,7,1,alakazam-dudunsparce,Alakazam Dudunsparce,0,0
0072,1881,17,11,5,12,0,n-zoroark,N's Zoroark,0,0
0072,1882,16,9,6,9,1,alakazam-dudunsparce,Alakazam Dudunsparce,0,0
0072,1883,27,17,11,16,0,basic-box-m,Basic Box,0,0
0072,1884,15,9,6,9,0,mega-lucario-ex,Mega Lucario,0,0
0072,1885,7,5,2,5,0,dhelmise-pbl,Dhelmise,0,0
0072,1886,31,15,20,11,0,dragapult-dusknoir,Dragapult Dusknoir,0,0
0072,1887,16,10,7,9,0,ethan-typhlosion,Ethan's Typhlosion,0,0
0072,1888,7,4,0,6,1,cynthia-garchomp-ex,Cynthia's Garchomp,0,0
0072,1889,29,11,22,6,1,dragapult-dusknoir,Dragapult Dusknoir,0,0
0072,1890,12,6,0,8,4,crustle-dri,Crustle,0,0
0072,1891,27,12,18,9,0,dragapult-blaziken,Dragapult Blaziken,0,0
0072,1892,30,14,20,10,0,dragapult-dusknoir,Dragapult Dusknoir,0,0
0072,1893,26,12,17,9,0,dragapult-blaziken,Dragapult Blaziken,0,0
0072,1894,17,11,5,12,0,n-zoroark,N's Zoroark,0,0
0072,1895,34,16,18,14,2,festival-lead,Festival Lead,0,0
0072,1896,31,13,19,12,0,dragapult-dusknoir,Dragapult Dusknoir,0,0
0072,1897,26,11,16,10,0,dragapult-ex,Dragapult,0,0
0072,1898,11,8,5,5,1,dhelmise-pbl,Dhelmise,1,0
0072,1899,13,7,5,8,0,mega-excadrill-ex,Mega Excadrill,0,0
0072,1900,26,11,17,9,0,dragapult-ex,Dragapult,1,0
0072,1901,25,11,16,9,0,dragapult-ex,Dragapult,0,0
0072,1902,16,10,4,12,0,n-zoroark,N's Zoroark,0,0
0072,1903,27,11,17,10,0,dragapult-ex,Dragapult,0,0
0072,1904,8,4,0,8,0,rockets-honchkrow,Rocket's Honchkrow,0,0
0072,1905,6,4,0,6,0,rocket-mewtwo-ex,Rocket's Mewtwo,0,0
0072,1906,26,17,11,15,0,basic-box-m,Basic Box,0,0
0072,1907,7,5,2,4,1,dhelmise-pbl,Dhelmise,0,0
0072,1908,18,9,5,13,0,n-zoroark,N's Zoroark,1,0
0072,1909,24,11,8,15,1,lillie-clefairy,Lillie's Clefairy,1,0
0072,1910,30,14,20,9,1,dragapult-dusknoir,Dragapult Dusknoir,0,0
0072,1911,27,11,17,10,0,dragapult-ex,Dragapult,0,0
0072,1912,13,8,3,10,0,ethan-typhlosion,Ethan's Typhlosion,0,0
0072,1913,22,11,18,3,1,lopunny-dusknoir,Lopunny Dusknoir,0,0
0072,1914,27,11,17,10,0,dragapult-ex,Dragapult,1,0
0072,1915,26,10,16,10,0,dragapult-ex,Dragapult,0,0
0072,1916,22,11,19,2,1,lopunny-dusknoir,Lopunny Dusknoir,0,0
0072,1917,10,6,6,3,1,okidogi-barbaracle,Okidogi Barbaracle,0,0
0072,1918,20,12,8,11,1,alakazam-dudunsparce,Alakazam Dudunsparce,0,0
0072,1919,12,6,5,7,0,mega-excadrill-ex,Mega Excadrill,0,0
0072,1920,22,14,12,10,0,basic-box-m,Basic Box,0,0
0072,1921,15,10,4,11,0,n-zoroark,N's Zoroark,0,0
0072,1922,5,3,0,5,0,rocket-mewtwo-ex,Rocket's Mewtwo,0,0
0072,1923,27,11,17,10,0,dragapult-ex,Dragapult,0,0
0072,1924,29,18,12,17,0,basic-box-m,Basic Box,1,0
0072,1925,28,12,16,12,0,dragapult-ex,Dragapult,0,0
0072,1926,9,6,6,3,0,mega-absol-box,Mega Absol Box,1,0
0072,1927,24,11,16,8,0,dragapult-blaziken,Dragapult Blaziken,0,0
0072,1928,27,11,17,10,0,dragapult-ex,Dragapult,0,0
0072,1929,25,15,10,15,0,basic-box-m,Basic Box,0,0
0072,1930,3,3,2,1,0,zygarde-barbaracle,Zygarde Barbaracle,0,0
0072,1931,13,7,0,9,4,crustle-dri,Crustle,0,0
0072,1932,31,14,20,11,0,dragapult-dusknoir,Dragapult Dusknoir,0,0
0072,1933,20,11,11,9,0,greninja-ex,Greninja,0,0
0072,1934,28,14,15,12,1,slowking-scr,Slowking,1,0
0072,1935,27,14,13,12,2,slowking-scr,Slowking,0,0
0072,1936,20,12,6,14,0,n-zoroark,N's Zoroark,0,0
0072,1937,26,11,16,10,0,dragapult-ex,Dragapult,0,0
0072,1938,27,13,17,10,0,dragapult-blaziken,Dragapult Blaziken,0,0
0072,1939,29,14,19,10,0,dragapult-dusknoir,Dragapult Dusknoir,1,0
0072,1940,19,9,13,6,0,alakazam-dusknoir,Alakazam Dusknoir,0,0
0072,1941,30,13,18,12,0,dragapult-dusknoir,Dragapult Dusknoir,0,0
0072,1942,6,4,1,5,0,lucario-hariyama,Lucario Hariyama,0,0
0072,1943,3,2,0,3,0,lucario-hariyama,Lucario Hariyama,0,0
0072,1944,15,9,5,9,1,alakazam-dudunsparce,Alakazam Dudunsparce,0,0
0072,1945,27,10,16,11,0,dragapult-ex,Dragapult,0,0
0072,1946,27,11,17,10,0,dragapult-ex,Dragapult,1,0
0072,1947,5,3,0,5,0,rocket-mewtwo-ex,Rocket's Mewtwo,0,0
0072,1948,15,6,9,6,0,mega-excadrill-ex,Mega Excadrill,0,0
0072,1949,4,2,0,4,0,lucario-hariyama,Lucario Hariyama,0,0
0072,1950,27,11,17,10,0,dragapult-ex,Dragapult,0,0
0072,1951,12,9,5,6,1,dhelmise-pbl,Dhelmise,0,0
0072,1952,27,13,13,13,1,slowking-scr,Slowking,1,0
0072,1953,27,11,17,10,0,dragapult-ex,Dragapult,0,0
0072,1954,27,11,17,10,0,dragapult-ex,Dragapult,0,0
0072,1955,27,10,16,11,0,dragapult-ex,Dragapult,0,0
0072,1956,26,16,11,15,0,basic-box-m,Basic Box,1,1
0072,1957,14,8,4,10,0,n-zoroark,N's Zoroark,0,0
0072,1958,33,13,17,16,0,festival-lead,Festival Lead,0,0
0072,1959,26,10,16,10,0,dragapult-ex,Dragapult,0,0
0072,1960,26,12,17,9,0,dragapult-blaziken,Dragapult Blaziken,1,0
0072,1961,25,11,16,9,0,dragapult-blaziken,Dragapult Blaziken,0,0
0072,1962,26,10,16,10,0,dragapult-ex,Dragapult,1,0
0072,1963,18,12,7,10,1,alakazam-dudunsparce,Alakazam Dudunsparce,0,0
0072,1964,8,7,4,4,0,mega-charizard-x-ex,Mega Charizard X,0,0
0072,1965,18,10,7,10,1,dhelmise-pbl,Dhelmise,0,0
0072,1966,22,11,18,3,1,lopunny-dusknoir,Lopunny Dusknoir,0,0
0072,1967,26,11,16,10,0,dragapult-ex,Dragapult,0,0
0072,1968,12,7,0,8,4,crustle-dri,Crustle,1,0
0072,1969,30,13,19,11,0,dragapult-dusknoir,Dragapult Dusknoir,0,0
0072,1970,26,10,16,10,0,dragapult-ex,Dragapult,1,0
0072,1971,11,7,4,7,0,mega-excadrill-ex,Mega Excadrill,0,0
0072,1972,13,8,5,7,1,alakazam-dudunsparce,Alakazam Dudunsparce,0,0
0072,1973,18,9,8,10,0,sharpedo-toxtricity,Sharpedo Toxtricity,0,0
0072,1974,12,6,7,4,1,mega-chandelure-ex,Mega Chandelure,0,0
0072,1975,15,9,4,10,1,alakazam-dudunsparce,Alakazam Dudunsparce,0,0
0072,1976,14,7,5,9,0,mega-venusaur-ex,Mega Venusaur,0,0
0072,1977,27,11,17,10,0,dragapult-ex,Dragapult,0,0
0072,1978,27,11,17,10,0,dragapult-ex,Dragapult,0,0
0072,1979,26,11,17,9,0,dragapult-ex,Dragapult,0,0
0072,1980,25,12,14,11,0,dragapult-ex,Dragapult,0,0
0072,1981,11,6,4,6,1,mega-greninja-ex,Mega Greninja,0,0
0072,1982,30,13,19,11,0,dragapult-dusknoir,Dragapult Dusknoir,0,0
0072,1983,10,7,5,5,0,okidogi-barbaracle,Okidogi Barbaracle,0,0
0072,1984,7,4,0,7,0,cynthia-garchomp-ex,Cynthia's Garchomp,0,0
0072,1985,28,13,19,9,0,dragapult-dusknoir,Dragapult Dusknoir,0,0
0072,1986,16,7,3,10,3,alakazam-dudunsparce,Alakazam Dudunsparce,0,0
0072,1987,26,10,16,10,0,dragapult-ex,Dragapult,1,0
0072,1988,26,13,14,11,1,slowking-scr,Slowking,0,0
0072,1989,17,11,4,13,0,n-zoroark,N's Zoroark,0,0
0072,1990,25,10,16,9,0,dragapult-ex,Dragapult,1,0
0072,1991,17,8,7,10,0,sharpedo-toxtricity,Sharpedo Toxtricity,0,0
0072,1992,26,10,16,10,0,dragapult-ex,Dragapult,0,0
0072,1993,26,15,14,11,1,toucannon-pbl,Toucannon,0,0
0072,1994,17,10,7,9,1,alakazam-dudunsparce,Alakazam Dudunsparce,0,0
0072,1995,23,16,12,10,1,alakazam-dudunsparce,Alakazam Dudunsparce,0,0
0072,1996,20,12,11,9,0,ogerpon-meganium-hydrapple,Ogerpon Meganium Hydrapple,0,0
0072,1997,14,8,0,10,4,crustle-dri,Crustle,0,0
0072,1998,23,12,18,4,1,lopunny-dusknoir,Lopunny Dusknoir,1,0
0072,1999,34,14,20,14,0,festival-lead,Festival Lead,1,0
0072,2000,13,9,1,8,4,crustle-dri,Crustle,0,0
0072,2001,8,3,0,8,0,rockets-honchkrow,Rocket's Honchkrow,0,0
0072,2002,23,13,14,9,0,ogerpon-meganium-hydrapple,Ogerpon Meganium Hydrapple,0,0
0072,2003,28,14,14,12,2,slowking-scr,Slowking,1,0
0072,2004,28,13,14,13,1,slowking-scr,Slowking,1,0
0072,2005,26,12,17,9,0,dragapult-dusknoir,Dragapult Dusknoir,0,0
0072,2006,27,16,11,16,0,basic-box-m,Basic Box,0,0
0072,2007,25,11,16,9,0,dragapult-blaziken,Dragapult Blaziken,0,0
0072,2008,26,16,12,14,0,basic-box-m,Basic Box,0,0
0072,2009,26,11,17,9,0,dragapult-ex,Dragapult,0,0
0072,2010,10,8,3,7,0,manectric-eelektrik,Manectric Eelektrik,0,0
0072,2011,17,10,4,13,0,n-zoroark,N's Zoroark,1,0
0072,2012,11,7,0,11,0,dhelmise-pbl,Dhelmise,0,0
0072,2013,29,15,15,12,2,slowking-scr,Slowking,0,0
0072,2014,32,13,19,13,0,dragapult-dusknoir,Dragapult Dusknoir,1,0
0072,2015,31,13,20,11,0,festival-lead,Festival Lead,0,0
0072,2016,16,11,6,9,1,alakazam-dudunsparce,Alakazam Dudunsparce,0,0
0072,2017,21,11,12,9,0,ogerpon-meganium-hydrapple,Ogerpon Meganium Hydrapple,0,0
0072,2018,15,9,2,13,0,n-zoroark,N's Zoroark,0,0
0072,2019,7,4,3,3,1,dhelmise-pbl,Dhelmise,0,0
0072,2020,27,11,17,10,0,dragapult-ex,Dragapult,0,0
0072,2021,4,4,1,3,0,lucario-hariyama,Lucario Hariyama,0,0
0072,2022,27,11,17,10,0,dragapult-ex,Dragapult,0,0
0072,2023,30,13,19,11,0,dragapult-dusknoir,Dragapult Dusknoir,0,0
0072,2024,26,16,11,15,0,basic-box-m,Basic Box,1,1
0072,2025,21,13,12,9,0,ogerpon-meganium-hydrapple,Ogerpon Meganium Hydrapple,0,0
0072,2026,31,14,20,11,0,dragapult-dusknoir,Dragapult Dusknoir,0,0
0072,2027,7,3,0,7,0,rockets-honchkrow,Rocket's Honchkrow,1,0
0072,2028,16,7,9,7,0,mega-excadrill-ex,Mega Excadrill,0,0
0072,2029,19,11,5,14,0,n-zoroark,N's Zoroark,0,0
0072,2030,31,13,19,12,0,dragapult-dusknoir,Dragapult Dusknoir,0,0
0072,2031,28,15,15,12,1,slowking-scr,Slowking,0,0
0072,2032,27,11,17,10,0,dragapult-ex,Dragapult,0,0
0072,2033,24,12,9,15,0,basic-box-m,Basic Box,0,0
0072,2034,27,11,17,10,0,dragapult-ex,Dragapult,0,0
0072,2035,17,10,7,9,1,alakazam-dudunsparce,Alakazam Dudunsparce,0,0
0072,2036,26,10,16,10,0,dragapult-ex,Dragapult,0,0
0072,2037,30,14,20,10,0,dragapult-dusknoir,Dragapult Dusknoir,0,0
0072,2038,31,14,20,11,0,festival-lead,Festival Lead,0,0
0072,2039,12,8,3,9,0,ethan-typhlosion,Ethan's Typhlosion,0,0
0072,2040,15,8,6,9,0,ogerpon-meganium-arboliva,Ogerpon Meganium Arboliva,0,0
0072,2041,17,10,7,9,1,alakazam-dudunsparce,Alakazam Dudunsparce,0,0
0072,2042,27,14,14,13,0,tera-box,Tera Box,0,0
0072,2043,16,10,11,5,0,diancie-dusknoir,Diancie Dusknoir,0,0
0072,2044,19,13,6,13,0,n-zoroark,N's Zoroark,0,0
0072,2045,25,12,16,9,0,dragapult-blaziken,Dragapult Blaziken,0,0
0072,2046,26,10,16,10,0,dragapult-ex,Dragapult,1,0
0072,2047,12,6,5,7,0,dhelmise-pbl,Dhelmise,0,0
0072,2048,27,12,16,11,0,dragapult-ex,Dragapult,0,0
0072,2049,5,4,0,5,0,lucario-hariyama,Lucario Hariyama,0,0
0072,2050,20,10,11,9,0,ogerpon-meganium-hydrapple,Ogerpon Meganium Hydrapple,0,0
0072,2051,29,14,19,10,0,dragapult-dusknoir,Dragapult Dusknoir,0,0
0072,2052,17,11,5,12,0,n-zoroark,N's Zoroark,0,0
0072,2053,12,7,3,9,0,other,Other,0,0
0072,2054,15,6,6,9,0,other,Other,0,0
0072,2055,21,14,14,7,0,palafin-ex,Palafin,0,0
0072,2056,15,6,9,6,0,mega-excadrill-ex,Mega Excadrill,0,0
0072,2057,32,15,19,13,0,festival-lead,Festival Lead,0,0
0072,2058,19,11,10,8,1,starmie-froslass,Starmie Froslass,0,0
0072,2059,27,11,17,10,0,dragapult-ex,Dragapult,0,0
0072,2060,27,13,17,10,0,festival-lead,Festival Lead,1,0
0072,2061,28,14,13,13,2,slowking-scr,Slowking,0,0
0072,2062,21,9,18,2,1,lopunny-dusknoir,Lopunny Dusknoir,1,0
0072,2063,26,11,13,11,2,slowking-scr,Slowking,0,0
0072,2064,27,11,17,10,0,dragapult-ex,Dragapult,1,0
0072,2065,30,14,19,11,0,dragapult-dusknoir,Dragapult Dusknoir,1,0
0072,2066,16,10,6,9,1,alakazam-dudunsparce,Alakazam Dudunsparce,0,0
0072,2067,13,7,0,9,4,crustle-dri,Crustle,0,0
0072,2068,25,10,15,10,0,dragapult-ex,Dragapult,0,0
0072,2069,8,3,0,8,0,rockets-honchkrow,Rocket's Honchkrow,1,0
0072,2070,16,11,4,12,0,n-zoroark,N's Zoroark,0,0
0072,2071,18,10,8,10,0,beedrill-ex-cri,Beedrill,0,0
0072,2072,17,12,4,13,0,n-zoroark,N's Zoroark,0,0
0072,2073,25,11,10,14,1,alolan-exeggutor-ex,Alolan Exeggutor ex,0,0
0072,2074,25,12,12,9,4,conkeldurr-twm,Conkeldurr,0,0
0072,2075,26,12,12,12,2,slowking-scr,Slowking,1,0
0072,2076,26,12,13,12,1,slowking-scr,Slowking,0,0
0072,2077,27,11,17,10,0,dragapult-ex,Dragapult,0,0
0072,2078,13,9,4,8,1,alakazam-dudunsparce,Alakazam Dudunsparce,0,0
0072,2079,16,10,6,9,1,alakazam-dudunsparce,Alakazam Dudunsparce,0,0
0072,2080,26,16,11,15,0,basic-box-m,Basic Box,0,0
0072,2081,26,11,17,9,0,dragapult-ex,Dragapult,1,0
0072,2082,25,10,15,10,0,dragapult-ex,Dragapult,1,0
0072,2083,26,10,16,10,0,dragapult-ex,Dragapult,0,0
0072,2084,17,11,6,10,1,alakazam-dudunsparce,Alakazam Dudunsparce,1,0
0072,2085,17,9,11,6,0,grimmsnarl-froslass,Grimmsnarl Froslass,0,0
0072,2086,9,4,0,9,0,rockets-honchkrow,Rocket's Honchkrow,0,0
0072,2087,26,12,17,9,0,dragapult-blaziken,Dragapult Blaziken,0,0
0072,2088,16,10,3,13,0,n-zoroark,N's Zoroark,0,0
0072,2089,12,6,5,7,0,mega-excadrill-ex,Mega Excadrill,0,0
0072,2090,15,7,6,8,1,starmie-froslass,Starmie Froslass,0,0
0072,2091,10,5,2,4,4,hops-trevenant,Hop's Trevenant,0,0
0072,2092,17,10,2,15,0,n-zoroark,N's Zoroark,0,0
0072,2093,8,5,2,5,1,dhelmise-pbl,Dhelmise,0,0
0072,2094,17,8,8,9,0,sharpedo-toxtricity,Sharpedo Toxtricity,1,0
0072,2095,26,11,16,10,0,dragapult-ex,Dragapult,0,0
0072,2096,13,9,3,9,1,alakazam-dudunsparce,Alakazam Dudunsparce,0,0
0072,2097,27,11,12,13,2,slowking-scr,Slowking,0,0
0072,2098,14,7,5,9,0,ogerpon-meganium,Ogerpon Meganium,0,0
0072,2099,29,13,17,12,0,dragapult-ex,Dragapult,0,0
0072,2100,27,11,17,10,0,dragapult-ex,Dragapult,0,0
0072,2101,31,14,20,11,0,dragapult-dusknoir,Dragapult Dusknoir,0,0
0072,2102,15,7,9,6,0,mega-excadrill-ex,Mega Excadrill,0,0
0072,2103,17,9,9,8,0,ethan-typhlosion,Ethan's Typhlosion,0,0
0072,2104,26,13,17,8,1,dragapult-ex,Dragapult,0,0
0072,2105,27,16,11,16,0,basic-box-m,Basic Box,1,0
0072,2106,9,5,5,3,1,okidogi-barbaracle,Okidogi Barbaracle,0,0
0072,2107,15,6,8,7,0,mega-excadrill-ex,Mega Excadrill,1,0
0072,2108,29,14,19,10,0,dragapult-dusknoir,Dragapult Dusknoir,1,0
0072,2109,7,3,0,7,0,rockets-honchkrow,Rocket's Honchkrow,1,0
0072,2110,12,7,6,5,1,mega-chandelure-ex,Mega Chandelure,0,0
0072,2111,14,7,0,10,4,crustle-dri,Crustle,1,0
0072,2112,26,10,16,10,0,dragapult-ex,Dragapult,1,0
0072,2113,14,8,0,10,4,crustle-dri,Crustle,0,0
0072,2114,27,13,14,11,2,slowking-scr,Slowking,0,0
0072,2115,24,12,16,8,0,dragapult-blaziken,Dragapult Blaziken,1,0
0072,2116,25,16,11,14,0,basic-box-m,Basic Box,1,0
0072,2117,30,13,20,10,0,dragapult-dusknoir,Dragapult Dusknoir,0,0
0072,2118,13,7,0,9,4,crustle-dri,Crustle,1,0
0072,2119,26,11,17,9,0,dragapult-ex,Dragapult,0,0
0072,2120,27,11,17,10,0,dragapult-ex,Dragapult,1,0
0072,2121,15,10,5,9,1,alakazam-dudunsparce,Alakazam Dudunsparce,1,0
0072,2122,27,11,17,10,0,dragapult-ex,Dragapult,0,0
0072,2123,30,13,19,11,0,dragapult-dusknoir,Dragapult Dusknoir,0,0
0072,2124,4,3,1,3,0,lucario-hariyama,Lucario Hariyama,0,0
0072,2125,31,13,21,9,1,dragapult-dusknoir,Dragapult Dusknoir,0,0
0072,2126,27,13,17,10,0,dragapult-blaziken,Dragapult Blaziken,0,0
0072,2127,23,14,10,13,0,basic-box-m,Basic Box,0,0
0072,2128,16,11,5,11,0,n-zoroark,N's Zoroark,0,0
0072,2129,14,8,4,9,1,alakazam-dudunsparce,Alakazam Dudunsparce,0,0
0072,2130,12,9,7,5,0,toxtricity-box,Toxtricity Box,0,0
0072,2131,27,11,17,10,0,dragapult-ex,Dragapult,1,0
0072,2132,28,14,17,11,0,dragapult-blaziken,Dragapult Blaziken,0,0
0072,2133,13,12,2,10,1,n-zoroark,N's Zoroark,0,0
0072,2134,12,8,5,6,1,mega-chandelure-ex,Mega Chandelure,0,0
0072,2135,30,13,18,12,0,dragapult-ex,Dragapult,0,0
0072,2136,33,14,18,15,0,festival-lead,Festival Lead,1,0
0072,2137,26,16,10,16,0,basic-box-m,Basic Box,0,0
0072,2138,17,10,2,15,0,n-zoroark,N's Zoroark,0,0
0072,2139,14,7,9,5,0,mega-excadrill-ex,Mega Excadrill,0,0
0072,2140,11,5,5,6,0,mega-excadrill-ex,Mega Excadrill,0,0
0072,2141,14,10,4,10,0,n-zoroark,N's Zoroark,0,0
0072,2142,20,14,12,8,0,basic-box-m,Basic Box,0,0
0072,2143,27,11,17,10,0,dragapult-dudunsparce,Dragapult Dudunsparce,0,0
0072,2144,25,11,16,9,0,dragapult-blaziken,Dragapult Blaziken,1,0
0072,2145,30,13,19,11,0,dragapult-dusknoir,Dragapult Dusknoir,0,0
0072,2146,27,11,17,10,0,dragapult-ex,Dragapult,0,0
0072,2147,25,12,12,12,1,slowking-scr,Slowking,0,0
0072,2148,17,8,8,9,0,sharpedo-toxtricity,Sharpedo Toxtricity,0,0
0072,2149,27,12,13,12,2,slowking-scr,Slowking,0,0
0072,2150,29,11,22,6,1,dragapult-dusknoir,Dragapult Dusknoir,1,0
0072,2151,27,11,17,10,0,dragapult-ex,Dragapult,0,0
0072,2152,26,11,17,9,0,dragapult-ex,Dragapult,0,0
0072,2153,17,11,5,11,1,alakazam-dudunsparce,Alakazam Dudunsparce,0,0
0072,2154,26,10,16,10,0,dragapult-ex,Dragapult,0,0
0072,2155,30,12,15,11,4,seaking-pre,Seaking Festival Lead,0,0
0072,2156,27,11,17,10,0,dragapult-ex,Dragapult,0,0
0072,2157,30,14,20,10,0,dragapult-dusknoir,Dragapult Dusknoir,0,0
0072,2158,26,10,16,10,0,dragapult-ex,Dragapult,0,0
0072,2159,14,5,9,5,0,mega-excadrill-ex,Mega Excadrill,0,0
0072,2160,27,11,17,10,0,dragapult-ex,Dragapult,1,0
0072,2161,12,6,7,4,1,mega-chandelure-ex,Mega Chandelure,1,0
0072,2162,18,9,5,13,0,ceruledge-ex,Ceruledge,0,0
0072,2163,17,10,4,13,0,n-zoroark,N's Zoroark,1,0
0072,2164,29,14,19,10,0,dragapult-dusknoir,Dragapult Dusknoir,0,0
0072,2165,17,8,8,9,0,sharpedo-toxtricity,Sharpedo Toxtricity,0,0
0072,2166,17,11,4,13,0,n-zoroark,N's Zoroark,0,0
0072,2167,16,11,5,11,0,n-zoroark,N's Zoroark,0,0
0072,2168,19,8,14,5,0,starmie-dusknoir,Starmie Dusknoir,1,0
0072,2169,12,8,3,9,0,ethan-typhlosion,Ethan's Typhlosion,0,0
0072,2170,26,12,17,9,0,dragapult-blaziken,Dragapult Blaziken,1,0
0072,2171,18,12,5,13,0,n-zoroark,N's Zoroark,0,0
0072,2172,28,13,13,13,2,slowking-scr,Slowking,0,0
0072,2173,16,11,5,11,0,n-zoroark,N's Zoroark,0,0
0072,2174,20,11,12,8,0,ogerpon-meganium-hydrapple,Ogerpon Meganium Hydrapple,0,0
0072,2175,9,4,0,9,0,rocket-mewtwo-ex,Rocket's Mewtwo,0,0
0072,2176,16,11,5,11,0,n-zoroark,N's Zoroark,0,0
0072,2177,28,13,18,10,0,dragapult-dusknoir,Dragapult Dusknoir,0,0
0072,2178,30,13,19,11,0,dragapult-dusknoir,Dragapult Dusknoir,0,0
0072,2179,8,7,0,8,0,rocket-spidops,Rocket's Spidops,0,0
0072,2180,17,11,7,9,1,alakazam-dudunsparce,Alakazam Dudunsparce,0,0
0072,2181,17,7,8,9,0,mega-excadrill-ex,Mega Excadrill,1,0
0072,2182,15,9,5,9,1,alakazam-dudunsparce,Alakazam Dudunsparce,1,0
0072,2183,13,4,8,5,0,mega-excadrill-ex,Mega Excadrill,0,0
0072,2184,27,11,17,10,0,dragapult-ex,Dragapult,0,0
0072,2185,20,11,12,8,0,ogerpon-meganium-hydrapple,Ogerpon Meganium Hydrapple,0,0
0072,2186,26,10,16,10,0,dragapult-ex,Dragapult,1,0
0072,2187,4,3,0,4,0,lucario-hariyama,Lucario Hariyama,0,0
0072,2188,14,9,8,5,1,alakazam-dudunsparce,Alakazam Dudunsparce,0,0
0072,2189,16,11,5,11,0,n-zoroark,N's Zoroark,0,0
0072,2190,17,9,9,8,0,mega-greninja-ex,Mega Greninja,0,0
0072,2191,29,13,17,12,0,dragapult-dusknoir,Dragapult Dusknoir,0,0
0072,2192,27,11,17,10,0,dragapult-ex,Dragapult,0,0
0072,2193,30,13,19,11,0,dragapult-dusknoir,Dragapult Dusknoir,0,0
0072,2194,16,8,7,9,0,sharpedo-toxtricity,Sharpedo Toxtricity,0,0
0072,2195,30,14,20,10,0,dragapult-dusknoir,Dragapult Dusknoir,1,0
0072,2196,9,6,5,4,0,metagross-cri,Metagross,0,0
0072,2197,26,13,17,9,0,dragapult-blaziken,Dragapult Blaziken,0,0
0072,2198,27,11,17,10,0,dragapult-ex,Dragapult,1,0
0072,2199,26,10,16,10,0,dragapult-ex,Dragapult,1,0
0072,2200,19,9,13,6,0,alakazam-dusknoir,Alakazam Dusknoir,1,0
0072,2201,21,14,8,13,0,greninja-ex,Greninja,0,0
0072,2202,31,14,21,10,0,dragapult-dusknoir,Dragapult Dusknoir,0,0
0072,2203,25,11,16,9,0,dragapult-blaziken,Dragapult Blaziken,0,0
0072,2204,27,11,17,10,0,dragapult-ex,Dragapult,0,0
0072,2205,27,11,17,10,0,dragapult-ex,Dragapult,0,0
0072,2206,21,12,7,14,0,n-zoroark,N's Zoroark,0,0
0072,2207,29,15,12,13,4,slowking-scr,Slowking,0,0
0072,2208,27,16,11,16,0,basic-box-m,Basic Box,0,0
0072,2209,17,11,5,12,0,n-zoroark,N's Zoroark,0,0
0072,2210,31,13,19,12,0,dragapult-dusknoir,Dragapult Dusknoir,0,0
0072,2211,12,9,7,5,0,toxtricity-box,Toxtricity Box,0,0
0072,2212,8,4,2,5,1,dhelmise-pbl,Dhelmise,0,0
0072,2213,27,11,17,10,0,dragapult-ex,Dragapult,0,0
0072,2214,25,14,11,14,0,basic-box-m,Basic Box,0,0
0072,2215,17,10,7,9,1,starmie-froslass,Starmie Froslass,0,0
0072,2216,22,15,12,10,0,basic-box-m,Basic Box,1,0
0072,2217,6,5,1,5,0,lucario-hariyama,Lucario Hariyama,0,0
0072,2218,13,6,8,5,0,mega-excadrill-ex,Mega Excadrill,0,0
0072,2219,27,11,17,10,0,dragapult-ex,Dragapult,0,0
0072,2220,16,10,4,12,0,n-zoroark,N's Zoroark,0,0
0072,2221,24,14,9,15,0,lillie-clefairy,Lillie's Clefairy,0,0
0072,2222,12,6,5,7,0,mega-excadrill-ex,Mega Excadrill,0,0
0072,2223,27,11,17,10,0,dragapult-ex,Dragapult,0,0
0072,2224,13,7,0,9,4,crustle-dri,Crustle,1,0
0072,2225,6,3,1,5,0,dhelmise-pbl,Dhelmise,1,0
0072,2226,20,11,12,8,0,ogerpon-meganium-hydrapple,Ogerpon Meganium Hydrapple,0,0
0072,2227,14,9,8,5,1,alakazam-dudunsparce,Alakazam Dudunsparce,0,0
0072,2228,5,4,0,5,0,lucario-hariyama,Lucario Hariyama,0,0
0072,2229,17,11,4,12,1,alakazam-dudunsparce,Alakazam Dudunsparce,0,0
0072,2230,32,14,17,11,4,seaking-pre,Seaking Festival Lead,0,0
0072,2231,25,15,9,16,0,basic-box-m,Basic Box,1,0
0072,2232,23,11,12,9,2,dragapult-ex,Dragapult,0,0
0072,2233,19,11,5,14,0,n-zoroark,N's Zoroark,0,0
0072,2234,11,5,1,9,1,dhelmise-pbl,Dhelmise,1,0
0072,2235,29,15,19,10,0,dragapult-dusknoir,Dragapult Dusknoir,0,0
0072,2236,6,3,0,6,0,rockets-honchkrow,Rocket's Honchkrow,0,0
0072,2237,28,15,15,13,0,slowking-scr,Slowking,0,0
0072,2238,27,11,17,10,0,dragapult-ex,Dragapult,1,0
0072,2239,26,12,15,11,0,dragapult-ex,Dragapult,0,0
0072,2240,14,8,0,10,4,crustle-dri,Crustle,0,0
0072,2241,28,13,18,10,0,dragapult-dusknoir,Dragapult Dusknoir,0,0
0072,2242,19,9,13,6,0,alakazam-dusknoir,Alakazam Dusknoir,1,0
0072,2243,26,11,17,9,0,dragapult-ex,Dragapult,1,0
0072,2244,25,11,16,9,0,dragapult-blaziken,Dragapult Blaziken,0,0
0072,2245,26,12,17,9,0,dragapult-blaziken,Dragapult Blaziken,0,0
0072,2246,11,5,5,6,0,mega-lucario-ex,Mega Lucario,0,0
0072,2247,26,12,16,10,0,dragapult-ex,Dragapult,1,0
0072,2248,19,12,5,14,0,n-zoroark,N's Zoroark,1,0
0072,2249,12,7,2,6,4,hops-trevenant,Hop's Trevenant,0,0
0072,2251,18,9,8,10,0,sharpedo-toxtricity,Sharpedo Toxtricity,0,0
0072,2252,16,11,5,11,0,n-zoroark,N's Zoroark,0,0
0072,2253,12,6,0,8,4,crustle-dri,Crustle,1,0
0072,2254,6,4,1,3,2,hop-zacian,Hop's Zacian,0,0
0072,2255,7,4,0,7,0,rockets-honchkrow,Rocket's Honchkrow,0,0
0072,2256,19,9,13,6,0,alakazam-dusknoir,Alakazam Dusknoir,0,0
0072,2257,13,7,9,4,0,mega-excadrill-ex,Mega Excadrill,0,0
0072,2258,20,13,8,11,1,alakazam-dudunsparce,Alakazam Dudunsparce,0,0
0072,2259,27,13,17,10,0,dragapult-blaziken,Dragapult Blaziken,0,0
0072,2260,26,11,16,10,0,dragapult-ex,Dragapult,0,0
0072,2261,12,5,5,7,0,mega-lucario-ex,Mega Lucario,0,0
0072,2262,13,7,0,9,4,crustle-dri,Crustle,1,0
0072,2263,19,9,12,7,0,palafin-ex,Palafin,0,0
0072,2264,25,16,11,14,0,basic-box-m,Basic Box,0,0
0072,2265,15,10,5,9,1,alakazam-dudunsparce,Alakazam Dudunsparce,0,0
0072,2266,13,7,6,7,0,mega-excadrill-ex,Mega Excadrill,0,0
0072,2267,21,13,14,7,0,ogerpon-meganium-hydrapple,Ogerpon Meganium Hydrapple,0,0
0072,2268,26,11,16,10,0,dragapult-ex,Dragapult,0,0
0072,2269,13,8,1,8,4,crustle-dri,Crustle,1,0
0072,2270,27,13,17,10,0,dragapult-blaziken,Dragapult Blaziken,0,0
0072,2271,16,10,7,8,1,alakazam-dudunsparce,Alakazam Dudunsparce,0,0
0072,2272,25,10,16,9,0,dragapult-ex,Dragapult,0,0
0072,2273,12,8,5,7,0,ursaluna-lunatone,Ursaluna Lunatone,0,0
0072,2274,3,2,0,3,0,lucario-hariyama,Lucario Hariyama,1,0
0072,2275,14,5,7,7,0,mega-excadrill-ex,Mega Excadrill,0,0
0072,2276,16,7,9,7,0,mega-excadrill-ex,Mega Excadrill,0,0
0072,2277,17,10,7,9,1,alakazam-dudunsparce,Alakazam Dudunsparce,0,0
0072,2278,26,11,17,9,0,dragapult-ex,Dragapult,0,0
0072,2279,9,5,5,4,0,dhelmise-pbl,Dhelmise,0,0
0072,2280,30,12,15,11,4,seaking-pre,Seaking Festival Lead,1,0
0072,2281,15,7,8,7,0,grimmsnarl-froslass,Grimmsnarl Froslass,0,0
0072,2282,17,12,4,13,0,n-zoroark,N's Zoroark,0,0
0072,2283,8,6,2,6,0,mega-lucario-ex,Mega Lucario,0,0
0072,2284,32,15,19,13,0,festival-lead,Festival Lead,0,0
0072,2285,27,11,17,10,0,dragapult-ex,Dragapult,0,0
0072,2286,23,15,12,11,0,joltik-box,Joltik Box,0,0
0072,2287,26,13,17,9,0,dragapult-blaziken,Dragapult Blaziken,0,0
0072,2288,19,13,7,11,1,alakazam-dudunsparce,Alakazam Dudunsparce,0,0
0072,2289,27,13,17,10,0,dragapult-dusknoir,Dragapult Dusknoir,0,0
0072,2290,28,13,17,11,0,dragapult-blaziken,Dragapult Blaziken,0,0
0072,2291,26,12,17,9,0,dragapult-blaziken,Dragapult Blaziken,0,0
0072,2292,11,5,6,5,0,mega-venusaur-ex,Mega Venusaur,0,0
0072,2293,26,11,16,10,0,dragapult-ex,Dragapult,0,0
0072,2294,27,13,17,10,0,dragapult-blaziken,Dragapult Blaziken,0,0
0072,2295,30,14,16,14,0,festival-lead,Festival Lead,0,0
0072,2296,26,11,17,9,0,dragapult-ex,Dragapult,0,0
0072,2297,11,5,5,6,0,mega-excadrill-ex,Mega Excadrill,0,0
0072,2298,4,3,1,3,0,lucario-hariyama,Lucario Hariyama,0,0
0072,2299,13,7,0,9,4,crustle-dri,Crustle,0,0
0072,2300,27,11,17,10,0,dragapult-ex,Dragapult,0,0
0072,2301,16,11,5,11,0,n-zoroark,N's Zoroark,0,0
0072,2302,27,11,17,10,0,dragapult-ex,Dragapult,0,0
0072,2303,3,2,0,3,0,rocket-mewtwo-ex,Rocket's Mewtwo,1,0
0072,2304,25,10,16,9,0,dragapult-ex,Dragapult,0,0
0072,2305,26,17,11,15,0,basic-box-m,Basic Box,0,0
0072,2306,27,13,17,10,0,dragapult-blaziken,Dragapult Blaziken,0,0
0072,2307,31,13,19,12,0,dragapult-dusknoir,Dragapult Dusknoir,0,0
0072,2308,11,5,1,10,0,dhelmise-pbl,Dhelmise,0,0
0072,2309,7,3,0,7,0,rocket-mewtwo-ex,Rocket's Mewtwo,0,0
0072,2310,5,3,0,5,0,lucario-hariyama,Lucario Hariyama,0,0
0072,2311,27,13,17,10,0,dragapult-blaziken,Dragapult Blaziken,0,0
0072,2312,30,13,19,11,0,dragapult-dusknoir,Dragapult Dusknoir,0,0
0072,2313,22,13,14,8,0,ogerpon-meganium-hydrapple,Ogerpon Meganium Hydrapple,0,0
0072,2314,26,10,16,10,0,dragapult-ex,Dragapult,1,0
0072,2315,27,11,17,10,0,dragapult-ex,Dragapult,1,0
0072,2316,20,10,7,9,4,kangaskhan-bouffalant,Kangaskhan Bouffalant,0,0
0072,2317,16,10,5,11,0,n-zoroark,N's Zoroark,0,0
0072,2318,26,10,16,10,0,dragapult-ex,Dragapult,0,0
0072,2319,25,12,16,9,0,dragapult-blaziken,Dragapult Blaziken,0,0
0072,2320,14,9,4,9,1,alakazam-dudunsparce,Alakazam Dudunsparce,0,0
0072,2321,16,7,6,10,0,beedrill-ex-cri,Beedrill,0,0
0072,2322,26,16,11,15,0,basic-box-m,Basic Box,0,0
0072,2323,17,8,8,9,0,sharpedo-toxtricity,Sharpedo Toxtricity,0,0
0072,2324,40,17,21,19,0,festival-lead,Festival Lead,0,0
0072,2325,27,11,17,10,0,dragapult-ex,Dragapult,0,0
0072,2326,15,11,3,11,1,alakazam-dudunsparce,Alakazam Dudunsparce,0,0
0072,2327,11,5,5,6,0,mega-excadrill-ex,Mega Excadrill,0,0
0072,2328,27,11,17,10,0,dragapult-ex,Dragapult,1,0
0072,2329,19,15,8,10,1,alakazam-dudunsparce,Alakazam Dudunsparce,0,0
0072,2330,25,12,12,12,1,slowking-scr,Slowking,0,0
0072,2331,26,10,16,10,0,dragapult-ex,Dragapult,1,0
0072,2332,27,11,17,10,0,dragapult-ex,Dragapult,0,0
0072,2333,13,8,5,8,0,other,Other,0,0
0072,2334,28,12,17,11,0,dragapult-ex,Dragapult,0,0
0072,2335,30,15,16,14,0,festival-lead,Festival Lead,1,0
0072,2336,28,12,17,11,0,dragapult-ex,Dragapult,0,0
0072,2337,13,6,8,5,0,mega-excadrill-ex,Mega Excadrill,0,0
0072,2338,11,5,0,7,4,crustle-dri,Crustle,0,0
0072,2339,27,13,17,10,0,dragapult-blaziken,Dragapult Blaziken,0,0
0072,2340,14,9,6,7,1,mega-chandelure-ex,Mega Chandelure,0,0
0072,2341,15,6,8,7,0,mega-excadrill-ex,Mega Excadrill,0,0
0072,2342,29,14,16,12,1,slowking-scr,Slowking,0,0
0072,2343,18,12,7,11,0,greninja-ex,Greninja,0,0
0072,2344,28,11,16,12,0,dragapult-ex,Dragapult,0,0
0072,2345,29,17,17,12,0,tera-box,Tera Box,0,0
0072,2346,28,13,13,13,2,slowking-scr,Slowking,1,0
0072,2347,27,13,17,10,0,dragapult-blaziken,Dragapult Blaziken,0,0
0072,2348,14,8,0,10,4,crustle-dri,Crustle,0,0
0072,2349,7,3,0,7,0,lucario-hariyama,Lucario Hariyama,0,0
0072,2350,24,14,9,15,0,lillie-clefairy,Lillie's Clefairy,0,0
0072,2351,16,12,4,12,0,n-zoroark,N's Zoroark,0,0
0072,2352,17,12,5,11,1,alakazam-dudunsparce,Alakazam Dudunsparce,1,0
0072,2353,26,10,16,10,0,dragapult-ex,Dragapult,0,0
0072,2354,26,12,17,9,0,dragapult-blaziken,Dragapult Blaziken,1,0
0072,2355,16,12,5,10,1,alakazam-dudunsparce,Alakazam Dudunsparce,1,0
0072,2356,7,3,0,6,1,cynthia-garchomp-ex,Cynthia's Garchomp,0,0
0072,2357,26,17,11,15,0,basic-box-m,Basic Box,1,0
0072,2358,17,10,4,13,0,n-zoroark,N's Zoroark,1,0
0072,2359,15,10,4,11,0,n-zoroark,N's Zoroark,0,0
0072,2360,26,13,17,9,0,dragapult-blaziken,Dragapult Blaziken,0,0
0072,2361,5,3,0,5,0,lucario-hariyama,Lucario Hariyama,0,0
0072,2362,19,8,13,6,0,alakazam-dusknoir,Alakazam Dusknoir,1,0
0072,2363,33,15,18,15,0,festival-lead,Festival Lead,0,0
0072,2364,28,13,14,12,2,slowking-scr,Slowking,0,0
0072,2365,10,5,1,9,0,dhelmise-pbl,Dhelmise,1,0
0072,2366,27,11,17,10,0,dragapult-ex,Dragapult,0,0
0072,2367,25,10,15,10,0,dragapult-ex,Dragapult,0,0
0072,2368,14,6,9,5,0,grimmsnarl-froslass,Grimmsnarl Froslass,0,0
0072,2369,14,5,8,6,0,mega-excadrill-ex,Mega Excadrill,0,0
0072,2370,26,10,16,10,0,dragapult-ex,Dragapult,1,0
0072,2371,30,14,19,11,0,dragapult-dusknoir,Dragapult Dusknoir,0,0
0072,2372,28,14,17,11,0,dragapult-blaziken,Dragapult Blaziken,0,0
0072,2373,30,13,19,11,0,dragapult-dusknoir,Dragapult Dusknoir,1,0
0072,2374,9,5,4,5,0,mega-excadrill-ex,Mega Excadrill,0,0
0072,2375,17,11,4,13,0,n-zoroark,N's Zoroark,0,0
0072,2376,27,11,17,10,0,dragapult-ex,Dragapult,0,0
0072,2377,14,7,7,7,0,mega-venusaur-ex,Mega Venusaur,0,0
0072,2378,16,12,3,13,0,n-zoroark,N's Zoroark,0,0
0072,2379,10,7,4,6,0,yanmega-ex,Yanmega,0,0
0072,2380,31,13,19,12,0,dragapult-dusknoir,Dragapult Dusknoir,1,0
0072,2381,7,4,0,7,0,other,Other,0,0
0072,2382,26,12,16,10,0,dragapult-blaziken,Dragapult Blaziken,0,0
0072,2383,8,4,2,5,1,dhelmise-pbl,Dhelmise,0,0
0072,2384,23,15,13,10,0,basic-box-m,Basic Box,1,0
0072,2385,12,6,0,8,4,crustle-dri,Crustle,1,0
0072,2386,13,7,0,9,4,crustle-dri,Crustle,0,0
0072,2387,18,11,7,10,1,other,Other,0,0
0072,2388,17,8,7,6,4,lopunny-dudunsparce,Lopunny Dudunsparce,0,0
0072,2389,17,10,7,9,1,alakazam-dudunsparce,Alakazam Dudunsparce,0,0
0072,2390,31,14,20,11,0,dragapult-dusknoir,Dragapult Dusknoir,0,0
0072,2391,17,10,10,6,1,mega-greninja-ex,Mega Greninja,0,0
0072,2392,22,11,6,12,4,kangaskhan-bouffalant,Kangaskhan Bouffalant,0,0
0072,2393,17,10,7,9,1,alakazam-dudunsparce,Alakazam Dudunsparce,0,0
0072,2394,29,13,15,14,0,festival-lead,Festival Lead,0,0
0072,2395,27,13,13,13,1,slowking-scr,Slowking,1,0
0072,2396,16,10,4,12,0,n-zoroark,N's Zoroark,1,0
0072,2397,28,12,17,11,0,dragapult-ex,Dragapult,1,0
0072,2398,10,4,0,10,0,rockets-honchkrow,Rocket's Honchkrow,0,0
0072,2399,28,14,14,14,0,slowking-scr,Slowking,0,0
0072,2400,13,9,4,8,1,alakazam-dudunsparce,Alakazam Dudunsparce,0,0
0072,2401,27,11,17,10,0,dragapult-ex,Dragapult,1,0
0072,2402,8,5,3,5,0,dhelmise-pbl,Dhelmise,0,0
0072,2403,25,11,16,9,0,dragapult-blaziken,Dragapult Blaziken,0,0
0072,2404,16,7,9,7,0,mega-excadrill-ex,Mega Excadrill,0,0
0072,2405,24,16,11,13,0,basic-box-m,Basic Box,0,0
0072,2406,25,11,15,10,0,dragapult-ex,Dragapult,0,0
0072,2407,26,10,16,10,0,dragapult-ex,Dragapult,0,0
0072,2408,17,10,5,12,0,n-zoroark,N's Zoroark,0,0
0072,2409,26,11,12,12,2,slowking-scr,Slowking,0,0
0072,2410,10,6,1,9,0,doublade-por,Doublade,0,0
0072,2411,26,11,17,9,0,dragapult-blaziken,Dragapult Blaziken,0,0
0072,2412,17,8,5,9,3,starmie-dusknoir,Starmie Dusknoir,1,0
0072,2413,13,7,0,9,4,crustle-dri,Crustle,0,0
0072,2414,26,15,10,16,0,basic-box-m,Basic Box,0,0
0072,2415,26,10,16,10,0,dragapult-ex,Dragapult,1,0
0072,2416,11,8,6,5,0,ursaluna-lunatone,Ursaluna Lunatone,0,0
0072,2417,26,13,17,9,0,dragapult-blaziken,Dragapult Blaziken,0,0
0072,2418,28,13,13,13,2,slowking-scr,Slowking,0,0
0072,2419,22,12,12,10,0,ogerpon-meganium-hydrapple,Ogerpon Meganium Hydrapple,0,0
0072,2420,12,6,5,7,0,mega-excadrill-ex,Mega Excadrill,0,0
0072,2421,15,9,4,11,0,ethan-typhlosion,Ethan's Typhlosion,0,0
0072,2422,27,11,17,10,0,dragapult-ex,Dragapult,0,0
0072,2423,17,10,7,9,1,alakazam-dudunsparce,Alakazam Dudunsparce,0,0
0072,2424,27,11,17,10,0,dragapult-ex,Dragapult,0,0
0072,2425,21,12,13,8,0,ogerpon-meganium-hydrapple,Ogerpon Meganium Hydrapple,0,0
0072,2426,22,12,18,3,1,lopunny-dusknoir,Lopunny Dusknoir,0,0
0072,2427,27,11,17,10,0,dragapult-ex,Dragapult,1,0
0072,2428,27,15,12,15,0,raging-bolt-ogerpon,Raging Bolt Ogerpon,0,0
0072,2429,26,11,16,10,0,dragapult-ex,Dragapult,1,0
0072,2430,30,14,20,10,0,dragapult-dusknoir,Dragapult Dusknoir,0,0
0072,2431,14,8,0,10,4,crustle-dri,Crustle,0,0
0072,2432,16,6,9,7,0,mega-excadrill-ex,Mega Excadrill,1,0
0072,2433,4,2,0,4,0,lucario-hariyama,Lucario Hariyama,1,0
0072,2434,27,11,17,10,0,dragapult-ex,Dragapult,1,0
0072,2435,34,15,20,14,0,festival-lead,Festival Lead,0,0
0072,2436,31,14,20,11,0,dragapult-dusknoir,Dragapult Dusknoir,0,0
0072,2437,26,13,17,9,0,dragapult-blaziken,Dragapult Blaziken,1,0
0072,2438,28,11,13,12,3,slowking-scr,Slowking,0,0
0072,2439,31,13,19,12,0,dragapult-dusknoir,Dragapult Dusknoir,1,0
0072,2440,9,4,0,9,0,rockets-honchkrow,Rocket's Honchkrow,0,0
0072,2441,10,4,4,6,0,mega-excadrill-ex,Mega Excadrill,0,0
0072,2442,27,11,17,10,0,dragapult-ex,Dragapult,0,0
0072,2443,10,7,4,5,1,dhelmise-pbl,Dhelmise,0,0
0072,2444,27,11,16,11,0,dragapult-ex,Dragapult,0,0
0072,2445,27,17,11,16,0,basic-box-m,Basic Box,0,0
0072,2446,14,6,7,2,5,lopunny-dudunsparce,Lopunny Dudunsparce,1,0
0072,2447,4,2,0,4,0,lucario-hariyama,Lucario Hariyama,0,0
0072,2448,31,13,19,12,0,festival-lead,Festival Lead,0,0
0072,2449,12,6,0,9,3,other,Other,0,0
0072,2450,32,13,21,11,0,dragapult-dusknoir,Dragapult Dusknoir,1,0
0072,2451,27,11,17,10,0,dragapult-ex,Dragapult,0,0
0072,2452,16,9,7,9,0,other,Other,0,0
0072,2453,28,12,12,14,2,slowking-scr,Slowking,0,0
0072,2454,19,12,4,15,0,n-zoroark,N's Zoroark,1,0
0072,2455,26,11,17,9,0,dragapult-ex,Dragapult,1,0
0072,2456,13,6,0,9,4,crustle-dri,Crustle,0,0
0072,2457,14,5,9,5,0,mega-excadrill-ex,Mega Excadrill,1,0
0072,2458,28,13,13,12,3,slowking-scr,Slowking,0,0
0072,2459,26,16,11,15,0,basic-box-m,Basic Box,0,0
0072,2460,27,16,11,16,0,basic-box-m,Basic Box,0,0
0072,2461,17,11,7,10,0,ethan-typhlosion,Ethan's Typhlosion,0,0
0072,2462,24,10,14,10,0,bronzong-tef,Bronzong,0,0
0072,2463,21,11,8,10,3,toucannon-pbl,Toucannon,0,0
0072,2464,17,8,6,6,5,lopunny-dudunsparce,Lopunny Dudunsparce,0,0
0072,2465,27,12,17,10,0,dragapult-ex,Dragapult,0,0
0072,2466,11,5,4,7,0,cynthia-garchomp-ex,Cynthia's Garchomp,0,0
0072,2467,5,4,1,4,0,rockets-honchkrow,Rocket's Honchkrow,0,0
0072,2468,14,7,7,7,0,mega-venusaur-ex,Mega Venusaur,0,0
0072,2469,5,2,0,5,0,cynthia-garchomp-ex,Cynthia's Garchomp,0,0
0072,2470,10,6,4,5,1,dhelmise-pbl,Dhelmise,1,0
0072,2471,18,9,8,9,1,sharpedo-toxtricity,Sharpedo Toxtricity,0,0
0072,2472,15,8,6,9,0,sharpedo-toxtricity,Sharpedo Toxtricity,0,0
0072,2473,26,10,16,10,0,dragapult-ex,Dragapult,0,0
0072,2474,20,11,10,9,1,starmie-froslass,Starmie Froslass,0,0
0072,2475,16,11,5,11,0,n-zoroark,N's Zoroark,0,0
0072,2476,14,6,8,6,0,mega-excadrill-ex,Mega Excadrill,0,0
0072,2477,11,5,4,5,2,mega-venusaur-ex,Mega Venusaur,0,0
0072,2478,25,11,16,9,0,dragapult-blaziken,Dragapult Blaziken,0,0
0072,2479,24,11,15,9,0,dragapult-blaziken,Dragapult Blaziken,0,0
0072,2480,4,3,1,3,0,lucario-hariyama,Lucario Hariyama,0,0
0072,2481,14,9,5,8,1,alakazam-dudunsparce,Alakazam Dudunsparce,0,0
0072,2482,29,14,14,15,0,festival-lead,Festival Lead,0,0
0072,2483,18,11,5,13,0,n-zoroark,N's Zoroark,0,0
0072,2484,16,10,4,12,0,n-zoroark,N's Zoroark,1,0
0072,2485,24,15,10,14,0,basic-box-m,Basic Box,0,0
0072,2486,17,11,4,13,0,n-zoroark,N's Zoroark,0,0
0072,2487,13,7,0,9,4,crustle-dri,Crustle,0,0
0072,2488,3,3,0,3,0,mega-lucario-ex,Mega Lucario,0,0
0072,2489,17,11,6,10,1,alakazam-dudunsparce,Alakazam Dudunsparce,1,0
0072,2490,31,13,20,11,0,dragapult-dusknoir,Dragapult Dusknoir,0,0
0072,2491,27,11,17,10,0,dragapult-ex,Dragapult,0,0
0072,2492,32,15,21,11,0,dragapult-dusknoir,Dragapult Dusknoir,0,0
0072,2493,14,5,9,5,0,mega-excadrill-ex,Mega Excadrill,0,0
0072,2494,27,11,17,10,0,dragapult-ex,Dragapult,1,0
0072,2495,28,12,17,11,0,dragapult-ex,Dragapult,0,0
0072,2496,5,4,0,5,0,rockets-honchkrow,Rocket's Honchkrow,0,0
0072,2497,22,12,12,10,0,ogerpon-meganium-hydrapple,Ogerpon Meganium Hydrapple,0,0
0072,2498,27,11,17,10,0,dragapult-ex,Dragapult,1,0
0072,2499,12,9,4,7,1,alakazam-dudunsparce,Alakazam Dudunsparce,0,0
0072,2500,7,4,0,7,0,manectric-eelektrik,Manectric Eelektrik,0,0
0072,2501,22,13,12,8,2,sylveon-pre,Sylveon,0,0
0072,2502,27,11,17,10,0,dragapult-ex,Dragapult,0,0
0072,2503,8,4,0,8,0,rocket-mewtwo-ex,Rocket's Mewtwo,0,0
0072,2504,5,4,0,5,0,mega-lucario-ex,Mega Lucario,0,0
0072,2505,17,8,7,10,0,sharpedo-toxtricity,Sharpedo Toxtricity,0,0
0072,2506,16,9,6,10,0,sharpedo-toxtricity,Sharpedo Toxtricity,0,0
0072,2507,11,6,4,7,0,mega-excadrill-ex,Mega Excadrill,0,0
0072,2508,31,14,20,11,0,festival-lead,Festival Lead,0,0
0072,2509,29,13,18,11,0,dragapult-dusknoir,Dragapult Dusknoir,1,0
0072,2510,5,3,0,5,0,rocket-mewtwo-ex,Rocket's Mewtwo,0,0
0072,2511,27,14,15,12,0,festival-lead,Festival Lead,0,0
0072,2512,14,9,4,9,1,alakazam-dudunsparce,Alakazam Dudunsparce,0,0
0072,2513,26,14,15,10,1,slowking-scr,Slowking,0,0
0072,2514,20,8,9,11,0,ceruledge-ex,Ceruledge,0,0
0072,2515,17,9,6,11,0,beedrill-ex-cri,Beedrill,0,0
0072,2516,30,13,20,10,0,dragapult-dusknoir,Dragapult Dusknoir,0,0
0072,2517,10,4,5,5,0,mega-venusaur-ex,Mega Venusaur,0,0
0072,2518,14,9,5,8,1,alakazam-dudunsparce,Alakazam Dudunsparce,0,0
0072,2519,17,11,4,13,0,n-zoroark,N's Zoroark,0,0
0072,2520,24,16,13,11,0,ogerpon-meganium-hydrapple,Ogerpon Meganium Hydrapple,0,0
0072,2521,5,4,0,5,0,lucario-hariyama,Lucario Hariyama,0,0
0072,2522,8,6,2,6,0,dhelmise-pbl,Dhelmise,1,0
0072,2523,16,8,6,5,5,lopunny-dudunsparce,Lopunny Dudunsparce,0,0
0072,2524,26,11,12,11,3,slowking-scr,Slowking,0,0
0072,2525,23,10,14,4,5,lopunny-dusknoir,Lopunny Dusknoir,0,0
0072,2526,27,11,17,10,0,dragapult-ex,Dragapult,1,0
0072,2527,13,8,4,8,1,alakazam-dudunsparce,Alakazam Dudunsparce,0,0
0072,2528,27,11,17,10,0,dragapult-ex,Dragapult,0,0
0072,2529,16,10,4,12,0,n-zoroark,N's Zoroark,0,0
0072,2530,22,11,19,2,1,lopunny-dusknoir,Lopunny Dusknoir,0,0
0072,2531,16,10,6,9,1,alakazam-dudunsparce,Alakazam Dudunsparce,0,0
0072,2532,28,12,17,11,0,dragapult-ex,Dragapult,0,0
0072,2533,26,10,15,11,0,dragapult-ex,Dragapult,0,0
0072,2534,17,11,5,12,0,n-zoroark,N's Zoroark,0,0
0072,2535,28,12,17,11,0,dragapult-ex,Dragapult,0,0
0072,2536,26,10,16,10,0,dragapult-ex,Dragapult,0,0
0072,2537,27,12,13,12,2,slowking-scr,Slowking,0,0
0072,2538,29,13,19,10,0,dragapult-dusknoir,Dragapult Dusknoir,0,0
0072,2539,18,11,5,12,1,alakazam-dudunsparce,Alakazam Dudunsparce,0,0
0072,2540,4,2,0,4,0,lucario-hariyama,Lucario Hariyama,1,0
0072,2541,10,6,4,5,1,dhelmise-pbl,Dhelmise,0,0
0072,2542,14,8,0,10,4,crustle-dri,Crustle,0,0
0072,2543,27,11,17,10,0,dragapult-ex,Dragapult,0,0
0072,2544,13,8,7,5,1,mega-greninja-ex,Mega Greninja,0,0
0072,2545,29,13,19,10,0,dragapult-dusknoir,Dragapult Dusknoir,0,0
0072,2546,17,11,4,13,0,n-zoroark,N's Zoroark,1,0
0072,2547,27,11,17,10,0,dragapult-ex,Dragapult,0,0
0072,2548,6,5,1,5,0,doublade-por,Doublade,0,0
0072,2549,28,11,18,10,0,dragapult-dudunsparce,Dragapult Dudunsparce,0,0
0072,2550,16,7,9,7,0,mega-excadrill-ex,Mega Excadrill,0,0
0072,2551,26,12,17,9,0,dragapult-blaziken,Dragapult Blaziken,0,0
0072,2552,28,14,19,9,0,dragapult-dusknoir,Dragapult Dusknoir,0,0
0072,2553,27,14,14,13,0,festival-lead,Festival Lead,0,0
0072,2554,5,4,0,5,0,rocket-spidops,Rocket's Spidops,0,0
0072,2555,11,6,3,7,1,dhelmise-pbl,Dhelmise,0,0
0072,2556,28,12,14,11,3,slowking-scr,Slowking,0,0
0072,2557,30,14,16,12,2,slowking-scr,Slowking,0,0
0072,2558,5,3,0,5,0,rockets-honchkrow,Rocket's Honchkrow,0,0
0072,2559,15,8,1,11,3,yanmega-ex,Yanmega,0,0
0072,2560,17,12,4,13,0,n-zoroark,N's Zoroark,0,0
0072,2561,29,11,17,12,0,dragapult-blaziken,Dragapult Blaziken,0,0
0072,2562,16,11,5,11,0,n-zoroark,N's Zoroark,0,0
0072,2563,17,9,11,6,0,alakazam-dusknoir,Alakazam Dusknoir,0,0
0072,2564,18,11,5,13,0,n-zoroark,N's Zoroark,0,0
0072,2565,17,11,3,14,0,n-zoroark,N's Zoroark,0,0
0072,2566,25,15,10,15,0,basic-box-m,Basic Box,0,0
0072,2567,27,17,11,16,0,basic-box-m,Basic Box,0,0
0072,2568,9,6,5,4,0,mega-excadrill-ex,Mega Excadrill,0,0
0072,2569,26,12,17,9,0,dragapult-blaziken,Dragapult Blaziken,0,0
0072,2570,17,11,4,13,0,n-zoroark,N's Zoroark,0,0
0072,2571,18,12,4,14,0,n-zoroark,N's Zoroark,0,0
0072,2572,23,11,14,9,0,dragapult-blaziken,Dragapult Blaziken,1,0
0072,2573,17,10,4,13,0,n-zoroark,N's Zoroark,1,0
0072,2574,17,8,8,4,5,lopunny-dudunsparce,Lopunny Dudunsparce,0,0
0072,2575,27,16,11,16,0,basic-box-m,Basic Box,1,0
0072,2576,11,6,0,7,4,crustle-dri,Crustle,0,0
0072,2577,31,13,19,12,0,dragapult-dusknoir,Dragapult Dusknoir,1,0
0072,2578,15,8,0,11,4,crustle-dri,Crustle,0,0
0072,2579,26,12,17,9,0,dragapult-blaziken,Dragapult Blaziken,0,0
0072,2580,28,15,10,18,0,raging-bolt-ogerpon,Raging Bolt Ogerpon,0,0
0072,2581,11,7,6,5,0,metagross-cri,Metagross,0,0
0072,2582,14,8,4,9,1,alakazam-dudunsparce,Alakazam Dudunsparce,0,0
0072,2583,21,10,7,10,4,kangaskhan-bouffalant,Kangaskhan Bouffalant,0,0
0072,2584,28,14,17,11,0,festival-lead,Festival Lead,0,0
0072,2585,8,3,0,8,0,rockets-honchkrow,Rocket's Honchkrow,1,0
0072,2586,14,8,0,10,4,crustle-dri,Crustle,0,0
0072,2587,9,4,0,9,0,rockets-honchkrow,Rocket's Honchkrow,1,0
0072,2588,14,6,9,5,0,grimmsnarl-froslass,Grimmsnarl Froslass,0,0
0072,2589,28,13,13,13,2,slowking-scr,Slowking,1,0
0072,2590,33,14,20,13,0,festival-lead,Festival Lead,0,0
0072,2591,22,13,14,8,0,ogerpon-meganium-hydrapple,Ogerpon Meganium Hydrapple,0,0
0072,2592,15,6,9,6,0,mega-excadrill-ex,Mega Excadrill,0,0
0072,2593,26,11,16,10,0,dragapult-ex,Dragapult,0,0
0072,2594,14,5,8,6,0,mega-excadrill-ex,Mega Excadrill,0,0
0072,2595,26,12,16,10,0,dragapult-blaziken,Dragapult Blaziken,1,0
0072,2596,14,7,8,6,0,mega-excadrill-ex,Mega Excadrill,1,0
0072,2597,12,6,7,4,1,mega-chandelure-ex,Mega Chandelure,0,0
0072,2598,27,17,11,16,0,basic-box-m,Basic Box,0,0
0072,2599,28,12,18,10,0,dragapult-ex,Dragapult,1,0
0072,2600,13,7,0,9,4,crustle-dri,Crustle,0,0
0072,2601,30,14,20,10,0,dragapult-dusknoir,Dragapult Dusknoir,0,0
0072,2602,14,7,6,7,1,mega-starmie-ex,Mega Starmie,0,0
0072,2603,25,10,16,9,0,dragapult-ex,Dragapult,1,0
0072,2604,28,12,13,13,2,slowking-scr,Slowking,1,0
0072,2605,9,4,4,5,0,mega-excadrill-ex,Mega Excadrill,0,0
0072,2606,18,11,6,11,1,alakazam-dudunsparce,Alakazam Dudunsparce,0,0
0072,2607,5,3,0,5,0,rocket-mewtwo-ex,Rocket's Mewtwo,0,0
0072,2608,26,12,17,9,0,dragapult-blaziken,Dragapult Blaziken,0,0
0072,2609,34,16,20,14,0,festival-lead,Festival Lead,0,0
0072,2610,26,10,16,10,0,dragapult-dudunsparce,Dragapult Dudunsparce,0,0
0072,2611,27,11,17,10,0,dragapult-ex,Dragapult,0,0
0072,2612,30,14,19,11,0,dragapult-dusknoir,Dragapult Dusknoir,0,0
0072,2613,27,11,17,10,0,dragapult-ex,Dragapult,0,0
0072,2614,4,4,1,2,1,dhelmise-pbl,Dhelmise,0,0
0072,2615,29,14,18,11,0,dragapult-blaziken,Dragapult Blaziken,0,0
0072,2616,13,8,4,8,1,alakazam-dudunsparce,Alakazam Dudunsparce,1,0
0072,2617,16,10,7,9,0,mega-absol-box,Mega Absol Box,0,0
0072,2618,15,6,9,6,0,mega-excadrill-ex,Mega Excadrill,1,0
0072,2619,10,5,4,6,0,mega-excadrill-ex,Mega Excadrill,0,0
0072,2620,14,6,9,5,0,grimmsnarl-froslass,Grimmsnarl Froslass,0,0
0072,2621,26,13,11,13,2,slowking-scr,Slowking,1,0
0072,2622,5,4,1,4,0,lucario-hariyama,Lucario Hariyama,1,0
0072,2623,8,3,0,8,0,rockets-honchkrow,Rocket's Honchkrow,0,0
0072,2624,17,7,9,3,5,lopunny-dudunsparce,Lopunny Dudunsparce,0,0
0072,2625,14,8,8,6,0,mega-excadrill-ex,Mega Excadrill,0,0
0072,2626,34,15,21,13,0,festival-lead,Festival Lead,1,0
0072,2628,13,4,8,5,0,mega-excadrill-ex,Mega Excadrill,0,0
0072,2629,18,12,5,13,0,n-zoroark,N's Zoroark,1,0
0072,2630,8,5,2,5,1,dhelmise-pbl,Dhelmise,0,0
0072,2631,5,4,0,5,0,hops-trevenant,Hop's Trevenant,0,0
0072,2632,18,12,4,14,0,n-zoroark,N's Zoroark,0,0
0072,2633,8,5,2,6,0,manectric-eelektrik,Manectric Eelektrik,0,0
0072,2634,11,8,6,5,0,mega-lucario-ex,Mega Lucario,0,0
0072,2635,13,7,0,9,4,crustle-dri,Crustle,0,0
0072,2636,5,2,0,5,0,cynthia-garchomp-ex,Cynthia's Garchomp,0,0
0072,2637,12,6,0,8,4,crustle-dri,Crustle,0,0
0072,2638,5,3,1,4,0,lucario-hariyama,Lucario Hariyama,0,0
0072,2639,27,11,17,10,0,dragapult-ex,Dragapult,1,0
0072,2640,4,3,0,4,0,lucario-hariyama,Lucario Hariyama,0,0
0072,2641,11,8,0,11,0,rocket-mewtwo-ex,Rocket's Mewtwo,0,0
0072,2642,27,12,16,11,0,dragapult-ex,Dragapult,0,0
0072,2643,18,11,9,9,0,ogerpon-meganium-hydrapple,Ogerpon Meganium Hydrapple,0,0
0072,2644,7,5,1,6,0,mega-lucario-ex,Mega Lucario,0,0
0072,2645,6,4,0,6,0,rocket-mewtwo-ex,Rocket's Mewtwo,0,0
0072,2646,10,5,3,6,1,dhelmise-pbl,Dhelmise,0,0
0072,2647,28,12,16,12,0,dragapult-ex,Dragapult,0,0
0072,2648,14,5,8,6,0,mega-excadrill-ex,Mega Excadrill,1,0
0072,2649,27,13,18,9,0,dragapult-dusknoir,Dragapult Dusknoir,0,0
0072,2650,6,3,0,5,1,cynthia-garchomp-ex,Cynthia's Garchomp,0,0
0072,2651,25,13,13,12,0,slowking-scr,Slowking,1,0
0072,2652,10,5,1,9,0,dhelmise-pbl,Dhelmise,0,0
0072,2653,16,11,7,9,0,ethan-typhlosion,Ethan's Typhlosion,0,0
0072,2654,29,11,22,6,1,dragapult-dusknoir,Dragapult Dusknoir,1,0
0072,2655,17,8,7,10,0,sharpedo-toxtricity,Sharpedo Toxtricity,0,0
0072,2656,15,8,5,9,1,alakazam-dudunsparce,Alakazam Dudunsparce,0,0
0072,2657,26,12,17,9,0,dragapult-blaziken,Dragapult Blaziken,0,0
0072,2658,29,12,17,12,0,dragapult-ex,Dragapult,0,0
0072,2659,12,8,7,5,0,toxtricity-box,Toxtricity Box,0,0
0072,2660,27,11,17,10,0,dragapult-ex,Dragapult,0,0
0072,2661,27,11,17,10,0,dragapult-ex,Dragapult,0,0
0072,2662,16,8,6,6,4,lopunny-dudunsparce,Lopunny Dudunsparce,0,0
0072,2663,15,6,9,6,0,mega-excadrill-ex,Mega Excadrill,0,0
0072,2664,14,7,0,10,4,crustle-dri,Crustle,0,0
0072,2665,28,14,14,14,0,slowking-scr,Slowking,1,0
0072,2666,28,13,14,13,1,slowking-scr,Slowking,1,0
0072,2667,9,5,1,8,0,mega-lucario-ex,Mega Lucario,0,0
0072,2668,27,11,17,10,0,dragapult-ex,Dragapult,0,0
0072,2669,16,7,8,8,0,mega-excadrill-ex,Mega Excadrill,0,0
0072,2670,26,11,17,9,0,dragapult-ex,Dragapult,0,0
0072,2671,26,13,12,11,3,slowking-scr,Slowking,0,0
0072,2672,17,10,4,13,0,n-zoroark,N's Zoroark,0,0
0072,2673,20,11,10,10,0,sinistcha-ogerpon,Sinistcha Ogerpon,0,0
0072,2674,7,4,5,2,0,mega-excadrill-ex,Mega Excadrill,0,0
0072,2675,7,5,1,6,0,lucario-hariyama,Lucario Hariyama,0,0
0072,2676,14,9,7,6,1,cinccino-ex,Cinccino,0,0
0072,2677,16,11,5,11,0,n-zoroark,N's Zoroark,0,0
0072,2678,20,10,9,9,2,ceruledge-ex,Ceruledge,0,0
0072,2679,5,4,0,5,0,rocket-mewtwo-ex,Rocket's Mewtwo,0,0
0072,2680,31,14,20,10,1,festival-lead,Festival Lead,0,0
0072,2681,18,7,8,10,0,ceruledge-ex,Ceruledge,0,0
0072,2682,7,4,0,6,1,cynthia-garchomp-ex,Cynthia's Garchomp,0,0
0072,2683,22,13,14,8,0,ogerpon-meganium-hydrapple,Ogerpon Meganium Hydrapple,1,0
0072,2684,22,10,11,11,0,toucannon-pbl,Toucannon,0,0
0072,2685,29,14,19,10,0,dragapult-dusknoir,Dragapult Dusknoir,0,0
0072,2686,19,12,10,9,0,ogerpon-meganium,Ogerpon Meganium,1,0
0072,2687,30,15,14,15,1,slowking-scr,Slowking,0,0
0072,2688,26,17,11,15,0,basic-box-m,Basic Box,1,0
0072,2689,17,10,7,9,1,alakazam-dudunsparce,Alakazam Dudunsparce,0,0
0072,2690,26,10,16,10,0,dragapult-ex,Dragapult,0,0
0072,2691,28,14,13,13,2,slowking-scr,Slowking,0,0
0072,2692,28,14,13,14,1,slowking-scr,Slowking,0,0
0072,2693,24,10,10,14,0,sinistcha-ogerpon,Sinistcha Ogerpon,0,0
0072,2694,29,13,19,10,0,dragapult-dusknoir,Dragapult Dusknoir,0,0
0072,2695,14,9,4,9,1,alakazam-dudunsparce,Alakazam Dudunsparce,0,0
0072,2696,31,13,19,12,0,dragapult-dusknoir,Dragapult Dusknoir,0,0
0072,2697,15,10,4,11,0,n-zoroark,N's Zoroark,0,0
0072,2698,8,4,0,7,1,cynthia-garchomp-ex,Cynthia's Garchomp,0,0
0072,2699,29,14,14,13,2,slowking-scr,Slowking,0,0
0072,2700,8,5,3,5,0,dhelmise-pbl,Dhelmise,0,0
0072,2701,8,3,0,8,0,rockets-honchkrow,Rocket's Honchkrow,0,0
0072,2702,16,8,7,9,0,sharpedo-toxtricity,Sharpedo Toxtricity,0,0
0072,2703,27,11,13,12,2,slowking-scr,Slowking,1,0
0072,2704,25,10,15,10,0,dragapult-ex,Dragapult,0,0
0072,2705,4,3,1,3,0,mega-lucario-ex,Mega Lucario,1,0
0072,2706,31,14,20,11,0,dragapult-dusknoir,Dragapult Dusknoir,0,0
0072,2707,27,13,16,11,0,dragapult-blaziken,Dragapult Blaziken,0,0
0072,2708,17,9,8,8,1,alakazam-dudunsparce,Alakazam Dudunsparce,0,0
0072,2709,31,14,19,12,0,dragapult-dusknoir,Dragapult Dusknoir,0,0
0072,2710,13,7,0,9,4,crustle-dri,Crustle,0,0
0072,2711,26,11,13,11,2,slowking-scr,Slowking,0,0
0072,2712,17,10,5,12,0,n-zoroark,N's Zoroark,0,0
0072,2713,9,6,3,6,0,cynthia-garchomp-ex,Cynthia's Garchomp,0,0
0072,2714,16,7,6,10,0,beedrill-ex-cri,Beedrill,0,0
0072,2715,26,10,16,10,0,dragapult-ex,Dragapult,0,0
0072,2716,21,12,12,9,0,ogerpon-meganium-hydrapple,Ogerpon Meganium Hydrapple,0,0
0072,2717,26,10,16,10,0,dragapult-ex,Dragapult,0,0
0072,2718,22,15,12,10,0,basic-box-m,Basic Box,1,0
0072,2719,28,13,13,13,2,slowking-scr,Slowking,1,0
0072,2720,17,11,5,11,1,alakazam-dudunsparce,Alakazam Dudunsparce,0,0
0072,2721,19,11,9,9,1,alakazam-dudunsparce,Alakazam Dudunsparce,0,0
0072,2722,28,13,13,13,2,slowking-scr,Slowking,1,0
0072,2723,27,11,17,10,0,dragapult-ex,Dragapult,0,0
0072,2724,16,10,4,12,0,n-zoroark,N's Zoroark,1,0
0072,2725,27,11,17,10,0,dragapult-ex,Dragapult,0,0
0072,2726,28,13,13,13,2,slowking-scr,Slowking,0,0
0072,2727,28,13,13,13,2,slowking-scr,Slowking,0,0
0072,2728,27,17,11,16,0,basic-box-m,Basic Box,0,0
0072,2729,8,4,0,7,1,cynthia-garchomp-ex,Cynthia's Garchomp,0,0
0072,2730,15,9,2,13,0,n-zoroark,N's Zoroark,0,0
0072,2731,30,13,20,10,0,dragapult-dusknoir,Dragapult Dusknoir,0,0
0072,2732,26,10,16,10,0,dragapult-ex,Dragapult,0,0
0072,2733,8,5,1,7,0,cynthia-garchomp-ex,Cynthia's Garchomp,0,0
0072,2734,13,5,3,10,0,beedrill-ex-cri,Beedrill,0,0
0072,2735,27,11,17,10,0,dragapult-ex,Dragapult,0,0
0072,2736,20,13,7,12,1,alakazam-dudunsparce,Alakazam Dudunsparce,0,0
0072,2737,7,5,3,4,0,dhelmise-pbl,Dhelmise,1,0
0072,2738,16,9,7,4,5,lopunny-dudunsparce,Lopunny Dudunsparce,0,0
0072,2739,13,4,8,5,0,mega-excadrill-ex,Mega Excadrill,0,0
0072,2740,31,14,18,13,0,festival-lead,Festival Lead,0,0
0072,2741,6,5,1,5,0,lucario-hariyama,Lucario Hariyama,0,0
0072,2742,30,13,20,10,0,dragapult-dusknoir,Dragapult Dusknoir,0,0
0072,2743,27,17,11,16,0,basic-box-m,Basic Box,0,0
0072,2744,13,7,0,9,4,crustle-dri,Crustle,0,0
0072,2745,26,10,16,10,0,dragapult-ex,Dragapult,0,0
0072,2746,31,15,19,12,0,festival-lead,Festival Lead,0,0
0072,2747,5,3,0,5,0,lucario-hariyama,Lucario Hariyama,0,0
0072,2748,16,10,7,8,1,alakazam-dudunsparce,Alakazam Dudunsparce,0,0
0072,2749,16,11,5,11,0,n-zoroark,N's Zoroark,0,0
0072,2750,26,16,10,16,0,basic-box-m,Basic Box,0,0
0072,2751,17,8,10,7,0,greninja-ex,Greninja,0,0
0072,2752,26,15,9,17,0,basic-box-m,Basic Box,0,0
0072,2753,20,11,11,9,0,diancie-dusknoir,Diancie Dusknoir,0,0
0072,2754,30,15,18,10,2,slowking-scr,Slowking,0,0
0072,2755,27,11,17,10,0,dragapult-ex,Dragapult,0,0
0072,2756,18,9,12,5,1,alakazam-dusknoir,Alakazam Dusknoir,0,0
0072,2757,27,11,17,10,0,dragapult-ex,Dragapult,1,0
0072,2758,10,4,4,6,0,mega-excadrill-ex,Mega Excadrill,0,0
0072,2759,22,13,14,8,0,ogerpon-meganium-hydrapple,Ogerpon Meganium Hydrapple,1,0
0072,2760,31,14,20,11,0,dragapult-dusknoir,Dragapult Dusknoir,0,0
0072,2761,31,15,19,12,0,festival-lead,Festival Lead,0,0
0072,2762,31,14,17,12,2,festival-lead,Festival Lead,0,0
0072,2763,11,7,5,6,0,mega-excadrill-ex,Mega Excadrill,0,0
0072,2764,17,11,6,10,1,alakazam-dudunsparce,Alakazam Dudunsparce,0,0
0072,2765,28,11,12,13,3,slowking-scr,Slowking,0,0
0072,2766,13,7,0,9,4,crustle-dri,Crustle,0,0
0072,2767,27,11,17,10,0,dragapult-ex,Dragapult,0,0
0072,2768,16,10,5,10,1,alakazam-dudunsparce,Alakazam Dudunsparce,1,0
0072,2769,22,12,12,10,0,ogerpon-meganium-hydrapple,Ogerpon Meganium Hydrapple,0,0
0072,2770,25,10,16,9,0,dragapult-ex,Dragapult,0,0
0072,2771,16,10,6,9,1,alakazam-dudunsparce,Alakazam Dudunsparce,1,0
0072,2772,27,11,16,11,0,dragapult-ex,Dragapult,1,0
0072,2773,16,8,9,6,1,mega-greninja-ex,Mega Greninja,0,0
0072,2774,11,7,3,7,1,alakazam-dudunsparce,Alakazam Dudunsparce,0,0
0072,2775,15,11,5,9,1,alakazam-dudunsparce,Alakazam Dudunsparce,0,0
0072,2776,26,10,16,10,0,dragapult-ex,Dragapult,1,0
0072,2777,10,4,4,6,0,mega-excadrill-ex,Mega Excadrill,0,0
0072,2778,17,7,7,5,5,toucannon-pbl,Toucannon,0,0
0072,2779,17,10,7,9,1,alakazam-dudunsparce,Alakazam Dudunsparce,0,0
0072,2780,16,10,4,12,0,n-zoroark,N's Zoroark,1,0
0072,2781,17,10,4,13,0,n-zoroark,N's Zoroark,1,0
0072,2782,14,9,0,10,4,crustle-dri,Crustle,0,0
0072,2783,27,17,10,17,0,basic-box-m,Basic Box,0,0
0072,2784,28,14,19,9,0,dragapult-blaziken,Dragapult Blaziken,0,0
0072,2785,27,11,16,11,0,dragapult-ex,Dragapult,0,0
0072,2786,23,13,14,9,0,ogerpon-meganium-hydrapple,Ogerpon Meganium Hydrapple,0,0
0072,2787,28,12,17,11,0,dragapult-ex,Dragapult,0,0
0072,2788,16,12,8,8,0,alakazam-dudunsparce,Alakazam Dudunsparce,0,0
0072,2789,25,10,16,9,0,dragapult-ex,Dragapult,0,0
0072,2790,17,11,4,13,0,n-zoroark,N's Zoroark,0,0
0072,2791,25,10,16,9,0,dragapult-ex,Dragapult,0,0
0072,2792,25,15,10,15,0,basic-box-m,Basic Box,1,0
0072,2793,3,3,1,2,0,other,Other,0,0
0072,2794,18,10,10,7,1,mega-greninja-ex,Mega Greninja,0,0
0072,2795,14,9,5,8,1,alakazam-dudunsparce,Alakazam Dudunsparce,1,1
0072,2796,20,12,3,17,0,n-zoroark,N's Zoroark,0,0
0072,2797,27,11,17,10,0,dragapult-ex,Dragapult,0,0
0072,2798,18,10,7,11,0,beedrill-ex-cri,Beedrill,0,0
0072,2799,17,11,5,12,0,n-zoroark,N's Zoroark,1,0
0072,2800,27,11,17,10,0,dragapult-ex,Dragapult,0,0
0072,2801,25,12,9,16,0,lillie-clefairy,Lillie's Clefairy,0,0
0072,2802,13,8,3,10,0,ethan-typhlosion,Ethan's Typhlosion,0,0
0072,2803,24,13,11,11,2,slowking-scr,Slowking,0,0
0072,2804,27,11,17,10,0,dragapult-ex,Dragapult,0,0
0072,2805,16,11,5,11,0,n-zoroark,N's Zoroark,0,0
0072,2806,6,4,1,5,0,cynthia-garchomp-ex,Cynthia's Garchomp,0,0
0072,2807,9,4,0,9,0,rockets-honchkrow,Rocket's Honchkrow,0,0
0072,2808,30,13,19,11,0,dragapult-dusknoir,Dragapult Dusknoir,0,0
0072,2809,26,14,10,16,0,basic-box-m,Basic Box,1,0
0072,2810,16,9,7,7,2,ceruledge-ex,Ceruledge,0,0
0072,2811,29,13,13,14,2,slowking-scr,Slowking,0,0
0072,2812,17,11,4,13,0,n-zoroark,N's Zoroark,0,0
0072,2813,10,6,5,5,0,mega-excadrill-ex,Mega Excadrill,0,0
0072,2814,14,7,9,5,0,mega-excadrill-ex,Mega Excadrill,0,0
0072,2815,26,11,16,10,0,dragapult-ex,Dragapult,0,0
0072,2816,9,4,0,9,0,rockets-honchkrow,Rocket's Honchkrow,0,0
0072,2817,30,15,14,16,0,slowking-scr,Slowking,0,0
0072,2818,10,7,5,5,0,mega-excadrill-ex,Mega Excadrill,0,0
0072,2819,8,6,4,4,0,mega-greninja-ex,Mega Greninja,1,0
0072,2820,28,13,15,13,0,festival-lead,Festival Lead,0,0
0072,2821,36,16,21,15,0,festival-lead,Festival Lead,0,0
0072,2822,12,6,7,5,0,grimmsnarl-froslass,Grimmsnarl Froslass,0,0
0072,2823,17,11,4,13,0,n-zoroark,N's Zoroark,0,0
0072,2824,30,13,19,11,0,dragapult-dusknoir,Dragapult Dusknoir,0,0
0072,2825,10,6,5,4,1,dhelmise-pbl,Dhelmise,0,0
0072,2826,26,12,17,9,0,dragapult-blaziken,Dragapult Blaziken,0,0
0072,2827,15,10,4,11,0,n-zoroark,N's Zoroark,0,0
0072,2828,25,17,14,10,1,toucannon-pbl,Toucannon,0,0
0072,2829,26,11,16,10,0,dragapult-ex,Dragapult,0,0
0072,2830,28,14,14,14,0,slowking-scr,Slowking,0,0
0072,2831,26,12,16,10,0,dragapult-ex,Dragapult,0,0
0072,2832,26,10,16,10,0,dragapult-ex,Dragapult,0,0
0072,2833,22,15,13,9,0,basic-box-m,Basic Box,0,0
0072,2834,26,16,11,15,0,basic-box-m,Basic Box,1,0
0072,2835,27,17,11,16,0,basic-box-m,Basic Box,0,0
0072,2836,15,7,9,6,0,mega-excadrill-ex,Mega Excadrill,1,0
0072,2837,31,14,20,10,1,dragapult-dusknoir,Dragapult Dusknoir,0,0
0072,2838,16,10,4,12,0,n-zoroark,N's Zoroark,1,0
0072,2839,19,11,9,9,1,starmie-froslass,Starmie Froslass,0,0
0072,2840,27,13,16,11,0,dragapult-blaziken,Dragapult Blaziken,0,0
0072,2841,9,5,2,6,1,dhelmise-pbl,Dhelmise,1,0
0072,2842,16,7,9,7,0,mega-excadrill-ex,Mega Excadrill,0,0
0072,2843,12,6,7,4,1,mega-chandelure-ex,Mega Chandelure,0,0
0072,2844,26,12,17,9,0,dragapult-blaziken,Dragapult Blaziken,0,0
0072,2845,17,12,4,13,0,n-zoroark,N's Zoroark,1,0
0072,2846,21,11,8,11,2,slowking-scr,Slowking,0,0
0072,2847,3,3,0,3,0,lucario-hariyama,Lucario Hariyama,0,0
0072,2848,27,13,13,12,2,slowking-scr,Slowking,0,0
0072,2849,27,11,17,10,0,dragapult-ex,Dragapult,0,0
0072,2850,22,13,6,16,0,n-zoroark,N's Zoroark,0,0
0072,2851,27,11,17,10,0,dragapult-ex,Dragapult,1,0
0072,2852,30,14,14,14,2,slowking-scr,Slowking,0,0
0072,2853,17,11,4,13,0,n-zoroark,N's Zoroark,1,0
0072,2854,31,13,19,12,0,dragapult-dusknoir,Dragapult Dusknoir,0,0
0072,2855,15,6,9,6,0,mega-excadrill-ex,Mega Excadrill,0,0
0072,2856,17,8,8,9,0,sharpedo-toxtricity,Sharpedo Toxtricity,1,0
0072,2857,25,10,15,10,0,dragapult-ex,Dragapult,0,0
0072,2858,26,12,13,12,1,slowking-scr,Slowking,0,0
0072,2859,27,11,17,10,0,dragapult-ex,Dragapult,1,0
0072,2860,13,5,8,5,0,mega-excadrill-ex,Mega Excadrill,0,0
0072,2861,19,8,14,4,1,starmie-dusknoir,Starmie Dusknoir,0,0
0072,2862,14,8,7,7,0,mega-excadrill-ex,Mega Excadrill,0,0
0072,2863,20,11,10,10,0,greninja-ex,Greninja,0,0
0072,2864,26,10,16,10,0,dragapult-ex,Dragapult,0,0
0072,2865,32,13,19,13,0,dragapult-dusknoir,Dragapult Dusknoir,1,0
0072,2866,11,7,2,5,4,other,Other,0,0
0072,2867,16,7,6,5,5,lopunny-dudunsparce,Lopunny Dudunsparce,0,0
0072,2868,22,12,15,7,0,alakazam-dusknoir,Alakazam Dusknoir,0,0
0072,2869,11,5,5,6,0,mega-excadrill-ex,Mega Excadrill,0,0
0072,2870,30,14,19,11,0,dragapult-dusknoir,Dragapult Dusknoir,1,0
0072,2871,16,11,5,11,0,n-zoroark,N's Zoroark,0,0
0072,2872,16,9,3,13,0,n-zoroark,N's Zoroark,1,0
0072,2873,17,12,5,11,1,alakazam-dudunsparce,Alakazam Dudunsparce,0,0
0072,2874,18,10,9,7,2,mega-excadrill-ex,Mega Excadrill,0,0
0072,2875,25,11,16,9,0,dragapult-blaziken,Dragapult Blaziken,0,0
0072,2876,24,14,9,15,0,basic-box-m,Basic Box,0,0
0072,2877,21,12,13,8,0,ogerpon-meganium-hydrapple,Ogerpon Meganium Hydrapple,1,0
0072,2878,10,5,2,7,1,dhelmise-pbl,Dhelmise,1,0
0072,2879,14,9,1,9,4,crustle-dri,Crustle,0,0
0072,2880,5,4,1,4,0,dhelmise-pbl,Dhelmise,0,0
0072,2881,28,12,12,14,2,slowking-scr,Slowking,1,0
0072,2882,27,12,15,12,0,dragapult-ex,Dragapult,0,0
0072,2883,14,9,5,8,1,alakazam-dudunsparce,Alakazam Dudunsparce,0,0
0072,2884,16,10,4,12,0,n-zoroark,N's Zoroark,0,0
0072,2885,15,9,5,9,1,alakazam-dudunsparce,Alakazam Dudunsparce,1,0
0072,2886,23,10,8,12,3,slowking-scr,Slowking,1,0
0072,2887,10,4,0,6,4,hops-trevenant,Hop's Trevenant,0,0
0072,2888,26,10,16,10,0,dragapult-ex,Dragapult,0,0
0072,2889,7,4,0,6,1,cynthia-garchomp-ex,Cynthia's Garchomp,0,0
0072,2890,34,14,21,13,0,festival-lead,Festival Lead,1,0
0072,2891,31,13,19,12,0,dragapult-dusknoir,Dragapult Dusknoir,0,0
0072,2892,14,6,9,5,0,grimmsnarl-froslass,Grimmsnarl Froslass,1,0
0072,2893,31,13,19,12,0,dragapult-dusknoir,Dragapult Dusknoir,0,0
0072,2894,13,5,7,6,0,mega-excadrill-ex,Mega Excadrill,0,0
0072,2895,11,6,2,8,1,dhelmise-pbl,Dhelmise,0,0
0072,2896,26,12,17,9,0,dragapult-blaziken,Dragapult Blaziken,1,0
0072,2897,27,17,11,16,0,basic-box-m,Basic Box,0,0
0072,2898,29,14,19,10,0,dragapult-dusknoir,Dragapult Dusknoir,0,0
0072,2899,27,11,17,10,0,dragapult-ex,Dragapult,0,0
0072,2900,17,8,8,9,0,sharpedo-toxtricity,Sharpedo Toxtricity,0,0
0072,2901,15,9,0,11,4,crustle-dri,Crustle,0,0
0072,2902,30,14,20,10,0,dragapult-dusknoir,Dragapult Dusknoir,0,0
0072,2903,25,11,15,10,0,dragapult-dudunsparce,Dragapult Dudunsparce,0,0
0072,2904,28,12,18,10,0,dragapult-ex,Dragapult,0,0
0072,2905,9,4,0,9,0,rockets-honchkrow,Rocket's Honchkrow,0,0
0072,2906,15,7,8,7,0,grimmsnarl-froslass,Grimmsnarl Froslass,0,0
0072,2907,26,13,16,10,0,dragapult-blaziken,Dragapult Blaziken,0,0
0072,2908,17,8,7,10,0,sharpedo-toxtricity,Sharpedo Toxtricity,0,0
0072,2909,27,11,17,10,0,dragapult-ex,Dragapult,0,0
0072,2910,20,6,8,12,0,raging-bolt-ogerpon,Raging Bolt Ogerpon,1,0
0072,2911,31,13,19,12,0,dragapult-dusknoir,Dragapult Dusknoir,0,0
0072,2912,21,12,17,3,1,lopunny-dusknoir,Lopunny Dusknoir,1,0
0072,2913,32,14,16,12,4,seaking-pre,Seaking Festival Lead,0,0
0072,2914,28,11,16,12,0,dragapult-ex,Dragapult,0,0
0072,2915,27,11,13,11,3,slowking-scr,Slowking,0,0
0072,2916,15,9,7,8,0,ethan-typhlosion,Ethan's Typhlosion,0,0
0072,2917,17,11,4,13,0,n-zoroark,N's Zoroark,0,0
0072,2918,27,13,17,10,0,dragapult-blaziken,Dragapult Blaziken,1,0
0072,2919,23,14,10,13,0,basic-box-m,Basic Box,1,0
0072,2920,27,11,17,10,0,dragapult-ex,Dragapult,0,0
0072,2921,31,15,20,11,0,dragapult-dusknoir,Dragapult Dusknoir,0,0
0072,2922,7,4,0,7,0,rockets-honchkrow,Rocket's Honchkrow,0,0
0072,2923,17,11,7,9,1,alakazam-dudunsparce,Alakazam Dudunsparce,0,0
0072,2924,16,11,3,13,0,n-zoroark,N's Zoroark,0,0
0072,2925,27,17,11,16,0,basic-box-m,Basic Box,0,0
0072,2926,15,6,9,6,0,mega-excadrill-ex,Mega Excadrill,0,0
0072,2927,17,8,6,6,5,lopunny-dudunsparce,Lopunny Dudunsparce,0,0
0072,2928,25,16,11,14,0,basic-box-m,Basic Box,0,0
0072,2929,27,11,17,10,0,dragapult-ex,Dragapult,0,0
0072,2930,13,6,8,5,0,grimmsnarl-froslass,Grimmsnarl Froslass,0,0
0072,2931,27,11,16,11,0,dragapult-ex,Dragapult,1,0
0072,2932,13,7,8,5,0,mega-excadrill-ex,Mega Excadrill,0,0
0072,2933,23,12,12,11,0,ogerpon-meganium-hydrapple,Ogerpon Meganium Hydrapple,0,0
0072,2934,19,12,5,14,0,n-zoroark,N's Zoroark,0,0
0072,2935,10,6,4,5,1,dhelmise-pbl,Dhelmise,0,0
0072,2936,17,11,6,11,0,beedrill-ex-cri,Beedrill,0,0
0072,2937,16,9,7,8,1,alakazam-dudunsparce,Alakazam Dudunsparce,0,0
0072,2938,12,8,7,4,1,mega-greninja-ex,Mega Greninja,0,0
0072,2939,28,13,18,10,0,dragapult-dusknoir,Dragapult Dusknoir,0,0
0072,2940,16,8,7,9,0,sharpedo-toxtricity,Sharpedo Toxtricity,0,0
0072,2941,28,11,13,12,3,slowking-scr,Slowking,0,0
0072,2942,16,10,4,12,0,n-zoroark,N's Zoroark,0,0
0072,2943,26,12,17,9,0,dragapult-blaziken,Dragapult Blaziken,1,0
0072,2944,27,11,17,10,0,dragapult-ex,Dragapult,1,0
0072,2945,15,8,10,5,0,diancie-dusknoir,Diancie Dusknoir,0,0
0072,2946,4,2,0,4,0,lucario-hariyama,Lucario Hariyama,0,0
0072,2947,18,11,5,13,0,n-zoroark,N's Zoroark,0,0
0072,2948,26,17,11,15,0,basic-box-m,Basic Box,0,0
0072,2949,15,7,9,6,0,mega-excadrill-ex,Mega Excadrill,1,0
0072,2950,15,10,4,11,0,n-zoroark,N's Zoroark,0,0
0072,2951,7,4,3,4,0,mega-lucario-ex,Mega Lucario,0,0
0072,2952,14,8,8,6,0,grimmsnarl-froslass,Grimmsnarl Froslass,0,0
0072,2953,11,8,1,10,0,cynthia-garchomp-ex,Cynthia's Garchomp,1,0
0072,2954,3,2,0,3,0,lucario-hariyama,Lucario Hariyama,0,0
0072,2955,17,10,6,10,1,alakazam-dudunsparce,Alakazam Dudunsparce,0,0
0072,2956,31,13,20,11,0,festival-lead,Festival Lead,1,0
0072,2957,27,13,13,13,1,slowking-scr,Slowking,0,0
0072,2958,27,16,11,16,0,basic-box-m,Basic Box,0,0
0072,2959,15,10,4,11,0,n-zoroark,N's Zoroark,0,0
0072,2960,20,12,10,6,4,kangaskhan-bouffalant,Kangaskhan Bouffalant,0,0
0072,2961,23,10,8,12,3,slowking-scr,Slowking,0,0
0072,2962,30,13,19,11,0,dragapult-dusknoir,Dragapult Dusknoir,0,0
0072,2963,11,6,5,6,0,mega-excadrill-ex,Mega Excadrill,1,0
0072,2964,26,16,12,14,0,basic-box-m,Basic Box,0,0
0072,2965,14,7,8,6,0,mega-excadrill-ex,Mega Excadrill,0,0
0072,2966,31,14,20,11,0,dragapult-dusknoir,Dragapult Dusknoir,1,0
0072,2967,26,10,16,10,0,dragapult-ex,Dragapult,1,0
0072,2968,27,12,13,11,3,slowking-scr,Slowking,0,0
0072,2969,17,8,7,10,0,sharpedo-toxtricity,Sharpedo Toxtricity,0,0
0072,2970,12,9,4,8,0,ethan-typhlosion,Ethan's Typhlosion,0,0
0072,2971,30,12,15,11,4,seaking-pre,Seaking Festival Lead,0,0
0072,2972,4,4,0,4,0,lucario-hariyama,Lucario Hariyama,0,0
0072,2973,31,14,20,11,0,dragapult-dusknoir,Dragapult Dusknoir,0,0
0072,2974,17,11,9,7,1,alakazam-dudunsparce,Alakazam Dudunsparce,0,0
0072,2975,33,15,20,13,0,festival-lead,Festival Lead,0,0
0072,2976,25,11,12,11,2,slowking-scr,Slowking,0,0
0072,2977,25,14,10,15,0,basic-box-m,Basic Box,1,1
0072,2978,19,13,5,14,0,n-zoroark,N's Zoroark,1,0
0072,2979,17,8,9,8,0,beedrill-ex-cri,Beedrill,0,0
0072,2980,5,4,1,4,0,lucario-hariyama,Lucario Hariyama,0,0
0072,2981,7,4,0,6,1,cynthia-garchomp-ex,Cynthia's Garchomp,0,0
0072,2982,11,7,3,8,0,dhelmise-pbl,Dhelmise,0,0
0072,2983,10,6,5,4,1,mega-chandelure-ex,Mega Chandelure,0,0
0072,2984,16,11,6,9,1,alakazam-dudunsparce,Alakazam Dudunsparce,0,0
0072,2985,28,12,18,10,0,dragapult-ex,Dragapult,1,0
0072,2986,24,13,11,13,0,raging-bolt-ogerpon,Raging Bolt Ogerpon,0,0
0072,2987,19,8,13,6,0,alakazam-dusknoir,Alakazam Dusknoir,0,0
0072,2988,26,12,16,10,0,dragapult-ex,Dragapult,1,0
0072,2989,13,8,5,7,1,mega-dragonite-ex,Mega Dragonite,0,0
0072,2990,28,18,12,16,0,basic-box-m,Basic Box,0,0
0072,2991,29,13,19,10,0,dragapult-dusknoir,Dragapult Dusknoir,0,0
0072,2992,6,3,0,6,0,rockets-honchkrow,Rocket's Honchkrow,0,0
0072,2993,27,13,14,11,2,slowking-scr,Slowking,0,0
0072,2994,12,6,5,7,0,mega-lucario-ex,Mega Lucario,0,0
0072,2995,16,10,7,9,0,mega-starmie-ex,Mega Starmie,0,0
0072,2996,15,9,5,10,0,starmie-froslass,Starmie Froslass,0,0
0072,2997,7,4,0,6,1,cynthia-garchomp-ex,Cynthia's Garchomp,1,0
0072,2998,26,11,17,9,0,dragapult-ex,Dragapult,0,0
0072,2999,29,15,18,11,0,dragapult-dusknoir,Dragapult Dusknoir,0,0
0072,3000,12,4,4,8,0,ethan-typhlosion,Ethan's Typhlosion,0,0
0072,3001,11,7,6,5,0,metagross-cri,Metagross,1,0
0072,3002,20,10,6,14,0,beedrill-ex-cri,Beedrill,0,0
0072,3003,30,14,19,11,0,dragapult-dusknoir,Dragapult Dusknoir,0,0
0072,3004,24,13,17,6,1,lopunny-dusknoir,Lopunny Dusknoir,0,0
0072,3005,23,13,12,11,0,greninja-ex,Greninja,1,0
0072,3006,6,4,0,6,0,rocket-mewtwo-ex,Rocket's Mewtwo,0,0
0072,3007,27,11,12,12,3,slowking-scr,Slowking,0,0
0072,3008,28,17,12,16,0,basic-box-m,Basic Box,0,0
0072,3009,27,11,17,10,0,dragapult-ex,Dragapult,0,0
0072,3010,27,11,17,10,0,dragapult-ex,Dragapult,0,0
0072,3011,26,11,17,9,0,dragapult-ex,Dragapult,1,0
0072,3012,17,10,7,9,1,alakazam-dudunsparce,Alakazam Dudunsparce,1,0
0072,3013,8,4,0,8,0,rockets-honchkrow,Rocket's Honchkrow,0,0
0072,3014,27,11,17,10,0,dragapult-ex,Dragapult,0,0
0072,3015,27,11,17,10,0,dragapult-ex,Dragapult,0,0
0072,3016,11,7,2,9,0,dhelmise-pbl,Dhelmise,0,0
0072,3017,13,8,4,8,1,alakazam-dudunsparce,Alakazam Dudunsparce,0,0
0072,3018,23,11,11,10,2,beedrill-ex-cri,Beedrill,0,0
0072,3019,26,13,16,10,0,dragapult-blaziken,Dragapult Blaziken,0,0
0072,3020,29,13,20,9,0,dragapult-dusknoir,Dragapult Dusknoir,0,0
0072,3021,13,7,0,9,4,crustle-dri,Crustle,0,0
0072,3022,26,11,16,10,0,dragapult-ex,Dragapult,0,0
0072,3023,10,6,3,6,1,dhelmise-pbl,Dhelmise,0,0
0072,3024,7,5,1,6,0,dhelmise-pbl,Dhelmise,0,0
0072,3025,30,13,19,11,0,dragapult-dusknoir,Dragapult Dusknoir,0,0
0072,3026,28,12,17,11,0,dragapult-ex,Dragapult,0,0
0072,3027,16,11,3,13,0,n-zoroark,N's Zoroark,0,0
0072,3028,14,8,2,12,0,other,Other,0,0
0072,3029,27,13,17,10,0,dragapult-blaziken,Dragapult Blaziken,0,0
0072,3030,15,8,5,9,1,mega-chandelure-ex,Mega Chandelure,0,0
0072,3031,15,11,5,9,1,alakazam-dudunsparce,Alakazam Dudunsparce,0,0
0072,3032,31,14,20,11,0,dragapult-dusknoir,Dragapult Dusknoir,0,0
0072,3033,26,16,11,15,0,basic-box-m,Basic Box,1,0
0072,3034,10,4,4,6,0,mega-excadrill-ex,Mega Excadrill,0,0
0072,3035,17,12,4,13,0,n-zoroark,N's Zoroark,0,0
0072,3036,28,11,16,12,0,dragapult-ex,Dragapult,1,0
0072,3037,12,6,5,7,0,mega-excadrill-ex,Mega Excadrill,0,0
0072,3038,31,13,19,12,0,dragapult-dusknoir,Dragapult Dusknoir,0,0
0072,3039,17,11,5,12,0,sharpedo-toxtricity,Sharpedo Toxtricity,0,0
0072,3040,26,11,17,9,0,dragapult-ex,Dragapult,0,0
0072,3041,18,11,5,13,0,n-zoroark,N's Zoroark,0,0
0072,3042,14,7,9,5,0,grimmsnarl-froslass,Grimmsnarl Froslass,0,0
0072,3043,29,13,14,13,2,slowking-scr,Slowking,0,0
0072,3044,14,6,9,5,0,grimmsnarl-froslass,Grimmsnarl Froslass,0,0
0072,3045,19,9,6,9,4,kangaskhan-bouffalant,Kangaskhan Bouffalant,0,0
0072,3046,14,7,9,5,0,grimmsnarl-froslass,Grimmsnarl Froslass,1,0
0072,3047,25,11,16,9,0,dragapult-blaziken,Dragapult Blaziken,0,0
0072,3048,27,12,13,11,3,slowking-scr,Slowking,0,0
0072,3049,18,9,8,9,1,sharpedo-toxtricity,Sharpedo Toxtricity,0,0
0072,3050,6,5,1,5,0,lucario-hariyama,Lucario Hariyama,0,0
0072,3051,27,13,17,10,0,dragapult-blaziken,Dragapult Blaziken,0,0
0072,3052,24,16,11,13,0,basic-box-m,Basic Box,0,0
0072,3053,26,12,13,11,2,slowking-scr,Slowking,0,0
0072,3054,26,10,16,10,0,dragapult-ex,Dragapult,0,0
0072,3055,17,11,4,13,0,n-zoroark,N's Zoroark,0,0
0072,3056,27,11,17,10,0,dragapult-ex,Dragapult,0,0
0072,3057,17,8,6,6,5,lopunny-dudunsparce,Lopunny Dudunsparce,0,0
0072,3058,13,8,0,9,4,crustle-dri,Crustle,0,0
0072,3059,27,12,13,12,2,slowking-scr,Slowking,0,0
0072,3060,28,12,16,12,0,dragapult-ex,Dragapult,0,0
0072,3061,10,5,3,6,1,dhelmise-pbl,Dhelmise,0,0
0072,3062,7,3,0,7,0,rockets-honchkrow,Rocket's Honchkrow,0,0
0072,3063,26,17,10,16,0,basic-box-m,Basic Box,0,0
0072,3064,19,12,10,9,0,starmie-froslass,Starmie Froslass,0,0
0072,3065,26,11,16,10,0,dragapult-ex,Dragapult,1,0
0072,3066,18,9,12,5,1,alakazam-dusknoir,Alakazam Dusknoir,1,0
0072,3067,27,11,17,10,0,dragapult-ex,Dragapult,0,0
0072,3068,27,11,17,10,0,dragapult-ex,Dragapult,0,0
0072,3069,30,14,20,10,0,dragapult-dusknoir,Dragapult Dusknoir,0,0
0072,3070,26,12,13,13,0,slowking-scr,Slowking,1,0
0072,3071,14,8,0,10,4,crustle-dri,Crustle,1,0
0072,3072,17,10,7,9,1,alakazam-dudunsparce,Alakazam Dudunsparce,0,0
0072,3073,14,7,7,7,0,mega-venusaur-ex,Mega Venusaur,1,0
0072,3074,23,12,17,5,1,lopunny-dusknoir,Lopunny Dusknoir,0,0
0072,3075,26,11,13,11,2,slowking-scr,Slowking,1,0
0072,3076,12,7,4,7,1,alakazam-dudunsparce,Alakazam Dudunsparce,0,0
0072,3077,22,12,8,12,2,other,Other,0,0
0072,3078,7,4,0,7,0,rocket-mewtwo-ex,Rocket's Mewtwo,1,0
0072,3079,26,12,17,9,0,dragapult-blaziken,Dragapult Blaziken,0,0
0072,3080,13,7,5,8,0,mega-venusaur-ex,Mega Venusaur,1,0
0072,3081,14,6,9,5,0,grimmsnarl-froslass,Grimmsnarl Froslass,0,0
0072,3082,29,13,19,10,0,dragapult-dusknoir,Dragapult Dusknoir,0,0
0072,3083,25,11,16,9,0,dragapult-blaziken,Dragapult Blaziken,0,0
0072,3084,20,10,12,8,0,ogerpon-meganium-hydrapple,Ogerpon Meganium Hydrapple,0,0
0072,3085,14,9,4,9,1,alakazam-dudunsparce,Alakazam Dudunsparce,0,0
0072,3086,26,15,9,17,0,basic-box-m,Basic Box,0,0
0072,3087,2,2,0,2,0,zygarde-barbaracle,Zygarde Barbaracle,0,0
0072,3088,27,11,17,10,0,dragapult-ex,Dragapult,0,0
0072,3089,15,11,5,10,0,n-zoroark,N's Zoroark,0,0
0072,3090,29,13,19,10,0,dragapult-dusknoir,Dragapult Dusknoir,0,0
0072,3091,31,13,19,12,0,dragapult-dusknoir,Dragapult Dusknoir,0,0
0072,3092,8,3,0,8,0,rockets-honchkrow,Rocket's Honchkrow,1,0
0072,3093,26,10,16,10,0,dragapult-ex,Dragapult,0,0
0072,3094,14,9,5,8,1,alakazam-dudunsparce,Alakazam Dudunsparce,1,0
0072,3095,16,8,3,11,2,doublade-por,Doublade,0,0
0072,3096,14,9,0,10,4,crustle-dri,Crustle,0,0
0072,3097,25,15,10,15,0,basic-box-m,Basic Box,0,0
0072,3098,8,3,0,8,0,rockets-honchkrow,Rocket's Honchkrow,0,0
0072,3099,14,7,5,7,2,mega-absol-box,Mega Absol Box,0,0
0072,3100,19,9,8,11,0,sharpedo-toxtricity,Sharpedo Toxtricity,0,0
0072,3101,17,10,7,10,0,beedrill-ex-cri,Beedrill,0,0
0072,3102,14,5,5,4,5,lopunny-dudunsparce,Lopunny Dudunsparce,0,0
0072,3103,27,11,16,11,0,dragapult-ex,Dragapult,1,0
0072,3104,12,6,7,5,0,grimmsnarl-froslass,Grimmsnarl Froslass,0,0
0072,3105,30,13,19,11,0,dragapult-dusknoir,Dragapult Dusknoir,0,0
0072,3106,15,10,5,9,1,alakazam-dudunsparce,Alakazam Dudunsparce,0,0
0072,3107,28,12,17,11,0,dragapult-ex,Dragapult,0,0
0072,3108,12,6,6,5,1,mega-chandelure-ex,Mega Chandelure,1,0
0072,3109,27,11,17,10,0,dragapult-ex,Dragapult,0,0
0072,3110,17,11,6,10,1,alakazam-dudunsparce,Alakazam Dudunsparce,0,0
0072,3111,26,10,16,10,0,dragapult-ex,Dragapult,1,0
0072,3112,26,12,13,11,2,slowking-scr,Slowking,0,0
0072,3113,19,10,5,11,3,crustle-dri,Crustle,0,0
0072,3114,30,13,19,11,0,dragapult-dusknoir,Dragapult Dusknoir,0,0
0072,3115,14,7,5,7,2,cinccino-ex,Cinccino,0,0
0072,3116,31,14,19,12,0,festival-lead,Festival Lead,0,0
0072,3117,7,4,1,5,1,cynthia-garchomp-ex,Cynthia's Garchomp,0,0
0072,3118,27,11,17,10,0,dragapult-ex,Dragapult,0,0
0072,3119,23,12,11,12,0,mega-froslass-ex,Mega Froslass,0,0
0072,3120,15,11,1,11,3,crustle-dri,Crustle,0,0
0072,3121,26,10,16,10,0,dragapult-ex,Dragapult,0,0
0072,3122,26,11,17,9,0,dragapult-ex,Dragapult,0,0
0073,1,13,7,0,9,4,crustle-dri,Crustle,0,0
0073,2,12,6,1,11,0,beedrill-ex-cri,Beedrill,0,0
0073,3,8,4,0,8,0,rockets-honchkrow,Rocket's Honchkrow,0,0
0073,4,11,6,4,6,1,mega-greninja-ex,Mega Greninja,0,0
0073,5,26,10,16,10,0,dragapult-ex,Dragapult,0,0
0073,6,27,17,11,16,0,basic-box-m,Basic Box,0,0
0073,7,16,10,6,9,1,alakazam-dudunsparce,Alakazam Dudunsparce,0,0
0073,8,29,14,19,10,0,dragapult-dusknoir,Dragapult Dusknoir,0,0
0073,9,18,11,4,14,0,n-zoroark,N's Zoroark,0,0
0073,10,15,8,9,6,0,mega-excadrill-ex,Mega Excadrill,0,0
0073,11,27,11,17,10,0,dragapult-ex,Dragapult,0,0
0073,12,26,13,17,9,0,dragapult-blaziken,Dragapult Blaziken,0,0
0073,13,26,10,16,10,0,dragapult-ex,Dragapult,1,0
0073,14,27,12,17,10,0,dragapult-ex,Dragapult,0,0
0073,15,29,13,19,10,0,dragapult-dusknoir,Dragapult Dusknoir,0,0
0073,16,27,11,16,11,0,dragapult-ex,Dragapult,1,0
0073,17,18,11,4,14,0,n-zoroark,N's Zoroark,0,0
0073,18,11,6,8,3,0,mega-excadrill-ex,Mega Excadrill,1,0
0073,19,18,13,4,14,0,n-zoroark,N's Zoroark,1,0
0073,20,27,12,14,13,0,dragapult-ex,Dragapult,0,0
0073,21,15,10,6,8,1,alakazam-dudunsparce,Alakazam Dudunsparce,0,0
0073,22,19,12,6,13,0,n-zoroark,N's Zoroark,0,0
0073,23,24,13,14,9,1,other,Other,0,0
0073,24,7,4,1,6,0,dhelmise-pbl,Dhelmise,0,0
0073,25,23,16,13,10,0,basic-box-m,Basic Box,1,0
0073,26,14,9,5,8,1,alakazam-dudunsparce,Alakazam Dudunsparce,0,0
0073,27,12,7,6,5,1,mega-lucario-ex,Mega Lucario,1,0
0073,28,19,11,8,10,1,alakazam-dudunsparce,Alakazam Dudunsparce,0,0
0073,29,26,17,11,15,0,basic-box-m,Basic Box,1,0
0073,30,13,8,4,8,1,alakazam-dudunsparce,Alakazam Dudunsparce,0,0
0073,31,7,5,2,4,1,dhelmise-pbl,Dhelmise,0,0
0073,32,26,16,11,15,0,basic-box-m,Basic Box,0,0
0073,33,14,6,9,5,0,mega-excadrill-ex,Mega Excadrill,0,0
0073,34,9,4,4,5,0,dhelmise-pbl,Dhelmise,0,0
0073,35,30,14,20,10,0,dragapult-dusknoir,Dragapult Dusknoir,1,1
0073,36,29,15,13,14,2,slowking-scr,Slowking,0,0
0073,37,27,12,17,10,0,dragapult-ex,Dragapult,0,0
0073,38,15,6,9,6,0,mega-excadrill-ex,Mega Excadrill,0,0
0073,39,20,12,9,9,2,toucannon-pbl,Toucannon,0,0
0073,40,25,14,10,13,2,basic-box-m,Basic Box,0,0
0073,41,10,4,4,6,0,mega-excadrill-ex,Mega Excadrill,1,0
0073,42,15,6,9,6,0,mega-excadrill-ex,Mega Excadrill,1,0
0073,43,18,10,9,9,0,other,Other,0,0
0073,44,13,6,5,8,0,mega-venusaur-ex,Mega Venusaur,0,0
0073,45,17,7,6,6,5,lopunny-dudunsparce,Lopunny Dudunsparce,1,0
0073,46,10,6,2,7,1,mega-charizard-x-ex,Mega Charizard X,0,0
0073,47,17,11,5,12,0,n-zoroark,N's Zoroark,0,0
0073,48,30,15,17,13,0,festival-lead,Festival Lead,1,0
0073,49,6,3,0,6,0,rockets-honchkrow,Rocket's Honchkrow,0,0
0073,50,15,10,5,9,1,alakazam-dudunsparce,Alakazam Dudunsparce,0,0
0073,51,17,10,6,11,0,alakazam-dudunsparce,Alakazam Dudunsparce,0,0
0073,52,16,10,7,8,1,starmie-froslass,Starmie Froslass,0,0
0073,53,17,10,5,12,0,n-zoroark,N's Zoroark,1,0
0073,54,26,17,11,15,0,basic-box-m,Basic Box,0,0
0073,55,28,14,18,10,0,dragapult-dusknoir,Dragapult Dusknoir,0,0
0073,56,24,11,16,8,0,dragapult-froslass,Dragapult Froslass,0,0
0073,57,22,12,12,10,0,ogerpon-meganium-hydrapple,Ogerpon Meganium Hydrapple,0,0
0073,58,26,10,16,10,0,dragapult-ex,Dragapult,0,0
0073,59,12,6,5,7,0,mega-excadrill-ex,Mega Excadrill,0,0
0073,60,21,9,8,13,0,ceruledge-ex,Ceruledge,0,0
0073,61,19,11,5,14,0,n-zoroark,N's Zoroark,1,0
0073,62,26,16,11,15,0,basic-box-m,Basic Box,0,0
0073,63,17,10,7,9,1,alakazam-dudunsparce,Alakazam Dudunsparce,0,0
0073,64,8,5,1,7,0,manectric-eelektrik,Manectric Eelektrik,0,0
0073,65,15,6,9,6,0,mega-excadrill-ex,Mega Excadrill,0,0
0073,66,6,3,0,5,1,cynthia-garchomp-ex,Cynthia's Garchomp,1,0
0073,67,16,7,6,5,5,lopunny-dudunsparce,Lopunny Dudunsparce,0,0
0073,68,25,15,10,15,0,basic-box-m,Basic Box,1,0
0073,69,27,11,17,10,0,dragapult-ex,Dragapult,0,0
0073,70,27,11,17,10,0,dragapult-ex,Dragapult,0,0
0073,71,16,10,5,10,1,alakazam-dudunsparce,Alakazam Dudunsparce,0,0
0073,72,28,14,14,12,2,slowking-scr,Slowking,0,0
0073,73,27,11,17,10,0,dragapult-ex,Dragapult,0,0
0073,74,16,7,5,7,4,lopunny-dudunsparce,Lopunny Dudunsparce,0,0
0073,75,20,9,8,12,0,sharpedo-toxtricity,Sharpedo Toxtricity,0,0
0073,76,28,17,12,16,0,basic-box-m,Basic Box,1,0
0073,77,11,6,5,6,0,mega-venusaur-ex,Mega Venusaur,0,0
0073,78,26,13,12,12,2,slowking-scr,Slowking,0,0
0073,79,20,11,12,8,0,alakazam-dusknoir,Alakazam Dusknoir,1,0
0073,80,14,12,2,11,1,other,Other,0,0
0073,81,13,8,0,9,4,crustle-dri,Crustle,0,0
0073,82,18,11,5,12,1,alakazam-dudunsparce,Alakazam Dudunsparce,0,0
0073,83,21,11,16,4,1,lopunny-dusknoir,Lopunny Dusknoir,0,0
0073,84,6,3,0,6,0,rockets-honchkrow,Rocket's Honchkrow,1,0
0073,85,21,13,12,9,0,ogerpon-meganium-hydrapple,Ogerpon Meganium Hydrapple,0,0
0073,86,16,11,5,11,0,n-zoroark,N's Zoroark,1,0
0073,87,36,15,24,12,0,festival-lead,Festival Lead,0,0
0073,88,15,10,4,11,0,n-zoroark,N's Zoroark,0,0
0073,89,12,6,5,7,0,mega-excadrill-ex,Mega Excadrill,0,0
0073,90,26,10,16,10,0,dragapult-ex,Dragapult,1,0
0073,91,15,8,9,5,1,alakazam-dusknoir,Alakazam Dusknoir,0,0
0073,92,11,5,6,5,0,mega-excadrill-ex,Mega Excadrill,0,0
0073,93,14,10,5,8,1,alakazam-dudunsparce,Alakazam Dudunsparce,1,0
0073,94,26,11,16,10,0,dragapult-ex,Dragapult,0,0
0073,95,28,11,15,13,0,dragapult-ex,Dragapult,0,0
0073,96,15,6,9,6,0,mega-excadrill-ex,Mega Excadrill,1,0
0073,97,13,7,7,6,0,mega-excadrill-ex,Mega Excadrill,0,0
0073,98,20,11,17,2,1,lopunny-dusknoir,Lopunny Dusknoir,1,1
0073,99,28,13,18,10,0,dragapult-dusknoir,Dragapult Dusknoir,1,0
0073,100,25,11,16,9,0,dragapult-blaziken,Dragapult Blaziken,0,0
0073,101,23,11,7,16,0,lillie-clefairy,Lillie's Clefairy,0,0
0073,102,36,17,19,17,0,festival-lead,Festival Lead,1,0
0073,103,22,13,12,10,0,ogerpon-meganium-hydrapple,Ogerpon Meganium Hydrapple,0,0
0073,104,14,6,9,5,0,grimmsnarl-froslass,Grimmsnarl Froslass,0,0
0073,105,6,3,0,5,1,cynthia-garchomp-ex,Cynthia's Garchomp,0,0
0073,106,28,15,15,12,1,slowking-scr,Slowking,0,0
0073,107,11,6,2,5,4,hops-trevenant,Hop's Trevenant,0,0
0073,108,13,7,7,6,0,mega-lucario-ex,Mega Lucario,0,0
0073,109,16,8,4,12,0,n-zoroark,N's Zoroark,0,0
0073,110,14,8,0,10,4,crustle-dri,Crustle,0,0
0073,111,31,16,18,13,0,festival-lead,Festival Lead,0,0
0073,112,27,11,17,10,0,dragapult-ex,Dragapult,1,0
0073,113,31,16,19,12,0,dragapult-dusknoir,Dragapult Dusknoir,0,0
0073,114,17,10,7,7,3,lopunny-dudunsparce,Lopunny Dudunsparce,0,0
0073,115,30,14,20,10,0,dragapult-dusknoir,Dragapult Dusknoir,0,0
0073,116,31,14,21,10,0,dragapult-dusknoir,Dragapult Dusknoir,0,0
0073,117,34,14,19,15,0,festival-lead,Festival Lead,0,0
0073,118,26,12,14,12,0,slowking-scr,Slowking,0,0
0073,119,11,5,0,7,4,crustle-dri,Crustle,0,0
0073,120,4,2,0,4,0,lucario-hariyama,Lucario Hariyama,0,0
0073,121,14,8,5,8,1,starmie-froslass,Starmie Froslass,0,0
0073,122,15,11,6,8,1,alakazam-dudunsparce,Alakazam Dudunsparce,0,0
0073,123,17,10,6,10,1,alakazam-dudunsparce,Alakazam Dudunsparce,1,0
0073,124,26,14,16,10,0,slowking-scr,Slowking,0,0
0073,125,16,7,9,7,0,mega-excadrill-ex,Mega Excadrill,0,0
0073,126,26,10,16,10,0,dragapult-ex,Dragapult,1,0
0073,127,37,16,19,18,0,festival-lead,Festival Lead,0,0
0073,128,18,9,5,13,0,n-zoroark,N's Zoroark,0,0
0073,129,18,9,12,6,0,alakazam-dusknoir,Alakazam Dusknoir,1,0
0073,130,7,5,0,7,0,other,Other,0,0
0073,131,16,11,5,11,0,n-zoroark,N's Zoroark,0,0
0073,132,27,17,12,15,0,basic-box-m,Basic Box,1,0
0073,133,14,9,1,9,4,crustle-dri,Crustle,0,0
0073,134,27,13,17,10,0,dragapult-ex,Dragapult,0,0
0073,135,15,6,9,6,0,mega-excadrill-ex,Mega Excadrill,0,0
0073,136,19,10,14,3,2,lopunny-dusknoir,Lopunny Dusknoir,0,0
0073,137,19,11,13,6,0,alakazam-dusknoir,Alakazam Dusknoir,0,0
0073,138,9,7,1,8,0,dhelmise-pbl,Dhelmise,0,0
0073,139,27,13,14,13,0,slowking-scr,Slowking,0,0
0073,140,12,7,3,9,0,mega-manectric-ex-meg,Mega Manectric,0,0
0073,141,27,11,16,11,0,dragapult-ex,Dragapult,0,0
0073,142,6,3,0,5,1,cynthia-garchomp-ex,Cynthia's Garchomp,0,0
0073,143,32,15,18,14,0,festival-lead,Festival Lead,1,0
0073,144,15,6,9,6,0,mega-excadrill-ex,Mega Excadrill,0,0
0073,145,22,13,12,10,0,toucannon-pbl,Toucannon,0,0
0073,146,30,14,19,11,0,dragapult-dusknoir,Dragapult Dusknoir,1,0
0073,147,19,10,16,2,1,lopunny-dusknoir,Lopunny Dusknoir,0,0
0073,148,9,6,3,5,1,dhelmise-pbl,Dhelmise,0,0
0073,149,26,10,16,10,0,dragapult-ex,Dragapult,0,0
0073,150,19,9,10,9,0,diancie-dusknoir,Diancie Dusknoir,0,0
0073,151,15,6,9,6,0,mega-excadrill-ex,Mega Excadrill,0,0
0073,152,39,16,22,17,0,festival-lead,Festival Lead,0,0
0073,153,20,12,11,9,0,alakazam-dusknoir,Alakazam Dusknoir,0,0
0073,154,10,5,2,7,1,cynthia-garchomp-ex,Cynthia's Garchomp,0,0
0073,155,26,16,12,14,0,basic-box-m,Basic Box,0,0
0073,156,9,4,0,9,0,rockets-honchkrow,Rocket's Honchkrow,0,0
0073,157,4,3,0,4,0,lucario-hariyama,Lucario Hariyama,0,0
0073,158,30,14,15,11,4,seaking-pre,Seaking Festival Lead,1,0
0073,159,22,13,12,10,0,toucannon-pbl,Toucannon,0,0
0073,160,22,13,13,9,0,ogerpon-meganium-hydrapple,Ogerpon Meganium Hydrapple,0,0
0073,161,13,7,0,9,4,crustle-dri,Crustle,0,0
0073,162,16,12,5,11,0,n-zoroark,N's Zoroark,0,0
0073,163,10,5,2,8,0,eelektrik-blk,Eelektrik,0,0
0073,164,28,13,20,8,0,dragapult-dusknoir,Dragapult Dusknoir,0,0
0073,165,4,3,0,4,0,rocket-mewtwo-ex,Rocket's Mewtwo,0,0
0073,166,13,6,8,5,0,grimmsnarl-froslass,Grimmsnarl Froslass,0,0
0073,167,24,13,12,12,0,toucannon-pbl,Toucannon,0,0
0073,168,26,11,12,12,2,slowking-scr,Slowking,1,0
0073,169,18,9,8,10,0,sharpedo-toxtricity,Sharpedo Toxtricity,0,0
0073,170,23,15,14,9,0,ogerpon-meganium-hydrapple,Ogerpon Meganium Hydrapple,1,0
0073,171,15,6,9,6,0,mega-excadrill-ex,Mega Excadrill,1,0
0073,172,26,10,16,10,0,dragapult-ex,Dragapult,0,0
0073,173,16,9,4,12,0,n-zoroark,N's Zoroark,0,0
0073,174,12,7,5,6,1,mega-greninja-ex,Mega Greninja,0,0
0073,175,27,11,17,10,0,dragapult-ex,Dragapult,1,0
0073,176,27,11,17,10,0,dragapult-ex,Dragapult,0,0
0073,177,19,10,4,15,0,n-zoroark,N's Zoroark,0,0
0073,178,27,15,11,16,0,raging-bolt-ogerpon,Raging Bolt Ogerpon,0,0
0073,179,30,15,18,12,0,festival-lead,Festival Lead,0,0
0073,180,29,14,19,10,0,dragapult-dusknoir,Dragapult Dusknoir,1,0
0073,181,26,11,17,9,0,dragapult-ex,Dragapult,0,0
0073,182,27,12,18,9,0,dragapult-ex,Dragapult,1,0
0073,183,13,8,0,9,4,crustle-dri,Crustle,0,0
0073,184,30,15,18,12,0,festival-lead,Festival Lead,0,0
0073,185,29,12,21,7,1,dragapult-dusknoir,Dragapult Dusknoir,0,0
0073,186,24,10,11,11,2,slowking-scr,Slowking,0,0
0073,187,30,14,20,10,0,dragapult-dusknoir,Dragapult Dusknoir,1,0
0073,188,27,11,17,10,0,dragapult-ex,Dragapult,1,0
0073,189,17,9,6,8,3,yanmega-ex,Yanmega,0,0
0073,190,12,6,0,8,4,crustle-dri,Crustle,0,0
0073,191,11,6,6,5,0,mega-lucario-ex,Mega Lucario,0,0
0073,192,21,11,15,6,0,alakazam-dusknoir,Alakazam Dusknoir,1,0
0073,193,28,12,17,11,0,dragapult-ex,Dragapult,0,0
0073,194,22,11,6,12,4,kangaskhan-bouffalant,Kangaskhan Bouffalant,0,0
0073,195,26,12,17,9,0,dragapult-ex,Dragapult,0,0
0073,196,16,10,8,7,1,okidogi-twm,Okidogi,0,0
0073,197,14,9,8,5,1,mega-greninja-ex,Mega Greninja,0,0
0073,198,7,5,0,6,1,dhelmise-pbl,Dhelmise,0,0
0073,199,18,10,9,8,1,alakazam-dudunsparce,Alakazam Dudunsparce,0,0
0073,200,26,16,11,15,0,basic-box-m,Basic Box,0,0
0073,201,13,7,7,5,1,dhelmise-pbl,Dhelmise,0,0
0073,202,16,11,6,9,1,alakazam-dudunsparce,Alakazam Dudunsparce,0,0
0073,203,26,13,13,11,2,slowking-scr,Slowking,0,0
0073,204,18,10,11,6,1,dragapult-dudunsparce,Dragapult Dudunsparce,0,0
0073,205,28,14,13,13,2,slowking-scr,Slowking,0,0
0073,206,19,11,6,12,1,alakazam-dudunsparce,Alakazam Dudunsparce,0,0
0073,207,14,7,9,5,0,mega-excadrill-ex,Mega Excadrill,0,0
0073,208,27,17,11,16,0,basic-box-m,Basic Box,0,0
0073,209,26,10,16,10,0,dragapult-ex,Dragapult,1,0
0073,210,26,10,16,10,0,dragapult-ex,Dragapult,0,0
0073,211,28,14,13,13,2,slowking-scr,Slowking,0,0
0073,212,26,10,16,10,0,dragapult-ex,Dragapult,0,0
0073,213,27,13,14,13,0,slowking-scr,Slowking,0,0
0073,214,27,17,11,16,0,basic-box-m,Basic Box,0,0
0073,215,6,3,1,4,1,cynthia-garchomp-ex,Cynthia's Garchomp,0,0
0073,216,18,9,7,11,0,sharpedo-toxtricity,Sharpedo Toxtricity,1,0
0073,217,25,15,10,15,0,basic-box-m,Basic Box,0,0
0073,218,30,14,18,12,0,festival-lead,Festival Lead,0,0
0073,219,6,5,1,4,1,lucario-hariyama,Lucario Hariyama,0,0
0073,220,26,16,11,15,0,basic-box-m,Basic Box,0,0
0073,221,15,10,8,7,0,ogerpon-meganium-arboliva,Ogerpon Meganium Arboliva,0,0
0073,222,13,7,0,9,4,crustle-dri,Crustle,0,0
0073,223,10,5,3,6,1,alakazam-dudunsparce,Alakazam Dudunsparce,1,0
0073,224,26,17,12,14,0,basic-box-m,Basic Box,0,0
0073,225,16,10,10,6,0,metagross-cri,Metagross,0,0
0073,226,24,16,12,12,0,basic-box-m,Basic Box,1,0
0073,227,27,16,13,14,0,raging-bolt-ogerpon,Raging Bolt Ogerpon,0,0
0073,228,26,11,16,10,0,dragapult-dudunsparce,Dragapult Dudunsparce,1,0
0073,229,19,12,6,11,2,mega-darkrai-ex,Mega Darkrai,0,0
0073,230,17,12,6,10,1,alakazam-dudunsparce,Alakazam Dudunsparce,0,0
0073,231,27,11,17,10,0,dragapult-ex,Dragapult,1,0
0073,232,18,12,4,14,0,n-zoroark,N's Zoroark,0,0
0073,233,30,14,19,11,0,dragapult-dusknoir,Dragapult Dusknoir,1,0
0073,234,27,12,14,11,2,slowking-scr,Slowking,1,0
0073,235,26,10,16,10,0,dragapult-ex,Dragapult,0,0
0073,236,31,13,17,11,3,slowking-scr,Slowking,0,0
0073,237,27,11,17,10,0,dragapult-ex,Dragapult,0,0
0073,238,25,16,10,15,0,basic-box-m,Basic Box,1,0
0073,239,33,18,20,13,0,tera-box,Tera Box,0,0
0073,240,25,11,16,9,0,dragapult-blaziken,Dragapult Blaziken,0,0
0073,241,4,3,0,4,0,lucario-hariyama,Lucario Hariyama,0,0
0073,242,29,14,20,8,1,dragapult-dusknoir,Dragapult Dusknoir,0,0
0073,243,26,11,17,9,0,dragapult-ex,Dragapult,0,0
0073,244,9,4,0,9,0,rockets-honchkrow,Rocket's Honchkrow,0,0
0073,245,23,10,10,10,3,slowking-scr,Slowking,0,0
0073,246,8,6,3,5,0,dhelmise-pbl,Dhelmise,0,0
0073,247,27,16,10,17,0,basic-box-m,Basic Box,1,0
0073,248,15,8,4,10,1,dhelmise-pbl,Dhelmise,0,0
0073,249,12,6,4,8,0,mega-excadrill-ex,Mega Excadrill,0,0
0073,250,14,8,0,10,4,crustle-dri,Crustle,0,0
0073,251,31,14,17,14,0,festival-lead,Festival Lead,1,0
0073,252,19,12,4,15,0,n-zoroark,N's Zoroark,0,0
0073,253,27,18,11,16,0,basic-box-m,Basic Box,0,0
0073,254,7,3,0,7,0,iono-bellibolt,Iono's Bellibolt,0,0
0073,255,33,15,19,14,0,festival-lead,Festival Lead,0,0
0073,256,10,6,4,6,0,beedrill-ex-cri,Beedrill,0,0
0073,257,4,2,0,4,0,dhelmise-pbl,Dhelmise,0,0
0073,258,17,8,5,7,5,lopunny-dudunsparce,Lopunny Dudunsparce,0,0
0073,259,6,5,2,4,0,dhelmise-pbl,Dhelmise,0,0
0073,260,26,10,16,10,0,dragapult-ex,Dragapult,0,0
0073,261,22,10,8,12,2,slowking-scr,Slowking,0,0
0073,262,13,8,6,7,0,toxtricity-box,Toxtricity Box,0,0
0073,263,6,3,0,6,0,rocket-mewtwo-ex,Rocket's Mewtwo,0,0
0073,264,26,16,11,15,0,basic-box-m,Basic Box,1,0
0073,265,21,14,5,16,0,n-zoroark,N's Zoroark,0,0
0073,266,27,11,17,10,0,dragapult-ex,Dragapult,0,0
0073,267,27,11,17,10,0,dragapult-ex,Dragapult,0,0
0073,268,20,12,11,9,0,ogerpon-meganium-hydrapple,Ogerpon Meganium Hydrapple,0,0
0073,269,27,17,13,14,0,raging-bolt-ogerpon,Raging Bolt Ogerpon,0,0
0073,270,16,11,5,10,1,alakazam-dudunsparce,Alakazam Dudunsparce,0,0
0073,271,28,13,14,12,2,slowking-scr,Slowking,0,0
0073,272,6,3,0,6,0,cynthia-garchomp-ex,Cynthia's Garchomp,0,0
0073,273,18,11,4,14,0,n-zoroark,N's Zoroark,1,0
0073,274,6,3,0,6,0,rocket-mewtwo-ex,Rocket's Mewtwo,0,0
0073,275,21,14,11,10,0,alakazam-dusknoir,Alakazam Dusknoir,0,0
0073,276,27,11,17,10,0,dragapult-ex,Dragapult,0,0
0073,277,12,6,5,7,0,mega-excadrill-ex,Mega Excadrill,0,0
0073,278,15,9,3,12,0,n-zoroark,N's Zoroark,0,0
0073,279,19,12,4,15,0,n-zoroark,N's Zoroark,0,0
0073,280,16,7,6,6,4,lopunny-dudunsparce,Lopunny Dudunsparce,0,0
0073,281,14,9,3,11,0,n-zoroark,N's Zoroark,1,0
0073,282,24,14,10,14,0,mew-ex-30c,Mew Box,0,0
0073,283,16,11,5,10,1,alakazam-dudunsparce,Alakazam Dudunsparce,0,0
0073,284,10,4,4,6,0,mega-excadrill-ex,Mega Excadrill,0,0
0073,285,28,14,13,13,2,slowking-scr,Slowking,1,0
0073,286,24,11,12,11,1,slowking-scr,Slowking,0,0
0073,287,27,11,17,10,0,dragapult-ex,Dragapult,0,0
0073,288,17,11,4,13,0,n-zoroark,N's Zoroark,0,0
0073,289,26,17,11,15,0,basic-box-m,Basic Box,0,0
0073,290,15,8,4,11,0,ethan-typhlosion,Ethan's Typhlosion,0,0
0073,291,16,8,8,8,0,sharpedo-toxtricity,Sharpedo Toxtricity,0,0
0073,292,31,15,19,12,0,festival-lead,Festival Lead,0,0
0073,293,12,6,6,6,0,mega-excadrill-ex,Mega Excadrill,0,0
0073,294,26,10,12,11,3,slowking-scr,Slowking,1,0
0073,295,27,17,11,16,0,basic-box-m,Basic Box,0,0
0073,296,8,3,0,8,0,rockets-honchkrow,Rocket's Honchkrow,0,0
0073,297,9,6,6,3,0,mega-absol-box,Mega Absol Box,0,0
0073,298,29,15,14,14,1,slowking-scr,Slowking,0,0
0073,299,25,11,15,10,0,dragapult-ex,Dragapult,1,0
0073,300,21,11,12,9,0,ogerpon-meganium-hydrapple,Ogerpon Meganium Hydrapple,0,0
0073,301,31,13,18,13,0,dragapult-dusknoir,Dragapult Dusknoir,0,0
0073,302,18,10,6,12,0,ceruledge-ex,Ceruledge,0,0
0073,303,27,12,12,13,2,slowking-scr,Slowking,0,0
0073,304,28,12,12,14,2,slowking-scr,Slowking,0,0
0073,305,6,5,0,6,0,lucario-hariyama,Lucario Hariyama,0,0
0073,306,9,4,1,8,0,rockets-honchkrow,Rocket's Honchkrow,1,0
0073,307,26,15,11,15,0,raging-bolt-ogerpon,Raging Bolt Ogerpon,1,0
0073,308,27,11,16,11,0,dragapult-ex,Dragapult,1,0
0073,309,27,13,17,10,0,dragapult-blaziken,Dragapult Blaziken,0,0
0073,310,16,10,6,9,1,alakazam-dudunsparce,Alakazam Dudunsparce,0,0
0073,311,8,6,0,8,0,lucario-hariyama,Lucario Hariyama,0,0
0073,312,28,12,12,14,2,slowking-scr,Slowking,0,0
0073,313,11,5,2,9,0,mega-greninja-ex,Mega Greninja,0,0
0073,314,9,6,5,4,0,cinccino-ex,Cinccino,0,0
0073,315,11,6,3,7,1,gengar-ex,Gengar,0,0
0073,316,17,7,9,8,0,grimmsnarl-froslass,Grimmsnarl Froslass,0,0
0073,317,8,6,4,4,0,mega-excadrill-ex,Mega Excadrill,0,0
0073,318,25,10,15,10,0,dragapult-ex,Dragapult,0,0
0073,319,17,10,10,7,0,mega-venusaur-ex,Mega Venusaur,0,0
0073,320,25,16,11,14,0,basic-box-m,Basic Box,0,0
0073,321,17,7,5,7,5,lopunny-dudunsparce,Lopunny Dudunsparce,0,0
0073,322,12,6,5,7,0,mega-lucario-ex,Mega Lucario,0,0
0073,323,26,12,16,10,0,dragapult-ex,Dragapult,0,0
0073,324,3,2,0,3,0,lucario-hariyama,Lucario Hariyama,1,1
0073,325,26,10,16,10,0,dragapult-ex,Dragapult,0,0
0073,326,17,9,7,9,1,mega-starmie-ex,Mega Starmie,0,0
0073,327,25,11,16,9,0,dragapult-blaziken,Dragapult Blaziken,1,1
0073,328,15,11,5,10,0,ethan-typhlosion,Ethan's Typhlosion,0,0
0073,329,16,11,5,10,1,alakazam-dudunsparce,Alakazam Dudunsparce,0,0
0073,330,30,13,19,11,0,dragapult-dusknoir,Dragapult Dusknoir,0,0
0073,331,9,6,5,4,0,mega-excadrill-ex,Mega Excadrill,0,0
0073,332,25,13,10,13,2,slowking-scr,Slowking,0,0
0073,333,26,17,12,14,0,basic-box-m,Basic Box,0,0
0073,334,27,13,17,10,0,dragapult-blaziken,Dragapult Blaziken,0,0
0073,335,18,10,7,11,0,beedrill-ex-cri,Beedrill,1,0
0073,336,22,10,14,8,0,ogerpon-meganium-hydrapple,Ogerpon Meganium Hydrapple,0,0
0073,337,14,8,4,10,0,dhelmise-pbl,Dhelmise,0,0
0073,338,22,13,14,8,0,ogerpon-meganium-hydrapple,Ogerpon Meganium Hydrapple,0,0
0073,339,25,10,15,10,0,dragapult-ex,Dragapult,0,0
0073,340,26,11,16,10,0,dragapult-ex,Dragapult,1,0
0073,341,27,11,16,11,0,dragapult-ex,Dragapult,0,0
0073,342,25,10,16,9,0,dragapult-ex,Dragapult,0,0
0073,343,26,16,12,14,0,basic-box-m,Basic Box,0,0
0073,344,12,7,6,6,0,mega-lucario-ex,Mega Lucario,0,0
0073,345,16,7,9,7,0,mega-excadrill-ex,Mega Excadrill,0,0
0073,346,15,10,5,9,1,alakazam-dudunsparce,Alakazam Dudunsparce,0,0
0073,347,23,14,10,13,0,clefairy-ogerpon,Clefairy Ogerpon,1,0
0073,348,4,2,0,4,0,rockets-honchkrow,Rocket's Honchkrow,0,0
0073,349,27,12,13,12,2,slowking-scr,Slowking,0,0
0073,350,8,3,0,8,0,rockets-honchkrow,Rocket's Honchkrow,0,0
0073,351,18,12,4,14,0,n-zoroark,N's Zoroark,0,0
0073,352,26,10,16,10,0,dragapult-ex,Dragapult,0,0
0073,353,27,11,17,10,0,dragapult-ex,Dragapult,0,0
0073,354,6,4,1,5,0,mega-lucario-ex,Mega Lucario,1,0
0073,355,26,10,16,10,0,dragapult-ex,Dragapult,1,0
0073,356,26,12,17,9,0,dragapult-blaziken,Dragapult Blaziken,1,0
0073,357,32,16,21,11,0,dragapult-dusknoir,Dragapult Dusknoir,0,0
0073,358,18,9,9,9,0,mega-excadrill-ex,Mega Excadrill,0,0
0073,359,12,7,6,5,1,dhelmise-pbl,Dhelmise,0,0
0073,360,18,9,5,13,0,n-zoroark,N's Zoroark,0,0
0073,361,14,9,0,10,4,crustle-dri,Crustle,0,0
0073,362,27,11,17,10,0,dragapult-ex,Dragapult,1,0
0073,363,22,13,14,8,0,ogerpon-meganium-hydrapple,Ogerpon Meganium Hydrapple,1,0
0073,364,26,12,17,9,0,dragapult-dudunsparce,Dragapult Dudunsparce,1,0
0073,365,26,16,11,15,0,basic-box-m,Basic Box,0,0
0073,366,26,16,11,15,0,basic-box-m,Basic Box,0,0
0073,367,17,11,6,11,0,n-zoroark,N's Zoroark,0,0
0073,368,19,10,5,13,1,sharpedo-toxtricity,Sharpedo Toxtricity,0,0
0073,369,27,12,12,13,2,slowking-scr,Slowking,0,0
0073,370,29,13,20,9,0,dragapult-dusknoir,Dragapult Dusknoir,0,0
0073,371,27,12,18,9,0,dragapult-ex,Dragapult,1,0
0073,372,27,17,11,16,0,basic-box-m,Basic Box,0,0
0073,373,34,15,20,14,0,festival-lead,Festival Lead,0,0
0073,374,27,12,14,12,1,slowking-scr,Slowking,1,0
0073,375,11,6,0,7,4,crustle-dri,Crustle,0,0
0073,376,16,7,7,4,5,lopunny-dudunsparce,Lopunny Dudunsparce,0,0
0073,377,29,12,21,7,1,dragapult-dusknoir,Dragapult Dusknoir,0,0
0073,378,19,12,5,14,0,n-zoroark,N's Zoroark,0,0
0073,379,11,5,5,6,0,mega-excadrill-ex,Mega Excadrill,0,0
0073,380,8,4,0,8,0,rocket-mewtwo-ex,Rocket's Mewtwo,0,0
0073,381,14,9,5,8,1,alakazam-dudunsparce,Alakazam Dudunsparce,0,0
0073,382,27,11,17,10,0,dragapult-ex,Dragapult,0,0
0073,383,22,10,9,11,2,ceruledge-ex,Ceruledge,0,0
0073,384,9,5,1,8,0,lucario-hariyama,Lucario Hariyama,0,0
0073,385,26,10,16,10,0,dragapult-ex,Dragapult,0,0
0073,386,27,11,17,10,0,dragapult-ex,Dragapult,0,0
0073,387,11,6,2,9,0,dhelmise-pbl,Dhelmise,1,0
0073,388,39,16,20,19,0,festival-lead,Festival Lead,0,0
0073,389,21,10,11,10,0,archaludon-ex,Archaludon,0,0
0073,390,26,10,16,10,0,dragapult-ex,Dragapult,1,0
0073,391,27,12,13,14,0,slowking-scr,Slowking,0,0
0073,392,18,10,7,11,0,mega-darkrai-ex,Mega Darkrai,0,0
0073,393,33,17,20,13,0,festival-lead,Festival Lead,0,0
0073,394,26,10,16,10,0,dragapult-ex,Dragapult,0,0
0073,395,26,10,16,10,0,dragapult-ex,Dragapult,1,0
0073,396,14,8,4,10,0,n-zoroark,N's Zoroark,1,0
0073,397,17,10,3,14,0,n-zoroark,N's Zoroark,0,0
0073,398,30,13,17,10,3,seaking-pre,Seaking Festival Lead,1,0
0073,399,27,17,11,16,0,basic-box-m,Basic Box,0,0
0073,400,14,10,6,7,1,alakazam-dudunsparce,Alakazam Dudunsparce,0,0
0073,401,16,9,0,13,3,crustle-dri,Crustle,0,0
0073,402,27,12,12,13,2,slowking-scr,Slowking,1,0
0073,403,9,5,1,8,0,rocket-mewtwo-ex,Rocket's Mewtwo,0,0
0073,404,8,5,1,6,1,dhelmise-pbl,Dhelmise,0,0
0073,405,28,14,13,13,2,slowking-scr,Slowking,0,0
0073,406,12,8,7,5,0,mega-excadrill-ex,Mega Excadrill,0,0
0073,407,27,11,17,10,0,dragapult-ex,Dragapult,0,0
0073,408,16,11,5,10,1,alakazam-dudunsparce,Alakazam Dudunsparce,0,0
0073,409,7,3,0,7,0,rockets-honchkrow,Rocket's Honchkrow,1,0
0073,410,17,10,7,9,1,alakazam-dudunsparce,Alakazam Dudunsparce,0,0
0073,411,11,5,5,6,0,mega-excadrill-ex,Mega Excadrill,1,0
0073,412,31,15,18,13,0,festival-lead,Festival Lead,0,0
0073,413,25,16,11,14,0,basic-box-m,Basic Box,0,0
0073,414,15,6,8,7,0,mega-excadrill-ex,Mega Excadrill,1,0
0073,415,8,7,3,5,0,mega-lucario-ex,Mega Lucario,0,0
0073,416,23,15,12,11,0,ogerpon-meganium-hydrapple,Ogerpon Meganium Hydrapple,0,0
0073,417,31,10,16,11,4,seaking-pre,Seaking Festival Lead,0,0
0073,418,15,9,5,7,3,ceruledge-ex,Ceruledge,0,0
0073,419,15,8,8,7,0,mega-excadrill-ex,Mega Excadrill,0,0
0073,420,18,9,9,9,0,ethan-typhlosion,Ethan's Typhlosion,0,0
0073,421,30,14,19,11,0,dragapult-dusknoir,Dragapult Dusknoir,0,0
0073,422,29,15,18,11,0,festival-lead,Festival Lead,0,0
0073,423,14,8,0,10,4,crustle-dri,Crustle,0,0
0073,424,29,13,18,11,0,dragapult-dusknoir,Dragapult Dusknoir,0,0
0073,425,31,14,21,10,0,dragapult-dusknoir,Dragapult Dusknoir,0,0
0073,426,26,10,16,10,0,dragapult-ex,Dragapult,0,0
0073,427,18,11,5,13,0,n-zoroark,N's Zoroark,0,0
0073,428,26,10,16,10,0,dragapult-ex,Dragapult,1,0
0073,429,26,16,11,15,0,basic-box-m,Basic Box,0,0
0073,430,27,12,17,10,0,dragapult-blaziken,Dragapult Blaziken,0,0
0073,431,26,11,12,12,2,slowking-scr,Slowking,0,0
0073,432,27,11,17,10,0,dragapult-ex,Dragapult,0,0
0073,433,5,3,1,4,0,dhelmise-pbl,Dhelmise,0,0
0073,434,26,17,11,15,0,basic-box-m,Basic Box,0,0
0073,435,13,7,2,11,0,n-zoroark,N's Zoroark,0,0
0073,436,17,11,4,13,0,n-zoroark,N's Zoroark,0,0
0073,437,27,13,14,13,0,slowking-scr,Slowking,0,0
0073,438,12,7,0,8,4,crustle-dri,Crustle,0,0
0073,439,29,14,14,13,2,slowking-scr,Slowking,0,0
0073,440,26,10,16,10,0,dragapult-ex,Dragapult,1,0
0073,441,25,12,16,9,0,dragapult-ex,Dragapult,0,0
0073,442,12,6,2,9,1,dhelmise-pbl,Dhelmise,0,0
0073,443,29,12,13,13,3,slowking-scr,Slowking,0,0
0073,444,20,10,13,7,0,other,Other,0,0
0073,445,10,4,4,6,0,mega-excadrill-ex,Mega Excadrill,0,0
0073,446,12,6,0,8,4,crustle-dri,Crustle,0,0
0073,447,17,10,6,10,1,alakazam-dudunsparce,Alakazam Dudunsparce,1,0
0073,448,26,11,16,10,0,dragapult-ex,Dragapult,0,0
0073,449,9,4,1,7,1,dhelmise-pbl,Dhelmise,0,0
0073,450,22,12,12,10,0,ogerpon-meganium-hydrapple,Ogerpon Meganium Hydrapple,1,0
0073,451,15,8,6,9,0,starmie-froslass,Starmie Froslass,0,0
0073,452,27,13,18,9,0,dragapult-dusknoir,Dragapult Dusknoir,0,0
0073,453,31,15,16,15,0,festival-lead,Festival Lead,0,0
0073,454,27,12,17,10,0,dragapult-blaziken,Dragapult Blaziken,0,0
0073,455,14,10,4,10,0,n-zoroark,N's Zoroark,0,0
0073,456,16,9,4,11,1,starmie-froslass,Starmie Froslass,0,0
0073,457,25,11,16,9,0,dragapult-ex,Dragapult,0,0
0073,458,15,6,9,6,0,mega-excadrill-ex,Mega Excadrill,0,0
0073,459,23,10,12,11,0,other,Other,0,0
0073,460,25,15,10,15,0,basic-box-m,Basic Box,0,0
0073,461,27,11,17,10,0,dragapult-ex,Dragapult,0,0
0073,462,27,12,18,9,0,dragapult-ex,Dragapult,1,0
0073,463,18,11,5,13,0,n-zoroark,N's Zoroark,0,0
0073,464,29,14,19,10,0,dragapult-dusknoir,Dragapult Dusknoir,0,0
0073,465,26,11,16,10,0,dragapult-ex,Dragapult,0,0
0073,466,31,14,20,11,0,dragapult-dusknoir,Dragapult Dusknoir,0,0
0073,467,26,10,16,10,0,dragapult-ex,Dragapult,1,0
0073,468,19,10,6,9,4,other,Other,0,0
0073,469,17,10,7,9,1,alakazam-dudunsparce,Alakazam Dudunsparce,0,0
0073,470,19,11,6,12,1,alakazam-dudunsparce,Alakazam Dudunsparce,0,0
0073,471,8,3,0,8,0,rockets-honchkrow,Rocket's Honchkrow,0,0
0073,472,25,16,10,15,0,basic-box-m,Basic Box,0,0
0073,473,8,4,0,7,1,cynthia-garchomp-ex,Cynthia's Garchomp,1,0
0073,474,27,11,17,10,0,dragapult-ex,Dragapult,1,0
0073,475,17,9,9,8,0,ethan-typhlosion,Ethan's Typhlosion,0,0
0073,476,22,13,12,10,0,ogerpon-meganium-hydrapple,Ogerpon Meganium Hydrapple,0,0
0073,477,29,13,20,9,0,dragapult-dusknoir,Dragapult Dusknoir,0,0
0073,478,19,11,6,13,0,n-zoroark,N's Zoroark,1,0
0073,479,26,12,17,9,0,dragapult-blaziken,Dragapult Blaziken,0,0
0073,480,15,6,8,7,0,mega-excadrill-ex,Mega Excadrill,0,0
0073,481,12,6,0,8,4,crustle-dri,Crustle,1,0
0073,482,14,8,0,10,4,crustle-dri,Crustle,0,0
0073,483,25,15,10,15,0,basic-box-m,Basic Box,0,0
0073,484,6,5,1,5,0,lucario-hariyama,Lucario Hariyama,0,0
0073,485,25,11,17,8,0,dragapult-blaziken,Dragapult Blaziken,0,0
0073,486,13,11,8,5,0,toxtricity-box,Toxtricity Box,0,0
0073,487,26,12,13,12,1,slowking-scr,Slowking,0,0
0073,488,27,18,12,15,0,basic-box-m,Basic Box,0,0
0073,489,19,12,3,16,0,n-zoroark,N's Zoroark,1,0
0073,490,27,13,17,10,0,dragapult-blaziken,Dragapult Blaziken,1,0
0073,491,8,3,0,8,0,rockets-honchkrow,Rocket's Honchkrow,0,0
0073,492,13,8,4,8,1,alakazam-dudunsparce,Alakazam Dudunsparce,1,0
0073,493,22,12,12,10,0,ogerpon-meganium-hydrapple,Ogerpon Meganium Hydrapple,0,0
0073,494,22,15,12,10,0,basic-box-m,Basic Box,1,1
0073,495,27,11,17,10,0,dragapult-ex,Dragapult,1,0
0073,496,17,10,11,5,1,mega-greninja-ex,Mega Greninja,0,0
0073,497,16,11,5,11,0,n-zoroark,N's Zoroark,0,0
0073,498,33,15,21,12,0,festival-lead,Festival Lead,0,0
0073,499,27,13,17,10,0,dragapult-blaziken,Dragapult Blaziken,0,0
0073,500,26,10,16,10,0,dragapult-ex,Dragapult,0,0
0073,501,26,10,16,10,0,dragapult-ex,Dragapult,1,0
0073,502,11,6,4,7,0,mega-excadrill-ex,Mega Excadrill,0,0
0073,503,9,6,3,5,1,dhelmise-pbl,Dhelmise,0,0
0073,504,7,4,1,5,1,cynthia-garchomp-ex,Cynthia's Garchomp,1,0
0073,505,19,10,4,15,0,n-zoroark,N's Zoroark,0,0
0073,506,19,11,10,6,3,kangaskhan-bouffalant,Kangaskhan Bouffalant,0,0
0073,507,11,7,4,7,0,gengar-ex,Gengar,0,0
0073,508,26,10,16,10,0,dragapult-ex,Dragapult,0,0
0073,509,26,10,16,10,0,dragapult-ex,Dragapult,0,0
0073,510,17,10,6,10,1,alakazam-dudunsparce,Alakazam Dudunsparce,0,0
0073,511,31,13,21,10,0,dragapult-dusknoir,Dragapult Dusknoir,0,0
0073,512,7,4,0,7,0,rocket-mewtwo-ex,Rocket's Mewtwo,0,0
0073,513,15,9,6,9,0,ogerpon-meganium-arboliva,Ogerpon Meganium Arboliva,0,0
0073,514,29,13,18,11,0,dragapult-dusknoir,Dragapult Dusknoir,0,0
0073,515,32,14,20,12,0,festival-lead,Festival Lead,0,0
0073,516,26,16,11,15,0,basic-box-m,Basic Box,1,0
0073,517,22,11,9,11,2,slowking-scr,Slowking,0,0
0073,518,27,17,11,16,0,basic-box-m,Basic Box,0,0
0073,519,10,6,5,4,1,okidogi-barbaracle,Okidogi Barbaracle,1,0
0073,520,12,6,5,7,0,mega-venusaur-ex,Mega Venusaur,0,0
0073,522,16,11,5,10,1,alakazam-dudunsparce,Alakazam Dudunsparce,0,0
0073,523,5,5,1,4,0,doublade-por,Doublade,0,0
0073,524,14,9,5,8,1,alakazam-dudunsparce,Alakazam Dudunsparce,1,0
0073,525,15,6,9,6,0,mega-excadrill-ex,Mega Excadrill,0,0
0073,526,26,10,16,10,0,dragapult-ex,Dragapult,0,0
0073,527,11,4,6,5,0,mega-excadrill-ex,Mega Excadrill,0,0
0073,528,19,11,5,14,0,n-zoroark,N's Zoroark,1,0
0073,529,10,5,2,8,0,dhelmise-pbl,Dhelmise,0,0
0073,530,30,14,19,11,0,dragapult-dusknoir,Dragapult Dusknoir,1,0
0073,531,27,12,17,10,0,dragapult-ex,Dragapult,0,0
0073,532,11,7,3,8,0,yanmega-ex,Yanmega,0,0
0073,533,14,9,7,7,0,toxtricity-box,Toxtricity Box,0,0
0073,534,16,8,6,5,5,lopunny-dudunsparce,Lopunny Dudunsparce,0,0
0073,535,16,7,9,7,0,grimmsnarl-froslass,Grimmsnarl Froslass,0,0
0073,536,23,11,9,14,0,basic-box-m,Basic Box,0,0
0073,537,27,11,17,10,0,dragapult-ex,Dragapult,1,0
0073,538,11,5,0,11,0,misty-gyarados,Misty's Gyarados,0,0
0073,539,20,13,11,9,0,ogerpon-meganium-hydrapple,Ogerpon Meganium Hydrapple,0,0
0073,540,18,11,7,10,1,alakazam-dudunsparce,Alakazam Dudunsparce,0,0
0073,541,24,10,15,9,0,dragapult-ex,Dragapult,0,0
0073,542,12,7,3,6,3,hops-trevenant,Hop's Trevenant,0,0
0073,543,10,6,2,7,1,dhelmise-pbl,Dhelmise,0,0
0073,544,14,10,5,9,0,n-zoroark,N's Zoroark,0,0
0073,545,17,10,7,9,1,alakazam-dudunsparce,Alakazam Dudunsparce,0,0
0073,546,31,14,20,11,0,dragapult-dusknoir,Dragapult Dusknoir,0,0
0073,547,27,11,13,11,3,slowking-scr,Slowking,0,0
0073,548,10,5,2,7,1,dhelmise-pbl,Dhelmise,1,0
0073,549,26,10,16,10,0,dragapult-ex,Dragapult,0,0
0073,550,27,12,12,13,2,slowking-scr,Slowking,0,0
0073,551,16,8,11,4,1,mega-greninja-ex,Mega Greninja,1,0
0073,552,27,17,12,15,0,basic-box-m,Basic Box,0,0
0073,553,15,6,9,6,0,mega-excadrill-ex,Mega Excadrill,1,0
0073,554,21,10,18,2,1,lopunny-dusknoir,Lopunny Dusknoir,1,0
0073,555,27,11,17,10,0,dragapult-ex,Dragapult,0,0
0073,556,33,14,19,14,0,festival-lead,Festival Lead,0,0
0073,557,23,16,13,10,0,basic-box-m,Basic Box,1,0
0073,558,5,4,1,4,0,lucario-hariyama,Lucario Hariyama,0,0
0073,559,12,7,0,8,4,crustle-dri,Crustle,0,0
0073,560,15,8,6,5,4,toucannon-pbl,Toucannon,1,0
0073,561,27,16,12,15,0,raging-bolt-ogerpon,Raging Bolt Ogerpon,1,0
0073,562,24,11,15,9,0,dragapult-blaziken,Dragapult Blaziken,0,0
0073,563,25,11,16,9,0,dragapult-blaziken,Dragapult Blaziken,0,0
0073,564,15,7,8,7,0,mega-excadrill-ex,Mega Excadrill,0,0
0073,565,27,11,16,11,0,dragapult-ex,Dragapult,1,1
0073,566,24,11,15,9,0,dragapult-blaziken,Dragapult Blaziken,0,0
0073,567,27,17,11,16,0,basic-box-m,Basic Box,0,0
0073,568,29,14,18,11,0,dragapult-ex,Dragapult,0,0
0073,569,16,7,9,7,0,mega-excadrill-ex,Mega Excadrill,0,0
0073,570,27,11,17,10,0,dragapult-ex,Dragapult,0,0
0073,571,17,11,9,7,1,mega-greninja-ex,Mega Greninja,0,0
0073,572,31,14,20,11,0,dragapult-dusknoir,Dragapult Dusknoir,0,0
0073,573,27,12,18,9,0,dragapult-blaziken,Dragapult Blaziken,0,0
0073,574,31,16,18,13,0,festival-lead,Festival Lead,0,0
0073,575,7,4,1,5,1,cynthia-garchomp-ex,Cynthia's Garchomp,0,0
0073,576,6,3,4,2,0,cinccino-ex,Cinccino,0,0
0073,577,11,6,0,7,4,crustle-dri,Crustle,0,0
0073,578,26,16,12,14,0,raging-bolt-ogerpon,Raging Bolt Ogerpon,1,0
0073,579,26,10,16,10,0,dragapult-ex,Dragapult,0,0
0073,580,29,16,19,10,0,dragapult-dusknoir,Dragapult Dusknoir,1,0
0073,581,26,10,16,10,0,dragapult-ex,Dragapult,1,0
0073,582,26,10,16,10,0,dragapult-ex,Dragapult,0,0
0073,583,25,15,10,15,0,basic-box-m,Basic Box,0,0
0073,584,12,6,0,8,4,crustle-dri,Crustle,1,0
0073,585,7,3,0,7,0,iono-bellibolt,Iono's Bellibolt,0,0
0073,586,22,12,17,4,1,lopunny-dusknoir,Lopunny Dusknoir,0,0
0073,587,6,3,0,6,0,rocket-mewtwo-ex,Rocket's Mewtwo,0,0
0073,588,27,11,17,10,0,dragapult-ex,Dragapult,0,0
0073,589,26,14,12,14,0,raging-bolt-ogerpon,Raging Bolt Ogerpon,0,0
0073,590,39,19,20,19,0,festival-lead,Festival Lead,0,0
0073,591,26,16,11,15,0,basic-box-m,Basic Box,0,0
0073,592,6,4,0,5,1,cynthia-garchomp-ex,Cynthia's Garchomp,0,0
0073,593,32,15,18,14,0,festival-lead,Festival Lead,0,0
0073,594,28,14,13,13,2,slowking-scr,Slowking,1,0
0073,595,32,17,16,15,1,slowking-scr,Slowking,0,0
0073,596,30,14,20,10,0,dragapult-dusknoir,Dragapult Dusknoir,0,0
0073,597,9,6,2,6,1,dhelmise-pbl,Dhelmise,0,0
0073,598,28,13,18,10,0,dragapult-blaziken,Dragapult Blaziken,0,0
0073,599,39,17,22,17,0,festival-lead,Festival Lead,0,0
0073,600,16,7,7,9,0,mega-excadrill-ex,Mega Excadrill,0,0
0073,601,22,12,12,10,0,ogerpon-meganium-hydrapple,Ogerpon Meganium Hydrapple,0,0
0073,602,9,6,3,6,0,other,Other,0,0
0073,603,26,10,16,10,0,dragapult-ex,Dragapult,1,0
0073,604,30,14,19,11,0,dragapult-dusknoir,Dragapult Dusknoir,0,0
0073,605,17,10,4,13,0,n-zoroark,N's Zoroark,1,0
0073,606,13,7,6,7,0,ogerpon-meganium,Ogerpon Meganium,0,0
0073,607,17,10,9,6,2,kangaskhan-bouffalant,Kangaskhan Bouffalant,0,0
0073,608,28,12,19,9,0,dragapult-dusknoir,Dragapult Dusknoir,0,0
0073,609,27,12,18,9,0,dragapult-ex,Dragapult,0,0
0073,610,17,11,4,13,0,n-zoroark,N's Zoroark,0,0
0073,611,26,10,16,10,0,dragapult-ex,Dragapult,0,0
0073,612,18,12,8,9,1,alakazam-dudunsparce,Alakazam Dudunsparce,0,0
0073,613,17,10,5,11,1,alakazam-dudunsparce,Alakazam Dudunsparce,0,0
0073,614,30,13,19,11,0,dragapult-dusknoir,Dragapult Dusknoir,0,0
0073,615,26,10,16,10,0,dragapult-ex,Dragapult,0,0
0073,616,17,8,7,5,5,lopunny-dudunsparce,Lopunny Dudunsparce,0,0
0073,617,17,11,4,13,0,n-zoroark,N's Zoroark,0,0
0073,618,7,6,1,6,0,lucario-hariyama,Lucario Hariyama,0,0
0073,619,7,5,0,7,0,rocket-mewtwo-ex,Rocket's Mewtwo,0,0
0073,620,26,10,16,10,0,dragapult-ex,Dragapult,0,0
0073,621,15,8,0,11,4,crustle-dri,Crustle,1,0
0073,622,4,3,0,4,0,other,Other,0,0
0073,623,5,5,2,3,0,lucario-hariyama,Lucario Hariyama,0,0
0073,624,11,6,3,7,1,dhelmise-pbl,Dhelmise,0,0
0073,625,18,10,6,12,0,n-zoroark,N's Zoroark,0,0
0073,626,26,11,16,10,0,dragapult-ex,Dragapult,1,1
0073,627,31,14,18,13,0,festival-lead,Festival Lead,0,0
0073,628,16,13,4,10,2,crustle-dri,Crustle,0,0
0073,629,25,12,13,11,1,slowking-scr,Slowking,0,0
0073,630,16,7,9,7,0,mega-excadrill-ex,Mega Excadrill,0,0
0073,631,27,11,17,10,0,dragapult-ex,Dragapult,0,0
0073,632,14,8,1,9,4,crustle-dri,Crustle,0,0
0073,633,27,11,17,10,0,dragapult-ex,Dragapult,0,0
0073,634,30,13,20,10,0,dragapult-dusknoir,Dragapult Dusknoir,0,0
0073,635,13,8,5,8,0,mega-starmie-ex,Mega Starmie,0,0
0073,636,18,8,17,0,1,lopunny-dusknoir,Lopunny Dusknoir,0,0
0073,637,26,17,11,15,0,basic-box-m,Basic Box,0,0
0073,638,6,4,0,6,0,rockets-honchkrow,Rocket's Honchkrow,0,0
0073,639,27,11,17,10,0,dragapult-ex,Dragapult,1,0
0073,640,16,10,4,12,0,n-zoroark,N's Zoroark,0,0
0073,641,28,12,13,13,2,slowking-scr,Slowking,0,0
0073,642,27,11,17,10,0,dragapult-ex,Dragapult,0,0
0073,643,17,11,4,13,0,n-zoroark,N's Zoroark,0,0
0073,644,26,10,16,10,0,dragapult-ex,Dragapult,1,0
0073,645,12,6,6,6,0,mega-venusaur-ex,Mega Venusaur,0,0
0073,646,21,12,12,9,0,ogerpon-meganium-hydrapple,Ogerpon Meganium Hydrapple,0,0
0073,647,17,10,7,8,2,mega-absol-box,Mega Absol Box,0,0
0073,648,26,16,11,15,0,basic-box-m,Basic Box,0,0
0073,649,16,11,6,9,1,alakazam-dudunsparce,Alakazam Dudunsparce,0,0
0073,650,22,12,12,10,0,ogerpon-meganium-hydrapple,Ogerpon Meganium Hydrapple,0,0
0073,651,8,4,0,7,1,cynthia-garchomp-ex,Cynthia's Garchomp,0,0
0073,652,17,11,7,9,1,alakazam-dudunsparce,Alakazam Dudunsparce,0,0
0073,653,6,4,1,5,0,lucario-hariyama,Lucario Hariyama,0,0
0073,654,4,3,0,4,0,lucario-hariyama,Lucario Hariyama,0,0
0073,655,30,15,18,12,0,dragapult-dusknoir,Dragapult Dusknoir,0,0
0073,656,16,11,9,7,0,toxtricity-box,Toxtricity Box,0,0
0073,657,15,9,8,7,0,grimmsnarl-froslass,Grimmsnarl Froslass,0,0
0073,658,27,12,12,13,2,slowking-scr,Slowking,0,0
0073,659,28,14,17,11,0,dragapult-blaziken,Dragapult Blaziken,0,0
0073,660,19,9,17,1,1,other,Other,0,0
0073,661,12,8,4,7,1,alakazam-dudunsparce,Alakazam Dudunsparce,0,0
0073,662,26,17,11,15,0,basic-box-m,Basic Box,0,0
0073,663,26,14,16,10,0,slowking-scr,Slowking,0,0
0073,664,18,9,15,2,1,lopunny-dusknoir,Lopunny Dusknoir,0,0
0073,665,14,9,4,10,0,other,Other,0,0
0073,666,13,9,4,8,1,alakazam-dudunsparce,Alakazam Dudunsparce,0,0
0073,667,30,13,19,11,0,dragapult-dusknoir,Dragapult Dusknoir,1,0
0073,668,22,14,13,9,0,basic-box-m,Basic Box,0,0
0073,669,15,6,9,6,0,mega-excadrill-ex,Mega Excadrill,0,0
0073,670,20,11,10,10,0,greninja-ex,Greninja,0,0
0073,671,17,7,3,10,4,crustle-dri,Crustle,0,0
0073,672,25,10,15,10,0,dragapult-ex,Dragapult,0,0
0073,673,28,12,18,10,0,dragapult-ex,Dragapult,1,0
0073,674,26,10,16,10,0,dragapult-ex,Dragapult,0,0
0073,675,28,13,13,13,2,slowking-scr,Slowking,0,0
0073,676,17,11,4,13,0,n-zoroark,N's Zoroark,1,0
0073,677,5,4,0,5,0,paldean-tauros-pfl,Paldean Tauros,0,0
0073,678,6,3,4,2,0,cinccino-ex,Cinccino,0,0
0073,679,14,7,0,10,4,crustle-dri,Crustle,0,0
0073,680,8,6,3,5,0,dhelmise-pbl,Dhelmise,0,0
0073,681,26,11,12,12,2,slowking-scr,Slowking,0,0
0073,682,26,10,16,10,0,dragapult-ex,Dragapult,0,0
0073,683,29,16,14,14,1,slowking-scr,Slowking,1,0
0073,684,34,13,17,17,0,festival-lead,Festival Lead,0,0
0073,685,27,11,17,10,0,dragapult-ex,Dragapult,0,0
0073,686,18,10,6,12,0,n-zoroark,N's Zoroark,1,0
0073,687,27,11,17,10,0,dragapult-ex,Dragapult,1,1
0073,688,15,8,5,6,4,toucannon-pbl,Toucannon,0,0
0073,689,21,12,12,9,0,ogerpon-meganium-hydrapple,Ogerpon Meganium Hydrapple,0,0
0073,690,20,11,14,6,0,alakazam-dusknoir,Alakazam Dusknoir,0,0
0073,691,26,10,16,10,0,dragapult-ex,Dragapult,0,0
0073,692,13,7,7,5,1,dhelmise-pbl,Dhelmise,0,0
0073,693,23,15,11,12,0,basic-box-m,Basic Box,0,0
0073,694,26,12,17,9,0,dragapult-ex,Dragapult,0,0
0073,695,30,13,20,10,0,dragapult-dusknoir,Dragapult Dusknoir,0,0
0073,696,28,12,12,14,2,slowking-scr,Slowking,1,0
0073,697,9,5,3,5,1,dhelmise-pbl,Dhelmise,0,0
0073,698,11,7,0,11,0,mega-lucario-ex,Mega Lucario,0,0
0073,699,33,14,18,15,0,festival-lead,Festival Lead,0,0
0073,700,22,13,14,8,0,ogerpon-meganium-hydrapple,Ogerpon Meganium Hydrapple,0,0
0073,701,12,5,8,4,0,heatran-metang,Heatran Metang,0,0
0073,702,27,11,17,10,0,dragapult-ex,Dragapult,0,0
0073,703,21,12,12,9,0,ogerpon-meganium-hydrapple,Ogerpon Meganium Hydrapple,0,0
0073,704,14,7,7,7,0,mega-venusaur-ex,Mega Venusaur,0,0
0073,705,22,12,9,13,0,basic-box-m,Basic Box,0,0
0073,706,11,6,6,5,0,grimmsnarl-froslass,Grimmsnarl Froslass,0,0
0073,707,12,9,3,7,2,other,Other,0,0
0073,708,28,13,18,10,0,dragapult-blaziken,Dragapult Blaziken,0,0
0073,709,12,6,5,7,0,mega-excadrill-ex,Mega Excadrill,1,0
0073,710,17,8,8,9,0,mega-excadrill-ex,Mega Excadrill,0,0
0073,711,21,11,11,10,0,beedrill-ex-cri,Beedrill,0,0
0073,712,17,7,9,8,0,mega-excadrill-ex,Mega Excadrill,0,0
0073,713,15,8,6,6,3,lopunny-dudunsparce,Lopunny Dudunsparce,0,0
0073,714,14,7,5,7,2,mega-absol-box,Mega Absol Box,0,0
0073,715,10,4,5,5,0,mega-excadrill-ex,Mega Excadrill,0,0
0073,716,25,12,16,9,0,dragapult-blaziken,Dragapult Blaziken,0,0
0073,717,30,12,22,7,1,dragapult-dusknoir,Dragapult Dusknoir,0,0
0073,718,14,9,5,8,1,alakazam-dudunsparce,Alakazam Dudunsparce,1,0
0073,719,27,14,14,13,0,slowking-scr,Slowking,0,0
0073,720,14,8,6,8,0,grimmsnarl-froslass,Grimmsnarl Froslass,0,0
0073,721,19,13,10,7,2,kangaskhan-bouffalant,Kangaskhan Bouffalant,0,0
0073,722,27,11,17,10,0,dragapult-ex,Dragapult,1,0
0073,723,29,12,18,11,0,dragapult-blaziken,Dragapult Blaziken,0,0
0073,724,32,14,17,15,0,festival-lead,Festival Lead,0,0
0073,725,15,9,5,9,1,alakazam-dudunsparce,Alakazam Dudunsparce,0,0
0073,726,15,8,8,7,0,blaziken-zoroark,Blaziken Zoroark,0,0
0073,727,16,7,8,8,0,sharpedo-toxtricity,Sharpedo Toxtricity,0,0
0073,728,19,10,14,4,1,lopunny-dusknoir,Lopunny Dusknoir,0,0
0073,729,27,11,16,11,0,dragapult-ex,Dragapult,0,0
0073,730,12,7,7,5,0,metagross-cri,Metagross,0,0
0073,731,34,15,19,15,0,festival-lead,Festival Lead,0,0
0073,732,7,3,0,7,0,rockets-honchkrow,Rocket's Honchkrow,0,0
0073,733,25,11,16,9,0,dragapult-blaziken,Dragapult Blaziken,0,0
0073,734,7,4,0,7,0,rocket-mewtwo-ex,Rocket's Mewtwo,0,0
0073,735,24,10,14,10,0,starmie-dusknoir,Starmie Dusknoir,0,0
0073,736,16,9,10,5,1,mega-greninja-ex,Mega Greninja,0,0
0073,737,5,2,0,4,1,cynthia-garchomp-ex,Cynthia's Garchomp,0,0
0073,738,8,4,2,3,3,other,Other,0,0
0073,739,20,10,13,6,1,alakazam-dudunsparce,Alakazam Dudunsparce,1,0
0073,740,28,13,19,9,0,dragapult-dusknoir,Dragapult Dusknoir,0,0
0073,741,11,7,5,6,0,mega-lucario-ex,Mega Lucario,0,0
0073,742,26,10,16,10,0,dragapult-ex,Dragapult,0,0
0073,743,11,8,6,5,0,marnie-grimmsnarl-ex,Marnie's Grimmsnarl,0,0
0073,744,27,16,11,16,0,basic-box-m,Basic Box,0,0
0073,745,30,13,19,11,0,dragapult-dusknoir,Dragapult Dusknoir,0,0
0073,746,20,12,12,7,1,hydreigon-ex,Hydreigon,0,0
0073,747,27,11,17,10,0,dragapult-ex,Dragapult,0,0
0073,748,10,6,3,6,1,alakazam-dudunsparce,Alakazam Dudunsparce,0,0
0073,749,5,3,0,5,0,lucario-hariyama,Lucario Hariyama,0,0
0073,750,12,4,0,12,0,rockets-honchkrow,Rocket's Honchkrow,1,0
0073,751,5,4,2,3,0,mega-lucario-ex,Mega Lucario,0,0
0073,752,28,15,12,16,0,raging-bolt-ogerpon,Raging Bolt Ogerpon,0,0
0073,753,15,6,9,6,0,mega-excadrill-ex,Mega Excadrill,1,0
0073,754,27,11,17,10,0,dragapult-ex,Dragapult,0,0
0073,755,15,6,9,6,0,mega-excadrill-ex,Mega Excadrill,0,0
0073,756,14,7,7,7,0,mega-venusaur-ex,Mega Venusaur,0,0
0073,757,6,4,1,5,0,doublade-por,Doublade,0,0
0073,758,11,6,4,7,0,manectric-eelektrik,Manectric Eelektrik,0,0
0073,759,27,12,18,9,0,dragapult-ex,Dragapult,0,0
0073,760,26,10,16,10,0,dragapult-ex,Dragapult,1,0
0073,761,9,5,2,6,1,dhelmise-pbl,Dhelmise,0,0
0073,762,15,10,4,11,0,n-zoroark,N's Zoroark,0,0
0073,763,12,6,0,8,4,crustle-dri,Crustle,0,0
0073,764,22,12,12,10,0,ogerpon-meganium-hydrapple,Ogerpon Meganium Hydrapple,0,0
0073,765,26,11,12,12,2,slowking-scr,Slowking,1,0
0073,766,14,8,9,5,0,mega-excadrill-ex,Mega Excadrill,0,0
0073,767,27,11,17,10,0,dragapult-ex,Dragapult,1,1
0073,768,26,17,11,15,0,basic-box-m,Basic Box,0,0
0073,769,16,10,4,11,1,alakazam-dudunsparce,Alakazam Dudunsparce,0,0
0073,770,14,8,4,10,0,n-zoroark,N's Zoroark,0,0
0073,771,26,10,16,10,0,dragapult-ex,Dragapult,0,0
0073,772,18,11,4,14,0,n-zoroark,N's Zoroark,0,0
0073,773,4,3,0,4,0,lucario-hariyama,Lucario Hariyama,0,0
0073,774,16,9,6,9,1,starmie-froslass,Starmie Froslass,0,0
0073,775,12,6,4,7,1,dhelmise-pbl,Dhelmise,1,0
0073,776,17,11,4,13,0,n-zoroark,N's Zoroark,0,0
0073,777,30,15,18,12,0,dragapult-dusknoir,Dragapult Dusknoir,0,0
0073,778,20,11,7,13,0,mew-ex-30c,Mew Box,0,0
0073,779,28,12,18,10,0,dragapult-ex,Dragapult,0,0
0073,780,19,11,10,9,0,greninja-ex,Greninja,0,0
0073,781,16,7,9,7,0,mega-excadrill-ex,Mega Excadrill,0,0
0073,782,15,9,6,9,0,ogerpon-meganium-arboliva,Ogerpon Meganium Arboliva,0,0
0073,783,27,11,17,10,0,dragapult-ex,Dragapult,0,0
0073,784,3,2,0,3,0,lucario-hariyama,Lucario Hariyama,0,0
0073,785,18,9,5,9,4,kangaskhan-bouffalant,Kangaskhan Bouffalant,0,0
0073,786,26,10,16,10,0,dragapult-ex,Dragapult,0,0
0073,787,13,7,6,7,0,mega-excadrill-ex,Mega Excadrill,0,0
0073,788,26,18,9,15,2,other,Other,0,0
0073,789,10,7,7,3,0,mega-absol-box,Mega Absol Box,0,0
0073,790,13,9,3,10,0,dhelmise-pbl,Dhelmise,0,0
0073,791,18,10,7,11,0,sharpedo-toxtricity,Sharpedo Toxtricity,0,0
0073,792,26,10,16,10,0,dragapult-ex,Dragapult,0,0
0073,793,18,11,4,14,0,n-zoroark,N's Zoroark,0,0
0073,794,14,8,6,7,1,mega-lucario-ex,Mega Lucario,1,0
0073,795,15,6,8,7,0,mega-excadrill-ex,Mega Excadrill,0,0
0073,796,9,5,4,5,0,dhelmise-pbl,Dhelmise,0,0
0073,797,28,14,13,13,2,slowking-scr,Slowking,0,0
0073,798,16,11,5,10,1,alakazam-dudunsparce,Alakazam Dudunsparce,0,0
0073,799,15,6,8,7,0,mega-excadrill-ex,Mega Excadrill,0,0
0073,800,27,13,17,10,0,dragapult-blaziken,Dragapult Blaziken,0,0
0073,801,12,7,2,7,3,hops-trevenant,Hop's Trevenant,1,0
0073,802,11,5,4,7,0,mega-excadrill-ex,Mega Excadrill,0,0
0073,803,8,6,1,7,0,lucario-hariyama,Lucario Hariyama,0,0
0073,804,18,9,5,13,0,n-zoroark,N's Zoroark,0,0
0073,805,12,7,5,7,0,mega-excadrill-ex,Mega Excadrill,0,0
0073,806,20,9,10,6,4,lopunny-dudunsparce,Lopunny Dudunsparce,0,0
0073,807,14,5,8,6,0,mega-excadrill-ex,Mega Excadrill,0,0
0073,808,26,10,16,10,0,dragapult-ex,Dragapult,0,0
0073,809,22,12,12,10,0,ogerpon-meganium-hydrapple,Ogerpon Meganium Hydrapple,0,0
0073,810,16,9,8,8,0,mega-greninja-ex,Mega Greninja,0,0
0073,811,22,12,12,10,0,ogerpon-meganium-hydrapple,Ogerpon Meganium Hydrapple,0,0
0073,812,20,11,12,8,0,ogerpon-meganium-hydrapple,Ogerpon Meganium Hydrapple,1,0
0073,813,4,3,0,4,0,lucario-hariyama,Lucario Hariyama,0,0
0073,814,26,12,12,12,2,slowking-scr,Slowking,0,0
0073,815,26,10,16,10,0,dragapult-ex,Dragapult,1,0
0073,816,14,8,0,10,4,crustle-dri,Crustle,0,0
0073,817,6,3,0,5,1,cynthia-garchomp-ex,Cynthia's Garchomp,0,0
0074,1,8,3,0,8,0,rockets-honchkrow,Rocket's Honchkrow,0,0
0074,2,17,10,3,14,0,n-zoroark,N's Zoroark,0,0
0074,3,29,13,19,10,0,dragapult-dusknoir,Dragapult Dusknoir,0,0
0074,4,17,9,11,5,1,mega-greninja-ex,Mega Greninja,0,0
0074,5,28,12,18,10,0,dragapult-ex,Dragapult,0,0
0074,6,19,8,6,9,4,kangaskhan-bouffalant,Kangaskhan Bouffalant,0,0
0074,7,27,11,17,10,0,dragapult-ex,Dragapult,1,0
0074,8,17,8,8,9,0,sharpedo-toxtricity,Sharpedo Toxtricity,0,0
0074,9,8,4,0,8,0,rockets-honchkrow,Rocket's Honchkrow,1,0
0074,10,9,6,2,7,0,cynthia-garchomp-ex,Cynthia's Garchomp,0,0
0074,11,27,11,17,10,0,dragapult-ex,Dragapult,0,0
0074,12,23,10,14,8,1,dragapult-ex,Dragapult,0,0
0074,13,17,10,7,9,1,alakazam-dudunsparce,Alakazam Dudunsparce,0,0
0074,14,23,14,13,10,0,toucannon-pbl,Toucannon,0,0
0074,15,29,14,19,10,0,dragapult-dusknoir,Dragapult Dusknoir,1,0
0074,16,30,14,20,10,0,dragapult-dusknoir,Dragapult Dusknoir,0,0
0074,17,10,4,0,10,0,rockets-honchkrow,Rocket's Honchkrow,0,0
0074,18,16,7,5,6,5,lopunny-dudunsparce,Lopunny Dudunsparce,0,0
0074,19,16,7,8,8,0,mega-excadrill-ex,Mega Excadrill,0,0
0074,20,14,7,7,7,0,mega-excadrill-ex,Mega Excadrill,0,0
0074,21,23,11,8,15,0,lillie-clefairy,Lillie's Clefairy,1,0
0074,22,31,11,20,11,0,festival-lead,Festival Lead,0,0
0074,23,25,11,16,9,0,dragapult-blaziken,Dragapult Blaziken,0,0
0074,24,33,15,20,13,0,festival-lead,Festival Lead,0,0
0074,25,14,6,8,6,0,mega-excadrill-ex,Mega Excadrill,0,0
0074,26,26,17,11,15,0,basic-box-m,Basic Box,1,0
0074,27,12,9,6,5,1,mega-greninja-ex,Mega Greninja,0,0
0074,28,10,5,2,7,1,dhelmise-pbl,Dhelmise,0,0
0074,29,17,10,6,10,1,alakazam-dudunsparce,Alakazam Dudunsparce,0,0
0074,30,15,7,6,4,5,lopunny-dudunsparce,Lopunny Dudunsparce,0,0
0074,31,13,6,8,5,0,grimmsnarl-froslass,Grimmsnarl Froslass,0,0
0074,32,16,12,7,9,0,alakazam-dudunsparce,Alakazam Dudunsparce,0,0
0074,33,17,11,4,13,0,n-zoroark,N's Zoroark,1,0
0074,34,27,13,14,11,2,slowking-scr,Slowking,0,0
0074,35,26,13,14,11,1,slowking-scr,Slowking,0,0
0074,36,25,15,10,15,0,basic-box-m,Basic Box,1,0
0074,37,23,15,13,10,0,greninja-ex,Greninja,0,0
0074,38,16,10,4,12,0,n-zoroark,N's Zoroark,0,0
0074,39,7,3,0,7,0,rocket-spidops,Rocket's Spidops,0,0
0074,40,25,11,16,9,0,dragapult-ex,Dragapult,0,0
0074,41,26,12,17,9,0,dragapult-blaziken,Dragapult Blaziken,1,0
0074,42,10,6,4,5,1,dhelmise-pbl,Dhelmise,0,0
0074,43,10,4,0,6,4,hops-trevenant,Hop's Trevenant,0,0
0074,44,14,8,6,8,0,ogerpon-meganium-arboliva,Ogerpon Meganium Arboliva,0,0
0074,45,28,12,12,14,2,slowking-scr,Slowking,0,0
0074,46,16,8,5,6,5,lopunny-dudunsparce,Lopunny Dudunsparce,0,0
0074,47,28,13,18,10,0,dragapult-blaziken,Dragapult Blaziken,1,0
0074,48,26,12,17,9,0,dragapult-blaziken,Dragapult Blaziken,0,0
0074,49,14,5,8,6,0,mega-excadrill-ex,Mega Excadrill,0,0
0074,50,8,4,1,7,0,cynthia-garchomp-ex,Cynthia's Garchomp,1,0
0074,51,27,17,11,16,0,basic-box-m,Basic Box,0,0
0074,52,26,11,17,9,0,dragapult-ex,Dragapult,0,0
0074,53,27,11,17,10,0,dragapult-ex,Dragapult,1,0
0074,54,18,10,11,6,1,mega-greninja-ex,Mega Greninja,0,0
0074,55,16,8,9,7,0,mega-excadrill-ex,Mega Excadrill,0,0
0074,56,11,5,1,9,1,dhelmise-pbl,Dhelmise,1,0
0074,57,6,3,0,5,1,cynthia-garchomp-ex,Cynthia's Garchomp,0,0
0074,58,25,16,11,14,0,basic-box-m,Basic Box,1,0
0074,59,8,5,2,5,1,dhelmise-pbl,Dhelmise,0,0
0074,60,19,9,14,4,1,lopunny-dusknoir,Lopunny Dusknoir,1,0
0074,61,31,13,20,11,0,festival-lead,Festival Lead,0,0
0074,62,24,11,12,9,3,toucannon-pbl,Toucannon,0,0
0074,63,25,11,16,9,0,dragapult-blaziken,Dragapult Blaziken,0,0
0074,64,26,12,18,8,0,dragapult-blaziken,Dragapult Blaziken,0,0
0074,65,29,13,20,9,0,dragapult-dusknoir,Dragapult Dusknoir,0,0
0074,66,10,5,4,6,0,mega-excadrill-ex,Mega Excadrill,1,0
0074,67,21,11,12,9,0,ogerpon-meganium-hydrapple,Ogerpon Meganium Hydrapple,0,0
0074,68,23,11,14,8,1,dragapult-ex,Dragapult,0,0
0074,69,20,10,18,1,1,lopunny-dusknoir,Lopunny Dusknoir,0,0
0074,70,21,11,14,7,0,alakazam-dusknoir,Alakazam Dusknoir,0,0
0074,71,9,5,2,6,1,cynthia-garchomp-ex,Cynthia's Garchomp,0,0
0074,72,16,8,8,8,0,mega-camerupt-ex,Mega Camerupt,0,0
0074,73,22,13,12,10,0,ogerpon-meganium-hydrapple,Ogerpon Meganium Hydrapple,0,0
0074,74,30,14,19,11,0,dragapult-dusknoir,Dragapult Dusknoir,0,0
0074,75,26,17,11,15,0,basic-box-m,Basic Box,0,0
0074,76,16,10,4,12,0,n-zoroark,N's Zoroark,0,0
0074,77,26,11,17,9,0,dragapult-ex,Dragapult,0,0
0074,78,31,15,20,11,0,dragapult-dusknoir,Dragapult Dusknoir,0,0
0074,79,9,6,4,3,2,cinccino-ex,Cinccino,0,0
0074,80,11,6,2,8,1,dhelmise-pbl,Dhelmise,0,0
0074,81,27,13,17,10,0,dragapult-blaziken,Dragapult Blaziken,0,0
0074,82,27,13,17,10,0,dragapult-blaziken,Dragapult Blaziken,0,0
0074,83,26,14,18,8,0,dragapult-dusknoir,Dragapult Dusknoir,0,0
0074,84,24,13,13,11,0,ogerpon-meganium-hydrapple,Ogerpon Meganium Hydrapple,0,0
0074,85,28,14,13,14,1,slowking-scr,Slowking,0,0
0074,86,6,4,1,4,1,cynthia-garchomp-ex,Cynthia's Garchomp,1,0
0074,87,11,6,0,7,4,crustle-dri,Crustle,0,0
0074,88,26,10,16,10,0,dragapult-ex,Dragapult,0,0
0074,89,34,14,19,15,0,festival-lead,Festival Lead,0,0
0074,90,16,11,5,11,0,n-zoroark,N's Zoroark,0,0
0074,91,17,9,8,9,0,sharpedo-toxtricity,Sharpedo Toxtricity,0,0
0074,92,19,10,9,10,0,sharpedo-toxtricity,Sharpedo Toxtricity,1,0
0074,93,8,5,3,5,0,dhelmise-pbl,Dhelmise,0,0
0074,94,14,6,8,6,0,mega-excadrill-ex,Mega Excadrill,0,0
0074,95,39,17,22,17,0,dragapult-ex,Dragapult,0,0
0074,96,26,16,11,15,0,basic-box-m,Basic Box,0,0
0074,97,30,13,19,11,0,dragapult-dusknoir,Dragapult Dusknoir,0,0
0074,98,9,4,0,9,0,rockets-honchkrow,Rocket's Honchkrow,0,0
0074,99,25,11,16,9,0,dragapult-ex,Dragapult,1,0
0074,100,18,9,6,8,4,yanmega-ex,Yanmega,0,0
0074,101,8,4,0,8,0,rockets-honchkrow,Rocket's Honchkrow,0,0
0074,102,17,11,6,11,0,n-zoroark,N's Zoroark,0,0
0074,103,26,12,17,9,0,dragapult-blaziken,Dragapult Blaziken,0,0
0074,104,17,10,4,13,0,n-zoroark,N's Zoroark,0,0
0074,105,32,16,19,13,0,festival-lead,Festival Lead,0,0
0074,106,27,13,17,10,0,dragapult-blaziken,Dragapult Blaziken,0,0
0074,107,14,8,6,7,1,mega-lucario-ex,Mega Lucario,0,0
0074,108,13,8,4,8,1,alakazam-dudunsparce,Alakazam Dudunsparce,0,0
0074,109,11,7,4,7,0,lucario-hariyama,Lucario Hariyama,0,0
0074,110,14,5,0,10,4,other,Other,0,0
0074,111,26,10,16,10,0,dragapult-ex,Dragapult,0,0
0074,112,15,6,6,4,5,lopunny-dudunsparce,Lopunny Dudunsparce,1,0
0074,113,27,11,16,11,0,dragapult-ex,Dragapult,0,0
0074,114,28,12,17,11,0,dragapult-ex,Dragapult,0,0
0074,115,28,12,12,14,2,slowking-scr,Slowking,0,0
0074,116,13,8,5,8,0,ogerpon-meganium-arboliva,Ogerpon Meganium Arboliva,0,0
0074,117,29,12,18,11,0,dragapult-dusknoir,Dragapult Dusknoir,0,0
0074,118,27,11,17,10,0,dragapult-ex,Dragapult,0,0
0074,119,26,13,16,10,0,dragapult-blaziken,Dragapult Blaziken,0,0
0074,120,30,13,19,11,0,dragapult-dusknoir,Dragapult Dusknoir,1,0
0074,121,8,3,0,8,0,rockets-honchkrow,Rocket's Honchkrow,0,0
0074,122,8,6,3,4,1,dhelmise-pbl,Dhelmise,0,0
0074,123,22,13,12,10,0,ogerpon-meganium-hydrapple,Ogerpon Meganium Hydrapple,0,0
0074,124,26,16,11,15,0,basic-box-m,Basic Box,0,0
0074,125,16,10,8,8,0,ethan-typhlosion,Ethan's Typhlosion,1,0
0074,126,30,13,14,13,3,slowking-scr,Slowking,0,0
0074,127,22,11,19,3,0,lopunny-dusknoir,Lopunny Dusknoir,0,0
0074,128,17,10,7,9,1,alakazam-dudunsparce,Alakazam Dudunsparce,0,0
0074,129,14,9,5,8,1,alakazam-dudunsparce,Alakazam Dudunsparce,1,0
0074,130,12,8,5,7,0,other,Other,0,0
0074,131,27,11,17,10,0,dragapult-ex,Dragapult,0,0
0074,132,4,3,0,4,0,lucario-hariyama,Lucario Hariyama,0,0
0074,133,23,12,15,8,0,archaludon-dudunsparce,Archaludon Dudunsparce,0,0
0074,134,32,13,20,12,0,dragapult-dusknoir,Dragapult Dusknoir,0,0
0074,135,17,10,7,9,1,alakazam-dudunsparce,Alakazam Dudunsparce,1,0
0074,136,27,13,13,12,2,slowking-scr,Slowking,1,0
0074,137,30,14,19,11,0,dragapult-dusknoir,Dragapult Dusknoir,0,0
0074,138,21,12,17,3,1,lopunny-dusknoir,Lopunny Dusknoir,1,0
0074,139,32,13,21,11,0,dragapult-dusknoir,Dragapult Dusknoir,1,0
0074,140,14,8,5,9,0,mega-lucario-ex,Mega Lucario,0,0
0074,141,10,5,4,6,0,mega-excadrill-ex,Mega Excadrill,0,0
0074,142,26,12,17,9,0,dragapult-blaziken,Dragapult Blaziken,0,0
0074,143,3,2,0,3,0,lucario-hariyama,Lucario Hariyama,0,0
0074,144,27,11,17,10,0,dragapult-ex,Dragapult,1,0
0074,145,27,15,13,14,0,raging-bolt-ogerpon,Raging Bolt Ogerpon,0,0
0074,146,19,11,5,14,0,n-zoroark,N's Zoroark,0,0
0074,147,34,18,19,15,0,festival-lead,Festival Lead,0,0
0074,148,27,17,12,15,0,basic-box-m,Basic Box,1,0
0074,149,9,4,0,9,0,dhelmise-pbl,Dhelmise,0,0
0074,150,21,12,12,9,0,greninja-ex,Greninja,0,0
0074,151,17,9,8,9,0,archaludon-ex,Archaludon,0,0
0074,152,26,12,13,11,2,slowking-scr,Slowking,0,0
0074,153,24,15,10,14,0,basic-box-m,Basic Box,0,0
0074,154,27,14,12,14,1,slowking-scr,Slowking,0,0
0074,155,21,12,12,9,0,ogerpon-meganium-hydrapple,Ogerpon Meganium Hydrapple,0,0
0074,156,27,11,16,11,0,dragapult-ex,Dragapult,0,0
0074,157,26,10,16,10,0,dragapult-ex,Dragapult,1,0
0074,158,29,13,17,12,0,dragapult-dusknoir,Dragapult Dusknoir,0,0
0074,159,21,13,8,12,1,alakazam-dudunsparce,Alakazam Dudunsparce,1,0
0074,160,27,13,17,10,0,dragapult-blaziken,Dragapult Blaziken,0,0
0074,161,26,13,12,12,2,slowking-scr,Slowking,0,0
0074,162,26,13,12,12,2,slowking-scr,Slowking,0,0
0074,163,25,12,9,16,0,clefairy-ogerpon,Clefairy Ogerpon,0,0
0074,164,16,10,4,12,0,n-zoroark,N's Zoroark,1,0
0074,165,10,5,5,5,0,mega-excadrill-ex,Mega Excadrill,0,0
0074,166,13,5,4,9,0,beedrill-ex-cri,Beedrill,0,0
0074,167,31,15,19,12,0,festival-lead,Festival Lead,1,0
0074,168,18,12,4,14,0,n-zoroark,N's Zoroark,0,0
0074,169,32,15,21,11,0,festival-lead,Festival Lead,0,0
0074,170,26,13,13,12,1,slowking-scr,Slowking,0,0
0074,171,30,15,18,12,0,festival-lead,Festival Lead,1,0
0074,172,28,15,14,13,1,slowking-scr,Slowking,0,0
0074,173,26,11,12,13,1,slowking-scr,Slowking,1,0
0074,174,27,11,17,10,0,dragapult-ex,Dragapult,0,0
0074,175,28,14,17,11,0,dragapult-dusknoir,Dragapult Dusknoir,0,0
0074,176,10,5,2,7,1,dhelmise-pbl,Dhelmise,1,0
0074,177,26,11,17,9,0,dragapult-dudunsparce,Dragapult Dudunsparce,0,0
0074,178,11,6,0,7,4,crustle-dri,Crustle,0,0
0074,179,17,10,7,9,1,alakazam-dudunsparce,Alakazam Dudunsparce,0,0
0074,180,33,14,19,14,0,festival-lead,Festival Lead,1,0
0074,181,27,12,13,12,2,slowking-scr,Slowking,1,0
0074,182,13,6,8,5,0,grimmsnarl-froslass,Grimmsnarl Froslass,0,0
0074,183,28,12,17,11,0,dragapult-ex,Dragapult,0,0
0074,184,9,4,0,9,0,rockets-honchkrow,Rocket's Honchkrow,0,0
0074,185,5,4,1,4,0,lucario-hariyama,Lucario Hariyama,0,0
0074,186,9,4,0,9,0,rockets-honchkrow,Rocket's Honchkrow,1,0
0074,187,15,11,4,11,0,n-zoroark,N's Zoroark,0,0
0074,188,26,11,15,9,2,seaking-pre,Seaking Festival Lead,0,0
0074,189,27,11,17,10,0,dragapult-dudunsparce,Dragapult Dudunsparce,0,0
0074,190,28,13,14,13,1,slowking-scr,Slowking,1,0
0074,191,28,13,14,14,0,seaking-pre,Seaking Festival Lead,0,0
0074,192,25,16,11,14,0,basic-box-m,Basic Box,1,0
0074,193,13,6,0,9,4,crustle-dri,Crustle,0,0
0074,194,12,6,4,7,1,mega-greninja-ex,Mega Greninja,0,0
0074,195,26,17,11,15,0,basic-box-m,Basic Box,0,0
0074,196,9,6,1,8,0,rocket-mewtwo-ex,Rocket's Mewtwo,0,0
0074,197,19,13,5,14,0,n-zoroark,N's Zoroark,1,0
0074,198,17,11,4,13,0,n-zoroark,N's Zoroark,0,0
0074,199,7,5,1,6,0,manectric-eelektrik,Manectric Eelektrik,0,0
0074,200,25,14,10,15,0,basic-box-m,Basic Box,0,0
0074,201,28,12,18,10,0,dragapult-ex,Dragapult,0,0
0074,202,5,3,0,5,0,other,Other,0,0
0074,203,26,12,17,9,0,dragapult-blaziken,Dragapult Blaziken,0,0
0074,204,26,10,16,10,0,dragapult-ex,Dragapult,0,0
0074,205,26,12,13,12,1,slowking-scr,Slowking,0,0
0074,206,15,7,6,4,5,lopunny-dudunsparce,Lopunny Dudunsparce,0,0
0074,207,16,10,6,9,1,starmie-froslass,Starmie Froslass,0,0
0074,208,26,10,16,10,0,dragapult-ex,Dragapult,0,0
0074,209,4,3,0,4,0,lucario-hariyama,Lucario Hariyama,0,0
0074,210,14,10,4,10,0,n-zoroark,N's Zoroark,0,0
0074,211,18,12,7,10,1,alakazam-dudunsparce,Alakazam Dudunsparce,0,0
0074,212,29,12,14,11,4,seaking-pre,Seaking Festival Lead,0,0
0074,213,25,11,16,9,0,dragapult-blaziken,Dragapult Blaziken,0,0
0074,214,7,5,2,5,0,other,Other,0,0
0074,215,25,10,16,9,0,dragapult-ex,Dragapult,0,0
0074,216,4,3,0,4,0,lucario-hariyama,Lucario Hariyama,0,0
0074,217,17,11,4,12,1,alakazam-dudunsparce,Alakazam Dudunsparce,0,0
0074,218,25,10,15,10,0,dragapult-ex,Dragapult,0,0
0074,219,18,12,5,13,0,n-zoroark,N's Zoroark,0,0
0074,220,14,6,5,4,5,lopunny-dudunsparce,Lopunny Dudunsparce,0,0
0074,221,19,13,5,14,0,n-zoroark,N's Zoroark,0,0
0074,222,17,8,8,9,0,sharpedo-toxtricity,Sharpedo Toxtricity,0,0
0074,223,26,12,17,9,0,dragapult-blaziken,Dragapult Blaziken,0,0
0074,224,16,11,3,13,0,n-zoroark,N's Zoroark,0,0
0074,225,18,8,7,6,5,lopunny-dudunsparce,Lopunny Dudunsparce,0,0
0074,226,28,12,18,10,0,dragapult-ex,Dragapult,0,0
0074,227,27,12,16,11,0,dragapult-ex,Dragapult,1,0
0074,228,19,9,8,11,0,sharpedo-toxtricity,Sharpedo Toxtricity,1,0
0074,229,20,10,18,1,1,lopunny-dusknoir,Lopunny Dusknoir,1,0
0074,230,24,15,10,14,0,basic-box-m,Basic Box,0,0
0074,231,15,8,6,9,0,ethan-typhlosion,Ethan's Typhlosion,0,0
0074,232,26,11,15,11,0,dragapult-ex,Dragapult,0,0
0074,233,28,12,18,10,0,dragapult-ex,Dragapult,0,0
0074,234,18,13,6,11,1,alakazam-dudunsparce,Alakazam Dudunsparce,0,0
0074,235,26,12,12,12,2,slowking-scr,Slowking,0,0
0074,236,13,6,6,7,0,mega-excadrill-ex,Mega Excadrill,1,0
0074,237,20,11,12,8,0,ogerpon-meganium-hydrapple,Ogerpon Meganium Hydrapple,0,0
0074,238,22,13,14,8,0,ogerpon-meganium-hydrapple,Ogerpon Meganium Hydrapple,1,0
0074,239,10,6,6,3,1,okidogi-barbaracle,Okidogi Barbaracle,0,0
0074,240,11,5,5,6,0,mega-excadrill-ex,Mega Excadrill,0,0
0074,241,25,11,16,9,0,dragapult-blaziken,Dragapult Blaziken,0,0
0074,242,26,10,16,10,0,dragapult-ex,Dragapult,0,0
0074,243,29,13,13,14,2,slowking-scr,Slowking,0,0
0074,244,16,7,6,5,5,lopunny-dudunsparce,Lopunny Dudunsparce,0,0
0074,245,32,20,16,15,1,slowking-scr,Slowking,0,0
0074,246,28,13,13,13,2,slowking-scr,Slowking,1,0
0074,247,24,15,10,14,0,basic-box-m,Basic Box,0,0
0074,248,25,10,15,10,0,dragapult-ex,Dragapult,0,0
0074,249,27,11,17,10,0,dragapult-ex,Dragapult,0,0
0074,250,26,12,17,9,0,dragapult-blaziken,Dragapult Blaziken,0,0
0074,251,16,10,6,9,1,alakazam-dudunsparce,Alakazam Dudunsparce,0,0
0074,252,29,15,14,13,2,slowking-scr,Slowking,0,0
0074,253,33,15,19,14,0,festival-lead,Festival Lead,0,0
0074,254,3,2,0,3,0,lucario-hariyama,Lucario Hariyama,0,0
0074,255,13,10,3,10,0,n-zoroark,N's Zoroark,0,0
0074,256,28,12,18,10,0,dragapult-ex,Dragapult,1,0
0074,257,3,2,0,3,0,lucario-hariyama,Lucario Hariyama,0,0
0074,258,27,11,17,10,0,dragapult-ex,Dragapult,1,0
0074,259,17,8,6,6,5,lopunny-dudunsparce,Lopunny Dudunsparce,0,0
0074,260,15,10,6,8,1,alakazam-dudunsparce,Alakazam Dudunsparce,0,0
0074,261,24,10,13,11,0,dragapult-ex,Dragapult,0,0
0074,262,21,12,12,9,0,greninja-ex,Greninja,0,0
0074,263,8,3,0,8,0,rockets-honchkrow,Rocket's Honchkrow,1,0
0074,264,17,7,10,6,1,ceruledge-ex,Ceruledge,0,0
0074,265,19,7,8,11,0,ceruledge-ex,Ceruledge,1,0
0074,266,4,2,0,4,0,mega-abomasnow-ex,Mega Abomasnow,0,0
0074,267,27,12,18,9,0,dragapult-blaziken,Dragapult Blaziken,0,0
0074,268,27,11,17,10,0,dragapult-ex,Dragapult,0,0
0074,269,26,11,16,10,0,dragapult-ex,Dragapult,0,0
0074,270,26,11,16,10,0,dragapult-ex,Dragapult,0,0
0074,271,14,9,5,8,1,alakazam-dudunsparce,Alakazam Dudunsparce,0,0
0074,272,22,11,8,14,0,lillie-clefairy,Lillie's Clefairy,1,0
0074,273,15,7,5,5,5,lopunny-dudunsparce,Lopunny Dudunsparce,0,0
0074,274,13,6,8,5,0,grimmsnarl-froslass,Grimmsnarl Froslass,0,0
0074,275,10,5,5,5,0,mega-lucario-ex,Mega Lucario,1,0
0074,276,21,13,12,9,0,alakazam-dusknoir,Alakazam Dusknoir,0,0
0074,277,5,3,0,5,0,lucario-hariyama,Lucario Hariyama,0,0
0074,278,34,14,18,16,0,festival-lead,Festival Lead,0,0
0074,279,15,10,4,11,0,n-zoroark,N's Zoroark,0,0
0074,280,14,6,4,5,5,lopunny-dudunsparce,Lopunny Dudunsparce,0,0
0074,281,29,13,19,10,0,dragapult-dusknoir,Dragapult Dusknoir,0,0
0074,282,26,12,17,9,0,dragapult-blaziken,Dragapult Blaziken,0,0
0074,283,11,7,5,6,0,other,Other,0,0
0074,284,28,14,13,13,2,slowking-scr,Slowking,0,0
0074,285,27,11,12,13,2,slowking-scr,Slowking,0,0
0074,286,13,7,5,8,0,mega-excadrill-ex,Mega Excadrill,0,0
0074,287,15,6,4,11,0,other,Other,0,0
0074,288,14,9,4,9,1,alakazam-dudunsparce,Alakazam Dudunsparce,0,0
0074,289,17,8,7,9,1,starmie-froslass,Starmie Froslass,0,0
0074,290,4,3,0,4,0,lucario-hariyama,Lucario Hariyama,0,0
0074,291,26,12,17,9,0,dragapult-blaziken,Dragapult Blaziken,0,0
0074,292,18,12,4,14,0,n-zoroark,N's Zoroark,0,0
0074,293,26,12,16,10,0,dragapult-dudunsparce,Dragapult Dudunsparce,1,0
0074,294,22,12,12,10,0,ogerpon-meganium-hydrapple,Ogerpon Meganium Hydrapple,0,0
0074,295,15,8,9,6,0,grimmsnarl-froslass,Grimmsnarl Froslass,0,0
0074,296,27,11,17,10,0,dragapult-ex,Dragapult,0,0
0074,297,25,15,10,15,0,basic-box-m,Basic Box,0,0
0074,298,15,6,9,6,0,grimmsnarl-froslass,Grimmsnarl Froslass,0,0
0074,299,30,12,15,11,4,seaking-pre,Seaking Festival Lead,0,0
0074,300,32,15,16,12,4,seaking-pre,Seaking Festival Lead,1,0
0074,301,14,10,5,8,1,alakazam-dudunsparce,Alakazam Dudunsparce,0,0
0074,302,16,10,8,7,1,alakazam-dudunsparce,Alakazam Dudunsparce,0,0
0074,303,16,7,7,5,4,lopunny-dudunsparce,Lopunny Dudunsparce,0,0
0074,304,26,10,16,10,0,dragapult-ex,Dragapult,0,0
0074,305,27,11,17,10,0,dragapult-ex,Dragapult,0,0
0074,306,26,16,11,15,0,basic-box-m,Basic Box,0,0
0074,307,27,11,17,10,0,dragapult-ex,Dragapult,0,0
0074,308,17,11,6,11,0,ethan-typhlosion,Ethan's Typhlosion,0,0
0074,309,26,11,17,9,0,dragapult-ex,Dragapult,1,0
0074,310,16,10,5,11,0,n-zoroark,N's Zoroark,0,0
0074,311,12,9,5,7,0,mega-camerupt-ex,Mega Camerupt,0,0
0074,312,17,10,6,10,1,alakazam-dudunsparce,Alakazam Dudunsparce,0,0
0074,313,14,7,8,6,0,mega-excadrill-ex,Mega Excadrill,0,0
0074,314,9,4,0,9,0,rockets-honchkrow,Rocket's Honchkrow,0,0
0074,315,17,9,10,7,0,ogerpon-meganium-hydrapple,Ogerpon Meganium Hydrapple,0,0
0074,316,11,7,5,5,1,mega-greninja-ex,Mega Greninja,0,0
0074,317,17,11,4,13,0,n-zoroark,N's Zoroark,1,0
0074,318,27,11,17,10,0,dragapult-ex,Dragapult,0,0
0074,319,28,13,13,13,2,slowking-scr,Slowking,1,0
0074,320,27,11,17,10,0,dragapult-ex,Dragapult,0,0
0074,321,25,11,16,9,0,dragapult-blaziken,Dragapult Blaziken,0,0
0074,322,14,8,0,10,4,crustle-dri,Crustle,0,0
0074,323,14,8,4,10,0,n-zoroark,N's Zoroark,0,0
0074,324,19,10,13,5,1,other,Other,0,0
0074,325,15,10,5,9,1,alakazam-dudunsparce,Alakazam Dudunsparce,0,0
0074,326,18,13,4,14,0,n-zoroark,N's Zoroark,0,0
0074,327,26,17,12,14,0,basic-box-m,Basic Box,1,0
0074,328,25,15,10,15,0,basic-box-m,Basic Box,1,0
0074,329,27,11,17,10,0,dragapult-ex,Dragapult,0,0
0074,330,27,14,13,13,1,slowking-scr,Slowking,0,0
0074,331,16,11,5,10,1,alakazam-dudunsparce,Alakazam Dudunsparce,0,0
0074,332,15,10,3,12,0,n-zoroark,N's Zoroark,0,0
0074,333,6,3,0,5,1,cynthia-garchomp-ex,Cynthia's Garchomp,0,0
0074,334,12,7,0,8,4,crustle-dri,Crustle,0,0
0074,335,14,9,4,9,1,alakazam-dudunsparce,Alakazam Dudunsparce,0,0
0074,336,26,16,12,14,0,basic-box-m,Basic Box,1,0
0074,337,3,2,0,3,0,lucario-hariyama,Lucario Hariyama,0,0
0074,338,27,11,17,10,0,dragapult-ex,Dragapult,0,0
0074,339,17,11,6,10,1,alakazam-dudunsparce,Alakazam Dudunsparce,1,0
0074,340,26,12,17,9,0,dragapult-blaziken,Dragapult Blaziken,0,0
0074,341,26,11,16,10,0,dragapult-ex,Dragapult,0,0
0074,342,25,14,10,15,0,basic-box-m,Basic Box,0,0
0074,343,27,15,11,16,0,basic-box-m,Basic Box,0,0
0074,344,21,10,9,9,3,ceruledge-ex,Ceruledge,0,0
0074,345,10,6,1,9,0,stevens-metagross,Steven's Metagross,0,0
0074,346,9,5,4,5,0,mega-excadrill-ex,Mega Excadrill,0,0
0074,347,15,7,9,6,0,grimmsnarl-froslass,Grimmsnarl Froslass,1,0
0074,348,19,11,6,13,0,beedrill-ex-cri,Beedrill,0,0
0074,349,31,13,19,12,0,dragapult-dusknoir,Dragapult Dusknoir,1,0
0074,350,22,12,12,10,0,ogerpon-meganium-hydrapple,Ogerpon Meganium Hydrapple,0,0
0074,351,27,11,17,10,0,dragapult-ex,Dragapult,0,0
0074,352,28,12,18,10,0,dragapult-ex,Dragapult,0,0
0074,353,26,11,16,10,0,dragapult-ex,Dragapult,0,0
0074,354,17,10,5,12,0,n-zoroark,N's Zoroark,1,1
0074,355,25,11,17,8,0,dragapult-blaziken,Dragapult Blaziken,0,0
0074,356,31,13,20,11,0,festival-lead,Festival Lead,0,0
0074,357,5,4,2,3,0,dhelmise-pbl,Dhelmise,1,0
0074,358,27,11,17,10,0,dragapult-ex,Dragapult,0,0
0074,359,5,3,0,5,0,lucario-hariyama,Lucario Hariyama,0,0
0074,360,14,7,5,9,0,mega-lucario-ex,Mega Lucario,1,0
0074,361,25,17,11,14,0,basic-box-m,Basic Box,1,0
0074,362,11,6,3,7,1,dhelmise-pbl,Dhelmise,0,0
0074,363,26,16,11,15,0,basic-box-m,Basic Box,0,0
0074,364,15,6,9,6,0,mega-excadrill-ex,Mega Excadrill,0,0
0074,365,13,9,4,9,0,ethan-typhlosion,Ethan's Typhlosion,0,0
0074,366,25,16,11,14,0,basic-box-m,Basic Box,0,0
0074,367,15,8,9,6,0,mega-excadrill-ex,Mega Excadrill,0,0
0074,368,22,12,13,9,0,ogerpon-meganium-hydrapple,Ogerpon Meganium Hydrapple,0,0
0074,369,13,7,10,3,0,mega-excadrill-ex,Mega Excadrill,0,0
0074,370,20,10,18,1,1,lopunny-dusknoir,Lopunny Dusknoir,0,0
0074,371,6,4,0,6,0,rocket-mewtwo-ex,Rocket's Mewtwo,0,0
0074,372,27,13,13,12,2,slowking-scr,Slowking,1,0
0074,373,13,8,0,9,4,crustle-dri,Crustle,0,0
0074,374,15,10,4,11,0,n-zoroark,N's Zoroark,1,0
0074,375,26,14,11,15,0,raging-bolt-ogerpon,Raging Bolt Ogerpon,0,0
0074,376,9,6,3,5,1,mega-greninja-ex,Mega Greninja,0,0
0074,377,17,11,14,2,1,lopunny-dusknoir,Lopunny Dusknoir,1,0
0074,378,29,14,19,10,0,dragapult-dusknoir,Dragapult Dusknoir,0,0
0074,379,26,10,16,10,0,dragapult-ex,Dragapult,1,0
0074,380,14,9,4,9,1,alakazam-dudunsparce,Alakazam Dudunsparce,0,0
0074,381,27,11,17,10,0,dragapult-ex,Dragapult,1,0
0074,382,18,7,8,7,3,toucannon-pbl,Toucannon,1,0
0074,383,9,4,0,9,0,rockets-honchkrow,Rocket's Honchkrow,1,0
0074,384,10,5,1,9,0,dhelmise-pbl,Dhelmise,0,0
0074,385,26,12,17,9,0,dragapult-blaziken,Dragapult Blaziken,0,0
0074,386,21,12,12,9,0,ogerpon-meganium-hydrapple,Ogerpon Meganium Hydrapple,0,0
0074,387,16,10,5,10,1,alakazam-dudunsparce,Alakazam Dudunsparce,1,0
0074,388,8,3,0,8,0,rockets-honchkrow,Rocket's Honchkrow,0,0
0074,389,18,9,12,6,0,alakazam-dusknoir,Alakazam Dusknoir,1,1
0074,390,15,10,4,11,0,n-zoroark,N's Zoroark,0,0
0074,391,27,13,17,10,0,dragapult-blaziken,Dragapult Blaziken,0,0
0074,392,15,11,5,10,0,ethan-typhlosion,Ethan's Typhlosion,0,0
0074,393,26,11,15,11,0,dragapult-ex,Dragapult,0,0
0074,394,13,9,6,6,1,okidogi-barbaracle,Okidogi Barbaracle,0,0
0074,395,26,11,16,10,0,dragapult-ex,Dragapult,0,0
0074,396,23,16,14,9,0,ogerpon-meganium-hydrapple,Ogerpon Meganium Hydrapple,0,0
0074,397,25,15,10,15,0,basic-box-m,Basic Box,0,0
0074,398,30,15,19,11,0,dragapult-dusknoir,Dragapult Dusknoir,0,0
0074,399,18,12,4,14,0,n-zoroark,N's Zoroark,0,0
0074,400,17,12,4,13,0,n-zoroark,N's Zoroark,0,0
0074,401,13,6,7,6,0,mega-excadrill-ex,Mega Excadrill,0,0
0074,402,0,0,0,0,0,other,Other,0,0
0074,403,27,17,12,15,0,raging-bolt-ogerpon,Raging Bolt Ogerpon,1,0
0074,404,22,11,14,8,0,alakazam-dusknoir,Alakazam Dusknoir,0,0
0074,405,14,6,9,5,0,mega-excadrill-ex,Mega Excadrill,1,0
0074,406,8,5,2,5,1,dhelmise-pbl,Dhelmise,1,0
0074,407,13,8,4,8,1,alakazam-dudunsparce,Alakazam Dudunsparce,0,0
0074,408,12,6,6,5,1,mega-chandelure-ex,Mega Chandelure,0,0
0074,409,9,4,2,6,1,dhelmise-pbl,Dhelmise,0,0
0074,410,28,15,16,11,1,slowking-scr,Slowking,0,0
0074,411,27,13,17,10,0,dragapult-blaziken,Dragapult Blaziken,0,0
0074,412,26,12,17,9,0,dragapult-blaziken,Dragapult Blaziken,0,0
0074,413,25,11,16,9,0,dragapult-blaziken,Dragapult Blaziken,0,0
0074,414,14,9,4,9,1,alakazam-dudunsparce,Alakazam Dudunsparce,0,0
0074,415,27,13,13,12,2,slowking-scr,Slowking,0,0
0074,416,12,8,3,8,1,alakazam-dudunsparce,Alakazam Dudunsparce,0,0
0074,417,14,6,5,4,5,lopunny-dudunsparce,Lopunny Dudunsparce,0,0
0074,418,8,4,0,7,1,cynthia-garchomp-ex,Cynthia's Garchomp,0,0
0074,419,26,10,16,10,0,dragapult-ex,Dragapult,1,0
0074,420,15,6,9,6,0,mega-excadrill-ex,Mega Excadrill,0,0
0074,421,12,6,0,8,4,crustle-dri,Crustle,0,0
0074,422,14,8,0,10,4,crustle-dri,Crustle,0,0
0074,423,28,18,13,15,0,dragapult-dudunsparce,Dragapult Dudunsparce,0,0
0074,424,13,7,0,9,4,crustle-dri,Crustle,1,0
0074,425,10,4,0,10,0,rockets-honchkrow,Rocket's Honchkrow,0,0
0074,426,17,11,9,8,0,ogerpon-meganium-arboliva,Ogerpon Meganium Arboliva,0,0
0074,427,27,12,13,12,2,slowking-scr,Slowking,1,0
0074,428,4,3,0,4,0,rocket-mewtwo-ex,Rocket's Mewtwo,0,0
0074,429,26,13,14,12,0,ogerpon-meganium-hydrapple,Ogerpon Meganium Hydrapple,0,0
0074,430,9,5,2,6,1,dhelmise-pbl,Dhelmise,0,0
0074,431,21,12,12,9,0,ogerpon-meganium-hydrapple,Ogerpon Meganium Hydrapple,0,0
0074,432,4,3,0,4,0,lucario-hariyama,Lucario Hariyama,0,0
0074,433,19,12,8,10,1,alakazam-dudunsparce,Alakazam Dudunsparce,0,0
0074,434,26,10,16,10,0,dragapult-ex,Dragapult,0,0
0074,435,16,10,6,9,1,alakazam-dudunsparce,Alakazam Dudunsparce,0,0
0074,436,11,5,5,6,0,mega-excadrill-ex,Mega Excadrill,1,1
0074,437,16,11,6,9,1,alakazam-dudunsparce,Alakazam Dudunsparce,0,0
0074,438,17,10,3,14,0,n-zoroark,N's Zoroark,0,0
0074,439,12,9,7,5,0,toxtricity-box,Toxtricity Box,0,0
0074,440,27,11,17,10,0,dragapult-ex,Dragapult,1,0
0074,441,15,10,7,7,1,dhelmise-pbl,Dhelmise,0,0
0074,442,10,6,5,5,0,mega-excadrill-ex,Mega Excadrill,0,0
0074,443,14,8,3,10,1,decidueye-ex,Decidueye,0,0
0074,444,17,11,4,13,0,n-zoroark,N's Zoroark,0,0
0074,445,18,11,4,14,0,n-zoroark,N's Zoroark,1,0
0074,446,21,10,18,2,1,lopunny-dusknoir,Lopunny Dusknoir,0,0
0074,447,26,10,16,10,0,dragapult-ex,Dragapult,0,0
0074,448,27,13,14,13,0,slowking-scr,Slowking,0,0
0074,449,13,9,5,7,1,alakazam-dudunsparce,Alakazam Dudunsparce,0,0
0074,450,14,9,0,10,4,crustle-dri,Crustle,0,0
0074,451,17,10,7,9,1,alakazam-dudunsparce,Alakazam Dudunsparce,0,0
0074,452,14,9,4,9,1,alakazam-dudunsparce,Alakazam Dudunsparce,0,0
0074,453,12,7,6,6,0,other,Other,0,0
0074,454,9,4,0,9,0,rockets-honchkrow,Rocket's Honchkrow,0,0
0074,455,26,11,16,10,0,dragapult-ex,Dragapult,1,0
0074,456,26,16,11,15,0,basic-box-m,Basic Box,0,0
0074,457,26,12,17,9,0,dragapult-blaziken,Dragapult Blaziken,1,1
0074,458,16,10,10,6,0,grimmsnarl-froslass,Grimmsnarl Froslass,0,0
0074,459,13,9,5,7,1,alakazam-dudunsparce,Alakazam Dudunsparce,0,0
0074,460,26,10,16,10,0,dragapult-ex,Dragapult,1,0
0074,461,27,11,17,10,0,dragapult-ex,Dragapult,0,0
0074,462,14,8,0,10,4,crustle-dri,Crustle,0,0
0074,463,16,11,5,10,1,alakazam-dudunsparce,Alakazam Dudunsparce,0,0
0074,464,26,16,11,15,0,basic-box-m,Basic Box,1,0
0074,465,15,10,3,12,0,n-zoroark,N's Zoroark,0,0
0074,466,14,8,5,9,0,sharpedo-toxtricity,Sharpedo Toxtricity,0,0
0074,467,22,13,13,9,0,ogerpon-meganium-hydrapple,Ogerpon Meganium Hydrapple,0,0
0074,468,28,13,14,12,2,slowking-scr,Slowking,0,0
0074,469,22,15,13,9,0,basic-box-m,Basic Box,0,0
0074,470,26,10,16,10,0,dragapult-ex,Dragapult,1,0
0074,471,17,9,7,10,0,sharpedo-toxtricity,Sharpedo Toxtricity,0,0
0074,472,28,14,18,10,0,dragapult-dusknoir,Dragapult Dusknoir,0,0
0074,473,15,10,5,9,1,alakazam-dudunsparce,Alakazam Dudunsparce,0,0
0074,474,26,10,16,10,0,dragapult-ex,Dragapult,0,0
0074,475,9,4,0,9,0,rockets-honchkrow,Rocket's Honchkrow,0,0
0074,476,29,13,14,13,2,slowking-scr,Slowking,0,0
0074,477,15,7,5,10,0,beedrill-ex-cri,Beedrill,1,0
0074,478,11,5,6,4,1,mega-chandelure-ex,Mega Chandelure,0,0
0074,479,27,12,14,13,0,dragapult-ex,Dragapult,0,0
0074,480,24,15,14,10,0,ogerpon-meganium-hydrapple,Ogerpon Meganium Hydrapple,0,0
0074,481,26,13,12,13,1,slowking-scr,Slowking,0,0
0074,482,29,13,19,10,0,dragapult-dusknoir,Dragapult Dusknoir,0,0
0074,483,8,4,3,5,0,mega-excadrill-ex,Mega Excadrill,0,0
0074,484,26,12,17,9,0,dragapult-blaziken,Dragapult Blaziken,0,0
0074,485,26,12,17,9,0,dragapult-blaziken,Dragapult Blaziken,0,0
0074,486,25,16,11,14,0,basic-box-m,Basic Box,0,0
0074,487,28,13,13,13,2,slowking-scr,Slowking,0,0
0074,488,15,9,11,4,0,archaludon-dudunsparce,Archaludon Dudunsparce,0,0
0074,489,14,6,6,3,5,lopunny-dudunsparce,Lopunny Dudunsparce,1,0
0074,490,29,20,17,12,0,other,Other,0,0
0074,491,18,13,5,13,0,n-zoroark,N's Zoroark,1,0
0074,492,11,6,0,7,4,crustle-dri,Crustle,0,0
0074,493,15,10,6,9,0,mega-venusaur-ex,Mega Venusaur,0,0
0074,494,19,12,6,13,0,toxtricity-pfl,Toxtricity,0,0
0074,495,30,15,19,11,0,festival-lead,Festival Lead,0,0
0074,496,17,11,6,10,1,alakazam-dudunsparce,Alakazam Dudunsparce,0,0
0074,497,27,12,17,10,0,dragapult-blaziken,Dragapult Blaziken,0,0
0074,498,13,8,0,9,4,crustle-dri,Crustle,0,0
0074,499,31,15,20,11,0,festival-lead,Festival Lead,0,0
0074,500,16,9,6,10,0,mega-venusaur-ex,Mega Venusaur,0,0
0074,501,7,4,0,7,0,rocket-mewtwo-ex,Rocket's Mewtwo,0,0
0074,502,16,11,6,9,1,alakazam-dudunsparce,Alakazam Dudunsparce,0,0
0074,503,15,6,9,6,0,mega-excadrill-ex,Mega Excadrill,0,0
0074,504,10,6,5,4,1,mega-chandelure-ex,Mega Chandelure,0,0
0074,505,30,15,19,11,0,dragapult-dusknoir,Dragapult Dusknoir,0,0
0074,506,10,4,0,6,4,hops-trevenant,Hop's Trevenant,0,0
0074,507,8,4,0,8,0,rockets-honchkrow,Rocket's Honchkrow,0,0
0074,508,26,10,16,10,0,dragapult-ex,Dragapult,0,0
0074,509,26,15,11,15,0,basic-box-m,Basic Box,0,0
0074,510,29,12,15,14,0,festival-lead,Festival Lead,0,0
0074,511,31,15,19,12,0,festival-lead,Festival Lead,0,0
0074,512,27,11,17,10,0,dragapult-ex,Dragapult,1,0
0074,513,26,16,11,15,0,basic-box-m,Basic Box,1,0
0074,514,33,13,21,12,0,festival-lead,Festival Lead,0,0
0074,515,10,6,5,4,1,okidogi-barbaracle,Okidogi Barbaracle,0,0
0074,516,26,11,17,9,0,dragapult-ex,Dragapult,0,0
0074,517,26,12,17,9,0,dragapult-blaziken,Dragapult Blaziken,1,0
0074,518,31,13,19,12,0,dragapult-dusknoir,Dragapult Dusknoir,0,0
0074,519,30,14,20,10,0,dragapult-dusknoir,Dragapult Dusknoir,0,0
0074,520,19,11,9,9,1,alakazam-dudunsparce,Alakazam Dudunsparce,1,0
0074,521,22,13,12,10,0,ogerpon-meganium-hydrapple,Ogerpon Meganium Hydrapple,0,0
0074,522,15,6,4,6,5,lopunny-dudunsparce,Lopunny Dudunsparce,0,0
0074,523,26,15,13,10,3,slaking-ex,Slaking,0,0
0074,524,17,9,6,11,0,mega-dragonite-ex,Mega Dragonite,0,0
0074,525,30,14,16,12,2,slowking-scr,Slowking,0,0
0074,526,21,9,10,10,1,dragapult-ex,Dragapult,0,0
0074,527,4,3,1,3,0,lucario-hariyama,Lucario Hariyama,0,0
0074,528,13,6,8,5,0,grimmsnarl-froslass,Grimmsnarl Froslass,0,0
0074,529,4,3,0,4,0,lucario-hariyama,Lucario Hariyama,0,0
0074,530,22,10,16,6,0,mega-starmie-ex,Mega Starmie,0,0
0074,531,15,9,5,9,1,alakazam-dudunsparce,Alakazam Dudunsparce,0,0
0074,532,13,6,5,8,0,mega-excadrill-ex,Mega Excadrill,0,0
0074,533,14,6,9,5,0,grimmsnarl-froslass,Grimmsnarl Froslass,0,0
0074,534,7,3,0,7,0,rockets-honchkrow,Rocket's Honchkrow,0,0
0074,535,8,6,1,6,1,dhelmise-pbl,Dhelmise,0,0
0074,536,13,7,0,9,4,crustle-dri,Crustle,0,0
0074,537,16,7,5,11,0,beedrill-ex-cri,Beedrill,0,0
0074,538,29,14,19,10,0,dragapult-dusknoir,Dragapult Dusknoir,0,0
0074,539,21,10,14,7,0,archaludon-dudunsparce,Archaludon Dudunsparce,0,0
0074,540,13,8,4,8,1,alakazam-dudunsparce,Alakazam Dudunsparce,0,0
0074,541,21,12,12,9,0,ogerpon-meganium-hydrapple,Ogerpon Meganium Hydrapple,0,0
0074,542,34,15,21,13,0,festival-lead,Festival Lead,1,0
0074,543,18,10,5,13,0,n-zoroark,N's Zoroark,0,0
0074,544,22,12,12,10,0,ogerpon-meganium-hydrapple,Ogerpon Meganium Hydrapple,0,0
0074,545,28,14,19,9,0,dragapult-dusknoir,Dragapult Dusknoir,0,0
0074,546,5,5,2,3,0,stevens-metagross,Steven's Metagross,0,0
0074,547,29,14,19,10,0,dragapult-dusknoir,Dragapult Dusknoir,0,0
0074,548,27,11,17,10,0,dragapult-ex,Dragapult,0,0
0074,549,14,6,9,5,0,grimmsnarl-froslass,Grimmsnarl Froslass,0,0
0074,550,17,8,6,6,5,lopunny-dudunsparce,Lopunny Dudunsparce,0,0
0074,551,14,8,0,10,4,crustle-dri,Crustle,0,0
0074,552,26,12,17,9,0,dragapult-ex,Dragapult,0,0
0074,553,20,10,8,12,0,sharpedo-toxtricity,Sharpedo Toxtricity,0,0
0074,554,14,8,0,10,4,crustle-dri,Crustle,0,0
0074,555,14,8,9,5,0,diancie-dusknoir,Diancie Dusknoir,0,0
0074,556,17,9,9,7,1,mega-greninja-ex,Mega Greninja,0,0
0074,557,1,1,0,1,0,lucario-hariyama,Lucario Hariyama,1,0
0074,558,27,12,18,9,0,dragapult-dusknoir,Dragapult Dusknoir,0,0
0074,559,12,9,6,6,0,metagross-cri,Metagross,0,0
0074,560,29,14,19,10,0,dragapult-dusknoir,Dragapult Dusknoir,0,0
0074,561,22,11,9,13,0,alakazam-dusknoir,Alakazam Dusknoir,0,0
0074,562,27,11,17,10,0,dragapult-ex,Dragapult,0,0
0074,563,17,11,6,10,1,alakazam-dudunsparce,Alakazam Dudunsparce,0,0
0074,564,19,10,8,11,0,greninja-ex,Greninja,0,0
0074,565,31,12,21,10,0,festival-lead,Festival Lead,0,0
0074,566,15,6,8,7,0,mega-excadrill-ex,Mega Excadrill,0,0
0074,567,9,5,4,4,1,mega-chandelure-ex,Mega Chandelure,1,0
0074,568,17,11,4,13,0,n-zoroark,N's Zoroark,1,0
0074,569,17,11,4,13,0,n-zoroark,N's Zoroark,0,0
0074,570,26,12,17,9,0,dragapult-ex,Dragapult,0,0
0074,571,27,11,17,10,0,dragapult-ex,Dragapult,1,0
0074,572,11,8,7,4,0,other,Other,0,0
0074,573,17,10,6,10,1,alakazam-dudunsparce,Alakazam Dudunsparce,0,0
0074,574,25,11,14,11,0,dragapult-ex,Dragapult,1,0
0074,575,16,10,6,9,1,alakazam-dudunsparce,Alakazam Dudunsparce,0,0
0074,576,21,13,11,10,0,greninja-ex,Greninja,0,0
0074,577,26,11,12,11,3,slowking-scr,Slowking,0,0
0074,578,27,11,17,10,0,dragapult-ex,Dragapult,0,0
0074,579,11,5,4,7,0,mega-lucario-ex,Mega Lucario,0,0
0074,580,17,10,7,9,1,sharpedo-toxtricity,Sharpedo Toxtricity,0,0
0074,581,21,10,18,2,1,lopunny-dusknoir,Lopunny Dusknoir,0,0
0074,582,11,6,0,7,4,crustle-dri,Crustle,0,0
0074,583,14,7,10,4,0,metagross-cri,Metagross,0,0
0074,584,11,5,5,6,0,mega-excadrill-ex,Mega Excadrill,0,0
0074,585,27,11,17,10,0,dragapult-ex,Dragapult,0,0
0074,586,15,9,6,9,0,ogerpon-meganium-arboliva,Ogerpon Meganium Arboliva,1,0
0074,587,12,9,6,6,0,toxtricity-box,Toxtricity Box,0,0
0074,588,17,12,6,10,1,alakazam-dudunsparce,Alakazam Dudunsparce,0,0
0074,589,16,11,4,12,0,n-zoroark,N's Zoroark,0,0
0074,590,23,11,14,9,0,ogerpon-meganium-hydrapple,Ogerpon Meganium Hydrapple,0,0
0074,591,27,11,17,10,0,dragapult-ex,Dragapult,0,0
0074,592,27,13,16,11,0,dragapult-dusknoir,Dragapult Dusknoir,0,0
0074,593,17,8,8,9,0,mega-excadrill-ex,Mega Excadrill,0,0
0074,594,13,6,1,11,1,mega-starmie-ex,Mega Starmie,0,0
0074,595,27,12,17,10,0,dragapult-ex,Dragapult,1,0
0074,596,7,5,2,5,0,lucario-hariyama,Lucario Hariyama,0,0
0074,597,25,12,10,12,3,slowking-scr,Slowking,0,0
0074,598,17,7,1,13,3,other,Other,0,0
0074,599,29,13,17,12,0,dragapult-blaziken,Dragapult Blaziken,0,0
0074,600,15,7,3,7,5,lopunny-dudunsparce,Lopunny Dudunsparce,0,0
0074,601,25,11,16,9,0,dragapult-ex,Dragapult,0,0
0074,602,17,11,6,10,1,alakazam-dudunsparce,Alakazam Dudunsparce,0,0
0074,603,15,9,6,9,0,ogerpon-meganium-arboliva,Ogerpon Meganium Arboliva,0,0
0074,604,27,14,14,12,1,slowking-scr,Slowking,1,0
0074,605,27,12,16,11,0,dragapult-ex,Dragapult,0,0
0074,606,30,14,20,10,0,dragapult-dusknoir,Dragapult Dusknoir,0,0
0074,607,27,11,17,10,0,dragapult-ex,Dragapult,1,0
0074,608,26,13,11,14,1,slowking-scr,Slowking,0,0
0074,609,8,3,0,8,0,rockets-honchkrow,Rocket's Honchkrow,0,0
0074,610,25,11,16,9,0,dragapult-ex,Dragapult,0,0
0074,611,6,6,2,4,0,mega-lucario-ex,Mega Lucario,1,0
0074,612,29,14,19,10,0,dragapult-dusknoir,Dragapult Dusknoir,0,0
0074,613,16,9,3,13,0,n-zoroark,N's Zoroark,0,0
0074,614,27,13,14,11,2,slowking-scr,Slowking,0,0
0074,615,22,14,12,10,0,basic-box-m,Basic Box,0,0
0074,616,24,15,9,15,0,basic-box-m,Basic Box,0,0
0074,617,26,11,16,10,0,dragapult-ex,Dragapult,0,0
0074,618,18,12,4,14,0,n-zoroark,N's Zoroark,1,0
0074,619,13,7,3,10,0,n-zoroark,N's Zoroark,0,0
0074,620,5,2,0,4,1,cynthia-garchomp-ex,Cynthia's Garchomp,1,0
0074,621,27,11,17,10,0,dragapult-ex,Dragapult,0,0
0074,622,25,10,15,10,0,dragapult-ex,Dragapult,0,0
0074,623,16,7,9,7,0,mega-excadrill-ex,Mega Excadrill,1,0
0074,624,12,7,6,5,1,mega-greninja-ex,Mega Greninja,0,0
0074,625,25,15,10,15,0,basic-box-m,Basic Box,1,0
0074,626,27,11,17,10,0,dragapult-ex,Dragapult,0,0
0074,627,16,10,4,12,0,n-zoroark,N's Zoroark,0,0
0074,628,28,12,18,10,0,dragapult-ex,Dragapult,0,0
0074,629,12,9,4,8,0,dhelmise-pbl,Dhelmise,0,0
0074,630,26,12,17,9,0,dragapult-blaziken,Dragapult Blaziken,0,0
0074,631,7,5,1,5,1,dhelmise-pbl,Dhelmise,0,0
0074,632,22,10,12,9,1,dragapult-ex,Dragapult,0,0
0074,633,16,12,7,8,1,alakazam-dudunsparce,Alakazam Dudunsparce,0,0
0074,634,9,6,4,5,0,mega-excadrill-ex,Mega Excadrill,0,0
0074,635,27,12,17,10,0,dragapult-ex,Dragapult,1,0
0074,636,28,13,19,9,0,dragapult-dusknoir,Dragapult Dusknoir,0,0
0074,637,10,6,3,6,1,dhelmise-pbl,Dhelmise,0,0
0074,638,28,12,18,10,0,dragapult-ex,Dragapult,0,0
0074,639,26,12,16,10,0,dragapult-ex,Dragapult,1,0
0074,640,27,13,14,12,1,slowking-scr,Slowking,0,0
0074,641,27,14,14,13,0,slowking-scr,Slowking,0,0
0074,642,25,10,16,9,0,dragapult-ex,Dragapult,0,0
0074,643,25,12,13,12,0,slowking-scr,Slowking,0,0
0074,644,15,7,9,6,0,grimmsnarl-froslass,Grimmsnarl Froslass,0,0
0074,645,30,14,20,10,0,dragapult-dusknoir,Dragapult Dusknoir,0,0
0074,646,27,11,17,10,0,dragapult-ex,Dragapult,0,0
0074,647,25,16,10,15,0,basic-box-m,Basic Box,1,0
0074,648,14,10,5,8,1,alakazam-dudunsparce,Alakazam Dudunsparce,0,0
0074,649,30,14,19,11,0,dragapult-dusknoir,Dragapult Dusknoir,1,0
0074,650,18,10,6,12,0,sharpedo-toxtricity,Sharpedo Toxtricity,0,0
0074,651,16,10,5,11,0,n-zoroark,N's Zoroark,0,0
0074,652,29,14,19,10,0,dragapult-dusknoir,Dragapult Dusknoir,0,0
0074,653,25,16,11,14,0,basic-box-m,Basic Box,0,0
0074,654,29,11,22,6,1,dragapult-dusknoir,Dragapult Dusknoir,0,0
0074,655,30,15,19,11,0,dragapult-dusknoir,Dragapult Dusknoir,0,0
0074,656,8,4,0,8,0,rocket-mewtwo-ex,Rocket's Mewtwo,0,0
0074,657,9,5,2,7,0,manectric-eelektrik,Manectric Eelektrik,0,0
0074,658,30,14,20,10,0,dragapult-dusknoir,Dragapult Dusknoir,1,0
0074,659,15,6,9,6,0,mega-excadrill-ex,Mega Excadrill,0,0
0074,660,9,6,3,5,1,dhelmise-pbl,Dhelmise,0,0
0074,661,18,11,6,11,1,alakazam-dudunsparce,Alakazam Dudunsparce,0,0
0074,662,19,12,6,13,0,n-zoroark,N's Zoroark,0,0
0074,663,28,13,18,10,0,dragapult-dusknoir,Dragapult Dusknoir,0,0
0074,664,28,12,18,10,0,dragapult-dudunsparce,Dragapult Dudunsparce,0,0
0074,665,26,10,16,10,0,dragapult-ex,Dragapult,1,0
0074,666,21,14,12,9,0,basic-box-m,Basic Box,0,0
0074,667,25,14,11,12,2,slowking-scr,Slowking,0,0
0074,668,25,10,16,9,0,dragapult-ex,Dragapult,0,0
0074,669,6,4,0,6,0,rocket-mewtwo-ex,Rocket's Mewtwo,0,0
0074,670,30,13,19,11,0,dragapult-dusknoir,Dragapult Dusknoir,0,0
0074,671,30,14,19,11,0,dragapult-dusknoir,Dragapult Dusknoir,0,0
0074,672,18,9,12,6,0,alakazam-dusknoir,Alakazam Dusknoir,1,0
0074,673,31,15,16,13,2,slowking-scr,Slowking,0,0
0074,674,17,12,7,9,1,alakazam-dudunsparce,Alakazam Dudunsparce,0,0
0074,675,22,12,12,10,0,ogerpon-meganium-hydrapple,Ogerpon Meganium Hydrapple,0,0
0074,676,28,13,18,10,0,dragapult-blaziken,Dragapult Blaziken,0,0
0074,677,25,10,16,9,0,dragapult-ex,Dragapult,0,0
0074,678,23,13,12,11,0,ogerpon-meganium-hydrapple,Ogerpon Meganium Hydrapple,0,0
0074,679,18,13,5,13,0,n-zoroark,N's Zoroark,0,0
0074,680,38,16,21,17,0,festival-lead,Festival Lead,0,0
0074,681,15,11,4,11,0,n-zoroark,N's Zoroark,1,0
0074,682,19,12,10,8,1,toxtricity-box,Toxtricity Box,0,0
0074,683,26,17,11,15,0,basic-box-m,Basic Box,0,0
0074,684,21,10,13,8,0,alakazam-dusknoir,Alakazam Dusknoir,1,0
0074,685,18,10,10,7,1,mega-greninja-ex,Mega Greninja,0,0
0074,686,31,16,17,12,2,slowking-scr,Slowking,0,0
0074,687,28,14,14,12,2,slowking-scr,Slowking,0,0
0074,688,25,11,16,9,0,dragapult-blaziken,Dragapult Blaziken,1,0
0074,689,11,6,4,6,1,dhelmise-pbl,Dhelmise,0,0
0074,690,28,14,14,12,2,slowking-scr,Slowking,0,0
0074,691,4,3,0,4,0,lucario-hariyama,Lucario Hariyama,0,0
0074,692,15,10,3,12,0,alakazam-meg,Alakazam,0,0
0074,693,14,10,4,9,1,mega-darkrai-ex,Mega Darkrai,0,0
0074,694,19,9,13,6,0,alakazam-dusknoir,Alakazam Dusknoir,0,0
0074,695,12,6,1,7,4,hops-trevenant,Hop's Trevenant,0,0
0074,696,10,6,5,4,1,dhelmise-pbl,Dhelmise,0,0
0074,697,9,5,2,6,1,dhelmise-pbl,Dhelmise,0,0
0074,698,16,12,4,12,0,n-zoroark,N's Zoroark,0,0
0074,699,27,11,17,10,0,dragapult-ex,Dragapult,1,0
0074,700,16,11,5,10,1,alakazam-dudunsparce,Alakazam Dudunsparce,1,0
0074,701,26,10,16,10,0,dragapult-ex,Dragapult,1,0
0074,702,34,14,19,15,0,festival-lead,Festival Lead,0,0
0074,703,13,8,0,9,4,crustle-dri,Crustle,1,0
0074,704,27,11,17,10,0,dragapult-ex,Dragapult,0,0
0074,705,23,11,12,11,0,dragapult-ex,Dragapult,0,0
0074,706,14,9,5,8,1,alakazam-dudunsparce,Alakazam Dudunsparce,1,0
0074,707,17,9,6,11,0,beedrill-ex-cri,Beedrill,0,0
0074,708,26,13,16,10,0,dragapult-blaziken,Dragapult Blaziken,0,0
0074,709,26,12,17,9,0,dragapult-blaziken,Dragapult Blaziken,0,0
0074,710,28,12,18,10,0,dragapult-ex,Dragapult,1,0
0074,711,32,18,18,14,0,festival-lead,Festival Lead,0,0
0074,712,27,12,13,12,2,slowking-scr,Slowking,0,0
0074,713,22,12,12,10,0,ogerpon-meganium-hydrapple,Ogerpon Meganium Hydrapple,0,0
0074,714,12,6,0,8,4,crustle-dri,Crustle,0,0
0074,715,27,11,17,10,0,dragapult-ex,Dragapult,0,0
0074,716,27,17,12,15,0,basic-box-m,Basic Box,1,0
0074,717,27,11,17,10,0,dragapult-ex,Dragapult,0,0
0074,718,8,5,0,8,0,mega-lucario-ex,Mega Lucario,0,0
0074,719,27,12,17,10,0,dragapult-ex,Dragapult,0,0
0074,720,25,11,16,9,0,dragapult-ex,Dragapult,0,0
0074,721,26,11,16,10,0,dragapult-ex,Dragapult,0,0
0074,722,28,13,15,13,0,festival-lead,Festival Lead,0,0
0074,723,19,9,8,11,0,sharpedo-toxtricity,Sharpedo Toxtricity,0,0
0074,724,25,15,11,14,0,basic-box-m,Basic Box,0,0
0074,725,27,13,18,9,0,dragapult-dusknoir,Dragapult Dusknoir,0,0
0074,726,31,15,19,12,0,festival-lead,Festival Lead,1,0
0074,727,26,17,11,15,0,basic-box-m,Basic Box,0,0
0074,728,5,4,2,3,0,doublade-por,Doublade,0,0
0074,729,5,2,0,4,1,cynthia-garchomp-ex,Cynthia's Garchomp,0,0
0074,730,26,11,12,12,2,slowking-scr,Slowking,1,0
0074,731,17,11,4,13,0,n-zoroark,N's Zoroark,0,0
0074,732,11,5,5,6,0,mega-excadrill-ex,Mega Excadrill,0,0
0074,733,17,9,5,11,1,alakazam-dudunsparce,Alakazam Dudunsparce,0,0
0074,734,14,9,9,5,0,toxtricity-box,Toxtricity Box,1,0
0074,735,28,15,12,16,0,raging-bolt-ogerpon,Raging Bolt Ogerpon,0,0
0074,736,18,8,7,7,4,lopunny-dudunsparce,Lopunny Dudunsparce,0,0
0074,737,10,7,6,4,0,toxtricity-box,Toxtricity Box,0,0
0074,738,33,16,21,12,0,festival-lead,Festival Lead,0,0
0074,739,18,13,8,9,1,mega-lopunny-ex,Mega Lopunny,0,0
0074,740,24,15,12,12,0,basic-box-m,Basic Box,0,0
0074,741,13,5,8,5,0,mega-excadrill-ex,Mega Excadrill,0,0
0074,742,25,16,13,12,0,basic-box-m,Basic Box,0,0
0074,743,13,9,8,5,0,toucannon-pbl,Toucannon,0,0
0074,744,34,14,21,13,0,festival-lead,Festival Lead,0,0
0074,745,27,12,18,9,0,dragapult-ex,Dragapult,0,0
0074,746,27,16,12,15,0,raging-bolt-ogerpon,Raging Bolt Ogerpon,0,0
0074,747,10,7,5,5,0,mega-lucario-ex,Mega Lucario,0,0
0074,748,14,7,9,5,0,grimmsnarl-froslass,Grimmsnarl Froslass,0,0
0074,749,27,12,17,10,0,dragapult-ex,Dragapult,0,0
0074,750,13,6,5,7,1,mega-lucario-ex,Mega Lucario,0,0
0074,751,4,2,0,4,0,lucario-hariyama,Lucario Hariyama,0,0
0074,752,17,11,5,11,1,alakazam-dudunsparce,Alakazam Dudunsparce,0,0
0074,753,29,15,20,9,0,dragapult-dusknoir,Dragapult Dusknoir,0,0
0074,754,18,9,10,8,0,grimmsnarl-froslass,Grimmsnarl Froslass,0,0
0074,755,25,16,10,15,0,basic-box-m,Basic Box,0,0
0074,756,7,3,0,6,1,cynthia-garchomp-ex,Cynthia's Garchomp,0,0
0074,757,20,13,10,10,0,greninja-ex,Greninja,0,0
0074,758,15,10,5,9,1,alakazam-dudunsparce,Alakazam Dudunsparce,0,0
0074,759,18,13,5,13,0,n-zoroark,N's Zoroark,0,0
0074,760,18,12,5,13,0,n-zoroark,N's Zoroark,0,0
0074,761,27,12,12,13,2,slowking-scr,Slowking,0,0
0074,762,28,16,13,15,0,raging-bolt-ogerpon,Raging Bolt Ogerpon,0,0
0074,763,27,12,12,13,2,slowking-scr,Slowking,1,0
0074,764,6,5,2,4,0,lucario-hariyama,Lucario Hariyama,0,0
0074,765,15,7,5,5,5,lopunny-dudunsparce,Lopunny Dudunsparce,0,0
0074,766,32,15,19,13,0,festival-lead,Festival Lead,0,0
0074,767,16,11,5,11,0,n-zoroark,N's Zoroark,0,0
0074,768,27,11,17,10,0,dragapult-ex,Dragapult,0,0
0074,769,15,8,6,8,1,alakazam-dudunsparce,Alakazam Dudunsparce,0,0
0074,770,27,11,17,10,0,dragapult-ex,Dragapult,0,0
0074,771,16,10,4,12,0,n-zoroark,N's Zoroark,1,0
0074,772,30,14,14,13,3,slowking-scr,Slowking,0,0
0074,773,19,9,12,6,1,lopunny-dusknoir,Lopunny Dusknoir,0,0
0074,774,25,12,12,11,2,slowking-scr,Slowking,0,0
0074,775,19,11,9,9,1,alakazam-dudunsparce,Alakazam Dudunsparce,0,0
0074,776,13,7,0,9,4,crustle-dri,Crustle,0,0
0074,777,22,14,9,13,0,clefairy-ogerpon,Clefairy Ogerpon,0,0
0074,778,5,3,0,5,0,rocket-mewtwo-ex,Rocket's Mewtwo,1,0
0074,779,14,7,3,7,4,hops-trevenant,Hop's Trevenant,0,0
0074,780,24,15,9,15,0,basic-box-m,Basic Box,0,0
0074,781,9,6,3,5,1,dhelmise-pbl,Dhelmise,1,0
0074,782,11,5,4,7,0,mega-excadrill-ex,Mega Excadrill,0,0
0074,783,25,15,10,15,0,basic-box-m,Basic Box,0,0
0074,784,16,10,7,9,0,ogerpon-meganium-arboliva,Ogerpon Meganium Arboliva,0,0
0074,785,27,11,17,10,0,dragapult-ex,Dragapult,0,0
0074,786,7,4,1,6,0,manectric-eelektrik,Manectric Eelektrik,0,0
0074,787,26,11,17,9,0,dragapult-blaziken,Dragapult Blaziken,0,0
0074,788,16,10,7,9,0,ogerpon-meganium-arboliva,Ogerpon Meganium Arboliva,0,0
0074,789,28,13,13,13,2,slowking-scr,Slowking,0,0
0074,790,23,14,12,11,0,ogerpon-meganium-hydrapple,Ogerpon Meganium Hydrapple,0,0
0074,791,28,12,12,14,2,slowking-scr,Slowking,1,0
0074,792,11,6,0,7,4,crustle-dri,Crustle,0,0
0074,793,9,4,0,9,0,rockets-honchkrow,Rocket's Honchkrow,1,0
0074,794,17,11,5,12,0,n-zoroark,N's Zoroark,0,0
0074,795,18,12,7,11,0,n-zoroark,N's Zoroark,0,0
0074,796,26,16,11,15,0,basic-box-m,Basic Box,0,0
0074,797,26,11,16,10,0,dragapult-ex,Dragapult,0,0
0074,798,25,11,16,9,0,dragapult-blaziken,Dragapult Blaziken,1,0
0074,799,25,15,10,15,0,basic-box-m,Basic Box,0,0
0074,800,15,6,9,6,0,mega-excadrill-ex,Mega Excadrill,0,0
0074,801,16,7,5,6,5,lopunny-dudunsparce,Lopunny Dudunsparce,0,0
0074,802,26,18,11,15,0,basic-box-m,Basic Box,0,0
0074,803,26,14,12,14,0,raging-bolt-ogerpon,Raging Bolt Ogerpon,0,0
0074,804,17,11,4,13,0,n-zoroark,N's Zoroark,0,0
0074,805,16,7,5,6,5,lopunny-dudunsparce,Lopunny Dudunsparce,0,0
0074,806,17,10,6,10,1,alakazam-dudunsparce,Alakazam Dudunsparce,0,0
0074,807,30,13,19,11,0,dragapult-dusknoir,Dragapult Dusknoir,0,0
0074,808,9,4,0,5,4,hops-trevenant,Hop's Trevenant,0,0
0074,809,19,11,15,3,1,lopunny-dusknoir,Lopunny Dusknoir,0,0
0074,810,16,11,4,12,0,n-zoroark,N's Zoroark,0,0
0074,811,28,15,18,10,0,dragapult-dusknoir,Dragapult Dusknoir,0,0
0074,812,27,18,12,15,0,basic-box-m,Basic Box,0,0
0074,813,16,10,4,12,0,n-zoroark,N's Zoroark,1,0
0074,814,14,9,6,8,0,toxtricity-pfl,Toxtricity,0,0
0074,815,25,14,10,15,0,basic-box-m,Basic Box,1,0
0074,816,14,6,7,7,0,mega-excadrill-ex,Mega Excadrill,0,0
0074,817,23,11,14,9,0,ogerpon-meganium-hydrapple,Ogerpon Meganium Hydrapple,0,0
0074,818,26,12,17,9,0,dragapult-ex,Dragapult,0,0
0074,819,29,14,19,10,0,dragapult-dusknoir,Dragapult Dusknoir,0,0
0074,820,24,13,12,11,1,slowking-scr,Slowking,0,0
0074,821,30,16,17,13,0,festival-lead,Festival Lead,1,0
0074,822,14,7,6,3,5,lopunny-dudunsparce,Lopunny Dudunsparce,0,0
0074,823,9,4,1,7,1,dhelmise-pbl,Dhelmise,0,0
0074,824,30,15,18,12,0,festival-lead,Festival Lead,0,0
0074,825,26,10,16,10,0,dragapult-ex,Dragapult,1,0
0074,826,26,10,12,12,2,slowking-scr,Slowking,1,1
0074,827,20,10,11,9,0,ogerpon-meganium-hydrapple,Ogerpon Meganium Hydrapple,0,0
0074,828,17,10,4,13,0,n-zoroark,N's Zoroark,0,0
0074,829,29,12,16,11,2,festival-lead,Festival Lead,0,0
0074,830,17,12,4,13,0,n-zoroark,N's Zoroark,0,0
0074,831,17,12,12,5,0,other,Other,0,0
0074,832,21,17,9,10,2,other,Other,0,0
0074,833,27,12,16,11,0,dragapult-blaziken,Dragapult Blaziken,0,0
0074,834,16,7,5,11,0,cornerstone-mask-ogerpon-ex,Cornerstone Mask Ogerpon,0,0
0074,835,20,12,9,11,0,basic-box-m,Basic Box,0,0
0074,836,37,17,20,17,0,festival-lead,Festival Lead,0,0
0074,837,4,3,1,3,0,lucario-hariyama,Lucario Hariyama,1,0
0074,838,31,14,19,12,0,festival-lead,Festival Lead,0,0
0074,839,16,7,7,4,5,lopunny-dudunsparce,Lopunny Dudunsparce,0,0
0074,840,10,5,5,5,0,mega-lucario-ex,Mega Lucario,0,0
0074,841,16,7,6,5,5,lopunny-dudunsparce,Lopunny Dudunsparce,1,0
0074,842,30,14,17,13,0,dragapult-ex,Dragapult,0,0
0074,843,26,11,16,10,0,dragapult-ex,Dragapult,0,0
0074,844,26,10,16,10,0,dragapult-ex,Dragapult,0,0
0074,845,20,12,11,9,0,greninja-ex,Greninja,1,0
0074,846,26,13,17,9,0,dragapult-blaziken,Dragapult Blaziken,0,0
0074,847,26,11,14,12,0,dragapult-ex,Dragapult,0,0
0074,848,12,5,4,8,0,mega-excadrill-ex,Mega Excadrill,0,0
0074,849,9,5,0,9,0,rocket-mewtwo-ex,Rocket's Mewtwo,0,0
0074,850,27,14,17,10,0,dragapult-dusknoir,Dragapult Dusknoir,1,0
0074,851,17,10,6,10,1,alakazam-dudunsparce,Alakazam Dudunsparce,0,0
0074,852,6,3,0,5,1,cynthia-garchomp-ex,Cynthia's Garchomp,0,0
0074,853,16,12,5,11,0,mega-lucario-ex,Mega Lucario,0,0
0074,854,11,6,0,7,4,crustle-dri,Crustle,1,0
0074,855,17,11,4,13,0,n-zoroark,N's Zoroark,0,0
0074,856,25,11,12,11,2,slowking-scr,Slowking,0,0
0074,857,27,12,18,9,0,dragapult-ex,Dragapult,1,0
0074,858,10,4,0,10,0,rockets-honchkrow,Rocket's Honchkrow,0,0
0074,859,16,8,7,9,0,sharpedo-toxtricity,Sharpedo Toxtricity,0,0
0074,860,27,11,17,10,0,dragapult-ex,Dragapult,0,0
0074,861,26,10,16,10,0,dragapult-ex,Dragapult,0,0
0074,862,18,12,4,14,0,n-zoroark,N's Zoroark,0,0
0074,863,15,7,0,11,4,other,Other,0,0
0074,864,27,11,17,10,0,dragapult-ex,Dragapult,0,0
0074,865,24,15,14,10,0,basic-box-m,Basic Box,0,0
0074,866,18,9,11,7,0,ogerpon-meganium-hydrapple,Ogerpon Meganium Hydrapple,0,0
0074,867,8,6,2,6,0,lucario-hariyama,Lucario Hariyama,0,0
0074,868,32,14,20,12,0,festival-lead,Festival Lead,0,0
0074,869,17,10,7,9,1,alakazam-dudunsparce,Alakazam Dudunsparce,0,0
0074,870,19,9,13,6,0,alakazam-dusknoir,Alakazam Dusknoir,0,0
0074,871,17,8,8,9,0,sharpedo-toxtricity,Sharpedo Toxtricity,0,0
0074,872,26,10,16,10,0,dragapult-ex,Dragapult,0,0
0074,873,18,8,8,10,0,beedrill-ex-cri,Beedrill,0,0
0074,874,14,9,1,9,4,crustle-dri,Crustle,1,0
0074,875,8,5,2,5,1,dhelmise-pbl,Dhelmise,0,0
0074,876,16,10,4,11,1,alakazam-dudunsparce,Alakazam Dudunsparce,0,0
0074,877,27,11,17,10,0,dragapult-ex,Dragapult,0,0
0074,878,27,12,16,11,0,dragapult-ex,Dragapult,0,0
0074,879,27,11,17,10,0,dragapult-ex,Dragapult,0,0
0074,880,29,14,19,10,0,dragapult-dusknoir,Dragapult Dusknoir,0,0
0074,881,33,15,22,11,0,dragapult-dusknoir,Dragapult Dusknoir,0,0
0074,882,15,8,6,7,2,mega-absol-box,Mega Absol Box,0,0
0074,883,26,17,11,15,0,basic-box-m,Basic Box,1,0
0074,884,18,12,4,14,0,n-zoroark,N's Zoroark,1,0
0074,885,26,11,16,10,0,dragapult-ex,Dragapult,0,0
0074,886,12,8,6,6,0,mega-excadrill-ex,Mega Excadrill,0,0
0074,887,16,11,5,11,0,n-zoroark,N's Zoroark,0,0
0074,888,25,10,15,10,0,dragapult-ex,Dragapult,0,0
0074,889,26,16,11,15,0,basic-box-m,Basic Box,0,0
0074,890,28,12,18,10,0,dragapult-ex,Dragapult,0,0
0074,891,27,11,17,10,0,dragapult-ex,Dragapult,0,0
0074,892,31,15,21,10,0,dragapult-dusknoir,Dragapult Dusknoir,0,0
0074,893,28,14,17,11,0,dragapult-blaziken,Dragapult Blaziken,0,0
0074,894,21,11,12,9,0,ogerpon-meganium-hydrapple,Ogerpon Meganium Hydrapple,1,0
0074,895,30,13,20,10,0,dragapult-dusknoir,Dragapult Dusknoir,0,0
0074,896,27,11,17,10,0,dragapult-ex,Dragapult,0,0
0074,897,18,12,5,13,0,n-zoroark,N's Zoroark,0,0
0074,898,13,7,5,8,0,mega-starmie-ex,Mega Starmie,0,0
0074,899,18,12,4,14,0,n-zoroark,N's Zoroark,0,0
0074,900,26,12,16,10,0,dragapult-blaziken,Dragapult Blaziken,0,0
0074,901,16,10,8,8,0,ogerpon-meganium-arboliva,Ogerpon Meganium Arboliva,0,0
0074,902,19,10,7,11,1,ceruledge-ex,Ceruledge,0,0
0074,903,16,10,6,9,1,ceruledge-ex,Ceruledge,0,0
0074,904,26,12,16,10,0,dragapult-blaziken,Dragapult Blaziken,0,0
0074,905,6,3,0,6,0,lucario-hariyama,Lucario Hariyama,0,0
0074,906,15,6,8,7,0,grimmsnarl-froslass,Grimmsnarl Froslass,0,0
0074,907,25,15,10,15,0,basic-box-m,Basic Box,1,0
0074,908,27,11,17,10,0,dragapult-ex,Dragapult,0,0
0074,909,28,12,18,10,0,dragapult-ex,Dragapult,1,0
0074,910,28,12,18,10,0,dragapult-ex,Dragapult,0,0
0074,911,17,8,7,10,0,sharpedo-toxtricity,Sharpedo Toxtricity,1,0
0074,912,27,13,13,12,2,slowking-scr,Slowking,0,0
0074,913,14,8,7,7,0,ethan-typhlosion,Ethan's Typhlosion,0,0
0074,914,18,12,8,10,0,other,Other,0,0
0074,915,8,4,0,8,0,rocket-mewtwo-ex,Rocket's Mewtwo,0,0
0074,916,8,5,2,6,0,sharpedo-toxtricity,Sharpedo Toxtricity,0,0
0074,917,19,9,12,7,0,archaludon-dudunsparce,Archaludon Dudunsparce,0,0
0074,918,17,10,7,10,0,sharpedo-toxtricity,Sharpedo Toxtricity,0,0
0074,919,14,8,6,7,1,mega-lucario-ex,Mega Lucario,0,0
0074,920,26,10,15,11,0,dragapult-ex,Dragapult,0,0
0074,921,22,12,20,1,1,lopunny-dusknoir,Lopunny Dusknoir,0,0
0074,922,27,17,14,13,0,raging-bolt-ogerpon,Raging Bolt Ogerpon,0,0
0074,923,16,11,5,10,1,alakazam-dudunsparce,Alakazam Dudunsparce,0,0
0074,924,29,13,19,10,0,dragapult-dusknoir,Dragapult Dusknoir,0,0
0074,925,18,9,9,9,0,dhelmise-pbl,Dhelmise,0,0
0074,926,27,11,17,10,0,dragapult-ex,Dragapult,0,0
0074,927,23,12,7,16,0,mew-ex-30c,Mew Box,0,0
0074,928,14,6,9,5,0,grimmsnarl-froslass,Grimmsnarl Froslass,0,0
0074,929,26,12,12,12,2,slowking-scr,Slowking,1,0
0074,930,22,12,12,10,0,ogerpon-meganium-hydrapple,Ogerpon Meganium Hydrapple,1,0
0074,931,22,12,14,7,1,alakazam-dudunsparce,Alakazam Dudunsparce,0,0
0074,932,18,11,5,13,0,n-zoroark,N's Zoroark,0,0
0074,933,25,15,10,15,0,basic-box-m,Basic Box,1,0
0074,934,10,6,2,8,0,dhelmise-pbl,Dhelmise,0,0
0074,935,18,11,6,12,0,n-zoroark,N's Zoroark,0,0
0074,936,27,13,13,12,2,slowking-scr,Slowking,0,0
0074,937,12,7,3,8,1,dhelmise-pbl,Dhelmise,0,0
0074,938,25,16,11,14,0,basic-box-m,Basic Box,0,0
0074,939,11,6,5,5,1,mega-lucario-ex,Mega Lucario,0,0
0074,940,32,14,21,11,0,dragapult-dusknoir,Dragapult Dusknoir,0,0
0074,941,14,7,5,9,0,mega-venusaur-ex,Mega Venusaur,1,0
0074,942,17,11,5,12,0,n-zoroark,N's Zoroark,0,0
0074,943,6,4,1,5,0,dhelmise-pbl,Dhelmise,0,0
0074,944,29,12,15,14,0,festival-lead,Festival Lead,0,0
0074,945,26,15,9,17,0,basic-box-m,Basic Box,1,0
0074,946,16,11,5,10,1,alakazam-dudunsparce,Alakazam Dudunsparce,0,0
0074,947,16,9,8,8,0,ethan-typhlosion,Ethan's Typhlosion,0,0
0074,948,16,9,6,10,0,alakazam-dudunsparce,Alakazam Dudunsparce,0,0
0074,949,27,11,17,10,0,dragapult-ex,Dragapult,0,0
0074,950,15,10,5,9,1,alakazam-dudunsparce,Alakazam Dudunsparce,0,0
0074,951,13,5,7,6,0,mega-excadrill-ex,Mega Excadrill,0,0
0074,952,26,15,10,16,0,basic-box-m,Basic Box,0,0
0074,953,6,3,0,6,0,rocket-mewtwo-ex,Rocket's Mewtwo,0,0
0074,954,13,6,2,11,0,mega-lucario-ex,Mega Lucario,0,0
0074,955,26,16,11,15,0,basic-box-m,Basic Box,0,0
0074,956,14,9,5,8,1,alakazam-dudunsparce,Alakazam Dudunsparce,0,0
0074,957,13,6,8,5,0,grimmsnarl-froslass,Grimmsnarl Froslass,0,0
0074,958,18,9,7,7,4,lopunny-dudunsparce,Lopunny Dudunsparce,0,0
0074,959,28,12,17,11,0,dragapult-ex,Dragapult,0,0
0074,960,26,10,16,10,0,dragapult-ex,Dragapult,0,0
0074,961,27,10,13,11,3,seaking-pre,Seaking Festival Lead,0,0
0074,962,30,16,18,12,0,festival-lead,Festival Lead,0,0
0074,963,27,14,14,12,1,slowking-scr,Slowking,1,0
0074,964,23,11,7,16,0,mew-ex-30c,Mew Box,0,0
0074,965,12,5,5,7,0,mega-lucario-ex,Mega Lucario,1,0
0074,966,17,11,4,13,0,n-zoroark,N's Zoroark,0,0
0074,967,14,8,0,10,4,crustle-dri,Crustle,1,0
0074,968,7,4,0,7,0,cynthia-garchomp-ex,Cynthia's Garchomp,0,0
0074,969,12,6,5,7,0,mega-excadrill-ex,Mega Excadrill,0,0
0074,970,6,3,0,6,0,cynthia-garchomp-ex,Cynthia's Garchomp,0,0
0074,971,7,3,0,7,0,rockets-honchkrow,Rocket's Honchkrow,0,0
0074,972,27,11,17,10,0,dragapult-ex,Dragapult,0,0
0074,973,29,13,19,10,0,dragapult-dusknoir,Dragapult Dusknoir,0,0
0074,974,17,10,7,9,1,alakazam-dudunsparce,Alakazam Dudunsparce,0,0
0074,975,8,3,0,8,0,rockets-honchkrow,Rocket's Honchkrow,0,0
0074,976,19,11,10,8,1,mega-greninja-ex,Mega Greninja,0,0
0074,977,28,14,18,10,0,dragapult-dusknoir,Dragapult Dusknoir,0,0
0074,978,28,12,18,10,0,festival-lead,Festival Lead,1,0
0074,979,27,11,17,10,0,dragapult-ex,Dragapult,0,0
0074,980,11,6,0,7,4,crustle-dri,Crustle,1,0
0074,981,16,7,9,7,0,mega-excadrill-ex,Mega Excadrill,0,0
0074,982,26,17,11,15,0,basic-box-m,Basic Box,0,0
0074,983,20,10,16,3,1,lopunny-dusknoir,Lopunny Dusknoir,0,0
0074,984,18,12,4,14,0,n-zoroark,N's Zoroark,0,0
0074,985,13,4,8,5,0,mega-excadrill-ex,Mega Excadrill,0,0
0074,986,22,12,14,8,0,ogerpon-meganium-hydrapple,Ogerpon Meganium Hydrapple,0,0
0074,987,26,11,13,12,1,slowking-scr,Slowking,0,0
0074,988,22,11,18,3,1,lopunny-dusknoir,Lopunny Dusknoir,0,0
0074,989,13,7,7,6,0,dhelmise-pbl,Dhelmise,0,0
0074,990,30,13,20,10,0,dragapult-dusknoir,Dragapult Dusknoir,1,0
0074,991,12,7,0,8,4,crustle-dri,Crustle,1,0
0074,992,30,13,20,10,0,dragapult-dusknoir,Dragapult Dusknoir,1,0
0074,993,25,10,16,9,0,dragapult-ex,Dragapult,0,0
0074,994,6,3,0,6,0,cynthia-garchomp-ex,Cynthia's Garchomp,1,0
0074,995,25,15,10,15,0,basic-box-m,Basic Box,0,0
0074,996,33,14,20,13,0,festival-lead,Festival Lead,0,0
0074,997,18,13,5,13,0,n-zoroark,N's Zoroark,0,0
0074,998,27,12,13,12,2,slowking-scr,Slowking,0,0
0074,999,6,3,0,6,0,lucario-hariyama,Lucario Hariyama,0,0
0074,1000,16,10,4,12,0,n-zoroark,N's Zoroark,0,0
0074,1001,26,12,16,10,0,dragapult-ex,Dragapult,0,0
0074,1002,26,12,17,9,0,dragapult-dusknoir,Dragapult Dusknoir,0,0
0074,1003,28,17,13,15,0,raging-bolt-ogerpon,Raging Bolt Ogerpon,0,0
0074,1004,32,15,19,13,0,festival-lead,Festival Lead,0,0
0074,1005,32,14,19,13,0,festival-lead,Festival Lead,0,0
0074,1006,19,10,8,11,0,beedrill-ex-cri,Beedrill,0,0
0074,1007,17,11,5,12,0,n-zoroark,N's Zoroark,0,0
0074,1008,16,10,4,11,1,alakazam-dudunsparce,Alakazam Dudunsparce,0,0
0074,1009,17,8,8,9,0,sharpedo-toxtricity,Sharpedo Toxtricity,0,0
0074,1010,26,12,17,9,0,dragapult-blaziken,Dragapult Blaziken,0,0
0074,1011,27,11,17,10,0,dragapult-ex,Dragapult,1,0
0074,1012,9,4,0,9,0,rockets-honchkrow,Rocket's Honchkrow,0,0
0074,1013,27,11,17,10,0,dragapult-ex,Dragapult,0,0
0074,1014,16,7,6,5,5,lopunny-dudunsparce,Lopunny Dudunsparce,0,0
0074,1015,16,12,6,9,1,alakazam-dudunsparce,Alakazam Dudunsparce,0,0
0074,1016,22,15,12,10,0,basic-box-m,Basic Box,1,0
0074,1017,18,12,7,11,0,ethan-typhlosion,Ethan's Typhlosion,0,0
0074,1018,13,8,4,8,1,alakazam-dudunsparce,Alakazam Dudunsparce,0,0
0074,1019,26,13,12,13,1,slowking-scr,Slowking,0,0
0074,1020,30,13,19,11,0,dragapult-dusknoir,Dragapult Dusknoir,0,0
0074,1021,1,1,0,1,0,lucario-hariyama,Lucario Hariyama,1,0
0074,1022,30,15,19,11,0,festival-lead,Festival Lead,1,0
0074,1023,20,11,10,10,0,greninja-ex,Greninja,0,0
0074,1024,22,12,12,10,0,ogerpon-meganium-hydrapple,Ogerpon Meganium Hydrapple,0,0
0074,1025,27,11,17,10,0,dragapult-ex,Dragapult,0,0
0074,1026,6,3,0,5,1,cynthia-garchomp-ex,Cynthia's Garchomp,0,0
0074,1027,31,14,20,11,0,dragapult-dusknoir,Dragapult Dusknoir,1,0
0074,1028,20,10,14,6,0,alakazam-dusknoir,Alakazam Dusknoir,1,0
0074,1029,26,11,15,11,0,dragapult-ex,Dragapult,0,0
0074,1030,11,4,6,5,0,mega-excadrill-ex,Mega Excadrill,0,0
0074,1031,27,11,17,10,0,dragapult-ex,Dragapult,0,0
0074,1032,27,12,13,12,2,slowking-scr,Slowking,0,0
0074,1033,27,13,17,10,0,dragapult-blaziken,Dragapult Blaziken,0,0
0074,1034,15,6,9,6,0,mega-excadrill-ex,Mega Excadrill,0,0
0074,1035,26,16,11,15,0,basic-box-m,Basic Box,1,0
0074,1036,20,10,12,8,0,ogerpon-meganium-hydrapple,Ogerpon Meganium Hydrapple,0,0
0074,1037,36,15,20,16,0,festival-lead,Festival Lead,0,0
0074,1038,15,6,9,6,0,mega-excadrill-ex,Mega Excadrill,0,0
0074,1039,26,13,13,11,2,seaking-pre,Seaking Festival Lead,0,0
0074,1040,11,7,6,4,1,mega-chandelure-ex,Mega Chandelure,0,0
0074,1041,13,7,0,9,4,crustle-dri,Crustle,0,0
0074,1042,27,15,11,16,0,raging-bolt-ogerpon,Raging Bolt Ogerpon,0,0
0074,1043,14,8,1,9,4,crustle-dri,Crustle,0,0
0074,1044,18,8,8,10,0,sharpedo-toxtricity,Sharpedo Toxtricity,1,0
0074,1045,28,14,16,12,0,festival-lead,Festival Lead,0,0
0074,1046,25,15,14,10,1,hydreigon-ex,Hydreigon,0,0
0074,1047,10,5,2,7,1,dhelmise-pbl,Dhelmise,0,0
0074,1048,26,11,17,9,0,dragapult-ex,Dragapult,0,0
0074,1049,26,10,16,10,0,dragapult-ex,Dragapult,0,0
0074,1050,26,10,16,10,0,dragapult-ex,Dragapult,0,0
0074,1051,26,11,17,9,0,dragapult-blaziken,Dragapult Blaziken,0,0
0074,1052,16,8,8,8,0,sharpedo-toxtricity,Sharpedo Toxtricity,0,0
0074,1053,24,15,14,10,0,basic-box-m,Basic Box,0,0
0074,1054,11,6,5,5,1,dhelmise-pbl,Dhelmise,1,0
0074,1055,10,8,4,5,1,dhelmise-pbl,Dhelmise,0,0
0074,1056,12,7,5,7,0,mega-lucario-ex,Mega Lucario,0,0
0074,1057,4,3,0,3,1,mega-lucario-ex,Mega Lucario,0,0
0074,1058,14,9,0,10,4,crustle-dri,Crustle,0,0
0074,1059,19,12,6,13,0,n-zoroark,N's Zoroark,0,0
0074,1060,26,16,11,15,0,basic-box-m,Basic Box,0,0
0074,1061,5,4,2,3,0,dhelmise-pbl,Dhelmise,1,0
0074,1062,27,12,18,9,0,dragapult-dudunsparce,Dragapult Dudunsparce,0,0
0074,1063,26,12,17,9,0,dragapult-dusknoir,Dragapult Dusknoir,1,0
0074,1064,22,11,10,12,0,slowking-scr,Slowking,0,0
0074,1065,27,11,17,10,0,dragapult-ex,Dragapult,0,0
0074,1066,27,11,17,10,0,dragapult-ex,Dragapult,0,0
0074,1067,10,7,4,5,1,dhelmise-pbl,Dhelmise,0,0
0074,1068,15,6,8,7,0,mega-excadrill-ex,Mega Excadrill,0,0
0074,1069,13,6,9,4,0,mega-excadrill-ex,Mega Excadrill,0,0
0074,1070,12,6,0,8,4,crustle-dri,Crustle,0,0
0074,1071,19,11,11,8,0,ogerpon-meganium-hydrapple,Ogerpon Meganium Hydrapple,0,0
0074,1072,30,14,19,11,0,festival-lead,Festival Lead,0,0
0074,1073,17,10,6,10,1,alakazam-dudunsparce,Alakazam Dudunsparce,0,0
0074,1074,26,14,14,11,1,slowking-scr,Slowking,0,0
0074,1075,15,6,9,6,0,mega-excadrill-ex,Mega Excadrill,0,0
0074,1076,27,11,17,10,0,dragapult-ex,Dragapult,0,0
0074,1077,26,12,15,11,0,dragapult-ex,Dragapult,0,0
0074,1078,28,15,15,12,1,slowking-scr,Slowking,1,0
0074,1079,30,14,16,11,3,seaking-pre,Seaking Festival Lead,0,0
0074,1080,22,13,6,16,0,n-zoroark,N's Zoroark,0,0
0074,1081,34,14,21,13,0,festival-lead,Festival Lead,1,0
0074,1082,27,13,18,9,0,dragapult-dusknoir,Dragapult Dusknoir,0,0
0074,1083,15,8,6,4,5,lopunny-dudunsparce,Lopunny Dudunsparce,0,0
0074,1084,18,11,8,9,1,alakazam-dudunsparce,Alakazam Dudunsparce,0,0
0074,1085,18,11,6,11,1,alakazam-dudunsparce,Alakazam Dudunsparce,0,0
0074,1086,26,16,12,14,0,basic-box-m,Basic Box,0,0
0074,1087,21,11,12,9,0,ogerpon-meganium-hydrapple,Ogerpon Meganium Hydrapple,0,0
0074,1088,22,12,12,10,0,ogerpon-meganium-hydrapple,Ogerpon Meganium Hydrapple,1,0
0074,1089,13,7,0,9,4,crustle-dri,Crustle,1,0
0074,1090,31,16,19,12,0,dragapult-ex,Dragapult,0,0
0074,1091,33,13,21,12,0,festival-lead,Festival Lead,1,0
0074,1092,21,12,12,9,0,joltik-box,Joltik Box,0,0
0074,1093,12,7,5,7,0,wailord-ex-pbl,Wailord,0,0
0074,1094,27,17,13,14,0,basic-box-m,Basic Box,0,0
0074,1095,25,15,9,16,0,basic-box-m,Basic Box,1,0
0074,1096,27,13,17,10,0,dragapult-blaziken,Dragapult Blaziken,1,0
0074,1097,31,14,20,11,0,dragapult-dusknoir,Dragapult Dusknoir,0,0
0074,1098,26,10,16,10,0,dragapult-ex,Dragapult,0,0
0074,1099,25,15,10,15,0,basic-box-m,Basic Box,0,0
0074,1100,27,11,17,10,0,dragapult-ex,Dragapult,0,0
0074,1101,29,14,14,13,2,slowking-scr,Slowking,0,0
0074,1102,5,2,0,4,1,cynthia-garchomp-ex,Cynthia's Garchomp,0,0
0074,1103,27,12,13,11,3,slowking-scr,Slowking,0,0
0074,1104,14,5,8,6,0,mega-excadrill-ex,Mega Excadrill,0,0
0074,1105,18,12,9,8,1,alakazam-dudunsparce,Alakazam Dudunsparce,0,0
0074,1106,31,13,19,12,0,dragapult-dusknoir,Dragapult Dusknoir,1,0
0074,1107,24,15,12,12,0,basic-box-m,Basic Box,0,0
0074,1108,17,10,7,9,1,alakazam-dudunsparce,Alakazam Dudunsparce,0,0
0074,1109,27,11,17,10,0,dragapult-ex,Dragapult,0,0
0074,1110,27,11,17,10,0,dragapult-ex,Dragapult,1,1
0074,1111,26,11,17,9,0,dragapult-ex,Dragapult,1,0
0074,1112,23,13,14,9,0,ogerpon-meganium-hydrapple,Ogerpon Meganium Hydrapple,1,0
0074,1113,16,7,8,3,5,lopunny-dudunsparce,Lopunny Dudunsparce,0,0
0074,1114,12,6,1,7,4,hops-trevenant,Hop's Trevenant,0,0
0074,1115,25,11,15,10,0,dragapult-dudunsparce,Dragapult Dudunsparce,0,0
0074,1116,13,7,8,5,0,mega-excadrill-ex,Mega Excadrill,0,0
0074,1117,35,15,19,15,1,festival-lead,Festival Lead,0,0
0074,1118,15,8,11,4,0,other,Other,0,0
0074,1119,28,13,13,13,2,slowking-scr,Slowking,0,0
0074,1120,32,13,19,13,0,dragapult-dusknoir,Dragapult Dusknoir,1,0
0074,1121,16,9,2,14,0,yanmega-ex,Yanmega,0,0
0074,1122,16,7,8,8,0,sharpedo-toxtricity,Sharpedo Toxtricity,0,0
0074,1123,12,6,0,8,4,crustle-dri,Crustle,0,0
0074,1124,33,17,19,14,0,festival-lead,Festival Lead,0,0
0074,1125,26,10,16,10,0,dragapult-ex,Dragapult,0,0
0074,1126,26,14,18,8,0,azumarill-ssp,Azumarill,0,0
0074,1127,13,9,7,6,0,toxtricity-box,Toxtricity Box,0,0
0074,1128,25,11,16,9,0,dragapult-blaziken,Dragapult Blaziken,1,0
0074,1129,12,8,3,8,1,alakazam-dudunsparce,Alakazam Dudunsparce,0,0
0074,1130,29,14,14,13,2,slowking-scr,Slowking,0,0
0074,1131,27,11,17,10,0,dragapult-ex,Dragapult,0,0
0074,1132,12,6,4,8,0,mega-excadrill-ex,Mega Excadrill,0,0
0074,1133,21,12,5,16,0,n-zoroark,N's Zoroark,0,0
0074,1134,19,12,4,15,0,n-zoroark,N's Zoroark,1,0
0074,1135,12,9,4,8,0,other,Other,0,0
0074,1136,13,8,5,8,0,ogerpon-meganium-arboliva,Ogerpon Meganium Arboliva,0,0
0074,1137,7,3,0,6,1,cynthia-garchomp-ex,Cynthia's Garchomp,0,0
0074,1138,12,9,6,5,1,mega-greninja-ex,Mega Greninja,0,0
0074,1139,28,14,17,11,0,dragapult-blaziken,Dragapult Blaziken,0,0
0074,1140,6,5,0,6,0,rocket-mewtwo-ex,Rocket's Mewtwo,0,0
0074,1141,27,13,19,8,0,dragapult-dusknoir,Dragapult Dusknoir,0,0
0074,1142,7,4,1,5,1,mega-greninja-ex,Mega Greninja,1,0
0074,1143,14,6,4,5,5,lopunny-dudunsparce,Lopunny Dudunsparce,1,0
0074,1144,16,11,4,12,0,n-zoroark,N's Zoroark,0,0
0074,1145,12,7,5,7,0,mega-lucario-ex,Mega Lucario,0,0
0074,1146,26,10,16,10,0,dragapult-ex,Dragapult,0,0
0074,1147,16,10,8,8,0,ethan-typhlosion,Ethan's Typhlosion,0,0
0074,1148,31,14,19,12,0,festival-lead,Festival Lead,0,0
0074,1149,26,12,16,10,0,dragapult-blaziken,Dragapult Blaziken,0,0
0074,1150,10,5,2,7,1,dhelmise-pbl,Dhelmise,0,0
0074,1151,26,10,16,10,0,dragapult-ex,Dragapult,0,0
0074,1152,6,5,0,6,0,rocket-mewtwo-ex,Rocket's Mewtwo,0,0
0074,1153,22,12,12,10,0,ogerpon-meganium-hydrapple,Ogerpon Meganium Hydrapple,0,0
0074,1154,27,14,15,10,2,slowking-scr,Slowking,1,0
0074,1155,16,10,4,12,0,n-zoroark,N's Zoroark,0,0
0074,1156,29,15,15,14,0,festival-lead,Festival Lead,1,0
0074,1157,13,6,8,5,0,grimmsnarl-froslass,Grimmsnarl Froslass,1,0
0074,1158,18,10,7,11,0,ethan-typhlosion,Ethan's Typhlosion,0,0
0074,1159,19,12,5,14,0,n-zoroark,N's Zoroark,0,0
0074,1160,3,3,1,2,0,eelektrik-blk,Eelektrik,0,0
0074,1161,30,13,18,12,0,dragapult-dusknoir,Dragapult Dusknoir,0,0
0074,1162,17,8,9,8,0,grimmsnarl-froslass,Grimmsnarl Froslass,0,0
0074,1163,14,9,4,10,0,n-zoroark,N's Zoroark,0,0
0074,1164,27,14,16,11,0,slowking-scr,Slowking,0,0
0074,1165,17,10,7,8,2,mega-absol-box,Mega Absol Box,0,0
0074,1166,26,16,12,14,0,raging-bolt-ogerpon,Raging Bolt Ogerpon,0,0
0074,1167,26,16,11,15,0,basic-box-m,Basic Box,0,0
0074,1168,15,9,3,12,0,n-zoroark,N's Zoroark,1,0
0074,1169,27,11,17,10,0,dragapult-ex,Dragapult,1,0
0074,1170,28,13,17,11,0,dragapult-blaziken,Dragapult Blaziken,0,0
0074,1171,4,2,0,4,0,lucario-hariyama,Lucario Hariyama,0,0
0074,1172,16,9,7,9,0,ethan-typhlosion,Ethan's Typhlosion,0,0
0074,1173,3,2,0,3,0,lucario-hariyama,Lucario Hariyama,0,0
0074,1174,33,14,19,14,0,festival-lead,Festival Lead,0,0
0074,1175,28,12,18,10,0,dragapult-ex,Dragapult,1,0
0074,1176,7,5,2,5,0,mega-lucario-ex,Mega Lucario,0,0
0074,1177,11,7,4,7,0,mega-lucario-ex,Mega Lucario,0,0
0074,1178,16,7,7,5,4,lopunny-dudunsparce,Lopunny Dudunsparce,0,0
0074,1179,26,10,16,10,0,dragapult-ex,Dragapult,0,0
0074,1180,25,11,16,9,0,dragapult-blaziken,Dragapult Blaziken,0,0
0074,1181,13,7,0,9,4,crustle-dri,Crustle,0,0
0074,1182,24,11,16,8,0,dragapult-blaziken,Dragapult Blaziken,0,0
0074,1183,17,9,7,10,0,sharpedo-toxtricity,Sharpedo Toxtricity,0,0
0074,1184,28,12,15,10,3,seaking-pre,Seaking Festival Lead,1,0
0074,1185,26,16,11,15,0,basic-box-m,Basic Box,0,0
0074,1186,31,17,11,19,1,clefairy-ogerpon,Clefairy Ogerpon,1,0
0074,1187,20,10,18,1,1,lopunny-dusknoir,Lopunny Dusknoir,0,0
0074,1188,30,14,19,11,0,dragapult-dusknoir,Dragapult Dusknoir,0,0
0074,1189,27,13,17,10,0,dragapult-blaziken,Dragapult Blaziken,0,0
0074,1190,21,15,11,10,0,clefairy-ogerpon,Clefairy Ogerpon,0,0
0074,1191,26,10,16,10,0,dragapult-ex,Dragapult,1,0
0074,1192,17,10,7,9,1,alakazam-dudunsparce,Alakazam Dudunsparce,0,0
0074,1193,27,11,17,10,0,dragapult-ex,Dragapult,0,0
0074,1194,30,14,19,11,0,dragapult-dusknoir,Dragapult Dusknoir,0,0
0074,1195,26,12,17,9,0,dragapult-blaziken,Dragapult Blaziken,1,0
0074,1196,17,9,7,5,5,lopunny-dudunsparce,Lopunny Dudunsparce,0,0
0074,1197,11,6,0,7,4,crustle-dri,Crustle,0,0
0074,1198,11,6,0,7,4,crustle-dri,Crustle,0,0
0074,1199,18,9,4,14,0,n-zoroark,N's Zoroark,0,0
0074,1200,21,13,12,9,0,ogerpon-meganium-hydrapple,Ogerpon Meganium Hydrapple,1,0
0074,1201,11,6,0,7,4,crustle-dri,Crustle,0,0
0074,1202,26,16,11,15,0,basic-box-m,Basic Box,0,0
0074,1203,15,7,5,5,5,lopunny-dudunsparce,Lopunny Dudunsparce,0,0
0074,1204,18,11,5,13,0,n-zoroark,N's Zoroark,1,0
0074,1205,15,6,9,6,0,mega-excadrill-ex,Mega Excadrill,0,0
0074,1206,16,11,5,11,0,n-zoroark,N's Zoroark,0,0
0074,1207,14,8,3,10,1,alakazam-dudunsparce,Alakazam Dudunsparce,0,0
0074,1208,27,13,13,12,2,slowking-scr,Slowking,1,0
0074,1209,28,13,16,10,2,slowking-scr,Slowking,0,0
0074,1210,18,8,9,9,0,mega-excadrill-ex,Mega Excadrill,1,0
0074,1211,18,9,4,14,0,n-zoroark,N's Zoroark,0,0
0074,1212,15,6,9,6,0,mega-excadrill-ex,Mega Excadrill,0,0
0074,1213,26,11,16,10,0,dragapult-ex,Dragapult,0,0
0074,1214,13,6,5,8,0,mega-venusaur-ex,Mega Venusaur,0,0
0074,1215,29,13,19,10,0,dragapult-dusknoir,Dragapult Dusknoir,0,0
0074,1216,29,14,19,10,0,dragapult-dusknoir,Dragapult Dusknoir,0,0
0074,1217,25,10,15,10,0,dragapult-ex,Dragapult,0,0
0074,1218,10,6,7,2,1,okidogi-barbaracle,Okidogi Barbaracle,0,0
0074,1219,26,10,16,10,0,dragapult-ex,Dragapult,0,0
0074,1220,26,17,12,14,0,basic-box-m,Basic Box,0,0
0074,1221,13,8,0,9,4,crustle-dri,Crustle,0,0
0074,1222,8,4,0,8,0,rockets-honchkrow,Rocket's Honchkrow,0,0
0074,1223,26,15,11,15,0,basic-box-m,Basic Box,0,0
0074,1224,7,4,0,7,0,mega-froslass-ex,Mega Froslass,0,0
0074,1225,17,10,7,10,0,ogerpon-meganium-arboliva,Ogerpon Meganium Arboliva,0,0
0074,1226,4,3,0,4,0,lucario-hariyama,Lucario Hariyama,0,0
0074,1227,17,11,4,13,0,n-zoroark,N's Zoroark,0,0
0074,1228,19,9,13,6,0,alakazam-dusknoir,Alakazam Dusknoir,0,0
0074,1229,30,14,17,11,2,slowking-scr,Slowking,0,0
0074,1230,17,11,4,13,0,n-zoroark,N's Zoroark,1,0
0074,1231,25,15,10,15,0,basic-box-m,Basic Box,0,0
0074,1232,21,11,12,9,0,ogerpon-meganium-hydrapple,Ogerpon Meganium Hydrapple,1,0
0074,1233,26,15,10,16,0,basic-box-m,Basic Box,0,0
0074,1234,30,13,20,10,0,dragapult-dusknoir,Dragapult Dusknoir,0,0
0074,1235,16,10,4,12,0,n-zoroark,N's Zoroark,0,0
0074,1236,25,11,16,9,0,dragapult-ex,Dragapult,0,0
0074,1237,30,14,20,10,0,dragapult-dusknoir,Dragapult Dusknoir,0,0
0074,1238,14,9,4,9,1,alakazam-dudunsparce,Alakazam Dudunsparce,0,0
0074,1239,28,11,18,10,0,dragapult-dudunsparce,Dragapult Dudunsparce,0,0
0074,1240,5,4,1,3,1,other,Other,0,0
0074,1241,26,14,11,15,0,raging-bolt-ogerpon,Raging Bolt Ogerpon,0,0
0074,1242,15,7,8,6,1,mega-greninja-ex,Mega Greninja,0,0
0074,1243,26,11,17,9,0,dragapult-ex,Dragapult,0,0
0074,1244,27,11,17,10,0,dragapult-ex,Dragapult,1,0
0074,1245,8,4,0,7,1,dhelmise-pbl,Dhelmise,0,0
0074,1246,26,10,16,10,0,dragapult-ex,Dragapult,0,0
0074,1247,27,17,12,15,0,basic-box-m,Basic Box,0,0
0074,1248,14,10,2,8,4,crustle-dri,Crustle,0,0
0074,1249,17,10,7,10,0,sharpedo-toxtricity,Sharpedo Toxtricity,0,0
0074,1250,9,7,2,7,0,hop-zacian,Hop's Zacian,0,0
0074,1251,29,14,18,11,0,dragapult-dusknoir,Dragapult Dusknoir,0,0
0074,1252,21,11,18,2,1,lopunny-dusknoir,Lopunny Dusknoir,1,0
0074,1253,27,14,14,13,0,slowking-scr,Slowking,1,0
0074,1254,21,12,16,4,1,lopunny-dusknoir,Lopunny Dusknoir,0,0
0074,1255,5,3,0,5,0,lucario-hariyama,Lucario Hariyama,0,0
0074,1256,14,6,4,5,5,lopunny-dudunsparce,Lopunny Dudunsparce,0,0
0074,1257,25,15,10,15,0,basic-box-m,Basic Box,0,0
0074,1258,19,10,9,10,0,ethan-typhlosion,Ethan's Typhlosion,0,0
0074,1259,26,11,16,10,0,dragapult-ex,Dragapult,0,0
0074,1260,26,10,16,10,0,dragapult-ex,Dragapult,1,0
0074,1261,24,11,9,15,0,lillie-clefairy,Lillie's Clefairy,0,0
0074,1262,25,12,17,8,0,dragapult-blaziken,Dragapult Blaziken,0,0
0074,1263,30,15,14,16,0,festival-lead,Festival Lead,0,0
0074,1264,11,8,5,5,1,dhelmise-pbl,Dhelmise,0,0
0074,1265,12,6,0,8,4,crustle-dri,Crustle,0,0
0074,1266,10,6,3,6,1,dhelmise-pbl,Dhelmise,0,0
0074,1267,12,4,7,5,0,mega-excadrill-ex,Mega Excadrill,0,0
0074,1268,27,11,17,10,0,dragapult-ex,Dragapult,0,0
0074,1269,17,11,4,13,0,n-zoroark,N's Zoroark,0,0
0074,1270,28,13,18,10,0,dragapult-dusknoir,Dragapult Dusknoir,0,0
0074,1271,11,6,0,7,4,crustle-dri,Crustle,0,0
0074,1272,11,6,0,9,2,manectric-eelektrik,Manectric Eelektrik,0,0
0074,1273,28,13,18,10,0,dragapult-dusknoir,Dragapult Dusknoir,1,0
0074,1274,19,11,6,12,1,alakazam-dudunsparce,Alakazam Dudunsparce,0,0
0074,1275,10,6,5,5,0,doublade-por,Doublade,0,0
0074,1276,26,12,17,9,0,dragapult-blaziken,Dragapult Blaziken,0,0
0074,1277,15,7,5,6,4,lopunny-dudunsparce,Lopunny Dudunsparce,0,0
0074,1278,29,14,19,10,0,dragapult-dusknoir,Dragapult Dusknoir,0,0
0074,1279,27,11,17,10,0,dragapult-ex,Dragapult,0,0
0074,1280,27,11,17,10,0,dragapult-ex,Dragapult,0,0
0074,1281,20,11,17,2,1,lopunny-dusknoir,Lopunny Dusknoir,0,0
0074,1282,26,12,17,9,0,dragapult-blaziken,Dragapult Blaziken,1,0
0074,1283,25,11,16,9,0,dragapult-blaziken,Dragapult Blaziken,0,0
0074,1284,14,7,5,4,5,lopunny-dudunsparce,Lopunny Dudunsparce,0,0
0074,1285,29,15,18,11,0,joltik-box,Joltik Box,0,0
0074,1286,27,12,12,13,2,slowking-scr,Slowking,1,0
0074,1287,27,11,17,10,0,dragapult-ex,Dragapult,0,0
0074,1288,8,3,0,8,0,rockets-honchkrow,Rocket's Honchkrow,0,0
0074,1289,22,13,14,8,0,ogerpon-meganium-hydrapple,Ogerpon Meganium Hydrapple,0,0
0074,1290,9,4,0,9,0,rockets-honchkrow,Rocket's Honchkrow,1,0
0074,1291,28,12,17,11,0,dragapult-ex,Dragapult,0,0
0074,1292,14,8,3,11,0,n-zoroark,N's Zoroark,0,0
0074,1293,3,2,0,3,0,lucario-hariyama,Lucario Hariyama,0,0
0074,1294,8,4,0,7,1,cynthia-garchomp-ex,Cynthia's Garchomp,0,0
0074,1295,23,14,10,13,0,basic-box-m,Basic Box,1,0
0074,1296,18,12,5,13,0,n-zoroark,N's Zoroark,0,0
0074,1297,30,14,20,10,0,dragapult-dusknoir,Dragapult Dusknoir,0,0
0074,1298,23,12,8,15,0,mew-ex-30c,Mew Box,0,0
0074,1299,30,13,19,11,0,dragapult-dusknoir,Dragapult Dusknoir,1,0
0074,1300,13,8,8,5,0,mega-lucario-ex,Mega Lucario,0,0
0074,1301,15,7,6,4,5,lopunny-dudunsparce,Lopunny Dudunsparce,1,0
0074,1302,20,10,16,3,1,lopunny-dusknoir,Lopunny Dusknoir,0,0
0074,1303,27,11,17,10,0,dragapult-ex,Dragapult,0,0
0074,1304,18,9,8,10,0,sharpedo-toxtricity,Sharpedo Toxtricity,0,0
0074,1305,14,8,4,9,1,alakazam-dudunsparce,Alakazam Dudunsparce,0,0
0074,1306,20,11,17,2,1,lopunny-dusknoir,Lopunny Dusknoir,0,0
0074,1307,30,13,19,11,0,dragapult-dusknoir,Dragapult Dusknoir,0,0
0074,1308,17,11,4,13,0,n-zoroark,N's Zoroark,1,0
0074,1309,18,9,8,10,0,sharpedo-toxtricity,Sharpedo Toxtricity,0,0
0074,1310,17,8,8,9,0,mega-excadrill-ex,Mega Excadrill,0,0
0074,1311,11,6,2,6,3,hops-trevenant,Hop's Trevenant,0,0
0074,1312,20,10,16,2,2,lopunny-dusknoir,Lopunny Dusknoir,1,0
0074,1313,16,7,6,6,4,lopunny-dudunsparce,Lopunny Dudunsparce,0,0
0074,1314,25,12,15,10,0,dragapult-ex,Dragapult,0,0
0074,1315,26,12,16,10,0,dragapult-ex,Dragapult,0,0
0074,1316,16,7,6,6,4,lopunny-dudunsparce,Lopunny Dudunsparce,0,0
0074,1317,5,3,0,5,0,lucario-hariyama,Lucario Hariyama,0,0
0074,1318,14,7,6,8,0,mega-venusaur-ex,Mega Venusaur,0,0
0074,1319,28,13,16,12,0,dragapult-ex,Dragapult,1,0
0074,1320,29,14,14,13,2,slowking-scr,Slowking,0,0
0074,1321,25,12,17,8,0,dragapult-blaziken,Dragapult Blaziken,0,0
0074,1322,15,10,4,11,0,n-zoroark,N's Zoroark,1,0
0074,1323,16,10,6,10,0,sharpedo-toxtricity,Sharpedo Toxtricity,0,0
0074,1324,31,15,20,11,0,festival-lead,Festival Lead,0,0
0074,1325,22,11,10,12,0,raging-bolt-ogerpon,Raging Bolt Ogerpon,1,0
0074,1326,17,11,4,13,0,n-zoroark,N's Zoroark,1,0
0074,1327,15,8,7,8,0,mega-venusaur-ex,Mega Venusaur,0,0
0074,1328,16,8,5,10,1,alakazam-dudunsparce,Alakazam Dudunsparce,0,0
0074,1329,28,13,18,10,0,dragapult-ex,Dragapult,0,0
0074,1330,16,12,4,12,0,n-zoroark,N's Zoroark,1,0
0074,1331,19,14,8,9,2,mega-absol-box,Mega Absol Box,0,0
0074,1332,16,11,5,10,1,alakazam-dudunsparce,Alakazam Dudunsparce,0,0
0074,1333,17,9,7,10,0,sharpedo-toxtricity,Sharpedo Toxtricity,0,0
0074,1334,25,13,12,9,4,sylveon-pre,Sylveon,0,0
0074,1335,22,12,12,10,0,ogerpon-meganium-hydrapple,Ogerpon Meganium Hydrapple,0,0
0074,1336,21,13,5,16,0,n-zoroark,N's Zoroark,1,0
0074,1337,27,13,14,11,2,slowking-scr,Slowking,0,0
0074,1338,29,13,19,10,0,festival-lead,Festival Lead,0,0
0074,1339,13,8,1,8,4,crustle-dri,Crustle,0,0
0074,1340,7,3,0,7,0,cynthia-garchomp-ex,Cynthia's Garchomp,1,0
0074,1341,27,12,17,10,0,dragapult-ex,Dragapult,0,0
0074,1342,15,10,4,11,0,n-zoroark,N's Zoroark,0,0
0074,1343,31,14,20,11,0,festival-lead,Festival Lead,0,0
0074,1344,27,11,17,10,0,dragapult-ex,Dragapult,1,0
0074,1345,17,11,4,13,0,n-zoroark,N's Zoroark,0,0
0074,1346,26,15,10,16,0,basic-box-m,Basic Box,0,0
0074,1347,26,12,17,9,0,dragapult-blaziken,Dragapult Blaziken,0,0
0074,1348,17,8,7,10,0,sharpedo-toxtricity,Sharpedo Toxtricity,0,0
0074,1349,28,12,17,11,0,dragapult-ex,Dragapult,0,0
0074,1350,16,11,4,12,0,n-zoroark,N's Zoroark,0,0
0074,1351,26,10,16,10,0,dragapult-ex,Dragapult,0,0
0074,1352,20,11,13,7,0,ogerpon-meganium-hydrapple,Ogerpon Meganium Hydrapple,0,0
0074,1353,4,3,0,4,0,lucario-hariyama,Lucario Hariyama,0,0
0074,1354,11,7,6,4,1,mega-chandelure-ex,Mega Chandelure,0,0
0074,1355,16,10,8,8,0,dhelmise-pbl,Dhelmise,1,0
0074,1356,5,4,0,5,0,lucario-hariyama,Lucario Hariyama,0,0
0074,1357,33,14,19,14,0,festival-lead,Festival Lead,0,0
0074,1358,30,13,19,11,0,dragapult-dusknoir,Dragapult Dusknoir,0,0
0074,1359,27,13,14,11,2,slowking-scr,Slowking,1,0
0074,1360,17,8,7,10,0,sharpedo-toxtricity,Sharpedo Toxtricity,0,0
0074,1361,29,13,18,11,0,dragapult-dusknoir,Dragapult Dusknoir,0,0
0074,1362,26,17,11,15,0,basic-box-m,Basic Box,0,0
0074,1363,14,6,9,5,0,grimmsnarl-froslass,Grimmsnarl Froslass,0,0
0074,1364,11,5,5,6,0,mega-excadrill-ex,Mega Excadrill,0,0
0074,1365,10,4,0,6,4,hops-trevenant,Hop's Trevenant,0,0
0074,1366,27,11,17,10,0,dragapult-ex,Dragapult,0,0
0074,1367,15,6,5,5,5,lopunny-dudunsparce,Lopunny Dudunsparce,1,0
0074,1368,15,8,6,9,0,mega-venusaur-ex,Mega Venusaur,0,0
0074,1369,27,11,17,10,0,dragapult-ex,Dragapult,0,0
0074,1370,13,7,0,9,4,crustle-dri,Crustle,0,0
0074,1371,19,10,9,10,0,beedrill-ex-cri,Beedrill,0,0
0074,1372,27,13,14,11,2,slowking-scr,Slowking,1,0
0074,1373,15,8,7,8,0,mega-excadrill-ex,Mega Excadrill,0,0
0074,1374,19,13,4,15,0,n-zoroark,N's Zoroark,0,0
0074,1375,31,13,19,12,0,dragapult-dusknoir,Dragapult Dusknoir,0,0
0074,1376,25,16,11,14,0,basic-box-m,Basic Box,1,0
0074,1377,28,14,14,11,3,slowking-scr,Slowking,1,0
0074,1378,29,17,14,14,1,other,Other,0,0
0074,1379,5,3,0,5,0,rocket-mewtwo-ex,Rocket's Mewtwo,0,0
0074,1380,27,11,17,10,0,dragapult-ex,Dragapult,0,0
0074,1381,26,12,17,9,0,dragapult-dusknoir,Dragapult Dusknoir,0,0
0074,1382,5,5,2,3,0,mega-lucario-ex,Mega Lucario,0,0
0074,1383,27,13,13,12,2,slowking-scr,Slowking,1,0
0074,1384,26,11,17,9,0,dragapult-blaziken,Dragapult Blaziken,0,0
0074,1385,18,12,4,14,0,n-zoroark,N's Zoroark,1,0
0074,1386,10,5,2,7,1,dhelmise-pbl,Dhelmise,0,0
0074,1387,14,8,6,8,0,mega-venusaur-ex,Mega Venusaur,0,0
0074,1388,10,7,2,8,0,doublade-por,Doublade,0,0
0074,1389,27,11,17,10,0,dragapult-ex,Dragapult,1,0
0074,1390,14,9,5,8,1,alakazam-dudunsparce,Alakazam Dudunsparce,0,0
0074,1391,16,8,7,9,0,sharpedo-toxtricity,Sharpedo Toxtricity,0,0
0074,1392,27,13,15,12,0,slowking-scr,Slowking,0,0
0074,1393,8,3,0,8,0,rockets-honchkrow,Rocket's Honchkrow,0,0
0074,1394,8,4,1,6,1,cynthia-garchomp-ex,Cynthia's Garchomp,0,0
0074,1395,30,13,19,11,0,dragapult-dusknoir,Dragapult Dusknoir,0,0
0074,1396,25,12,13,11,1,slowking-scr,Slowking,0,0
0074,1397,22,13,13,9,0,toucannon-pbl,Toucannon,0,0
0074,1398,18,11,6,11,1,alakazam-dudunsparce,Alakazam Dudunsparce,0,0
0074,1399,29,13,18,11,0,dragapult-ex,Dragapult,0,0
0074,1400,12,5,9,3,0,mega-excadrill-ex,Mega Excadrill,0,0
0074,1401,17,12,5,12,0,n-zoroark,N's Zoroark,0,0
0074,1402,25,12,12,11,2,slowking-scr,Slowking,0,0
0074,1403,31,10,18,13,0,seaking-pre,Seaking Festival Lead,0,0
0074,1404,16,9,3,13,0,n-zoroark,N's Zoroark,1,0
0074,1405,23,12,12,10,1,slowking-scr,Slowking,0,0
0074,1406,21,13,11,10,0,greninja-ex,Greninja,0,0
0074,1407,11,6,5,5,1,mega-chandelure-ex,Mega Chandelure,0,0
0074,1408,27,18,11,16,0,basic-box-m,Basic Box,0,0
0074,1409,6,3,0,5,1,cynthia-garchomp-ex,Cynthia's Garchomp,0,0
0074,1410,34,14,18,16,0,festival-lead,Festival Lead,0,0
0074,1411,30,14,19,11,0,festival-lead,Festival Lead,1,0
0074,1412,4,3,0,4,0,lucario-hariyama,Lucario Hariyama,0,0
0074,1413,13,7,0,9,4,crustle-dri,Crustle,0,0
0074,1414,14,7,6,7,1,starmie-froslass,Starmie Froslass,0,0
0074,1415,9,7,1,8,0,lucario-hariyama,Lucario Hariyama,0,0
0074,1416,27,11,17,10,0,dragapult-ex,Dragapult,0,0
0074,1417,25,11,16,9,0,dragapult-ex,Dragapult,0,0
0074,1418,30,14,19,11,0,dragapult-dusknoir,Dragapult Dusknoir,1,1
0074,1419,28,12,18,10,0,dragapult-ex,Dragapult,1,1
0074,1420,26,11,17,9,0,dragapult-ex,Dragapult,0,0
0074,1421,10,7,4,6,0,dhelmise-pbl,Dhelmise,0,0
0074,1422,8,5,3,5,0,dhelmise-pbl,Dhelmise,0,0
0074,1423,6,4,2,3,1,dhelmise-pbl,Dhelmise,0,0
0074,1424,12,6,6,6,0,grimmsnarl-froslass,Grimmsnarl Froslass,0,0
0074,1425,12,8,5,6,1,mega-greninja-ex,Mega Greninja,0,0
0074,1426,30,13,19,11,0,dragapult-dusknoir,Dragapult Dusknoir,1,0
0074,1427,20,10,15,2,3,lopunny-dusknoir,Lopunny Dusknoir,0,0
0074,1428,32,18,19,13,0,tera-box,Tera Box,0,0
0074,1429,27,12,18,9,0,dragapult-ex,Dragapult,0,0
0074,1430,3,2,0,3,0,lucario-hariyama,Lucario Hariyama,0,0
0074,1431,30,10,15,11,4,seaking-pre,Seaking Festival Lead,1,0
0074,1432,22,13,12,10,0,ogerpon-meganium-hydrapple,Ogerpon Meganium Hydrapple,0,0
0074,1433,25,10,15,10,0,dragapult-ex,Dragapult,0,0
0074,1434,26,11,15,11,0,dragapult-ex,Dragapult,0,0
0074,1435,16,11,5,10,1,alakazam-dudunsparce,Alakazam Dudunsparce,1,0
0074,1436,29,13,18,11,0,dragapult-dusknoir,Dragapult Dusknoir,0,0
0074,1437,27,12,17,10,0,dragapult-ex,Dragapult,1,0
0074,1438,13,8,0,9,4,crustle-dri,Crustle,0,0
0074,1439,15,6,9,6,0,mega-excadrill-ex,Mega Excadrill,0,0
0074,1440,11,6,0,7,4,crustle-dri,Crustle,0,0
0074,1441,29,13,19,10,0,dragapult-dusknoir,Dragapult Dusknoir,1,0
0074,1442,20,12,12,8,0,ogerpon-meganium-hydrapple,Ogerpon Meganium Hydrapple,0,0
0074,1443,27,11,17,10,0,dragapult-ex,Dragapult,0,0
0074,1444,3,2,0,3,0,lucario-hariyama,Lucario Hariyama,0,0
0074,1445,17,11,6,10,1,alakazam-dudunsparce,Alakazam Dudunsparce,0,0
0074,1446,13,7,6,7,0,mega-venusaur-ex,Mega Venusaur,0,0
0074,1447,27,11,17,10,0,dragapult-ex,Dragapult,0,0
0074,1448,14,7,9,5,0,grimmsnarl-froslass,Grimmsnarl Froslass,1,0
0074,1449,14,7,9,5,0,grimmsnarl-froslass,Grimmsnarl Froslass,0,0
0074,1450,16,11,5,11,0,n-zoroark,N's Zoroark,0,0
0074,1451,27,11,17,10,0,dragapult-ex,Dragapult,0,0
0074,1452,26,17,11,15,0,basic-box-m,Basic Box,1,0
0074,1453,6,4,0,6,0,rocket-mewtwo-ex,Rocket's Mewtwo,0,0
0074,1454,26,16,12,14,0,basic-box-m,Basic Box,1,0
0074,1455,18,12,5,13,0,n-zoroark,N's Zoroark,0,0
0074,1456,25,16,10,15,0,basic-box-m,Basic Box,1,0
0074,1457,26,10,16,10,0,dragapult-ex,Dragapult,0,0
0074,1458,12,6,0,8,4,crustle-dri,Crustle,1,0
0074,1459,15,6,8,7,0,mega-excadrill-ex,Mega Excadrill,0,0
0074,1460,8,3,0,8,0,rockets-honchkrow,Rocket's Honchkrow,0,0
0074,1461,19,11,7,11,1,alakazam-dudunsparce,Alakazam Dudunsparce,0,0
0074,1462,27,11,17,10,0,dragapult-ex,Dragapult,0,0
0074,1463,12,7,0,8,4,crustle-dri,Crustle,0,0
0074,1464,27,13,18,9,0,dragapult-blaziken,Dragapult Blaziken,0,0
0074,1465,26,15,11,15,0,basic-box-m,Basic Box,0,0
0074,1466,17,10,7,9,1,alakazam-dudunsparce,Alakazam Dudunsparce,0,0
0074,1467,25,14,11,14,0,basic-box-m,Basic Box,0,0
0074,1468,31,12,16,11,4,seaking-pre,Seaking Festival Lead,1,0
0074,1469,13,7,5,7,1,mega-chandelure-ex,Mega Chandelure,0,0
0074,1470,11,5,1,9,1,dhelmise-pbl,Dhelmise,1,0
0074,1471,6,3,0,6,0,cynthia-garchomp-ex,Cynthia's Garchomp,0,0
0074,1472,10,5,2,7,1,dhelmise-pbl,Dhelmise,0,0
0074,1473,27,13,18,9,0,dragapult-dusknoir,Dragapult Dusknoir,0,0
0074,1474,27,13,17,10,0,dragapult-blaziken,Dragapult Blaziken,0,0
0074,1475,11,6,2,8,1,dhelmise-pbl,Dhelmise,0,0
0074,1476,16,7,5,6,5,lopunny-dudunsparce,Lopunny Dudunsparce,0,0
0074,1477,24,18,11,13,0,flareon-ex,Flareon,0,0
0074,1478,21,11,18,2,1,lopunny-dusknoir,Lopunny Dusknoir,0,0
0074,1479,6,4,0,6,0,rocket-mewtwo-ex,Rocket's Mewtwo,0,0
0074,1480,27,11,17,10,0,dragapult-ex,Dragapult,1,0
0074,1481,26,12,13,11,2,slowking-scr,Slowking,0,0
0074,1482,14,6,9,5,0,grimmsnarl-froslass,Grimmsnarl Froslass,0,0
0074,1483,12,6,0,8,4,crustle-dri,Crustle,0,0
0074,1484,14,8,7,7,0,mega-excadrill-ex,Mega Excadrill,0,0
0074,1485,17,9,4,12,1,alakazam-dudunsparce,Alakazam Dudunsparce,0,0
0074,1486,14,10,7,6,1,mega-greninja-ex,Mega Greninja,0,0
0074,1487,27,12,17,10,0,dragapult-ex,Dragapult,0,0
0074,1488,26,10,16,10,0,dragapult-ex,Dragapult,0,0
0074,1489,9,6,4,5,0,mega-excadrill-ex,Mega Excadrill,1,0
0074,1490,32,15,19,13,0,festival-lead,Festival Lead,0,0
0074,1491,27,11,17,10,0,dragapult-ex,Dragapult,0,0
0074,1492,27,13,14,11,2,slowking-scr,Slowking,0,0
0074,1493,5,4,0,5,0,lucario-hariyama,Lucario Hariyama,0,0
0074,1494,16,7,8,8,0,mega-excadrill-ex,Mega Excadrill,0,0
0074,1495,26,12,13,11,2,slowking-scr,Slowking,0,0
0074,1496,13,8,6,7,0,sharpedo-toxtricity,Sharpedo Toxtricity,0,0
0074,1497,7,3,0,7,0,rockets-honchkrow,Rocket's Honchkrow,0,0
0074,1498,26,10,16,10,0,dragapult-ex,Dragapult,0,0
0074,1499,13,9,4,8,1,alakazam-dudunsparce,Alakazam Dudunsparce,0,0
0074,1500,16,11,5,11,0,n-zoroark,N's Zoroark,0,0
0074,1501,18,8,11,6,1,lopunny-dusknoir,Lopunny Dusknoir,0,0
0074,1502,27,11,17,10,0,dragapult-ex,Dragapult,0,0
0074,1503,27,11,17,10,0,dragapult-ex,Dragapult,0,0
0074,1504,9,4,2,6,1,dhelmise-pbl,Dhelmise,0,0
0074,1505,26,10,16,10,0,dragapult-ex,Dragapult,1,0
0074,1506,26,12,17,9,0,dragapult-blaziken,Dragapult Blaziken,0,0
0074,1507,14,8,4,9,1,toucannon-pbl,Toucannon,0,0
0074,1508,17,10,4,13,0,n-zoroark,N's Zoroark,0,0
0074,1509,26,12,17,9,0,dragapult-blaziken,Dragapult Blaziken,0,0
0074,1510,28,13,17,11,0,dragapult-ex,Dragapult,0,0
0074,1511,3,2,0,3,0,lucario-hariyama,Lucario Hariyama,0,0
0074,1512,27,12,13,12,2,slowking-scr,Slowking,0,0
0074,1513,26,10,16,10,0,dragapult-ex,Dragapult,0,0
0074,1514,16,10,4,11,1,alakazam-dudunsparce,Alakazam Dudunsparce,0,0
0074,1515,18,12,6,11,1,alakazam-dudunsparce,Alakazam Dudunsparce,0,0
0074,1516,27,11,17,10,0,dragapult-ex,Dragapult,0,0
0074,1517,26,16,12,14,0,raging-bolt-ogerpon,Raging Bolt Ogerpon,0,0
0074,1518,28,13,19,9,0,dragapult-dusknoir,Dragapult Dusknoir,0,0
0074,1519,26,11,16,10,0,dragapult-ex,Dragapult,1,0
0074,1520,27,12,17,10,0,dragapult-ex,Dragapult,1,0
0074,1521,26,10,12,11,3,slowking-scr,Slowking,0,0
0074,1522,29,14,19,10,0,dragapult-dusknoir,Dragapult Dusknoir,0,0
0074,1523,20,10,18,1,1,lopunny-dusknoir,Lopunny Dusknoir,0,0
0074,1524,9,5,4,4,1,mega-chandelure-ex,Mega Chandelure,0,0
0074,1525,30,15,20,10,0,dragapult-dusknoir,Dragapult Dusknoir,0,0
0074,1526,18,10,5,13,0,n-zoroark,N's Zoroark,1,0
0074,1527,9,4,0,9,0,rockets-honchkrow,Rocket's Honchkrow,0,0
0074,1528,10,6,4,6,0,mega-excadrill-ex,Mega Excadrill,0,0
0074,1529,26,12,17,9,0,dragapult-blaziken,Dragapult Blaziken,0,0
0074,1530,26,11,13,12,1,slowking-scr,Slowking,0,0
0074,1531,23,14,11,12,0,clefairy-ogerpon,Clefairy Ogerpon,1,0
0074,1532,14,9,5,9,0,mega-starmie-ex,Mega Starmie,0,0
0074,1533,26,10,16,10,0,dragapult-ex,Dragapult,1,0
0074,1534,28,13,17,11,0,dragapult-dusknoir,Dragapult Dusknoir,0,0
0074,1535,28,14,15,13,0,slowking-scr,Slowking,0,0
0074,1536,17,11,9,8,0,mega-greninja-ex,Mega Greninja,0,0
0074,1537,29,13,20,9,0,dragapult-dudunsparce,Dragapult Dudunsparce,1,0
0074,1538,15,10,6,8,1,alakazam-dudunsparce,Alakazam Dudunsparce,0,0
0074,1539,32,13,17,15,0,festival-lead,Festival Lead,1,0
0074,1540,15,7,4,6,5,lopunny-dudunsparce,Lopunny Dudunsparce,0,0
0074,1541,31,13,19,12,0,dragapult-dusknoir,Dragapult Dusknoir,1,0
0074,1542,27,13,18,9,0,dragapult-blaziken,Dragapult Blaziken,0,0
0074,1543,25,11,16,9,0,dragapult-ex,Dragapult,0,0
0074,1544,20,13,11,7,2,kangaskhan-bouffalant,Kangaskhan Bouffalant,0,0
0074,1545,10,6,3,6,1,dhelmise-pbl,Dhelmise,0,0
0074,1546,26,10,16,10,0,dragapult-ex,Dragapult,0,0
0074,1547,26,10,16,10,0,dragapult-ex,Dragapult,0,0
0074,1548,26,14,10,16,0,raging-bolt-ogerpon,Raging Bolt Ogerpon,0,0
0074,1549,34,15,22,12,0,festival-lead,Festival Lead,1,0
0074,1550,13,8,0,9,4,crustle-dri,Crustle,1,0
0074,1551,16,6,9,7,0,mega-excadrill-ex,Mega Excadrill,0,0
0074,1552,26,10,16,10,0,dragapult-ex,Dragapult,0,0
0074,1553,11,7,5,5,1,mega-greninja-ex,Mega Greninja,0,0
0074,1554,22,11,11,11,0,raging-bolt-ogerpon,Raging Bolt Ogerpon,0,0
0074,1555,29,13,19,10,0,dragapult-dusknoir,Dragapult Dusknoir,0,0
0074,1556,26,12,13,13,0,slowking-scr,Slowking,0,0
0074,1557,16,9,4,12,0,n-zoroark,N's Zoroark,0,0
0074,1558,9,5,0,9,0,manectric-eelektrik,Manectric Eelektrik,0,0
0074,1559,26,12,12,12,2,slowking-scr,Slowking,0,0
0074,1560,9,6,5,4,0,mega-excadrill-ex,Mega Excadrill,0,0
0074,1561,27,11,17,10,0,dragapult-ex,Dragapult,0,0
0074,1562,30,13,18,12,0,dragapult-dusknoir,Dragapult Dusknoir,0,0
0074,1563,28,12,16,12,0,dragapult-ex,Dragapult,1,0
0074,1564,28,12,18,10,0,dragapult-ex,Dragapult,0,0
0074,1565,17,9,11,5,1,mega-greninja-ex,Mega Greninja,0,0
0074,1566,19,11,12,7,0,palafin-ex,Palafin,0,0
0074,1567,12,8,3,8,1,alakazam-dudunsparce,Alakazam Dudunsparce,0,0
0074,1568,13,7,0,9,4,crustle-dri,Crustle,0,0
0074,1569,13,6,7,6,0,other,Other,0,0
0074,1570,30,14,18,12,0,festival-lead,Festival Lead,0,0
0074,1571,26,12,17,9,0,dragapult-blaziken,Dragapult Blaziken,0,0
0074,1572,32,17,18,14,0,festival-lead,Festival Lead,0,0
0074,1573,27,11,16,11,0,dragapult-dudunsparce,Dragapult Dudunsparce,0,0
0074,1574,25,13,9,16,0,raging-bolt-ogerpon,Raging Bolt Ogerpon,0,0
0074,1575,19,9,13,6,0,alakazam-dusknoir,Alakazam Dusknoir,0,0
0074,1576,25,11,16,9,0,dragapult-blaziken,Dragapult Blaziken,0,0
0074,1577,28,12,18,10,0,dragapult-ex,Dragapult,0,0
0074,1578,28,14,18,10,0,dragapult-dusknoir,Dragapult Dusknoir,1,0
0074,1579,16,8,8,8,0,sharpedo-toxtricity,Sharpedo Toxtricity,0,0
0074,1580,27,11,17,10,0,dragapult-ex,Dragapult,0,0
0074,1581,28,12,18,10,0,dragapult-ex,Dragapult,0,0
0074,1582,7,3,0,7,0,rocket-spidops,Rocket's Spidops,0,0
0074,1583,25,11,16,9,0,dragapult-blaziken,Dragapult Blaziken,1,0
0074,1584,33,14,20,13,0,festival-lead,Festival Lead,0,0
0074,1585,4,3,0,4,0,rockets-honchkrow,Rocket's Honchkrow,0,0
0074,1586,22,12,17,4,1,lopunny-dusknoir,Lopunny Dusknoir,1,1
0074,1587,13,8,3,7,3,hops-trevenant,Hop's Trevenant,1,0
0074,1588,19,13,4,15,0,n-zoroark,N's Zoroark,0,0
0074,1589,22,11,15,6,1,starmie-dusknoir,Starmie Dusknoir,0,0
0074,1590,22,15,12,10,0,basic-box-m,Basic Box,0,0
0074,1591,13,7,7,6,0,grimmsnarl-froslass,Grimmsnarl Froslass,0,0
0074,1592,30,12,15,11,4,seaking-pre,Seaking Festival Lead,0,0
0074,1593,6,4,0,5,1,dhelmise-pbl,Dhelmise,1,0
0074,1594,15,7,5,5,5,lopunny-dudunsparce,Lopunny Dudunsparce,0,0
0074,1595,29,11,22,6,1,dragapult-dusknoir,Dragapult Dusknoir,1,0
0074,1596,20,10,18,1,1,lopunny-dusknoir,Lopunny Dusknoir,0,0
0074,1597,17,11,4,13,0,n-zoroark,N's Zoroark,0,0
0074,1598,13,6,5,8,0,ogerpon-meganium-arboliva,Ogerpon Meganium Arboliva,0,0
0074,1599,26,11,17,9,0,dragapult-ex,Dragapult,0,0
0074,1600,16,10,8,8,0,ogerpon-meganium-arboliva,Ogerpon Meganium Arboliva,0,0
0074,1601,9,6,3,5,1,dhelmise-pbl,Dhelmise,1,0
0074,1602,25,10,15,10,0,dragapult-ex,Dragapult,0,0
0074,1603,18,8,5,9,4,kangaskhan-bouffalant,Kangaskhan Bouffalant,0,0
0074,1604,22,11,19,2,1,lopunny-dusknoir,Lopunny Dusknoir,0,0
0074,1605,17,7,14,2,1,lopunny-dusknoir,Lopunny Dusknoir,0,0
0074,1606,20,11,16,3,1,lopunny-dusknoir,Lopunny Dusknoir,0,0
0074,1607,29,13,14,13,2,slowking-scr,Slowking,1,0
0074,1608,14,8,6,7,1,mega-chandelure-ex,Mega Chandelure,0,0
0074,1609,15,7,9,6,0,mega-excadrill-ex,Mega Excadrill,0,0
0074,1610,29,14,19,10,0,dragapult-dusknoir,Dragapult Dusknoir,0,0
0074,1611,16,11,5,10,1,alakazam-dudunsparce,Alakazam Dudunsparce,0,0
0074,1612,9,5,4,4,1,dhelmise-pbl,Dhelmise,0,0
0074,1613,25,15,12,12,1,slowking-scr,Slowking,0,0
0074,1614,26,13,16,10,0,dragapult-blaziken,Dragapult Blaziken,0,0
0074,1615,27,11,16,11,0,dragapult-ex,Dragapult,1,1
0074,1616,12,7,0,8,4,crustle-dri,Crustle,0,0
0074,1617,21,12,16,4,1,lopunny-dusknoir,Lopunny Dusknoir,0,0
0074,1618,27,11,17,10,0,dragapult-ex,Dragapult,0,0
0074,1619,9,4,0,9,0,rockets-honchkrow,Rocket's Honchkrow,0,0
0074,1620,28,14,17,11,0,dragapult-blaziken,Dragapult Blaziken,0,0
0074,1621,24,10,13,10,1,dragapult-ex,Dragapult,0,0
0074,1622,27,11,17,10,0,dragapult-ex,Dragapult,0,0
0074,1623,20,11,9,10,1,alakazam-dudunsparce,Alakazam Dudunsparce,0,0
0074,1624,31,12,17,14,0,dragapult-ex,Dragapult,0,0
0074,1625,25,16,11,14,0,basic-box-m,Basic Box,0,0
0074,1626,8,4,0,8,0,rockets-honchkrow,Rocket's Honchkrow,0,0
0074,1627,18,11,6,11,1,alakazam-dudunsparce,Alakazam Dudunsparce,0,0
0074,1628,17,9,7,10,0,sharpedo-toxtricity,Sharpedo Toxtricity,0,0
0074,1629,30,13,19,11,0,dragapult-dusknoir,Dragapult Dusknoir,0,0
0074,1630,6,4,1,4,1,cynthia-garchomp-ex,Cynthia's Garchomp,0,0
0074,1631,24,13,10,14,0,basic-box-m,Basic Box,0,0
0074,1632,5,3,0,5,0,lucario-hariyama,Lucario Hariyama,0,0
0074,1633,18,12,6,11,1,alakazam-dudunsparce,Alakazam Dudunsparce,0,0
0074,1634,14,9,5,8,1,alakazam-dudunsparce,Alakazam Dudunsparce,0,0
0074,1635,16,10,5,11,0,n-zoroark,N's Zoroark,0,0
0074,1636,26,10,16,10,0,dragapult-ex,Dragapult,0,0
0074,1637,14,6,9,5,0,mega-excadrill-ex,Mega Excadrill,0,0
0074,1638,26,10,16,10,0,dragapult-ex,Dragapult,0,0
0074,1639,11,6,3,7,1,dhelmise-pbl,Dhelmise,0,0
0074,1640,6,4,0,6,0,lucario-hariyama,Lucario Hariyama,0,0
0074,1641,21,11,8,13,0,mew-ex-30c,Mew Box,0,0
0074,1642,14,9,5,8,1,alakazam-dudunsparce,Alakazam Dudunsparce,1,0
0074,1643,11,6,5,6,0,mega-excadrill-ex,Mega Excadrill,0,0
0074,1644,30,13,19,11,0,dragapult-dusknoir,Dragapult Dusknoir,0,0
0074,1645,26,12,17,9,0,dragapult-blaziken,Dragapult Blaziken,0,0
0074,1646,30,15,18,12,0,festival-lead,Festival Lead,0,0
0074,1647,29,13,19,10,0,dragapult-dusknoir,Dragapult Dusknoir,0,0
0074,1648,4,3,0,4,0,rocket-mewtwo-ex,Rocket's Mewtwo,0,0
0074,1649,15,6,9,6,0,mega-excadrill-ex,Mega Excadrill,0,0
0074,1650,15,9,5,9,1,alakazam-dudunsparce,Alakazam Dudunsparce,0,0
0074,1651,27,11,17,10,0,dragapult-ex,Dragapult,0,0
0074,1652,21,11,12,9,0,ogerpon-meganium-hydrapple,Ogerpon Meganium Hydrapple,1,0
0074,1653,17,8,6,6,5,lopunny-dudunsparce,Lopunny Dudunsparce,0,0
0074,1654,11,6,5,6,0,lucario-hariyama,Lucario Hariyama,0,0
0074,1655,29,13,19,10,0,dragapult-dusknoir,Dragapult Dusknoir,0,0
0074,1656,18,12,5,13,0,n-zoroark,N's Zoroark,1,0
0074,1657,14,7,6,3,5,lopunny-dudunsparce,Lopunny Dudunsparce,0,0
0074,1658,27,12,13,12,2,slowking-scr,Slowking,0,0
0074,1659,29,9,15,10,4,seaking-pre,Seaking Festival Lead,1,0
0074,1660,14,8,6,7,1,mega-lucario-ex,Mega Lucario,0,0
0074,1661,26,13,12,13,1,slowking-scr,Slowking,0,0
0074,1662,26,13,17,9,0,dragapult-blaziken,Dragapult Blaziken,0,0
0074,1663,13,7,5,7,1,mega-chandelure-ex,Mega Chandelure,0,0
0074,1664,27,11,17,10,0,dragapult-ex,Dragapult,1,0
0074,1665,26,17,11,15,0,basic-box-m,Basic Box,0,0
0074,1666,17,12,5,12,0,n-zoroark,N's Zoroark,1,0
0074,1667,26,16,11,15,0,basic-box-m,Basic Box,0,0
0074,1668,27,16,11,16,0,basic-box-m,Basic Box,0,0
0074,1669,24,11,15,9,0,dragapult-ex,Dragapult,0,0
0074,1670,11,6,2,6,3,hops-trevenant,Hop's Trevenant,1,0
0074,1671,26,12,17,9,0,dragapult-blaziken,Dragapult Blaziken,1,0
0074,1672,17,11,6,10,1,alakazam-dudunsparce,Alakazam Dudunsparce,0,0
0074,1673,26,16,12,14,0,basic-box-m,Basic Box,0,0
0074,1674,29,14,15,14,0,festival-lead,Festival Lead,1,0
0074,1675,26,11,16,10,0,dragapult-ex,Dragapult,0,0
0074,1676,19,15,10,8,1,alakazam-dudunsparce,Alakazam Dudunsparce,0,0
0074,1677,10,6,4,5,1,dhelmise-pbl,Dhelmise,0,0
0074,1678,19,9,13,6,0,alakazam-dusknoir,Alakazam Dusknoir,0,0
0074,1679,13,5,6,7,0,mega-excadrill-ex,Mega Excadrill,0,0
0074,1680,29,13,20,9,0,dragapult-dusknoir,Dragapult Dusknoir,0,0
0074,1681,27,12,16,11,0,dragapult-dudunsparce,Dragapult Dudunsparce,0,0
0074,1682,17,8,7,9,1,starmie-froslass,Starmie Froslass,0,0
0074,1683,20,9,8,12,0,other,Other,0,0
0074,1684,26,10,16,10,0,dragapult-ex,Dragapult,0,0
0074,1685,14,7,4,5,5,lopunny-dudunsparce,Lopunny Dudunsparce,0,0
0074,1686,14,7,9,5,0,grimmsnarl-froslass,Grimmsnarl Froslass,0,0
0074,1687,26,10,16,10,0,dragapult-ex,Dragapult,1,0
0074,1688,11,7,4,6,1,mega-chandelure-ex,Mega Chandelure,0,0
0074,1689,31,14,20,11,0,festival-lead,Festival Lead,1,0
0074,1690,19,10,4,15,0,n-zoroark,N's Zoroark,0,0
0074,1691,5,4,0,5,0,lucario-hariyama,Lucario Hariyama,0,0
0074,1692,4,3,1,3,0,lucario-hariyama,Lucario Hariyama,0,0
0074,1693,17,10,7,9,1,alakazam-dudunsparce,Alakazam Dudunsparce,0,0
0074,1694,29,13,13,13,3,slowking-scr,Slowking,0,0
0074,1695,15,10,6,8,1,alakazam-dudunsparce,Alakazam Dudunsparce,1,0
0074,1696,30,13,19,11,0,dragapult-dusknoir,Dragapult Dusknoir,0,0
0074,1697,16,10,0,12,4,crustle-dri,Crustle,0,0
0074,1698,28,13,14,12,2,slowking-scr,Slowking,0,0
0074,1699,26,13,17,9,0,dragapult-blaziken,Dragapult Blaziken,1,0
0074,1700,12,7,0,8,4,crustle-dri,Crustle,0,0
0074,1701,14,8,8,6,0,grimmsnarl-froslass,Grimmsnarl Froslass,1,0
0074,1702,16,11,4,12,0,n-zoroark,N's Zoroark,0,0
0074,1703,20,10,14,6,0,alakazam-dusknoir,Alakazam Dusknoir,0,0
0074,1704,26,10,16,10,0,dragapult-ex,Dragapult,0,0
0074,1705,22,13,13,8,1,alakazam-dudunsparce,Alakazam Dudunsparce,0,0
0074,1706,25,11,16,9,0,dragapult-blaziken,Dragapult Blaziken,0,0
0074,1707,24,15,10,14,0,basic-box-m,Basic Box,0,0
0074,1708,17,12,5,10,2,mega-absol-box,Mega Absol Box,0,0
0074,1709,14,6,5,4,5,lopunny-dudunsparce,Lopunny Dudunsparce,0,0
0074,1710,26,12,17,9,0,dragapult-blaziken,Dragapult Blaziken,1,0
0074,1711,12,6,4,7,1,ceruledge-ex,Ceruledge,0,0
0074,1712,29,13,17,12,0,festival-lead,Festival Lead,0,0
0074,1713,17,9,7,10,0,sharpedo-toxtricity,Sharpedo Toxtricity,0,0
0074,1714,32,15,19,13,0,festival-lead,Festival Lead,0,0
0074,1715,30,13,19,11,0,dragapult-ex,Dragapult,0,0
0074,1716,27,12,16,11,0,dragapult-ex,Dragapult,0,0
0074,1717,29,13,19,10,0,dragapult-dusknoir,Dragapult Dusknoir,0,0
0074,1718,27,16,12,15,0,basic-box-m,Basic Box,0,0
0074,1719,3,2,0,3,0,lucario-hariyama,Lucario Hariyama,0,0
0074,1720,10,5,2,7,1,dhelmise-pbl,Dhelmise,0,0
0074,1721,17,11,5,12,0,n-zoroark,N's Zoroark,0,0
0074,1722,13,9,5,7,1,alakazam-dudunsparce,Alakazam Dudunsparce,0,0
0074,1723,14,6,9,5,0,grimmsnarl-froslass,Grimmsnarl Froslass,0,0
0074,1724,22,15,12,10,0,basic-box-m,Basic Box,0,0
0074,1725,12,5,0,9,3,other,Other,0,0
0074,1726,9,4,4,5,0,mega-excadrill-ex,Mega Excadrill,0,0
0074,1727,15,10,5,9,1,alakazam-dudunsparce,Alakazam Dudunsparce,0,0
0074,1728,22,13,11,11,0,ogerpon-meganium-hydrapple,Ogerpon Meganium Hydrapple,0,0
0074,1729,4,3,0,4,0,lucario-hariyama,Lucario Hariyama,0,0
0074,1730,27,13,17,10,0,dragapult-blaziken,Dragapult Blaziken,0,0
0074,1731,11,6,5,6,0,mega-lucario-ex,Mega Lucario,0,0
0074,1732,10,7,3,6,1,dhelmise-pbl,Dhelmise,0,0
0074,1733,30,15,16,14,0,festival-lead,Festival Lead,0,0
0074,1734,16,11,5,11,0,n-zoroark,N's Zoroark,0,0
0074,1735,17,10,9,7,1,starmie-froslass,Starmie Froslass,0,0
0074,1736,26,10,16,10,0,dragapult-ex,Dragapult,0,0
0074,1737,10,5,2,7,1,dhelmise-pbl,Dhelmise,0,0
0074,1738,30,13,18,12,0,dragapult-ex,Dragapult,0,0
0074,1739,18,9,7,11,0,sharpedo-toxtricity,Sharpedo Toxtricity,0,0
0074,1740,15,7,7,3,5,lopunny-dudunsparce,Lopunny Dudunsparce,0,0
0074,1741,26,12,17,9,0,dragapult-blaziken,Dragapult Blaziken,0,0
0074,1742,28,14,13,13,2,slowking-scr,Slowking,0,0
0074,1743,24,16,15,9,0,ogerpon-meganium-hydrapple,Ogerpon Meganium Hydrapple,0,0
0074,1744,21,14,12,9,0,joltik-box,Joltik Box,0,0
0074,1745,18,10,4,14,0,n-zoroark,N's Zoroark,1,0
0074,1746,25,16,11,14,0,basic-box-m,Basic Box,0,0
0074,1747,30,14,19,11,0,dragapult-dusknoir,Dragapult Dusknoir,0,0
0074,1748,11,5,7,4,0,mega-excadrill-ex,Mega Excadrill,0,0
0074,1749,29,13,19,10,0,dragapult-dusknoir,Dragapult Dusknoir,0,0
0074,1750,32,14,19,13,0,festival-lead,Festival Lead,0,0
0074,1751,17,10,8,9,0,ethan-typhlosion,Ethan's Typhlosion,0,0
0074,1752,31,14,20,11,0,festival-lead,Festival Lead,1,0
0074,1753,26,17,11,15,0,basic-box-m,Basic Box,1,0
0074,1754,24,13,18,5,1,lopunny-dusknoir,Lopunny Dusknoir,0,0
0074,1755,15,9,10,2,3,lopunny-dusknoir,Lopunny Dusknoir,0,0
0074,1756,27,16,15,12,0,toucannon-pbl,Toucannon,0,0
0074,1757,26,11,17,9,0,dragapult-ex,Dragapult,0,0
0074,1758,19,7,10,8,1,starmie-dusknoir,Starmie Dusknoir,0,0
0074,1759,29,14,19,10,0,dragapult-dusknoir,Dragapult Dusknoir,1,0
0074,1760,29,13,20,9,0,dragapult-dusknoir,Dragapult Dusknoir,0,0
0074,1761,26,11,17,9,0,dragapult-ex,Dragapult,0,0
0074,1762,26,16,11,15,0,basic-box-m,Basic Box,0,0
0074,1763,26,11,16,10,0,dragapult-ex,Dragapult,0,0
0074,1764,30,13,20,10,0,dragapult-dusknoir,Dragapult Dusknoir,0,0
0074,1765,11,6,5,5,1,dhelmise-pbl,Dhelmise,1,0
0074,1766,26,12,17,9,0,dragapult-blaziken,Dragapult Blaziken,0,0
0074,1767,16,10,6,9,1,alakazam-dudunsparce,Alakazam Dudunsparce,0,0
0074,1768,27,11,16,11,0,dragapult-ex,Dragapult,0,0
0074,1769,18,12,5,13,0,n-zoroark,N's Zoroark,0,0
0074,1770,22,12,12,10,0,ogerpon-meganium-hydrapple,Ogerpon Meganium Hydrapple,0,0
0074,1771,30,14,19,11,0,dragapult-dusknoir,Dragapult Dusknoir,0,0
0074,1772,11,6,0,7,4,crustle-dri,Crustle,0,0
0074,1773,27,11,17,10,0,dragapult-ex,Dragapult,0,0
0074,1774,26,10,16,10,0,dragapult-ex,Dragapult,0,0
0074,1775,13,7,0,9,4,crustle-dri,Crustle,1,0
0074,1776,26,10,16,10,0,dragapult-ex,Dragapult,0,0
0074,1777,26,12,17,9,0,dragapult-blaziken,Dragapult Blaziken,0,0
0074,1778,26,12,17,9,0,dragapult-blaziken,Dragapult Blaziken,0,0
0074,1779,35,16,20,15,0,festival-lead,Festival Lead,0,0
0074,1780,17,11,5,12,0,n-zoroark,N's Zoroark,0,0
0074,1781,13,7,7,5,1,mega-chandelure-ex,Mega Chandelure,0,0
0074,1782,22,11,18,3,1,lopunny-dusknoir,Lopunny Dusknoir,0,0
0074,1783,27,13,13,13,1,slowking-scr,Slowking,1,0
0074,1784,26,12,17,9,0,dragapult-blaziken,Dragapult Blaziken,1,0
0074,1785,10,4,0,10,0,rockets-honchkrow,Rocket's Honchkrow,1,0
0074,1786,20,9,6,10,4,kangaskhan-bouffalant,Kangaskhan Bouffalant,0,0
0074,1787,13,8,6,6,1,mega-greninja-ex,Mega Greninja,0,0
0074,1788,27,11,17,10,0,dragapult-ex,Dragapult,0,0
0074,1789,21,10,12,5,4,lopunny-dusknoir,Lopunny Dusknoir,0,0
0074,1790,12,8,5,7,0,mega-lucario-ex,Mega Lucario,0,0
0074,1791,10,6,4,5,1,dhelmise-pbl,Dhelmise,0,0
0074,1792,29,14,14,13,2,slowking-scr,Slowking,0,0
0074,1793,26,15,17,9,0,dragapult-blaziken,Dragapult Blaziken,0,0
0074,1794,20,13,6,14,0,n-zoroark,N's Zoroark,0,0
0074,1795,16,8,4,11,1,starmie-froslass,Starmie Froslass,0,0
0074,1796,21,11,17,3,1,lopunny-dusknoir,Lopunny Dusknoir,0,0
0074,1797,4,2,0,4,0,rockets-honchkrow,Rocket's Honchkrow,1,0
0074,1798,26,11,17,9,0,dragapult-ex,Dragapult,0,0
0074,1799,26,16,11,15,0,basic-box-m,Basic Box,0,0
0074,1800,25,11,16,9,0,dragapult-blaziken,Dragapult Blaziken,0,0
0074,1801,28,12,12,14,2,slowking-scr,Slowking,0,0
0074,1802,26,11,16,10,0,dragapult-ex,Dragapult,0,0
0074,1803,9,4,0,9,0,rockets-honchkrow,Rocket's Honchkrow,0,0
0074,1804,9,6,4,4,1,dhelmise-pbl,Dhelmise,0,0
0074,1805,14,8,0,10,4,crustle-dri,Crustle,0,0
0074,1806,16,11,4,12,0,n-zoroark,N's Zoroark,0,0
0074,1807,12,5,5,7,0,mega-lucario-ex,Mega Lucario,0,0
0074,1808,30,10,15,11,4,seaking-pre,Seaking Festival Lead,0,0
0074,1809,30,15,18,12,0,festival-lead,Festival Lead,0,0
0074,1810,7,6,2,5,0,dhelmise-pbl,Dhelmise,0,0
0074,1811,18,8,8,6,4,lopunny-dudunsparce,Lopunny Dudunsparce,1,0
0074,1812,21,10,13,8,0,archaludon-ex,Archaludon,0,0
0074,1813,17,11,6,10,1,alakazam-dudunsparce,Alakazam Dudunsparce,0,0
0074,1814,26,16,11,15,0,basic-box-m,Basic Box,0,0
0074,1815,10,4,0,6,4,hops-trevenant,Hop's Trevenant,0,0
0074,1816,27,13,12,13,2,slowking-scr,Slowking,0,0
0074,1817,16,11,5,11,0,n-zoroark,N's Zoroark,1,0
0074,1818,16,7,5,6,5,lopunny-dudunsparce,Lopunny Dudunsparce,0,0
0074,1819,10,7,4,5,1,mega-greninja-ex,Mega Greninja,0,0
0074,1820,14,6,7,7,0,grimmsnarl-froslass,Grimmsnarl Froslass,0,0
0074,1821,25,16,10,15,0,basic-box-m,Basic Box,0,0
0074,1822,27,11,16,11,0,dragapult-ex,Dragapult,0,0
0074,1823,30,14,20,10,0,dragapult-dusknoir,Dragapult Dusknoir,0,0
0074,1824,22,13,14,8,0,ogerpon-meganium-hydrapple,Ogerpon Meganium Hydrapple,1,1
0074,1825,13,4,8,5,0,mega-excadrill-ex,Mega Excadrill,1,0
0074,1826,30,14,19,11,0,dragapult-dusknoir,Dragapult Dusknoir,0,0
0074,1827,8,5,3,4,1,dhelmise-pbl,Dhelmise,0,0
0074,1828,20,12,13,7,0,ogerpon-meganium-hydrapple,Ogerpon Meganium Hydrapple,0,0
0074,1829,16,11,5,10,1,alakazam-dudunsparce,Alakazam Dudunsparce,0,0
0074,1830,30,13,20,10,0,dragapult-dusknoir,Dragapult Dusknoir,0,0
0074,1831,28,13,13,13,2,slowking-scr,Slowking,0,0
0074,1832,9,4,0,9,0,rockets-honchkrow,Rocket's Honchkrow,1,0
0074,1833,16,11,5,11,0,n-zoroark,N's Zoroark,0,0
0074,1834,16,11,4,12,0,n-zoroark,N's Zoroark,0,0
0074,1835,32,15,20,12,0,festival-lead,Festival Lead,0,0
0074,1836,37,17,25,12,0,dragapult-dusknoir,Dragapult Dusknoir,0,0
0074,1837,34,20,21,13,0,flareon-noctowl,Flareon Noctowl,0,0
0074,1838,30,13,19,11,0,dragapult-dusknoir,Dragapult Dusknoir,0,0
0074,1839,14,8,4,10,0,n-zoroark,N's Zoroark,0,0
0074,1840,15,5,8,7,0,mega-excadrill-ex,Mega Excadrill,0,0
0074,1841,20,10,18,1,1,lopunny-dusknoir,Lopunny Dusknoir,1,0
0074,1842,25,15,10,15,0,basic-box-m,Basic Box,0,0
0074,1843,18,9,11,7,0,alakazam-dusknoir,Alakazam Dusknoir,0,0
0074,1844,17,12,4,13,0,n-zoroark,N's Zoroark,0,0
0074,1845,7,3,0,7,0,rockets-honchkrow,Rocket's Honchkrow,0,0
0074,1846,26,16,11,15,0,basic-box-m,Basic Box,0,0
0074,1847,26,10,16,10,0,dragapult-ex,Dragapult,1,0
0074,1848,22,10,11,11,0,hydreigon-ex,Hydreigon,0,0
0074,1849,16,9,7,7,2,mega-absol-box,Mega Absol Box,1,0
0074,1850,26,10,16,10,0,dragapult-ex,Dragapult,0,0
0074,1851,25,11,16,9,0,dragapult-blaziken,Dragapult Blaziken,1,0
0074,1852,6,4,1,5,0,wailord-ex-pbl,Wailord,0,0
0074,1853,28,14,13,13,2,slowking-scr,Slowking,1,0
0074,1854,10,7,6,4,0,mega-excadrill-ex,Mega Excadrill,0,0
0074,1855,35,14,20,15,0,festival-lead,Festival Lead,0,0
0074,1856,12,6,0,8,4,crustle-dri,Crustle,0,0
0074,1857,27,11,17,10,0,dragapult-ex,Dragapult,1,0
0074,1858,27,13,17,10,0,dragapult-blaziken,Dragapult Blaziken,1,0
0074,1859,12,8,7,5,0,toxtricity-box,Toxtricity Box,0,0
0074,1860,15,9,6,8,1,alakazam-dudunsparce,Alakazam Dudunsparce,0,0
0074,1861,26,11,17,9,0,dragapult-dudunsparce,Dragapult Dudunsparce,0,0
0074,1862,26,10,16,10,0,dragapult-ex,Dragapult,0,0
0074,1863,20,13,9,11,0,mew-ex-30c,Mew Box,1,0
0074,1864,22,12,12,10,0,ogerpon-meganium-hydrapple,Ogerpon Meganium Hydrapple,1,0
0074,1865,17,11,5,12,0,n-zoroark,N's Zoroark,0,0
0074,1866,4,2,0,4,0,lucario-hariyama,Lucario Hariyama,0,0
0074,1867,14,9,4,9,1,alakazam-dudunsparce,Alakazam Dudunsparce,0,0
0074,1868,17,9,11,5,1,alakazam-dusknoir,Alakazam Dusknoir,1,0
0074,1869,7,4,0,7,0,rocket-mewtwo-ex,Rocket's Mewtwo,0,0
0074,1870,26,10,16,10,0,dragapult-ex,Dragapult,1,0
0074,1871,25,11,16,9,0,dragapult-blaziken,Dragapult Blaziken,0,0
0074,1872,21,14,13,8,0,basic-box-m,Basic Box,1,0
0074,1873,27,11,17,10,0,dragapult-ex,Dragapult,0,0
0074,1874,23,12,12,11,0,slowking-scr,Slowking,0,0
0074,1875,27,11,17,10,0,dragapult-ex,Dragapult,1,0
0074,1876,29,13,18,11,0,dragapult-dusknoir,Dragapult Dusknoir,0,0
0074,1877,10,7,3,6,1,dhelmise-pbl,Dhelmise,0,0
0074,1878,33,14,19,14,0,festival-lead,Festival Lead,1,0
0074,1879,27,12,16,11,0,dragapult-dudunsparce,Dragapult Dudunsparce,0,0
0074,1880,35,15,22,13,0,festival-lead,Festival Lead,0,0
0074,1881,29,14,18,11,0,dragapult-blaziken,Dragapult Blaziken,0,0
0074,1882,26,11,17,9,0,dragapult-ex,Dragapult,0,0
0074,1883,19,12,6,12,1,alakazam-dudunsparce,Alakazam Dudunsparce,1,0
0074,1884,14,6,4,5,5,lopunny-dudunsparce,Lopunny Dudunsparce,1,0
0074,1885,18,12,4,14,0,n-zoroark,N's Zoroark,0,0
0074,1886,25,14,10,15,0,basic-box-m,Basic Box,0,0
0074,1887,28,13,13,13,2,slowking-scr,Slowking,0,0
0074,1888,17,11,6,10,1,alakazam-dudunsparce,Alakazam Dudunsparce,0,0
0074,1889,18,9,12,6,0,alakazam-dusknoir,Alakazam Dusknoir,1,1
0074,1890,24,11,13,11,0,toucannon-pbl,Toucannon,0,0
0074,1891,29,14,19,10,0,dragapult-dusknoir,Dragapult Dusknoir,0,0
0074,1892,11,6,0,7,4,crustle-dri,Crustle,0,0
0074,1893,14,9,4,9,1,alakazam-dudunsparce,Alakazam Dudunsparce,0,0
0074,1894,6,3,0,6,0,rocket-mewtwo-ex,Rocket's Mewtwo,0,0
0074,1895,26,17,11,15,0,basic-box-m,Basic Box,0,0
0074,1896,23,12,7,16,0,mew-ex-30c,Mew Box,1,0
0074,1897,24,13,10,14,0,basic-box-m,Basic Box,0,0
0074,1898,9,5,2,6,1,dhelmise-pbl,Dhelmise,0,0
0074,1899,16,7,6,5,5,lopunny-dudunsparce,Lopunny Dudunsparce,0,0
0074,1900,9,4,0,9,0,rockets-honchkrow,Rocket's Honchkrow,1,0
0074,1901,12,7,6,6,0,mega-starmie-ex,Mega Starmie,0,0
0074,1902,14,10,3,11,0,n-zoroark,N's Zoroark,0,0
0074,1903,25,11,12,13,0,raging-bolt-ogerpon,Raging Bolt Ogerpon,0,0
0074,1904,22,12,12,10,0,ogerpon-meganium-hydrapple,Ogerpon Meganium Hydrapple,1,0
0074,1905,25,16,11,14,0,basic-box-m,Basic Box,1,0
0074,1906,17,10,7,9,1,alakazam-dudunsparce,Alakazam Dudunsparce,0,0
0074,1907,27,11,17,10,0,dragapult-ex,Dragapult,0,0
0074,1908,26,16,11,15,0,basic-box-m,Basic Box,1,0
0074,1909,20,8,5,14,1,okidogi-twm,Okidogi,0,0
0074,1910,15,6,9,6,0,mega-excadrill-ex,Mega Excadrill,0,0
0074,1911,27,10,17,10,0,dragapult-ex,Dragapult,1,0
0074,1912,31,14,19,12,0,dragapult-dusknoir,Dragapult Dusknoir,0,0
0074,1913,27,14,14,13,0,slowking-scr,Slowking,1,0
0074,1914,17,11,4,13,0,n-zoroark,N's Zoroark,0,0
0074,1915,28,13,17,11,0,dragapult-ex,Dragapult,0,0
0074,1916,27,11,18,9,0,dragapult-dudunsparce,Dragapult Dudunsparce,0,0
0074,1917,27,11,17,10,0,dragapult-ex,Dragapult,0,0
0074,1918,27,13,15,12,0,slowking-scr,Slowking,0,0
0074,1919,26,13,12,13,1,slowking-scr,Slowking,1,0
0074,1920,22,13,14,8,0,ogerpon-meganium-hydrapple,Ogerpon Meganium Hydrapple,0,0
0074,1921,22,13,11,11,0,greninja-ex,Greninja,0,0
0074,1922,27,11,17,10,0,dragapult-ex,Dragapult,1,0
0074,1923,27,13,17,10,0,dragapult-blaziken,Dragapult Blaziken,0,0
0074,1924,11,6,6,5,0,mega-excadrill-ex,Mega Excadrill,0,0
0074,1925,20,10,6,13,1,mega-darkrai-ex,Mega Darkrai,1,0
0074,1926,11,6,0,7,4,crustle-dri,Crustle,0,0
0074,1927,29,14,19,10,0,dragapult-dusknoir,Dragapult Dusknoir,1,0
0074,1928,27,12,16,11,0,dragapult-ex,Dragapult,0,0
0074,1929,28,12,12,14,2,slowking-scr,Slowking,0,0
0074,1930,27,12,17,10,0,dragapult-ex,Dragapult,0,0
0074,1931,26,10,16,10,0,dragapult-ex,Dragapult,0,0
0074,1932,28,15,15,12,1,slowking-scr,Slowking,1,0
0074,1933,26,11,16,10,0,dragapult-ex,Dragapult,0,0
0074,1934,25,16,11,14,0,basic-box-m,Basic Box,1,0
0074,1935,12,7,0,8,4,crustle-dri,Crustle,0,0
0074,1936,20,12,11,9,0,greninja-ex,Greninja,1,0
0074,1937,28,12,18,10,0,dragapult-ex,Dragapult,0,0
0074,1938,26,10,16,10,0,dragapult-ex,Dragapult,0,0
0074,1939,22,12,12,10,0,ogerpon-meganium-hydrapple,Ogerpon Meganium Hydrapple,1,0
0074,1940,22,12,12,10,0,ogerpon-meganium-hydrapple,Ogerpon Meganium Hydrapple,0,0
0074,1941,26,11,16,10,0,dragapult-ex,Dragapult,0,0
0074,1942,24,12,9,15,0,raging-bolt-ogerpon,Raging Bolt Ogerpon,0,0
0074,1943,26,15,11,15,0,basic-box-m,Basic Box,1,0
0074,1944,29,14,19,10,0,dragapult-dusknoir,Dragapult Dusknoir,1,0
0074,1945,14,8,9,5,0,mega-excadrill-ex,Mega Excadrill,1,0
0074,1946,13,7,5,8,0,mega-chandelure-ex,Mega Chandelure,0,0
0074,1947,24,15,11,13,0,basic-box-m,Basic Box,0,0
0074,1948,16,7,6,6,4,lopunny-dudunsparce,Lopunny Dudunsparce,1,0
0074,1949,28,12,17,11,0,dragapult-ex,Dragapult,0,0
0074,1950,15,10,5,9,1,alakazam-dudunsparce,Alakazam Dudunsparce,0,0
0074,1951,27,12,12,13,2,slowking-scr,Slowking,1,0
0074,1952,5,5,0,5,0,dhelmise-pbl,Dhelmise,0,0
0074,1953,20,11,12,8,0,ogerpon-meganium-hydrapple,Ogerpon Meganium Hydrapple,0,0
0074,1954,17,11,4,13,0,n-zoroark,N's Zoroark,0,0
0074,1955,19,8,7,8,4,mega-lopunny-ex,Mega Lopunny,0,0
0074,1956,10,4,0,10,0,rockets-honchkrow,Rocket's Honchkrow,0,0
0074,1957,3,2,0,3,0,lucario-hariyama,Lucario Hariyama,0,0
0074,1958,25,11,16,9,0,dragapult-blaziken,Dragapult Blaziken,0,0
0074,1959,14,8,6,8,0,ogerpon-meganium-arboliva,Ogerpon Meganium Arboliva,1,0
0074,1960,22,11,18,3,1,lopunny-dusknoir,Lopunny Dusknoir,0,0
0074,1961,23,12,7,16,0,mew-ex-30c,Mew Box,1,0
0074,1962,3,2,0,3,0,wailord-ex-pbl,Wailord,0,0
0074,1963,27,12,16,11,0,dragapult-blaziken,Dragapult Blaziken,0,0
0074,1964,28,14,18,10,0,dragapult-dusknoir,Dragapult Dusknoir,0,0
0074,1965,33,14,19,14,0,festival-lead,Festival Lead,1,0
0074,1966,15,9,6,9,0,ogerpon-meganium-arboliva,Ogerpon Meganium Arboliva,1,0
0074,1967,13,6,6,2,5,lopunny-dudunsparce,Lopunny Dudunsparce,1,0
0074,1968,18,9,12,6,0,alakazam-dusknoir,Alakazam Dusknoir,1,0
0074,1969,27,11,17,10,0,dragapult-ex,Dragapult,1,0
0074,1970,30,14,19,11,0,dragapult-dusknoir,Dragapult Dusknoir,0,0
0074,1971,14,10,9,5,0,metagross-cri,Metagross,0,0
0074,1972,26,11,17,9,0,dragapult-ex,Dragapult,0,0
0074,1973,19,10,17,1,1,lopunny-dusknoir,Lopunny Dusknoir,1,0
0074,1974,13,8,0,9,4,crustle-dri,Crustle,0,0
0074,1975,26,10,16,10,0,dragapult-ex,Dragapult,1,0
0074,1976,26,16,11,15,0,basic-box-m,Basic Box,0,0
0074,1977,13,8,7,6,0,mega-excadrill-ex,Mega Excadrill,0,0
0074,1978,27,11,13,11,3,slowking-scr,Slowking,0,0
0074,1979,21,11,12,9,0,ogerpon-meganium-hydrapple,Ogerpon Meganium Hydrapple,1,0
0074,1980,31,16,18,13,0,festival-lead,Festival Lead,0,0
0074,1981,19,9,8,11,0,sharpedo-toxtricity,Sharpedo Toxtricity,0,0
0074,1982,26,10,16,10,0,dragapult-ex,Dragapult,0,0
0074,1983,27,18,12,15,0,basic-box-m,Basic Box,0,0
0074,1984,15,9,0,11,4,crustle-dri,Crustle,0,0
0074,1985,30,14,19,11,0,dragapult-dusknoir,Dragapult Dusknoir,0,0
0074,1986,10,5,7,3,0,cinccino-ex,Cinccino,0,0
0074,1987,30,13,19,11,0,dragapult-ex,Dragapult,0,0
0074,1988,22,12,12,10,0,ogerpon-meganium-hydrapple,Ogerpon Meganium Hydrapple,0,0
0074,1989,12,6,6,6,0,grimmsnarl-froslass,Grimmsnarl Froslass,0,0
0074,1990,16,10,4,12,0,n-zoroark,N's Zoroark,1,0
0074,1991,8,3,0,8,0,rockets-honchkrow,Rocket's Honchkrow,0,0
0074,1992,26,16,11,15,0,basic-box-m,Basic Box,1,0
0074,1993,26,10,16,10,0,dragapult-ex,Dragapult,0,0
0074,1994,30,12,18,12,0,festival-lead,Festival Lead,0,0
0074,1995,28,13,19,9,0,dragapult-dusknoir,Dragapult Dusknoir,1,0
0074,1996,24,15,10,14,0,basic-box-m,Basic Box,0,0
0074,1997,26,10,16,10,0,dragapult-ex,Dragapult,0,0
0074,1998,30,13,19,11,0,dragapult-dusknoir,Dragapult Dusknoir,0,0
0074,1999,13,9,7,6,0,toxtricity-box,Toxtricity Box,0,0
0074,2000,8,3,0,8,0,rockets-honchkrow,Rocket's Honchkrow,0,0
0074,2001,25,11,16,9,0,dragapult-blaziken,Dragapult Blaziken,0,0
0074,2002,22,12,12,10,0,ogerpon-meganium-hydrapple,Ogerpon Meganium Hydrapple,1,0
0074,2003,22,13,14,8,0,ogerpon-meganium-hydrapple,Ogerpon Meganium Hydrapple,0,0
0074,2004,17,8,6,6,5,lopunny-dudunsparce,Lopunny Dudunsparce,1,0
0074,2005,17,11,4,13,0,n-zoroark,N's Zoroark,0,0
0074,2006,30,14,19,11,0,dragapult-dusknoir,Dragapult Dusknoir,0,0
0074,2007,25,10,16,9,0,dragapult-ex,Dragapult,1,1
0074,2008,26,11,17,9,0,dragapult-ex,Dragapult,1,0
0074,2009,15,6,9,6,0,mega-excadrill-ex,Mega Excadrill,0,0
0074,2010,33,15,19,14,0,festival-lead,Festival Lead,1,0
0074,2011,28,12,15,13,0,dragapult-ex,Dragapult,0,0
0074,2012,5,4,0,5,0,lucario-hariyama,Lucario Hariyama,1,0
0074,2013,33,14,19,14,0,festival-lead,Festival Lead,1,0
0074,2014,27,12,17,10,0,dragapult-ex,Dragapult,1,0
0074,2015,28,11,16,12,0,dragapult-ex,Dragapult,1,0
0074,2016,28,14,19,9,0,dragapult-dusknoir,Dragapult Dusknoir,1,0
0074,2017,32,16,17,15,0,festival-lead,Festival Lead,1,0
0074,2018,18,12,6,11,1,alakazam-dudunsparce,Alakazam Dudunsparce,0,0
0074,2019,18,8,4,13,1,mega-darkrai-ex,Mega Darkrai,0,0
0074,2020,11,5,5,6,0,mega-excadrill-ex,Mega Excadrill,0,0
0074,2021,27,11,16,11,0,dragapult-ex,Dragapult,0,0
0074,2022,9,6,2,7,0,dhelmise-pbl,Dhelmise,0,0
0074,2023,12,9,7,5,0,toxtricity-box,Toxtricity Box,0,0
0074,2024,28,12,18,10,0,dragapult-ex,Dragapult,0,0
0074,2025,13,7,3,6,4,hops-trevenant,Hop's Trevenant,0,0
0074,2026,6,3,0,6,0,rockets-honchkrow,Rocket's Honchkrow,0,0
0074,2027,14,5,8,6,0,mega-excadrill-ex,Mega Excadrill,0,0
0074,2028,26,11,17,9,0,dragapult-ex,Dragapult,1,0
0074,2029,6,4,2,4,0,dhelmise-pbl,Dhelmise,0,0
0074,2030,15,10,4,11,0,n-zoroark,N's Zoroark,0,0
0074,2031,31,13,19,12,0,dragapult-dusknoir,Dragapult Dusknoir,0,0
0074,2032,26,16,11,15,0,basic-box-m,Basic Box,0,0
0074,2033,11,6,4,6,1,mega-greninja-ex,Mega Greninja,0,0
0074,2034,16,7,9,7,0,mega-excadrill-ex,Mega Excadrill,0,0
0074,2035,33,14,19,14,0,festival-lead,Festival Lead,0,0
0074,2036,3,2,0,3,0,lucario-hariyama,Lucario Hariyama,1,0
0074,2037,28,13,17,11,0,dragapult-dudunsparce,Dragapult Dudunsparce,0,0
0074,2038,11,4,4,7,0,mega-venusaur-ex,Mega Venusaur,0,0
0074,2039,15,9,5,10,0,ceruledge-ex,Ceruledge,0,0
0074,2040,26,12,17,9,0,dragapult-blaziken,Dragapult Blaziken,0,0
0074,2041,25,12,17,8,0,dragapult-blaziken,Dragapult Blaziken,0,0
0074,2042,26,16,11,15,0,basic-box-m,Basic Box,0,0
0074,2043,32,14,19,13,0,festival-lead,Festival Lead,0,0
0074,2044,31,14,20,11,0,dragapult-dusknoir,Dragapult Dusknoir,1,0
0074,2045,11,6,0,7,4,crustle-dri,Crustle,0,0
0074,2046,26,11,16,10,0,dragapult-ex,Dragapult,0,0
0074,2047,25,10,12,11,2,slowking-scr,Slowking,0,0
0074,2048,7,3,0,7,0,manectric-eelektrik,Manectric Eelektrik,0,0
0074,2049,30,17,17,13,0,tera-box,Tera Box,1,0
0074,2050,17,9,9,7,1,mega-greninja-ex,Mega Greninja,0,0
0074,2051,26,17,11,15,0,basic-box-m,Basic Box,0,0
0074,2052,28,13,12,14,2,slowking-scr,Slowking,1,0
0074,2053,24,11,16,8,0,dragapult-blaziken,Dragapult Blaziken,1,0
0074,2054,25,9,12,13,0,raging-bolt-ogerpon,Raging Bolt Ogerpon,0,0
0074,2055,26,12,16,10,0,dragapult-blaziken,Dragapult Blaziken,1,0
0074,2056,27,11,17,10,0,dragapult-ex,Dragapult,0,0
0074,2057,20,11,12,8,0,ogerpon-meganium-hydrapple,Ogerpon Meganium Hydrapple,0,0
0074,2058,15,7,9,6,0,mega-excadrill-ex,Mega Excadrill,0,0
0074,2059,17,11,6,10,1,alakazam-dudunsparce,Alakazam Dudunsparce,0,0
0074,2060,4,3,0,4,0,lucario-hariyama,Lucario Hariyama,0,0
0074,2061,13,7,0,9,4,crustle-dri,Crustle,0,0
0074,2062,4,3,0,4,0,lucario-hariyama,Lucario Hariyama,1,0
0074,2063,5,3,0,5,0,rocket-mewtwo-ex,Rocket's Mewtwo,0,0
0074,2064,25,15,10,15,0,basic-box-m,Basic Box,1,0
0074,2065,25,11,16,9,0,dragapult-blaziken,Dragapult Blaziken,1,0
0074,2066,18,12,6,11,1,alakazam-dudunsparce,Alakazam Dudunsparce,0,0
0074,2067,25,16,11,14,0,basic-box-m,Basic Box,0,0
0074,2068,15,6,8,7,0,grimmsnarl-froslass,Grimmsnarl Froslass,0,0
0074,2069,25,12,14,11,0,festival-lead,Festival Lead,0,0
0074,2070,10,5,5,5,0,mega-lucario-ex,Mega Lucario,0,0
0074,2071,27,12,16,11,0,dragapult-ex,Dragapult,0,0
0074,2072,15,7,5,5,5,lopunny-dudunsparce,Lopunny Dudunsparce,0,0
0074,2073,22,12,12,10,0,ogerpon-meganium-hydrapple,Ogerpon Meganium Hydrapple,0,0
0074,2074,16,10,4,11,1,alakazam-dudunsparce,Alakazam Dudunsparce,1,0
0074,2075,32,13,19,13,0,dragapult-dusknoir,Dragapult Dusknoir,0,0
0074,2076,26,16,11,15,0,basic-box-m,Basic Box,0,0
0074,2077,28,12,18,10,0,dragapult-ex,Dragapult,0,0
0074,2078,13,6,8,5,0,grimmsnarl-froslass,Grimmsnarl Froslass,0,0
0074,2079,29,13,18,11,0,dragapult-dusknoir,Dragapult Dusknoir,0,0
0074,2080,13,6,7,6,0,mega-excadrill-ex,Mega Excadrill,0,0
0074,2081,15,8,5,10,0,mega-starmie-ex,Mega Starmie,0,0
0074,2082,26,13,13,12,1,slowking-scr,Slowking,1,0
0074,2083,20,10,18,1,1,lopunny-dusknoir,Lopunny Dusknoir,1,0
0074,2084,5,2,0,4,1,cynthia-garchomp-ex,Cynthia's Garchomp,0,0
0074,2085,19,13,5,14,0,n-zoroark,N's Zoroark,0,0
0074,2086,26,10,16,10,0,dragapult-ex,Dragapult,0,0
0074,2087,27,11,17,10,0,dragapult-ex,Dragapult,0,0
0074,2088,13,5,7,6,0,mega-excadrill-ex,Mega Excadrill,0,0
0074,2089,17,10,6,10,1,alakazam-dudunsparce,Alakazam Dudunsparce,0,0
0074,2090,26,10,16,10,0,dragapult-ex,Dragapult,0,0
0074,2091,30,13,17,13,0,dragapult-ex,Dragapult,1,0
0074,2092,17,11,6,10,1,alakazam-dudunsparce,Alakazam Dudunsparce,0,0
0074,2093,6,5,1,5,0,lucario-hariyama,Lucario Hariyama,1,0
0074,2094,15,7,10,5,0,grimmsnarl-froslass,Grimmsnarl Froslass,0,0
0074,2095,16,10,4,12,0,n-zoroark,N's Zoroark,1,0
0074,2096,26,16,11,15,0,basic-box-m,Basic Box,0,0
0074,2097,26,11,17,9,0,dragapult-ex,Dragapult,0,0
0074,2098,8,4,1,7,0,cynthia-garchomp-ex,Cynthia's Garchomp,1,0
0074,2099,11,6,0,7,4,crustle-dri,Crustle,0,0
0074,2100,8,5,0,8,0,cynthia-garchomp-ex,Cynthia's Garchomp,0,0
0074,2101,25,11,16,9,0,dragapult-blaziken,Dragapult Blaziken,0,0
0074,2102,29,14,17,12,0,dragapult-dusknoir,Dragapult Dusknoir,0,0
0074,2103,27,11,17,10,0,dragapult-ex,Dragapult,0,0
0074,2104,27,12,13,12,2,slowking-scr,Slowking,0,0
0074,2105,16,9,5,11,0,ethan-typhlosion,Ethan's Typhlosion,0,0
0074,2106,26,11,17,9,0,dragapult-ex,Dragapult,0,0
0074,2107,5,2,0,4,1,cynthia-garchomp-ex,Cynthia's Garchomp,1,0
0074,2108,17,7,8,9,0,mega-excadrill-ex,Mega Excadrill,0,0
0074,2109,18,11,7,9,2,clefairy-ogerpon,Clefairy Ogerpon,0,0
0074,2110,25,11,17,8,0,dragapult-ex,Dragapult,0,0
0074,2111,15,9,4,10,1,alakazam-dudunsparce,Alakazam Dudunsparce,1,0
0074,2112,25,14,10,15,0,basic-box-m,Basic Box,0,0
0074,2113,15,9,6,9,0,ogerpon-meganium-arboliva,Ogerpon Meganium Arboliva,0,0
0074,2114,13,5,5,4,4,lopunny-dudunsparce,Lopunny Dudunsparce,0,0
0074,2115,31,15,18,13,0,festival-lead,Festival Lead,0,0
0074,2116,21,12,11,10,0,greninja-ex,Greninja,0,0
0074,2117,26,10,16,10,0,dragapult-ex,Dragapult,0,0
0074,2118,32,14,19,13,0,dragapult-dusknoir,Dragapult Dusknoir,0,0
0074,2119,14,6,8,6,0,grimmsnarl-froslass,Grimmsnarl Froslass,0,0
0074,2120,29,14,19,9,1,dragapult-dusknoir,Dragapult Dusknoir,0,0
0074,2121,16,8,8,8,0,mega-excadrill-ex,Mega Excadrill,0,0
0074,2122,27,11,16,11,0,dragapult-ex,Dragapult,0,0
0074,2123,16,12,4,12,0,n-zoroark,N's Zoroark,1,0
0074,2124,14,6,9,5,0,mega-excadrill-ex,Mega Excadrill,0,0
0074,2125,7,4,0,7,0,rocket-spidops,Rocket's Spidops,0,0
0074,2126,29,14,19,10,0,dragapult-dusknoir,Dragapult Dusknoir,0,0
0074,2127,16,11,4,12,0,n-zoroark,N's Zoroark,0,0
0074,2128,26,10,16,10,0,dragapult-ex,Dragapult,0,0
0074,2129,19,11,5,14,0,n-zoroark,N's Zoroark,0,0
0074,2130,26,12,16,10,0,dragapult-blaziken,Dragapult Blaziken,0,0
0074,2131,22,11,15,6,1,starmie-dusknoir,Starmie Dusknoir,0,0
0074,2132,28,13,17,11,0,dragapult-ex,Dragapult,0,0
0074,2133,15,9,6,9,0,ogerpon-meganium-arboliva,Ogerpon Meganium Arboliva,0,0
0074,2134,26,10,16,10,0,dragapult-ex,Dragapult,1,0
0074,2135,13,6,4,4,5,lopunny-dudunsparce,Lopunny Dudunsparce,1,0
0074,2136,20,9,10,10,0,alakazam-dusknoir,Alakazam Dusknoir,0,0
0074,2137,17,11,4,13,0,n-zoroark,N's Zoroark,0,0
0074,2138,25,15,10,15,0,basic-box-m,Basic Box,0,0
0074,2139,27,16,17,10,0,dragapult-blaziken,Dragapult Blaziken,0,0
0074,2140,21,12,7,14,0,mew-ex-30c,Mew Box,0,0
0074,2141,29,14,17,11,1,slowking-scr,Slowking,0,0
0074,2142,22,12,12,10,0,ogerpon-meganium-hydrapple,Ogerpon Meganium Hydrapple,0,0
0074,2143,27,13,11,14,2,slowking-scr,Slowking,0,0
0074,2144,20,13,6,14,0,n-zoroark,N's Zoroark,0,0
0074,2145,26,11,17,8,1,dragapult-dudunsparce,Dragapult Dudunsparce,0,0
0074,2146,27,12,17,10,0,dragapult-ex,Dragapult,0,0
0074,2147,14,8,5,9,0,starmie-froslass,Starmie Froslass,0,0
0074,2148,7,4,0,7,0,rockets-honchkrow,Rocket's Honchkrow,0,0
0074,2149,16,7,9,7,0,mega-excadrill-ex,Mega Excadrill,0,0
0074,2150,26,14,12,12,2,slowking-scr,Slowking,0,0
0074,2151,0,0,0,0,0,mega-abomasnow-ex,Mega Abomasnow,0,0
0074,2152,31,13,19,12,0,dragapult-dusknoir,Dragapult Dusknoir,1,0
0074,2153,18,10,3,15,0,n-zoroark,N's Zoroark,0,0
0074,2154,32,15,18,14,0,festival-lead,Festival Lead,0,0
0074,2155,29,13,18,11,0,dragapult-ex,Dragapult,0,0
0074,2156,20,11,12,8,0,ogerpon-meganium-hydrapple,Ogerpon Meganium Hydrapple,0,0
0074,2157,30,13,19,11,0,dragapult-dusknoir,Dragapult Dusknoir,0,0
0074,2158,29,13,18,11,0,dragapult-ex,Dragapult,0,0
0074,2159,19,13,5,14,0,n-zoroark,N's Zoroark,0,0
0074,2160,20,11,11,9,0,alakazam-dusknoir,Alakazam Dusknoir,0,0
0074,2161,29,13,19,9,1,dragapult-dusknoir,Dragapult Dusknoir,0,0
0074,2162,16,11,5,11,0,n-zoroark,N's Zoroark,0,0
0074,2163,10,5,6,4,0,mega-excadrill-ex,Mega Excadrill,1,0
0074,2164,26,15,12,14,0,raging-bolt-ogerpon,Raging Bolt Ogerpon,0,0
0074,2165,28,12,18,10,0,dragapult-ex,Dragapult,0,0
0074,2166,11,5,5,6,0,mega-excadrill-ex,Mega Excadrill,0,0
0074,2167,20,12,4,16,0,n-zoroark,N's Zoroark,0,0
0074,2168,11,7,5,6,0,mega-lucario-ex,Mega Lucario,0,0
0074,2169,12,8,6,6,0,other,Other,1,0
0074,2170,20,12,11,9,0,ogerpon-meganium-hydrapple,Ogerpon Meganium Hydrapple,0,0
0074,2171,26,13,10,16,0,basic-box-m,Basic Box,0,0
0074,2172,11,5,6,5,0,mega-excadrill-ex,Mega Excadrill,0,0
0074,2173,16,10,5,10,1,alakazam-dudunsparce,Alakazam Dudunsparce,0,0
0074,2174,11,7,5,5,1,mega-greninja-ex,Mega Greninja,0,0
0074,2175,16,10,8,8,0,beedrill-ex-cri,Beedrill,1,0
0074,2176,9,5,1,8,0,mega-lucario-ex,Mega Lucario,0,0
0074,2177,13,8,5,7,1,dhelmise-pbl,Dhelmise,0,0
0074,2178,27,11,17,10,0,dragapult-ex,Dragapult,0,0
0074,2179,6,3,0,5,1,cynthia-garchomp-ex,Cynthia's Garchomp,0,0
0074,2180,25,11,16,9,0,dragapult-blaziken,Dragapult Blaziken,0,0
0074,2181,30,15,18,12,0,festival-lead,Festival Lead,1,0
0074,2182,14,5,9,5,0,mega-excadrill-ex,Mega Excadrill,0,0
0074,2183,17,11,4,13,0,n-zoroark,N's Zoroark,0,0
0074,2184,12,6,4,8,0,mega-excadrill-ex,Mega Excadrill,0,0
0074,2185,34,14,20,14,0,festival-lead,Festival Lead,0,0
0074,2186,14,7,5,4,5,lopunny-dudunsparce,Lopunny Dudunsparce,0,0
0074,2187,20,11,12,8,0,ogerpon-meganium-hydrapple,Ogerpon Meganium Hydrapple,0,0
0074,2188,12,5,1,11,0,dhelmise-pbl,Dhelmise,1,0
0074,2189,25,10,16,9,0,dragapult-ex,Dragapult,0,0
0074,2190,25,10,16,9,0,dragapult-ex,Dragapult,1,0
0074,2191,25,10,16,9,0,dragapult-ex,Dragapult,0,0
0074,2192,10,7,4,5,1,dhelmise-pbl,Dhelmise,0,0
0074,2193,20,13,12,7,1,lopunny-dusknoir,Lopunny Dusknoir,1,1
0074,2194,30,14,18,12,0,dragapult-dudunsparce,Dragapult Dudunsparce,0,0
0074,2195,28,13,17,11,0,dragapult-dusknoir,Dragapult Dusknoir,0,0
0074,2196,18,11,4,14,0,n-zoroark,N's Zoroark,0,0
0074,2197,25,16,11,14,0,basic-box-m,Basic Box,1,0
0074,2198,14,8,9,5,0,mega-excadrill-ex,Mega Excadrill,0,0
0074,2199,11,6,0,7,4,crustle-dri,Crustle,0,0
0074,2200,26,10,16,10,0,dragapult-ex,Dragapult,1,0
0074,2201,30,13,20,10,0,dragapult-dusknoir,Dragapult Dusknoir,0,0
0074,2202,26,10,16,10,0,dragapult-ex,Dragapult,0,0
0074,2203,19,12,6,13,0,n-zoroark,N's Zoroark,0,0
0074,2204,22,12,9,13,0,mew-ex-30c,Mew Box,0,0
0074,2205,13,5,7,6,0,mega-excadrill-ex,Mega Excadrill,0,0
0074,2206,28,14,15,13,0,festival-lead,Festival Lead,1,0
0074,2207,27,11,17,10,0,dragapult-ex,Dragapult,0,0
0074,2208,15,6,8,7,0,mega-excadrill-ex,Mega Excadrill,1,0
0074,2209,15,9,4,10,1,alakazam-dudunsparce,Alakazam Dudunsparce,0,0
0074,2210,3,3,0,3,0,lucario-hariyama,Lucario Hariyama,0,0
0074,2211,8,4,0,8,0,rockets-honchkrow,Rocket's Honchkrow,0,0
0074,2212,14,8,7,6,1,mega-chandelure-ex,Mega Chandelure,0,0
0074,2213,11,6,2,8,1,dhelmise-pbl,Dhelmise,0,0
0074,2214,28,15,17,11,0,dragapult-ex,Dragapult,0,0
0074,2215,8,4,0,8,0,rockets-honchkrow,Rocket's Honchkrow,0,0
0074,2216,10,5,2,7,1,dhelmise-pbl,Dhelmise,0,0
0074,2217,21,11,15,6,0,alakazam-dusknoir,Alakazam Dusknoir,1,0
0074,2218,18,10,7,7,4,lopunny-dudunsparce,Lopunny Dudunsparce,0,0
0074,2219,28,13,18,10,0,dragapult-dusknoir,Dragapult Dusknoir,0,0
0074,2220,16,7,9,7,0,mega-excadrill-ex,Mega Excadrill,0,0
0074,2221,26,10,16,10,0,dragapult-ex,Dragapult,0,0
0074,2222,10,6,3,6,1,dhelmise-pbl,Dhelmise,0,0
0074,2223,16,11,5,11,0,n-zoroark,N's Zoroark,1,0
0074,2224,17,11,5,12,0,n-zoroark,N's Zoroark,0,0
0074,2225,9,5,0,8,1,cynthia-garchomp-ex,Cynthia's Garchomp,0,0
0074,2226,19,9,13,6,0,alakazam-dusknoir,Alakazam Dusknoir,0,0
0074,2227,23,10,7,16,0,lillie-clefairy,Lillie's Clefairy,0,0
0074,2228,15,7,5,5,5,lopunny-dudunsparce,Lopunny Dudunsparce,0,0
0074,2229,22,12,12,10,0,ogerpon-meganium-hydrapple,Ogerpon Meganium Hydrapple,1,0
0074,2230,20,9,17,2,1,lopunny-dusknoir,Lopunny Dusknoir,0,0
0074,2231,15,11,6,8,1,alakazam-dudunsparce,Alakazam Dudunsparce,0,0
0074,2232,27,13,17,10,0,dragapult-blaziken,Dragapult Blaziken,0,0
0074,2233,6,3,0,6,0,rocket-mewtwo-ex,Rocket's Mewtwo,0,0
0074,2234,17,11,6,10,1,alakazam-dudunsparce,Alakazam Dudunsparce,0,0
0074,2235,26,10,16,10,0,dragapult-ex,Dragapult,0,0
0074,2236,26,16,11,15,0,basic-box-m,Basic Box,0,0
0074,2237,30,15,18,12,0,festival-lead,Festival Lead,1,0
0074,2238,30,13,19,11,0,dragapult-dusknoir,Dragapult Dusknoir,0,0
0074,2239,27,12,12,13,2,slowking-scr,Slowking,1,0
0074,2240,27,11,17,10,0,dragapult-ex,Dragapult,0,0
0074,2241,6,3,0,5,1,cynthia-garchomp-ex,Cynthia's Garchomp,0,0
0074,2242,26,10,16,10,0,dragapult-ex,Dragapult,0,0
0074,2243,19,9,4,11,4,kangaskhan-bouffalant,Kangaskhan Bouffalant,0,0
0074,2244,16,10,4,12,0,n-zoroark,N's Zoroark,0,0
0074,2245,5,4,0,5,0,lucario-hariyama,Lucario Hariyama,1,0
0074,2246,26,11,17,9,0,dragapult-ex,Dragapult,0,0
0074,2247,17,11,3,14,0,n-zoroark,N's Zoroark,0,0
0074,2248,8,3,0,8,0,rockets-honchkrow,Rocket's Honchkrow,0,0
0074,2249,5,4,2,3,0,dhelmise-pbl,Dhelmise,0,0
0074,2250,22,12,12,10,0,ogerpon-meganium-hydrapple,Ogerpon Meganium Hydrapple,1,0
0074,2251,17,11,4,13,0,n-zoroark,N's Zoroark,0,0
0074,2252,15,6,8,7,0,mega-excadrill-ex,Mega Excadrill,0,0
0074,2253,18,8,9,9,0,starmie-dusknoir,Starmie Dusknoir,0,0
0074,2254,30,13,19,11,0,dragapult-dusknoir,Dragapult Dusknoir,0,0
0074,2255,16,11,5,11,0,n-zoroark,N's Zoroark,0,0
0074,2256,33,14,19,14,0,festival-lead,Festival Lead,1,0
0074,2257,14,9,5,8,1,alakazam-dudunsparce,Alakazam Dudunsparce,0,0
0074,2258,13,8,5,8,0,doublade-por,Doublade,0,0
0074,2259,29,17,12,17,0,raging-bolt-ogerpon,Raging Bolt Ogerpon,0,0
0074,2260,28,12,17,11,0,dragapult-ex,Dragapult,0,0
0074,2261,26,16,12,14,0,raging-bolt-ogerpon,Raging Bolt Ogerpon,0,0
0074,2262,14,6,9,5,0,grimmsnarl-froslass,Grimmsnarl Froslass,0,0
0074,2263,26,16,10,16,0,basic-box-m,Basic Box,0,0
0074,2264,17,9,7,10,0,sharpedo-toxtricity,Sharpedo Toxtricity,0,0
0074,2265,16,10,6,9,1,alakazam-dudunsparce,Alakazam Dudunsparce,0,0
0074,2266,31,17,18,13,0,tera-box,Tera Box,1,0
0074,2267,26,17,11,15,0,basic-box-m,Basic Box,0,0
0074,2268,25,10,16,9,0,dragapult-dudunsparce,Dragapult Dudunsparce,1,0
0074,2269,16,7,6,5,5,lopunny-dudunsparce,Lopunny Dudunsparce,0,0
0074,2270,26,12,16,10,0,dragapult-blaziken,Dragapult Blaziken,0,0
0074,2271,30,13,18,12,0,dragapult-dusknoir,Dragapult Dusknoir,0,0
0074,2272,14,6,4,5,5,lopunny-dudunsparce,Lopunny Dudunsparce,0,0
0074,2273,26,11,17,9,0,dragapult-ex,Dragapult,0,0
0074,2274,11,8,5,6,0,mega-excadrill-ex,Mega Excadrill,0,0
0074,2275,11,6,0,7,4,crustle-dri,Crustle,0,0
0074,2276,28,15,14,13,1,slowking-scr,Slowking,0,0
0074,2277,16,11,4,12,0,n-zoroark,N's Zoroark,1,0
0074,2278,33,14,20,13,0,festival-lead,Festival Lead,1,1
0074,2279,15,10,4,11,0,n-zoroark,N's Zoroark,0,0
0074,2280,28,13,17,11,0,dragapult-ex,Dragapult,0,0
0074,2281,26,12,14,12,0,slowking-scr,Slowking,0,0
0074,2282,25,11,16,9,0,dragapult-ex,Dragapult,0,0
0074,2283,29,11,13,13,3,slowking-scr,Slowking,0,0
0074,2284,13,8,5,8,0,mega-excadrill-ex,Mega Excadrill,0,0
0074,2285,15,6,9,6,0,mega-excadrill-ex,Mega Excadrill,0,0
0074,2286,27,11,17,10,0,dragapult-ex,Dragapult,0,0
0074,2287,3,2,0,3,0,lucario-hariyama,Lucario Hariyama,0,0
0074,2288,12,8,4,8,0,dhelmise-pbl,Dhelmise,0,0
0074,2289,9,6,1,8,0,ethan-typhlosion,Ethan's Typhlosion,0,0
0074,2290,25,16,11,14,0,basic-box-m,Basic Box,1,0
0074,2291,10,6,3,7,0,dhelmise-pbl,Dhelmise,1,0
0074,2292,27,11,17,10,0,dragapult-ex,Dragapult,0,0
0074,2293,31,14,20,11,0,dragapult-dusknoir,Dragapult Dusknoir,0,0
0074,2294,16,10,6,9,1,alakazam-dudunsparce,Alakazam Dudunsparce,0,0
0074,2295,26,11,17,9,0,dragapult-ex,Dragapult,0,0
0074,2296,10,6,3,6,1,mega-lucario-ex,Mega Lucario,0,0
0074,2297,32,15,19,13,0,festival-lead,Festival Lead,0,0
0074,2298,22,12,12,10,0,ogerpon-meganium-hydrapple,Ogerpon Meganium Hydrapple,0,0
0074,2299,7,6,2,5,0,stevens-metagross,Steven's Metagross,0,0
0074,2300,30,15,18,12,0,festival-lead,Festival Lead,0,0
0074,2301,26,11,16,10,0,dragapult-ex,Dragapult,0,0
0074,2302,11,8,4,6,1,dhelmise-pbl,Dhelmise,0,0
0074,2303,27,13,17,10,0,dragapult-blaziken,Dragapult Blaziken,0,0
0074,2304,9,6,1,8,0,mega-dragonite-ex,Mega Dragonite,0,0
0074,2305,13,7,0,9,4,crustle-dri,Crustle,0,0
0074,2306,13,8,0,9,4,crustle-dri,Crustle,0,0
0074,2307,30,13,19,11,0,dragapult-dusknoir,Dragapult Dusknoir,0,0
0074,2308,20,10,12,7,1,starmie-dusknoir,Starmie Dusknoir,0,0
0074,2309,27,11,16,11,0,dragapult-ex,Dragapult,1,0
0074,2310,18,11,5,13,0,n-zoroark,N's Zoroark,0,0
0074,2311,24,15,10,14,0,basic-box-m,Basic Box,0,0
0074,2312,12,8,5,7,0,mega-lucario-ex,Mega Lucario,0,0
0074,2313,9,4,0,9,0,rockets-honchkrow,Rocket's Honchkrow,0,0
0074,2314,28,14,15,13,0,slowking-scr,Slowking,0,0
0074,2315,11,5,2,9,0,dhelmise-pbl,Dhelmise,0,0
0074,2316,14,5,4,10,0,other,Other,0,0
0074,2317,8,4,0,8,0,rockets-honchkrow,Rocket's Honchkrow,0,0
0074,2318,18,10,4,14,0,n-zoroark,N's Zoroark,0,0
0074,2319,16,7,6,5,5,lopunny-dudunsparce,Lopunny Dudunsparce,0,0
0074,2320,27,11,17,10,0,dragapult-ex,Dragapult,0,0
0074,2321,18,8,8,5,5,lopunny-dusknoir,Lopunny Dusknoir,1,0
0074,2322,11,6,0,7,4,crustle-dri,Crustle,0,0
0074,2323,5,4,0,5,0,rocket-mewtwo-ex,Rocket's Mewtwo,0,0
0074,2324,26,11,16,10,0,dragapult-ex,Dragapult,0,0
0074,2325,28,18,13,15,0,basic-box-m,Basic Box,0,0
0074,2326,10,6,2,8,0,dhelmise-pbl,Dhelmise,0,0
0074,2327,26,12,17,9,0,dragapult-blaziken,Dragapult Blaziken,0,0
0074,2328,25,11,16,9,0,dragapult-blaziken,Dragapult Blaziken,0,0
0074,2329,17,11,9,8,0,lopunny-dudunsparce,Lopunny Dudunsparce,0,0
0074,2330,16,10,4,12,0,n-zoroark,N's Zoroark,1,0
0074,2331,9,4,0,9,0,rockets-honchkrow,Rocket's Honchkrow,0,0
0074,2332,8,3,0,8,0,rockets-honchkrow,Rocket's Honchkrow,1,0
0074,2333,12,8,6,5,1,mega-chandelure-ex,Mega Chandelure,0,0
0074,2334,24,8,13,11,0,dragapult-ex,Dragapult,0,0
0074,2335,3,2,0,3,0,lucario-hariyama,Lucario Hariyama,0,0
0074,2336,26,12,16,10,0,dragapult-blaziken,Dragapult Blaziken,0,0
0074,2337,4,3,0,4,0,lucario-hariyama,Lucario Hariyama,0,0
0074,2338,11,5,5,6,0,mega-excadrill-ex,Mega Excadrill,0,0
0074,2339,29,13,20,9,0,dragapult-dusknoir,Dragapult Dusknoir,0,0
0074,2340,26,11,17,9,0,dragapult-blaziken,Dragapult Blaziken,0,0
0074,2341,14,5,8,6,0,mega-excadrill-ex,Mega Excadrill,0,0
0074,2342,27,11,17,10,0,dragapult-ex,Dragapult,0,0
0074,2343,27,12,13,12,2,slowking-scr,Slowking,0,0
0074,2344,26,11,17,9,0,dragapult-ex,Dragapult,0,0
0074,2345,22,12,12,10,0,ogerpon-meganium-hydrapple,Ogerpon Meganium Hydrapple,0,0
0074,2346,12,7,6,6,0,metagross-cri,Metagross,0,0
0074,2347,7,6,2,5,0,stevens-metagross,Steven's Metagross,1,0
0074,2348,15,10,5,9,1,alakazam-dudunsparce,Alakazam Dudunsparce,0,0
0074,2349,12,8,4,7,1,alakazam-dudunsparce,Alakazam Dudunsparce,0,0
0074,2350,8,6,3,4,1,dhelmise-pbl,Dhelmise,0,0
0074,2351,30,14,19,11,0,dragapult-dusknoir,Dragapult Dusknoir,0,0
0074,2352,17,9,7,9,1,alakazam-dudunsparce,Alakazam Dudunsparce,0,0
0074,2353,30,14,18,12,0,dragapult-dusknoir,Dragapult Dusknoir,0,0
0074,2354,13,8,4,8,1,alakazam-dudunsparce,Alakazam Dudunsparce,0,0
0074,2355,14,10,4,10,0,ethan-typhlosion,Ethan's Typhlosion,0,0
0074,2356,19,10,3,16,0,other,Other,0,0
0074,2357,17,11,5,11,1,alakazam-dudunsparce,Alakazam Dudunsparce,0,0
0074,2358,18,11,4,14,0,n-zoroark,N's Zoroark,1,0
0074,2359,21,10,18,2,1,lopunny-dusknoir,Lopunny Dusknoir,0,0
0074,2360,27,13,14,12,1,slowking-scr,Slowking,0,0
0074,2361,26,11,13,11,2,slowking-scr,Slowking,0,0
0074,2362,22,11,17,4,1,lopunny-dusknoir,Lopunny Dusknoir,0,0
0074,2363,18,11,5,13,0,n-zoroark,N's Zoroark,1,0
0074,2364,28,13,19,9,0,dragapult-dusknoir,Dragapult Dusknoir,1,0
0074,2365,28,12,13,13,2,slowking-scr,Slowking,0,0
0074,2366,26,10,16,10,0,dragapult-ex,Dragapult,0,0
0074,2367,22,7,8,14,0,raging-bolt-ogerpon,Raging Bolt Ogerpon,0,0
0074,2368,25,12,16,9,0,dragapult-blaziken,Dragapult Blaziken,1,0
0074,2369,21,12,11,10,0,ogerpon-meganium-hydrapple,Ogerpon Meganium Hydrapple,0,0
0074,2370,15,7,5,5,5,lopunny-dudunsparce,Lopunny Dudunsparce,0,0
0074,2371,15,9,6,9,0,sharpedo-toxtricity,Sharpedo Toxtricity,1,0
0074,2372,14,10,2,8,4,crustle-dri,Crustle,0,0
0074,2373,22,13,12,10,0,greninja-ex,Greninja,0,0
0074,2374,15,7,5,5,5,lopunny-dudunsparce,Lopunny Dudunsparce,0,0
0074,2375,25,16,11,14,0,basic-box-m,Basic Box,0,0
0074,2376,16,10,4,12,0,n-zoroark,N's Zoroark,0,0
0074,2377,11,6,0,7,4,crustle-dri,Crustle,0,0
0074,2378,17,8,8,9,0,sharpedo-toxtricity,Sharpedo Toxtricity,1,0
0074,2379,27,11,17,10,0,dragapult-ex,Dragapult,0,0
0074,2380,30,15,18,12,0,festival-lead,Festival Lead,1,0
0074,2381,26,11,17,9,0,dragapult-ex,Dragapult,1,0
0074,2382,31,13,22,8,1,dragapult-dusknoir,Dragapult Dusknoir,0,0
0074,2383,25,15,10,15,0,basic-box-m,Basic Box,0,0
0074,2384,17,10,7,10,0,ogerpon-meganium-arboliva,Ogerpon Meganium Arboliva,1,0
0074,2385,8,4,1,7,0,other,Other,0,0
0074,2386,13,6,6,7,0,mega-excadrill-ex,Mega Excadrill,1,0
0074,2387,17,9,3,14,0,n-zoroark,N's Zoroark,1,0
0074,2388,25,12,13,12,0,slowking-scr,Slowking,0,0
0074,2389,28,12,18,10,0,dragapult-ex,Dragapult,1,0
0074,2390,16,7,5,6,5,lopunny-dudunsparce,Lopunny Dudunsparce,0,0
0074,2391,12,7,1,7,4,crustle-dri,Crustle,0,0
0074,2392,23,13,14,9,0,ogerpon-meganium-hydrapple,Ogerpon Meganium Hydrapple,0,0
0074,2393,14,7,5,4,5,lopunny-dudunsparce,Lopunny Dudunsparce,0,0
0074,2394,3,2,0,3,0,lucario-hariyama,Lucario Hariyama,1,0
0074,2395,5,4,1,4,0,lucario-hariyama,Lucario Hariyama,1,0
0074,2396,28,13,17,11,0,dragapult-ex,Dragapult,0,0
0074,2397,26,11,15,11,0,dragapult-blaziken,Dragapult Blaziken,0,0
0074,2398,19,11,11,7,1,greninja-ex,Greninja,0,0
0074,2399,27,11,17,10,0,dragapult-ex,Dragapult,0,0
0074,2400,8,5,3,5,0,dhelmise-pbl,Dhelmise,0,0
0074,2401,18,12,4,14,0,n-zoroark,N's Zoroark,0,0
0074,2402,28,12,12,14,2,slowking-scr,Slowking,0,0
0074,2403,14,8,4,10,0,n-zoroark,N's Zoroark,0,0
0074,2404,28,13,18,10,0,dragapult-blaziken,Dragapult Blaziken,0,0
0074,2405,25,16,10,15,0,basic-box-m,Basic Box,0,0
0074,2406,27,11,17,10,0,dragapult-ex,Dragapult,0,0
0074,2407,10,4,5,4,1,mega-excadrill-ex,Mega Excadrill,0,0
0074,2408,2,2,0,2,0,lucario-hariyama,Lucario Hariyama,0,0
0074,2409,11,5,0,7,4,hops-trevenant,Hop's Trevenant,1,0
0074,2410,27,13,13,12,2,slowking-scr,Slowking,0,0
0074,2411,10,6,3,6,1,dhelmise-pbl,Dhelmise,0,0
0074,2412,4,3,0,4,0,rocket-mewtwo-ex,Rocket's Mewtwo,0,0
0074,2413,17,11,5,12,0,n-zoroark,N's Zoroark,0,0
0074,2414,18,12,4,14,0,n-zoroark,N's Zoroark,0,0
0074,2415,11,5,5,6,0,mega-lucario-ex,Mega Lucario,0,0
0074,2416,17,11,5,12,0,n-zoroark,N's Zoroark,0,0
0074,2417,27,12,17,10,0,dragapult-ex,Dragapult,0,0
0074,2418,22,12,12,10,0,ogerpon-meganium-hydrapple,Ogerpon Meganium Hydrapple,0,0
0074,2419,17,10,8,8,1,alakazam-dudunsparce,Alakazam Dudunsparce,0,0
0074,2420,9,5,4,5,0,mega-excadrill-ex,Mega Excadrill,0,0
0074,2421,25,15,11,14,0,basic-box-m,Basic Box,0,0
0074,2422,17,12,1,12,4,crustle-dri,Crustle,0,0
0074,2423,26,11,17,9,0,dragapult-ex,Dragapult,0,0
0074,2424,13,4,8,5,0,mega-excadrill-ex,Mega Excadrill,1,0
0074,2425,28,13,17,11,0,dragapult-blaziken,Dragapult Blaziken,0,0
0074,2426,25,16,11,14,0,basic-box-m,Basic Box,0,0
0074,2427,29,13,19,10,0,dragapult-dusknoir,Dragapult Dusknoir,1,0
0074,2428,26,12,13,11,2,slowking-scr,Slowking,0,0
0074,2429,10,4,5,5,0,mega-excadrill-ex,Mega Excadrill,0,0
0074,2430,19,12,9,10,0,greninja-ex,Greninja,0,0
0074,2431,15,7,5,5,5,lopunny-dudunsparce,Lopunny Dudunsparce,0,0
0074,2432,6,4,1,4,1,dhelmise-pbl,Dhelmise,0,0
0074,2433,11,5,1,9,1,dhelmise-pbl,Dhelmise,0,0
0074,2434,21,12,13,8,0,ogerpon-meganium-hydrapple,Ogerpon Meganium Hydrapple,0,0
0074,2435,8,4,1,7,0,cynthia-garchomp-ex,Cynthia's Garchomp,0,0
0074,2436,26,17,11,15,0,basic-box-m,Basic Box,0,0
0074,2437,15,9,0,11,4,crustle-dri,Crustle,1,0
0074,2438,27,11,17,10,0,dragapult-ex,Dragapult,0,0
0074,2439,23,13,13,9,1,basic-box-m,Basic Box,0,0
0074,2440,27,13,17,10,0,dragapult-blaziken,Dragapult Blaziken,0,0
0074,2441,17,8,9,8,0,starmie-dusknoir,Starmie Dusknoir,0,0
0074,2442,21,12,12,9,0,ogerpon-meganium-hydrapple,Ogerpon Meganium Hydrapple,0,0
0074,2443,25,12,16,9,0,dragapult-blaziken,Dragapult Blaziken,1,0
0074,2444,16,11,4,12,0,n-zoroark,N's Zoroark,0,0
0074,2445,24,15,9,15,0,basic-box-m,Basic Box,0,0
0074,2446,26,11,17,9,0,dragapult-ex,Dragapult,1,0
0074,2447,24,10,14,10,0,dragapult-ex,Dragapult,0,0
0074,2448,25,11,16,9,0,dragapult-ex,Dragapult,1,0
0074,2449,9,4,0,9,0,rockets-honchkrow,Rocket's Honchkrow,0,0
0074,2450,26,16,11,15,0,basic-box-m,Basic Box,0,0
0074,2451,31,15,19,12,0,festival-lead,Festival Lead,1,1
0074,2452,21,11,12,9,0,ogerpon-meganium-hydrapple,Ogerpon Meganium Hydrapple,0,0
0074,2453,30,13,19,11,0,dragapult-dusknoir,Dragapult Dusknoir,1,0
0074,2454,28,14,19,9,0,dragapult-dusknoir,Dragapult Dusknoir,0,0
0074,2455,14,6,7,7,0,mega-excadrill-ex,Mega Excadrill,0,0
0074,2456,24,16,11,13,0,basic-box-m,Basic Box,0,0
0074,2457,4,2,0,4,0,lucario-hariyama,Lucario Hariyama,1,0
0074,2458,18,12,7,10,1,alakazam-dudunsparce,Alakazam Dudunsparce,0,0
0074,2459,16,10,5,10,1,alakazam-dudunsparce,Alakazam Dudunsparce,1,0
0074,2460,24,13,8,16,0,mew-ex-30c,Mew Box,0,0
0074,2461,14,9,5,8,1,alakazam-dudunsparce,Alakazam Dudunsparce,0,0
0074,2462,10,9,5,4,1,dhelmise-pbl,Dhelmise,0,0
0074,2463,11,8,9,2,0,hop-zacian,Hop's Zacian,0,0
0074,2464,11,6,0,7,4,crustle-dri,Crustle,0,0
0074,2465,14,6,9,5,0,mega-excadrill-ex,Mega Excadrill,0,0
0074,2466,30,14,20,10,0,dragapult-dusknoir,Dragapult Dusknoir,0,0
0074,2467,15,9,7,8,0,ogerpon-meganium,Ogerpon Meganium,0,0
0074,2468,17,12,6,10,1,alakazam-dudunsparce,Alakazam Dudunsparce,0,0
0074,2469,17,8,8,9,0,sharpedo-toxtricity,Sharpedo Toxtricity,0,0
0074,2470,17,10,7,9,1,alakazam-dudunsparce,Alakazam Dudunsparce,0,0
0074,2471,14,8,0,10,4,crustle-dri,Crustle,0,0
0074,2472,27,13,17,10,0,dragapult-blaziken,Dragapult Blaziken,1,0
0074,2473,27,11,17,10,0,dragapult-ex,Dragapult,0,0
0074,2474,7,3,0,7,0,rockets-honchkrow,Rocket's Honchkrow,0,0
0074,2475,22,12,12,10,0,ogerpon-meganium-hydrapple,Ogerpon Meganium Hydrapple,0,0
0074,2476,27,11,17,10,0,dragapult-ex,Dragapult,0,0
0074,2477,15,8,2,13,0,n-zoroark,N's Zoroark,0,0
0074,2478,30,14,14,13,3,slowking-scr,Slowking,1,0
0074,2479,17,10,4,13,0,n-zoroark,N's Zoroark,1,0
0074,2480,5,4,0,5,0,lucario-hariyama,Lucario Hariyama,0,0
0074,2481,17,8,6,7,4,lopunny-dudunsparce,Lopunny Dudunsparce,0,0
0074,2482,8,4,5,3,0,mega-excadrill-ex,Mega Excadrill,0,0
0074,2483,27,13,13,12,2,slowking-scr,Slowking,0,0
0074,2484,5,4,0,5,0,lucario-hariyama,Lucario Hariyama,0,0
0074,2485,24,10,12,10,2,slowking-scr,Slowking,0,0
0074,2486,21,9,6,11,4,lopunny-dudunsparce,Lopunny Dudunsparce,0,0
0074,2487,10,7,4,5,1,mega-greninja-ex,Mega Greninja,0,0
0074,2488,7,3,0,6,1,cynthia-garchomp-ex,Cynthia's Garchomp,0,0
0074,2489,16,7,9,7,0,mega-excadrill-ex,Mega Excadrill,0,0
0074,2490,26,12,13,11,2,slowking-scr,Slowking,0,0
0074,2491,28,12,18,10,0,dragapult-ex,Dragapult,0,0
0074,2492,27,11,17,10,0,dragapult-ex,Dragapult,0,0
0074,2493,28,11,12,13,3,slowking-scr,Slowking,0,0
0074,2494,17,10,4,13,0,n-zoroark,N's Zoroark,0,0
0074,2495,11,5,4,7,0,mega-excadrill-ex,Mega Excadrill,0,0
0074,2496,28,12,18,10,0,dragapult-ex,Dragapult,1,0
0074,2497,28,12,13,13,2,slowking-scr,Slowking,0,0
0074,2498,21,11,12,9,0,ogerpon-meganium-hydrapple,Ogerpon Meganium Hydrapple,0,0
0074,2499,17,8,12,5,0,ogerpon-meganium-hydrapple,Ogerpon Meganium Hydrapple,0,0
0074,2500,30,12,15,11,4,seaking-pre,Seaking Festival Lead,0,0
0074,2501,9,4,0,9,0,rockets-honchkrow,Rocket's Honchkrow,0,0
0074,2502,16,8,5,11,0,beedrill-ex-cri,Beedrill,0,0
0074,2503,26,10,16,10,0,dragapult-ex,Dragapult,1,0
0074,2504,14,8,0,10,4,crustle-dri,Crustle,0,0
0074,2505,6,4,0,6,0,lucario-hariyama,Lucario Hariyama,0,0
0074,2506,27,11,17,10,0,dragapult-ex,Dragapult,0,0
0074,2507,26,16,11,15,0,basic-box-m,Basic Box,1,0
0074,2508,19,8,17,1,1,lopunny-dusknoir,Lopunny Dusknoir,0,0
0074,2509,18,12,7,10,1,alakazam-dudunsparce,Alakazam Dudunsparce,0,0
0074,2510,26,12,14,12,0,slowking-scr,Slowking,1,0
0074,2511,10,6,2,8,0,dhelmise-pbl,Dhelmise,0,0
0074,2512,25,11,16,9,0,dragapult-blaziken,Dragapult Blaziken,1,0
0074,2513,28,11,16,12,0,dragapult-ex,Dragapult,1,0
0074,2514,17,10,4,13,0,n-zoroark,N's Zoroark,0,0
0074,2515,22,8,11,10,1,dragapult-ex,Dragapult,0,0
0074,2516,12,6,2,9,1,alakazam-dudunsparce,Alakazam Dudunsparce,0,0
0074,2517,32,14,17,11,4,seaking-pre,Seaking Festival Lead,0,0
0074,2518,25,16,12,13,0,basic-box-m,Basic Box,0,0
0074,2519,29,18,13,16,0,raging-bolt-ogerpon,Raging Bolt Ogerpon,0,0
0074,2520,27,12,13,12,2,slowking-scr,Slowking,0,0
0074,2521,22,13,12,10,0,ogerpon-meganium-hydrapple,Ogerpon Meganium Hydrapple,0,0
0074,2522,14,5,8,6,0,mega-excadrill-ex,Mega Excadrill,0,0
0074,2523,26,13,12,12,2,slowking-scr,Slowking,0,0
0074,2524,27,11,17,10,0,dragapult-ex,Dragapult,0,0
0074,2525,27,11,17,10,0,dragapult-ex,Dragapult,0,0
0074,2526,18,10,7,10,1,alakazam-dudunsparce,Alakazam Dudunsparce,0,0
0074,2527,18,9,12,6,0,alakazam-dusknoir,Alakazam Dusknoir,0,0
0074,2528,35,17,20,15,0,festival-lead,Festival Lead,0,0
0074,2529,25,10,16,9,0,dragapult-ex,Dragapult,0,0
0074,2530,26,12,14,12,0,slowking-scr,Slowking,0,0
0074,2531,13,8,0,9,4,crustle-dri,Crustle,0,0
0074,2532,13,7,0,9,4,crustle-dri,Crustle,0,0
0074,2533,4,2,0,4,0,dhelmise-pbl,Dhelmise,0,0
0074,2534,9,4,0,9,0,rockets-honchkrow,Rocket's Honchkrow,0,0
0074,2535,30,15,20,10,0,dragapult-dusknoir,Dragapult Dusknoir,0,0
0074,2536,26,17,11,15,0,basic-box-m,Basic Box,1,0
0074,2537,26,10,16,10,0,dragapult-ex,Dragapult,0,0
0074,2538,22,11,19,2,1,other,Other,0,0
0074,2539,11,6,0,7,4,crustle-dri,Crustle,1,0
0074,2540,7,4,0,7,0,rocket-mewtwo-ex,Rocket's Mewtwo,0,0
0074,2541,27,12,16,11,0,dragapult-ex,Dragapult,0,0
0074,2542,22,12,12,10,0,ogerpon-meganium-hydrapple,Ogerpon Meganium Hydrapple,1,0
0074,2543,30,14,16,14,0,festival-lead,Festival Lead,1,0
0074,2544,8,3,0,8,0,rockets-honchkrow,Rocket's Honchkrow,0,0
0074,2545,29,15,20,9,0,dragapult-dusknoir,Dragapult Dusknoir,0,0
0074,2546,10,7,5,5,0,other,Other,0,0
0074,2547,27,11,17,10,0,dragapult-ex,Dragapult,0,0
0074,2548,27,11,17,10,0,dragapult-ex,Dragapult,0,0
0074,2549,13,7,6,7,0,mega-excadrill-ex,Mega Excadrill,0,0
0074,2550,23,12,8,15,0,mew-ex-30c,Mew Box,1,0
0074,2551,16,8,6,5,5,lopunny-dudunsparce,Lopunny Dudunsparce,0,0
0074,2552,31,14,16,11,4,seaking-pre,Seaking Festival Lead,0,0
0074,2553,15,7,5,5,5,lopunny-dudunsparce,Lopunny Dudunsparce,0,0
0074,2554,11,7,0,7,4,crustle-dri,Crustle,0,0
0074,2555,16,8,6,5,5,lopunny-dudunsparce,Lopunny Dudunsparce,0,0
0074,2556,27,11,17,10,0,dragapult-ex,Dragapult,0,0
0074,2557,9,5,2,6,1,dhelmise-pbl,Dhelmise,0,0
0074,2558,31,14,20,11,0,festival-lead,Festival Lead,0,0
0074,2559,31,14,17,12,2,azumarill-ssp,Azumarill,0,0
0074,2560,21,14,13,8,0,basic-box-m,Basic Box,0,0
0074,2561,26,11,17,9,0,dragapult-ex,Dragapult,0,0
0074,2562,8,3,0,8,0,rockets-honchkrow,Rocket's Honchkrow,0,0
0074,2563,27,11,17,10,0,dragapult-ex,Dragapult,0,0
0074,2564,28,13,18,10,0,dragapult-ex,Dragapult,0,0
0074,2565,25,10,15,9,1,dragapult-ex,Dragapult,0,0
0074,2566,16,11,5,11,0,n-zoroark,N's Zoroark,1,0
0074,2567,31,14,20,11,0,dragapult-dusknoir,Dragapult Dusknoir,0,0
0074,2568,17,7,8,9,0,mega-excadrill-ex,Mega Excadrill,0,0
0074,2569,29,11,22,6,1,dragapult-dusknoir,Dragapult Dusknoir,0,0
0074,2570,27,12,17,10,0,dragapult-ex,Dragapult,0,0
0074,2571,28,12,14,12,2,slowking-scr,Slowking,0,0
0074,2572,13,7,4,9,0,dhelmise-pbl,Dhelmise,0,0
0074,2573,26,16,11,15,0,basic-box-m,Basic Box,0,0
0074,2574,22,13,14,8,0,ogerpon-meganium-hydrapple,Ogerpon Meganium Hydrapple,0,0
0074,2575,16,9,8,7,1,mega-greninja-ex,Mega Greninja,0,0
0074,2576,23,12,14,9,0,ogerpon-meganium-hydrapple,Ogerpon Meganium Hydrapple,0,0
0074,2577,6,5,2,4,0,dhelmise-pbl,Dhelmise,0,0
0074,2578,17,11,4,13,0,n-zoroark,N's Zoroark,0,0
0074,2579,15,9,6,9,0,ogerpon-meganium-arboliva,Ogerpon Meganium Arboliva,0,0
0074,2580,26,11,15,11,0,dragapult-ex,Dragapult,0,0
0074,2581,26,11,16,10,0,dragapult-ex,Dragapult,1,0
0074,2582,17,8,6,6,5,lopunny-dudunsparce,Lopunny Dudunsparce,0,0
0074,2583,18,12,8,9,1,alakazam-dudunsparce,Alakazam Dudunsparce,0,0
0074,2584,30,15,12,15,3,slowking-scr,Slowking,0,0
0074,2585,31,13,19,12,0,dragapult-dusknoir,Dragapult Dusknoir,0,0
0074,2586,25,13,11,12,2,slowking-scr,Slowking,0,0
0074,2587,30,14,18,12,0,festival-lead,Festival Lead,1,0
0074,2588,31,10,18,13,0,seaking-pre,Seaking Festival Lead,1,0
0074,2589,8,4,0,8,0,rockets-honchkrow,Rocket's Honchkrow,0,0
0074,2590,12,8,4,7,1,alakazam-dudunsparce,Alakazam Dudunsparce,1,0
0074,2591,12,7,5,7,0,ogerpon-meganium-arboliva,Ogerpon Meganium Arboliva,0,0
0074,2592,28,13,17,11,0,dragapult-ex,Dragapult,0,0
0074,2593,26,12,16,10,0,dragapult-blaziken,Dragapult Blaziken,0,0
0074,2594,26,17,12,14,0,basic-box-m,Basic Box,0,0
0074,2595,15,6,9,6,0,mega-excadrill-ex,Mega Excadrill,0,0
0074,2596,27,14,16,11,0,flareon-noctowl,Flareon Noctowl,0,0
0074,2597,27,11,17,10,0,dragapult-ex,Dragapult,0,0
0074,2598,26,10,16,10,0,dragapult-ex,Dragapult,0,0
0074,2599,17,11,6,10,1,alakazam-dudunsparce,Alakazam Dudunsparce,0,0
0074,2600,26,10,16,10,0,dragapult-ex,Dragapult,1,0
0074,2601,26,12,17,9,0,dragapult-blaziken,Dragapult Blaziken,0,0
0074,2602,12,5,6,6,0,mega-lucario-ex,Mega Lucario,0,0
0074,2603,28,13,14,13,1,slowking-scr,Slowking,1,0
0074,2604,16,10,5,10,1,sharpedo-toxtricity,Sharpedo Toxtricity,0,0
0074,2605,18,12,5,13,0,n-zoroark,N's Zoroark,0,0
0074,2606,5,4,0,5,0,rocket-mewtwo-ex,Rocket's Mewtwo,0,0
0074,2607,14,9,4,9,1,alakazam-dudunsparce,Alakazam Dudunsparce,0,0
0074,2608,26,10,16,10,0,dragapult-ex,Dragapult,0,0
0074,2609,23,10,11,12,0,raging-bolt-ogerpon,Raging Bolt Ogerpon,1,0
0074,2610,11,7,4,6,1,mega-greninja-ex,Mega Greninja,0,0
0074,2611,21,10,18,2,1,lopunny-dusknoir,Lopunny Dusknoir,0,0
0074,2612,5,4,0,5,0,lucario-hariyama,Lucario Hariyama,0,0
0074,2613,30,12,15,11,4,seaking-pre,Seaking Festival Lead,0,0
0074,2614,18,12,6,11,1,alakazam-dudunsparce,Alakazam Dudunsparce,0,0
0074,2615,22,12,12,10,0,ogerpon-meganium-hydrapple,Ogerpon Meganium Hydrapple,0,0
0074,2616,22,13,12,10,0,ogerpon-meganium-hydrapple,Ogerpon Meganium Hydrapple,1,0
0074,2617,16,10,3,13,0,n-zoroark,N's Zoroark,0,0
0074,2618,27,11,17,10,0,dragapult-ex,Dragapult,1,0
0074,2619,9,5,0,8,1,cynthia-garchomp-ex,Cynthia's Garchomp,0,0
0074,2620,30,14,20,10,0,dragapult-dusknoir,Dragapult Dusknoir,0,0
0074,2621,22,13,17,4,1,lopunny-dusknoir,Lopunny Dusknoir,0,0
0074,2622,16,11,3,13,0,n-zoroark,N's Zoroark,0,0
0074,2623,17,10,4,13,0,n-zoroark,N's Zoroark,1,0
0074,2624,18,9,12,6,0,alakazam-dusknoir,Alakazam Dusknoir,0,0
0074,2625,16,7,5,6,5,lopunny-dudunsparce,Lopunny Dudunsparce,0,0
0074,2626,28,14,17,10,1,festival-lead,Festival Lead,1,0
0074,2627,24,11,15,9,0,dragapult-blaziken,Dragapult Blaziken,0,0
0074,2628,18,10,7,10,1,alakazam-dudunsparce,Alakazam Dudunsparce,0,0
0074,2629,32,19,20,12,0,tera-box,Tera Box,0,0
0074,2630,28,12,18,10,0,dragapult-ex,Dragapult,1,0
0074,2631,8,4,0,8,0,rockets-honchkrow,Rocket's Honchkrow,0,0
0074,2632,27,16,12,15,0,basic-box-m,Basic Box,0,0
0074,2633,21,11,12,9,0,ogerpon-meganium-hydrapple,Ogerpon Meganium Hydrapple,1,0
0074,2634,26,10,16,10,0,dragapult-ex,Dragapult,0,0
0074,2635,3,2,0,3,0,lucario-hariyama,Lucario Hariyama,0,0
0074,2636,25,16,11,14,0,basic-box-m,Basic Box,0,0
0074,2637,17,10,6,11,0,mew-ex-30c,Mew Box,0,0
0074,2638,9,5,2,6,1,dhelmise-pbl,Dhelmise,0,0
0074,2639,21,10,18,2,1,lopunny-dusknoir,Lopunny Dusknoir,0,0
0074,2640,12,8,6,6,0,mega-excadrill-ex,Mega Excadrill,0,0
0074,2641,26,15,11,15,0,basic-box-m,Basic Box,0,0
0074,2642,26,11,16,10,0,dragapult-ex,Dragapult,0,0
0074,2643,12,9,7,5,0,toxtricity-box,Toxtricity Box,0,0
0074,2644,30,14,19,11,0,dragapult-dusknoir,Dragapult Dusknoir,0,0
0074,2645,5,4,0,5,0,rocket-mewtwo-ex,Rocket's Mewtwo,0,0
0074,2646,13,6,7,6,0,grimmsnarl-froslass,Grimmsnarl Froslass,0,0
0074,2647,21,11,17,3,1,lopunny-dusknoir,Lopunny Dusknoir,0,0
0074,2648,7,4,0,7,0,rocket-mewtwo-ex,Rocket's Mewtwo,0,0
0074,2649,13,5,8,5,0,mega-excadrill-ex,Mega Excadrill,0,0
0074,2650,26,12,17,9,0,dragapult-ex,Dragapult,0,0
0074,2651,19,9,13,6,0,alakazam-dusknoir,Alakazam Dusknoir,0,0
0074,2652,16,7,5,6,5,lopunny-dudunsparce,Lopunny Dudunsparce,0,0
0074,2653,27,11,17,10,0,dragapult-ex,Dragapult,0,0
0074,2654,32,13,19,13,0,dragapult-dusknoir,Dragapult Dusknoir,1,0
0074,2655,26,13,14,11,1,slowking-scr,Slowking,1,0
0074,2656,26,11,16,10,0,dragapult-ex,Dragapult,1,0
0074,2657,21,10,10,11,0,decidueye-ex,Decidueye,0,0
0074,2658,26,17,11,15,0,basic-box-m,Basic Box,0,0
0074,2659,26,12,17,9,0,dragapult-blaziken,Dragapult Blaziken,1,0
0074,2660,27,11,17,10,0,dragapult-ex,Dragapult,0,0
0074,2661,17,11,5,11,1,alakazam-dudunsparce,Alakazam Dudunsparce,0,0
0074,2662,15,8,6,9,0,sharpedo-toxtricity,Sharpedo Toxtricity,0,0
0074,2663,26,17,11,15,0,basic-box-m,Basic Box,0,0
0074,2664,26,10,16,10,0,dragapult-ex,Dragapult,0,0
0074,2665,27,11,18,9,0,festival-lead,Festival Lead,0,0
0074,2666,26,11,17,9,0,dragapult-ex,Dragapult,1,0
0074,2667,26,12,16,10,0,dragapult-blaziken,Dragapult Blaziken,0,0
0074,2668,25,16,10,15,0,basic-box-m,Basic Box,1,0
0074,2669,26,10,16,10,0,dragapult-ex,Dragapult,0,0
0074,2670,5,3,0,5,0,rocket-mewtwo-ex,Rocket's Mewtwo,0,0
0074,2671,28,14,14,13,1,slowking-scr,Slowking,0,0
0074,2672,28,14,17,11,0,dragapult-blaziken,Dragapult Blaziken,0,0
0074,2673,30,14,19,11,0,dragapult-dusknoir,Dragapult Dusknoir,0,0
0074,2674,20,6,8,12,0,raging-bolt-ogerpon,Raging Bolt Ogerpon,0,0
0074,2675,25,16,11,14,0,basic-box-m,Basic Box,0,0
0074,2676,27,11,17,10,0,dragapult-ex,Dragapult,0,0
0074,2677,12,6,0,8,4,crustle-dri,Crustle,0,0
0074,2678,27,11,17,10,0,dragapult-ex,Dragapult,0,0
0074,2679,9,5,1,7,1,dhelmise-pbl,Dhelmise,0,0
0074,2680,12,7,0,8,4,crustle-dri,Crustle,0,0
0074,2681,18,12,6,11,1,alakazam-dudunsparce,Alakazam Dudunsparce,0,0
0074,2682,26,12,16,10,0,dragapult-ex,Dragapult,0,0
0074,2683,30,15,19,11,0,festival-lead,Festival Lead,0,0
0074,2684,20,12,11,6,3,kangaskhan-bouffalant,Kangaskhan Bouffalant,0,0
0074,2685,17,10,9,8,0,ogerpon-meganium-hydrapple,Ogerpon Meganium Hydrapple,0,0
0074,2686,29,13,19,10,0,dragapult-dusknoir,Dragapult Dusknoir,0,0
0074,2687,26,10,16,10,0,dragapult-ex,Dragapult,1,0
0074,2688,18,12,7,11,0,ethan-typhlosion,Ethan's Typhlosion,0,0
0074,2689,11,5,5,6,0,mega-lucario-ex,Mega Lucario,0,0
0074,2690,15,10,6,8,1,alakazam-dudunsparce,Alakazam Dudunsparce,0,0
0074,2691,16,8,6,5,5,lopunny-dudunsparce,Lopunny Dudunsparce,1,0
0074,2692,12,6,0,8,4,hops-trevenant,Hop's Trevenant,0,0
0074,2693,9,3,4,5,0,mega-excadrill-ex,Mega Excadrill,0,0
0074,2694,28,12,17,11,0,dragapult-ex,Dragapult,0,0
0074,2695,26,16,11,15,0,basic-box-m,Basic Box,0,0
0074,2696,27,11,17,10,0,dragapult-ex,Dragapult,1,0
0074,2697,14,6,9,5,0,grimmsnarl-froslass,Grimmsnarl Froslass,1,0
0074,2698,11,6,0,7,4,crustle-dri,Crustle,1,0
0074,2699,15,8,6,4,5,lopunny-dudunsparce,Lopunny Dudunsparce,0,0
0074,2700,18,8,4,14,0,ceruledge-ex,Ceruledge,0,0
0074,2701,16,8,6,9,1,starmie-froslass,Starmie Froslass,1,0
0074,2702,26,17,11,15,0,basic-box-m,Basic Box,0,0
0074,2703,3,2,0,3,0,lucario-hariyama,Lucario Hariyama,1,0
0074,2704,19,9,6,9,4,starmie-froslass,Starmie Froslass,0,0
0074,2705,29,13,19,10,0,dragapult-dusknoir,Dragapult Dusknoir,0,0
0074,2706,24,12,12,12,0,slowking-scr,Slowking,0,0
0074,2707,17,10,7,9,1,alakazam-dudunsparce,Alakazam Dudunsparce,1,0
0074,2708,28,14,13,13,2,slowking-scr,Slowking,0,0
0074,2709,11,6,0,7,4,crustle-dri,Crustle,0,0
0074,2710,17,11,4,13,0,n-zoroark,N's Zoroark,0,0
0074,2711,11,6,0,7,4,crustle-dri,Crustle,1,0
0074,2712,26,12,16,10,0,dragapult-blaziken,Dragapult Blaziken,0,0
0074,2713,22,12,12,10,0,ogerpon-meganium-hydrapple,Ogerpon Meganium Hydrapple,1,0
0074,2714,16,9,10,5,1,mega-greninja-ex,Mega Greninja,0,0
0074,2715,9,4,0,9,0,rockets-honchkrow,Rocket's Honchkrow,0,0
0074,2716,5,3,0,5,0,lucario-hariyama,Lucario Hariyama,0,0
0074,2717,6,3,0,6,0,rocket-mewtwo-ex,Rocket's Mewtwo,0,0
0074,2718,26,17,11,15,0,basic-box-m,Basic Box,0,0
0074,2719,22,13,14,8,0,ogerpon-meganium-hydrapple,Ogerpon Meganium Hydrapple,0,0
0074,2720,15,6,9,6,0,mega-excadrill-ex,Mega Excadrill,0,0
0074,2721,27,13,17,10,0,dragapult-blaziken,Dragapult Blaziken,0,0
0074,2722,10,6,3,6,1,dhelmise-pbl,Dhelmise,0,0
0074,2723,20,12,5,15,0,n-zoroark,N's Zoroark,0,0
0074,2724,27,11,17,10,0,dragapult-ex,Dragapult,0,0
0074,2725,14,8,10,4,0,mega-excadrill-ex,Mega Excadrill,0,0
0074,2726,12,6,5,6,1,mega-lucario-ex,Mega Lucario,0,0
0074,2727,13,5,5,8,0,mega-venusaur-ex,Mega Venusaur,0,0
0074,2728,26,10,16,10,0,dragapult-ex,Dragapult,0,0
0074,2729,25,10,15,10,0,dragapult-ex,Dragapult,0,0
0074,2730,14,6,8,6,0,grimmsnarl-froslass,Grimmsnarl Froslass,0,0
0074,2731,27,14,13,12,2,slowking-scr,Slowking,0,0
0074,2732,14,8,6,8,0,ogerpon-meganium-arboliva,Ogerpon Meganium Arboliva,1,0
0074,2733,29,14,19,10,0,dragapult-dusknoir,Dragapult Dusknoir,0,0
0074,2734,8,4,0,8,0,rockets-honchkrow,Rocket's Honchkrow,0,0
0074,2735,17,11,5,12,0,n-zoroark,N's Zoroark,0,0
0074,2736,18,9,8,10,0,sharpedo-toxtricity,Sharpedo Toxtricity,0,0
0074,2737,27,11,17,10,0,dragapult-ex,Dragapult,0,0
0074,2738,14,6,5,9,0,mega-venusaur-ex,Mega Venusaur,0,0
0074,2739,16,12,4,12,0,n-zoroark,N's Zoroark,0,0
0074,2740,13,6,8,5,0,mega-excadrill-ex,Mega Excadrill,0,0
0074,2741,20,11,10,9,1,alakazam-dudunsparce,Alakazam Dudunsparce,0,0
0074,2742,26,10,16,10,0,dragapult-ex,Dragapult,1,0
0074,2743,27,12,18,9,0,dragapult-ex,Dragapult,0,0
0074,2744,14,10,4,9,1,alakazam-dudunsparce,Alakazam Dudunsparce,0,0
0074,2745,28,13,13,13,2,slowking-scr,Slowking,0,0
0074,2746,31,14,20,11,0,dragapult-dusknoir,Dragapult Dusknoir,0,0
0074,2747,25,11,16,9,0,dragapult-blaziken,Dragapult Blaziken,0,0
0074,2748,19,11,10,8,1,starmie-dusknoir,Starmie Dusknoir,0,0
0074,2749,14,5,8,6,0,mega-excadrill-ex,Mega Excadrill,0,0
0074,2750,28,14,15,13,0,slowking-scr,Slowking,0,0
0074,2751,19,9,13,6,0,alakazam-dusknoir,Alakazam Dusknoir,0,0
0074,2752,30,14,19,11,0,dragapult-dusknoir,Dragapult Dusknoir,0,0
0074,2753,17,9,9,8,0,ethan-typhlosion,Ethan's Typhlosion,0,0
0074,2754,26,11,17,9,0,dragapult-ex,Dragapult,0,0
0074,2755,20,11,16,3,1,lopunny-dusknoir,Lopunny Dusknoir,0,0
0074,2756,20,10,18,1,1,lopunny-dusknoir,Lopunny Dusknoir,1,0
0074,2757,13,6,6,7,0,greninja-froslass,Greninja Froslass,0,0
0074,2758,16,11,3,13,0,n-zoroark,N's Zoroark,0,0
0074,2759,27,11,17,10,0,dragapult-ex,Dragapult,0,0
0074,2760,30,14,19,11,0,festival-lead,Festival Lead,0,0
0074,2761,22,13,7,15,0,other,Other,0,0
0074,2762,32,13,20,12,0,festival-lead,Festival Lead,0,0
0074,2763,25,11,16,9,0,dragapult-blaziken,Dragapult Blaziken,0,0
0074,2764,31,14,20,11,0,festival-lead,Festival Lead,0,0
0074,2765,14,5,8,6,0,mega-excadrill-ex,Mega Excadrill,1,0
0074,2766,8,5,3,4,1,dhelmise-pbl,Dhelmise,0,0
0074,2767,26,11,16,10,0,dragapult-ex,Dragapult,1,0
0074,2768,6,3,0,6,0,rocket-mewtwo-ex,Rocket's Mewtwo,0,0
0074,2769,26,12,18,8,0,dragapult-blaziken,Dragapult Blaziken,1,0
0074,2770,32,15,19,13,0,dragapult-dusknoir,Dragapult Dusknoir,0,0
0074,2771,18,8,8,5,5,lopunny-dudunsparce,Lopunny Dudunsparce,0,0
0074,2772,12,9,7,5,0,toxtricity-box,Toxtricity Box,0,0
0074,2773,23,12,14,9,0,ogerpon-meganium-hydrapple,Ogerpon Meganium Hydrapple,0,0
0074,2774,8,3,0,8,0,rockets-honchkrow,Rocket's Honchkrow,0,0
0074,2775,16,7,6,5,5,lopunny-dudunsparce,Lopunny Dudunsparce,0,0
0074,2776,26,11,13,11,2,slowking-scr,Slowking,1,0
0074,2777,28,14,15,13,0,festival-lead,Festival Lead,0,0
0074,2778,27,11,17,10,0,dragapult-ex,Dragapult,0,0
0074,2779,20,10,18,1,1,lopunny-dusknoir,Lopunny Dusknoir,0,0
0074,2780,26,12,17,9,0,dragapult-blaziken,Dragapult Blaziken,1,0
0074,2781,26,12,16,10,0,dragapult-blaziken,Dragapult Blaziken,0,0
0074,2782,16,7,5,6,5,lopunny-dudunsparce,Lopunny Dudunsparce,0,0
0074,2783,26,10,16,10,0,dragapult-ex,Dragapult,1,0
0074,2784,26,10,16,10,0,dragapult-ex,Dragapult,0,0
0074,2785,15,7,5,6,4,lopunny-dudunsparce,Lopunny Dudunsparce,0,0
0074,2786,27,11,17,10,0,dragapult-ex,Dragapult,0,0
0074,2787,30,13,19,11,0,dragapult-dusknoir,Dragapult Dusknoir,1,0
0074,2788,10,8,5,5,0,dhelmise-pbl,Dhelmise,0,0
0074,2789,28,12,12,14,2,slowking-scr,Slowking,1,0
0074,2790,28,12,18,10,0,dragapult-ex,Dragapult,0,0
0074,2791,30,13,20,10,0,dragapult-dusknoir,Dragapult Dusknoir,0,0
0074,2792,34,13,19,15,0,festival-lead,Festival Lead,0,0
0074,2793,21,12,11,10,0,crustle-dri,Crustle,0,0
0075,1,7,3,0,7,0,cynthia-garchomp-ex,Cynthia's Garchomp,0,0
0075,2,21,13,6,15,0,n-zoroark,N's Zoroark,0,0
0075,3,11,6,3,7,1,other,Other,0,0
0075,4,27,11,16,11,0,dragapult-ex,Dragapult,0,0
0075,5,27,11,16,11,0,dragapult-ex,Dragapult,1,0
0075,6,16,11,4,11,1,alakazam-dudunsparce,Alakazam Dudunsparce,0,0
0075,7,6,4,1,5,0,dhelmise-pbl,Dhelmise,0,0
0075,8,27,11,17,10,0,dragapult-ex,Dragapult,0,0
0075,9,8,4,0,8,0,manectric-eelektrik,Manectric Eelektrik,0,0
0075,10,27,11,17,10,0,dragapult-ex,Dragapult,0,0
0075,11,7,6,3,4,0,stevens-metagross,Steven's Metagross,1,0
0075,12,20,13,6,14,0,n-zoroark,N's Zoroark,0,0
0075,13,16,10,4,12,0,n-zoroark,N's Zoroark,1,0
0075,14,28,13,16,12,0,alolan-exeggutor-ex,Alolan Exeggutor ex,0,0
0075,15,16,9,4,12,0,n-zoroark,N's Zoroark,0,0
0075,16,29,14,18,11,0,dragapult-dusknoir,Dragapult Dusknoir,0,0
0075,17,26,15,12,14,0,basic-box-m,Basic Box,0,0
0075,18,25,10,16,9,0,dragapult-ex,Dragapult,0,0
0075,19,16,7,9,7,0,mega-excadrill-ex,Mega Excadrill,0,0
0075,20,10,6,4,6,0,mega-excadrill-ex,Mega Excadrill,0,0
0075,21,19,9,13,6,0,alakazam-dusknoir,Alakazam Dusknoir,1,0
0075,22,26,11,16,10,0,dragapult-ex,Dragapult,0,0
0075,23,1,1,0,1,0,lucario-hariyama,Lucario Hariyama,0,0
0075,24,28,12,18,10,0,dragapult-ex,Dragapult,0,0
0075,25,26,11,15,11,0,dragapult-ex,Dragapult,0,0
0075,26,28,16,13,13,2,basic-box-m,Basic Box,0,0
0075,27,9,6,5,4,0,mega-excadrill-ex,Mega Excadrill,0,0
0075,28,17,11,4,13,0,n-zoroark,N's Zoroark,0,0
0075,29,26,10,16,10,0,dragapult-ex,Dragapult,1,0
0075,30,32,14,17,15,0,festival-lead,Festival Lead,0,0
0075,31,12,8,4,8,0,mega-excadrill-ex,Mega Excadrill,0,0
0075,32,26,12,17,9,0,dragapult-blaziken,Dragapult Blaziken,0,0
0075,33,26,12,14,12,0,dragapult-ex,Dragapult,0,0
0075,34,12,8,3,8,1,alakazam-dudunsparce,Alakazam Dudunsparce,1,0
0075,35,21,12,5,16,0,n-zoroark,N's Zoroark,0,0
0075,36,12,6,7,5,0,grimmsnarl-froslass,Grimmsnarl Froslass,0,0
0075,37,16,7,9,7,0,mega-excadrill-ex,Mega Excadrill,1,0
0075,38,21,9,10,11,0,raging-bolt-ogerpon,Raging Bolt Ogerpon,0,0
0075,39,19,10,8,8,3,ceruledge-ex,Ceruledge,0,0
0075,40,22,11,19,2,1,lopunny-dusknoir,Lopunny Dusknoir,0,0
0075,41,15,7,3,12,0,other,Other,0,0
0075,42,18,12,5,13,0,n-zoroark,N's Zoroark,1,0
0075,43,20,11,10,9,1,alakazam-dudunsparce,Alakazam Dudunsparce,0,0
0075,44,21,14,10,11,0,basic-box-m,Basic Box,1,0
0075,45,14,8,0,10,4,crustle-dri,Crustle,0,0
0075,46,30,14,20,10,0,dragapult-dusknoir,Dragapult Dusknoir,0,0
0075,47,23,11,11,12,0,raging-bolt-ogerpon,Raging Bolt Ogerpon,0,0
0075,48,21,12,12,9,0,ogerpon-meganium-hydrapple,Ogerpon Meganium Hydrapple,0,0
0075,49,8,4,0,7,1,cynthia-garchomp-ex,Cynthia's Garchomp,0,0
0075,50,25,10,15,10,0,dragapult-ex,Dragapult,0,0
0075,51,25,15,10,15,0,basic-box-m,Basic Box,0,0
0075,52,16,11,5,10,1,alakazam-dudunsparce,Alakazam Dudunsparce,1,0
0075,53,6,5,0,6,0,lucario-hariyama,Lucario Hariyama,0,0
0075,54,22,12,12,10,0,ogerpon-meganium-hydrapple,Ogerpon Meganium Hydrapple,0,0
0075,55,21,13,5,16,0,n-zoroark,N's Zoroark,0,0
0075,56,27,11,17,10,0,dragapult-ex,Dragapult,0,0
0075,57,26,16,11,15,0,basic-box-m,Basic Box,0,0
0075,58,17,8,8,9,0,sharpedo-toxtricity,Sharpedo Toxtricity,0,0
0075,59,27,11,12,13,2,slowking-scr,Slowking,0,0
0075,60,14,8,4,10,0,n-zoroark,N's Zoroark,0,0
0075,61,27,11,17,10,0,dragapult-ex,Dragapult,0,0
0075,62,4,4,0,4,0,lucario-hariyama,Lucario Hariyama,0,0
0075,63,19,9,13,6,0,alakazam-dusknoir,Alakazam Dusknoir,0,0
0075,64,13,7,0,9,4,crustle-dri,Crustle,0,0
0075,65,13,8,0,9,4,crustle-dri,Crustle,0,0
0075,66,25,11,14,11,0,dragapult-ex,Dragapult,0,0
0075,67,22,13,14,8,0,ogerpon-meganium-hydrapple,Ogerpon Meganium Hydrapple,0,0
0075,68,32,15,18,14,0,festival-lead,Festival Lead,0,0
0075,69,19,10,15,3,1,lopunny-dusknoir,Lopunny Dusknoir,0,0
0075,70,27,11,17,10,0,dragapult-ex,Dragapult,1,0
0075,71,3,2,0,3,0,lucario-hariyama,Lucario Hariyama,0,0
0075,72,27,13,15,12,0,slowking-scr,Slowking,1,0
0075,73,28,13,13,13,2,slowking-scr,Slowking,1,0
0075,74,16,7,8,8,0,mega-excadrill-ex,Mega Excadrill,0,0
0075,75,27,12,17,10,0,dragapult-ex,Dragapult,0,0
0075,76,25,11,16,9,0,dragapult-ex,Dragapult,0,0
0075,77,9,7,5,4,0,toxtricity-pfl,Toxtricity,0,0
0075,78,20,11,11,9,0,ogerpon-meganium-hydrapple,Ogerpon Meganium Hydrapple,0,0
0075,79,26,10,16,10,0,dragapult-ex,Dragapult,0,0
0075,80,18,8,11,7,0,alakazam-dusknoir,Alakazam Dusknoir,0,0
0075,81,26,12,17,9,0,dragapult-blaziken,Dragapult Blaziken,0,0
0075,82,25,11,15,10,0,dragapult-ex,Dragapult,0,0
0075,83,27,11,16,11,0,dragapult-ex,Dragapult,1,0
0075,84,16,10,8,8,0,ethan-typhlosion,Ethan's Typhlosion,0,0
0075,85,23,13,13,10,0,greninja-ex,Greninja,0,0
0075,86,9,6,2,7,0,dragonite-eelektrik,Dragonite Eelektrik,0,0
0075,87,16,7,5,6,5,lopunny-dudunsparce,Lopunny Dudunsparce,0,0
0075,88,18,12,4,14,0,n-zoroark,N's Zoroark,0,0
0075,89,14,8,6,8,0,mega-lucario-ex,Mega Lucario,0,0
0075,90,7,4,4,3,0,lucario-hariyama,Lucario Hariyama,0,0
0075,91,21,11,8,13,0,mew-ex-30c,Mew Box,0,0
0075,92,27,11,17,10,0,dragapult-ex,Dragapult,0,0
0075,93,16,11,5,10,1,alakazam-dudunsparce,Alakazam Dudunsparce,0,0
0075,94,27,15,12,15,0,raging-bolt-ogerpon,Raging Bolt Ogerpon,1,0
0075,95,30,14,19,11,0,dragapult-dusknoir,Dragapult Dusknoir,1,0
0075,96,22,13,6,16,0,n-zoroark,N's Zoroark,0,0
0075,97,26,11,16,10,0,dragapult-ex,Dragapult,0,0
0075,98,27,11,16,11,0,dragapult-ex,Dragapult,0,0
0075,99,6,3,0,5,1,cynthia-garchomp-ex,Cynthia's Garchomp,0,0
0075,100,26,10,16,10,0,dragapult-ex,Dragapult,0,0
0075,101,14,7,9,5,0,grimmsnarl-froslass,Grimmsnarl Froslass,0,0
0075,102,27,11,16,11,0,dragapult-ex,Dragapult,0,0
0075,103,17,11,7,9,1,alakazam-dudunsparce,Alakazam Dudunsparce,0,0
0075,104,18,12,5,13,0,n-zoroark,N's Zoroark,0,0
0075,105,26,10,16,10,0,dragapult-ex,Dragapult,0,0
0075,106,26,10,16,10,0,dragapult-ex,Dragapult,0,0
0075,107,25,16,11,14,0,basic-box-m,Basic Box,0,0
0075,108,10,6,5,5,0,mega-excadrill-ex,Mega Excadrill,0,0
0075,109,28,12,18,10,0,dragapult-ex,Dragapult,0,0
0075,110,22,11,13,8,1,mega-greninja-ex,Mega Greninja,0,0
0075,111,26,17,12,14,0,basic-box-m,Basic Box,0,0
0075,112,7,5,2,5,0,dhelmise-pbl,Dhelmise,0,0
0075,113,25,12,12,11,2,slowking-scr,Slowking,0,0
0075,114,6,5,1,5,0,mega-lucario-ex,Mega Lucario,0,0
0075,115,18,9,12,6,0,alakazam-dusknoir,Alakazam Dusknoir,1,0
0075,116,11,5,4,7,0,mega-excadrill-ex,Mega Excadrill,0,0
0075,117,26,10,16,10,0,dragapult-ex,Dragapult,0,0
0075,118,27,13,14,13,0,slowking-scr,Slowking,0,0
0075,119,15,11,5,9,1,alakazam-dudunsparce,Alakazam Dudunsparce,0,0
0075,120,7,4,1,5,1,cynthia-garchomp-ex,Cynthia's Garchomp,1,0
0075,121,25,11,15,10,0,dragapult-ex,Dragapult,0,0
0075,122,9,5,1,8,0,dhelmise-pbl,Dhelmise,0,0
0075,123,26,13,12,13,1,slowking-scr,Slowking,0,0
0075,124,11,6,4,6,1,dhelmise-pbl,Dhelmise,0,0
0075,125,17,8,9,8,0,mega-excadrill-ex,Mega Excadrill,1,0
0075,126,17,11,4,13,0,n-zoroark,N's Zoroark,1,0
0075,127,22,11,16,5,1,lopunny-dusknoir,Lopunny Dusknoir,0,0
0075,128,22,10,11,11,0,raging-bolt-ogerpon,Raging Bolt Ogerpon,0,0
0075,129,14,8,0,10,4,crustle-dri,Crustle,0,0
0075,130,17,10,6,10,1,alakazam-dudunsparce,Alakazam Dudunsparce,0,0
0075,131,26,10,12,12,2,slowking-scr,Slowking,0,0
0075,132,28,12,18,10,0,dragapult-ex,Dragapult,0,0
0075,133,26,11,16,10,0,dragapult-ex,Dragapult,0,0
0075,134,28,14,17,11,0,dragapult-blaziken,Dragapult Blaziken,0,0
0075,135,17,8,6,6,5,lopunny-dudunsparce,Lopunny Dudunsparce,0,0
0075,136,4,2,0,4,0,lucario-hariyama,Lucario Hariyama,0,0
0075,137,14,8,4,10,0,n-zoroark,N's Zoroark,1,0
0075,138,19,13,12,6,1,alakazam-dusknoir,Alakazam Dusknoir,1,0
0075,139,26,11,16,10,0,dragapult-ex,Dragapult,0,0
0075,140,27,11,16,11,0,dragapult-ex,Dragapult,0,0
0075,141,14,8,4,10,0,n-zoroark,N's Zoroark,1,1
0075,142,7,4,0,6,1,cynthia-garchomp-ex,Cynthia's Garchomp,0,0
0075,143,16,9,4,12,0,n-zoroark,N's Zoroark,1,0
0075,144,13,8,4,8,1,alakazam-dudunsparce,Alakazam Dudunsparce,0,0
0075,145,22,12,13,9,0,alakazam-dusknoir,Alakazam Dusknoir,0,0
0075,146,26,10,16,10,0,dragapult-ex,Dragapult,1,0
0075,147,31,13,19,12,0,festival-lead,Festival Lead,1,0
0075,148,26,11,16,10,0,dragapult-ex,Dragapult,0,0
0075,149,13,7,0,9,4,crustle-dri,Crustle,1,0
0075,150,27,12,13,12,2,slowking-scr,Slowking,1,0
0075,151,18,10,9,8,1,starmie-froslass,Starmie Froslass,0,0
0075,152,16,8,6,5,5,lopunny-dudunsparce,Lopunny Dudunsparce,0,0
0075,153,26,11,16,10,0,dragapult-ex,Dragapult,1,0
0075,154,26,10,16,10,0,dragapult-ex,Dragapult,0,0
0075,155,27,11,17,10,0,dragapult-ex,Dragapult,0,0
0075,156,17,9,12,5,0,alakazam-dusknoir,Alakazam Dusknoir,0,0
0075,157,26,12,12,12,2,slowking-scr,Slowking,0,0
0075,158,26,17,12,14,0,basic-box-m,Basic Box,0,0
0075,159,28,12,14,14,0,slowking-scr,Slowking,0,0
0075,160,32,16,20,12,0,dragapult-dusknoir,Dragapult Dusknoir,0,0
0075,161,18,9,12,6,0,alakazam-dusknoir,Alakazam Dusknoir,0,0
0075,162,15,7,0,15,0,misty-gyarados,Misty's Gyarados,0,0
0075,163,14,8,6,8,0,mega-venusaur-ex,Mega Venusaur,0,0
0075,164,1,1,0,1,0,lucario-hariyama,Lucario Hariyama,0,0
0075,165,16,10,6,9,1,alakazam-dudunsparce,Alakazam Dudunsparce,0,0
0075,166,26,11,17,9,0,dragapult-ex,Dragapult,0,0
0075,167,28,12,17,11,0,dragapult-ex,Dragapult,0,0
0075,168,26,10,16,10,0,dragapult-ex,Dragapult,1,0
0075,169,28,12,18,10,0,dragapult-ex,Dragapult,0,0
0075,170,8,5,1,7,0,dhelmise-pbl,Dhelmise,0,0
0075,171,28,13,19,9,0,dragapult-dusknoir,Dragapult Dusknoir,0,0
0075,172,12,6,5,7,0,mega-excadrill-ex,Mega Excadrill,0,0
0075,173,14,11,3,11,0,n-zoroark,N's Zoroark,0,0
0075,174,27,11,17,10,0,dragapult-ex,Dragapult,0,0
0075,175,7,4,1,5,1,cynthia-garchomp-ex,Cynthia's Garchomp,0,0
0075,176,21,13,5,16,0,n-zoroark,N's Zoroark,1,0
0075,177,32,15,19,13,0,festival-lead,Festival Lead,0,0
0075,178,18,9,8,10,0,starmie-froslass,Starmie Froslass,0,0
0075,179,27,11,16,11,0,dragapult-ex,Dragapult,0,0
0075,180,28,12,18,10,0,dragapult-ex,Dragapult,1,0
0075,181,13,7,0,9,4,crustle-dri,Crustle,1,0
0075,182,30,13,19,11,0,dragapult-dusknoir,Dragapult Dusknoir,0,0
0075,183,26,10,12,12,2,slowking-scr,Slowking,0,0
0075,184,13,7,0,9,4,crustle-dri,Crustle,0,0
0075,185,26,17,11,15,0,basic-box-m,Basic Box,0,0
0075,186,16,11,5,10,1,alakazam-dudunsparce,Alakazam Dudunsparce,0,0
0075,187,14,8,4,10,0,n-zoroark,N's Zoroark,1,0
0075,188,16,10,6,9,1,alakazam-dudunsparce,Alakazam Dudunsparce,0,0
0075,189,22,15,12,10,0,basic-box-m,Basic Box,1,0
0075,190,29,13,19,10,0,dragapult-dusknoir,Dragapult Dusknoir,0,0
0075,191,22,12,12,10,0,ogerpon-meganium-hydrapple,Ogerpon Meganium Hydrapple,0,0
0075,192,13,7,0,9,4,crustle-dri,Crustle,0,0
0075,193,21,12,12,9,0,ogerpon-meganium-hydrapple,Ogerpon Meganium Hydrapple,0,0
0075,194,27,11,16,11,0,dragapult-ex,Dragapult,0,0
0075,195,16,13,6,9,1,alakazam-dudunsparce,Alakazam Dudunsparce,0,0
0075,196,6,4,0,6,0,rocket-mewtwo-ex,Rocket's Mewtwo,0,0
0075,197,22,13,6,16,0,n-zoroark,N's Zoroark,1,0
0075,198,13,6,7,6,0,grimmsnarl-froslass,Grimmsnarl Froslass,0,0
0075,199,26,10,16,10,0,dragapult-ex,Dragapult,0,0
0075,200,31,13,19,12,0,dragapult-dusknoir,Dragapult Dusknoir,0,0
0075,201,33,15,19,14,0,festival-lead,Festival Lead,0,0
0075,202,27,11,17,10,0,dragapult-ex,Dragapult,0,0
0075,203,16,10,5,10,1,alakazam-dudunsparce,Alakazam Dudunsparce,1,0
0075,204,27,18,12,15,0,basic-box-m,Basic Box,0,0
0075,205,26,12,13,11,2,slowking-scr,Slowking,1,0
0075,206,22,12,12,10,0,ogerpon-meganium-hydrapple,Ogerpon Meganium Hydrapple,0,0
0075,207,17,11,5,11,1,alakazam-dudunsparce,Alakazam Dudunsparce,0,0
0075,208,27,12,18,9,0,dragapult-ex,Dragapult,0,0
0075,209,12,8,4,7,1,alakazam-dudunsparce,Alakazam Dudunsparce,0,0
0075,210,27,12,13,12,2,slowking-scr,Slowking,0,0
0075,211,29,13,18,11,0,festival-lead,Festival Lead,0,0
0075,212,26,10,16,10,0,dragapult-ex,Dragapult,0,0
0075,213,31,14,20,11,0,dragapult-dusknoir,Dragapult Dusknoir,0,0
0075,214,12,6,5,7,0,mega-lucario-ex,Mega Lucario,0,0
0075,215,28,12,18,10,0,dragapult-ex,Dragapult,0,0
0075,216,12,6,7,5,0,grimmsnarl-froslass,Grimmsnarl Froslass,0,0
0075,217,13,5,7,6,0,mega-excadrill-ex,Mega Excadrill,1,0
0075,218,17,10,5,12,0,n-zoroark,N's Zoroark,0,0
0075,219,28,14,14,12,2,slowking-scr,Slowking,0,0
0075,220,17,10,7,9,1,alakazam-dudunsparce,Alakazam Dudunsparce,0,0
0075,221,26,11,16,10,0,dragapult-ex,Dragapult,0,0
0075,222,27,11,17,10,0,dragapult-ex,Dragapult,0,0
0075,223,29,13,20,9,0,dragapult-dusknoir,Dragapult Dusknoir,0,0
0075,224,15,7,5,10,0,starmie-froslass,Starmie Froslass,0,0
0075,225,3,2,0,3,0,lucario-hariyama,Lucario Hariyama,0,0
0075,226,27,17,11,16,0,basic-box-m,Basic Box,0,0
0075,227,21,13,5,16,0,n-zoroark,N's Zoroark,1,0
0075,228,19,10,12,7,0,alakazam-dusknoir,Alakazam Dusknoir,0,0
0075,229,27,11,17,10,0,dragapult-ex,Dragapult,0,0
0075,230,6,3,0,6,0,rockets-honchkrow,Rocket's Honchkrow,0,0
0075,231,5,2,0,4,1,cynthia-garchomp-ex,Cynthia's Garchomp,1,0
0075,232,19,10,9,10,0,ethan-typhlosion,Ethan's Typhlosion,0,0
0075,233,22,13,12,10,0,ogerpon-meganium-hydrapple,Ogerpon Meganium Hydrapple,0,0
0075,234,28,12,18,10,0,dragapult-ex,Dragapult,0,0
0075,235,18,11,10,7,1,mega-starmie-ex,Mega Starmie,0,0
0075,236,27,12,17,10,0,dragapult-ex,Dragapult,0,0
0075,237,28,11,16,12,0,dragapult-ex,Dragapult,0,0
0075,238,26,11,12,12,2,slowking-scr,Slowking,1,0
0075,239,25,12,17,8,0,dragapult-blaziken,Dragapult Blaziken,0,0
0075,240,13,8,4,8,1,alakazam-dudunsparce,Alakazam Dudunsparce,0,0
0075,241,25,12,17,8,0,dragapult-dusknoir,Dragapult Dusknoir,0,0
0075,242,26,11,17,9,0,dragapult-ex,Dragapult,0,0
0075,243,26,10,16,10,0,dragapult-ex,Dragapult,0,0
0075,244,27,15,12,15,0,raging-bolt-ogerpon,Raging Bolt Ogerpon,0,0
0075,245,21,13,5,16,0,n-zoroark,N's Zoroark,1,0
0075,246,27,17,12,15,0,basic-box-m,Basic Box,1,0
0075,247,24,13,14,10,0,mega-feraligatr-ex,Mega Feraligatr,0,0
0075,248,26,10,16,10,0,dragapult-ex,Dragapult,1,0
0075,249,26,10,16,10,0,dragapult-ex,Dragapult,0,0
0075,250,14,10,5,8,1,alakazam-dudunsparce,Alakazam Dudunsparce,0,0
0075,251,27,12,18,9,0,dragapult-ex,Dragapult,1,0
0075,252,21,13,13,8,0,ogerpon-meganium-hydrapple,Ogerpon Meganium Hydrapple,0,0
0075,253,15,7,9,6,0,grimmsnarl-froslass,Grimmsnarl Froslass,0,0
0075,254,14,8,6,7,1,mega-chandelure-ex,Mega Chandelure,1,0
0075,255,17,12,7,9,1,alakazam-dudunsparce,Alakazam Dudunsparce,0,0
0075,256,21,12,12,9,0,ogerpon-meganium-hydrapple,Ogerpon Meganium Hydrapple,0,0
0075,257,28,13,19,9,0,dragapult-dusknoir,Dragapult Dusknoir,1,0
0075,258,20,13,5,15,0,n-zoroark,N's Zoroark,0,0
0075,259,31,15,19,12,0,festival-lead,Festival Lead,0,0
0075,260,19,10,13,6,0,alakazam-dusknoir,Alakazam Dusknoir,0,0
0075,261,12,7,5,6,1,dhelmise-pbl,Dhelmise,0,0
0075,262,24,12,19,4,1,lopunny-dusknoir,Lopunny Dusknoir,0,0
0075,263,17,11,5,12,0,n-zoroark,N's Zoroark,0,0
0075,264,11,7,4,6,1,dhelmise-pbl,Dhelmise,0,0
0075,265,26,11,17,9,0,dragapult-blaziken,Dragapult Blaziken,0,0
0075,266,28,12,18,10,0,dragapult-ex,Dragapult,0,0
0075,267,26,13,17,9,0,dragapult-blaziken,Dragapult Blaziken,0,0
0075,268,28,13,18,10,0,dragapult-blaziken,Dragapult Blaziken,0,0
0075,269,32,13,21,11,0,dragapult-dusknoir,Dragapult Dusknoir,0,0
0075,270,27,11,16,11,0,dragapult-ex,Dragapult,1,0
0075,271,21,8,13,8,0,other,Other,0,0
0075,272,27,11,17,10,0,dragapult-ex,Dragapult,0,0
0075,273,25,10,12,11,2,slowking-scr,Slowking,0,0
0075,274,27,16,11,16,0,raging-bolt-ogerpon,Raging Bolt Ogerpon,0,0
0075,275,17,11,4,13,0,n-zoroark,N's Zoroark,0,0
0075,276,5,3,0,5,0,lucario-hariyama,Lucario Hariyama,0,0
0075,277,15,11,4,11,0,n-zoroark,N's Zoroark,0,0
0075,278,13,7,5,8,0,mega-excadrill-ex,Mega Excadrill,0,0
0075,279,22,14,10,11,1,alakazam-dudunsparce,Alakazam Dudunsparce,0,0
0075,280,5,3,1,4,0,dhelmise-pbl,Dhelmise,0,0
0075,281,20,13,6,14,0,n-zoroark,N's Zoroark,0,0
0075,282,29,16,12,17,0,basic-box-m,Basic Box,0,0
0075,283,21,13,5,16,0,n-zoroark,N's Zoroark,1,0
0075,284,14,8,4,10,0,n-zoroark,N's Zoroark,0,0
0075,285,7,3,0,7,0,cynthia-garchomp-ex,Cynthia's Garchomp,0,0
0075,286,25,11,15,10,0,dragapult-ex,Dragapult,0,0
0075,287,20,10,11,9,0,ogerpon-meganium-hydrapple,Ogerpon Meganium Hydrapple,1,0
0075,288,13,7,0,9,4,crustle-dri,Crustle,1,0
0075,289,16,9,6,10,0,sharpedo-toxtricity,Sharpedo Toxtricity,0,0
0075,290,17,8,9,8,0,mega-excadrill-ex,Mega Excadrill,0,0
0075,291,20,11,12,8,0,ogerpon-meganium-hydrapple,Ogerpon Meganium Hydrapple,0,0
0075,292,13,7,6,7,0,mega-chandelure-ex,Mega Chandelure,0,0
0075,293,29,13,19,10,0,dragapult-dusknoir,Dragapult Dusknoir,0,0
0075,294,25,16,11,14,0,basic-box-m,Basic Box,0,0
0075,295,21,13,5,16,0,n-zoroark,N's Zoroark,1,0
0075,296,29,13,18,11,0,dragapult-ex,Dragapult,0,0
0075,297,29,17,17,12,0,basic-box-m,Basic Box,0,0
0075,298,19,9,17,1,1,lopunny-dusknoir,Lopunny Dusknoir,0,0
0075,299,13,8,0,9,4,crustle-dri,Crustle,0,0
0075,300,11,6,1,6,4,crustle-dri,Crustle,0,0
0075,301,10,7,5,5,0,mega-excadrill-ex,Mega Excadrill,0,0
0075,302,26,16,11,15,0,basic-box-m,Basic Box,0,0
0075,303,16,10,4,12,0,n-zoroark,N's Zoroark,0,0
0075,304,23,12,7,16,0,mew-ex-30c,Mew Box,0,0
0075,305,23,11,7,16,0,mew-ex-30c,Mew Box,1,0
0075,306,26,12,16,10,0,dragapult-ex,Dragapult,0,0
0075,307,12,6,4,8,0,mega-excadrill-ex,Mega Excadrill,0,0
0075,308,14,6,6,8,0,mega-starmie-ex,Mega Starmie,0,0
0075,309,33,15,20,13,0,festival-lead,Festival Lead,0,0
0075,310,14,6,9,5,0,grimmsnarl-froslass,Grimmsnarl Froslass,0,0
0075,311,3,2,0,3,0,lucario-hariyama,Lucario Hariyama,0,0
0075,312,27,11,17,10,0,dragapult-ex,Dragapult,0,0
0075,313,32,15,18,14,0,festival-lead,Festival Lead,0,0
0075,314,26,11,16,10,0,dragapult-ex,Dragapult,0,0
0075,315,31,14,20,11,0,dragapult-dusknoir,Dragapult Dusknoir,0,0
0075,316,12,7,6,5,1,mega-chandelure-ex,Mega Chandelure,0,0
0075,317,25,11,16,9,0,dragapult-blaziken,Dragapult Blaziken,0,0
0075,318,13,6,1,11,1,other,Other,0,0
0075,319,10,4,0,10,0,rocket-spidops,Rocket's Spidops,0,0
0075,320,28,12,18,10,0,dragapult-ex,Dragapult,0,0
0075,321,28,12,18,10,0,dragapult-ex,Dragapult,1,0
0075,322,28,18,14,13,1,other,Other,0,0
0075,323,26,10,16,10,0,dragapult-ex,Dragapult,0,0
0075,324,18,11,5,12,1,alakazam-dudunsparce,Alakazam Dudunsparce,0,0
0075,325,27,17,11,16,0,basic-box-m,Basic Box,0,0
0075,326,17,10,7,9,1,alakazam-dudunsparce,Alakazam Dudunsparce,0,0
0075,327,7,3,0,7,0,cynthia-garchomp-ex,Cynthia's Garchomp,0,0
0075,328,15,10,4,11,0,n-zoroark,N's Zoroark,0,0
0075,329,25,16,11,14,0,basic-box-m,Basic Box,0,0
0075,330,13,9,6,7,0,mega-excadrill-ex,Mega Excadrill,0,0
0075,331,28,12,18,10,0,dragapult-ex,Dragapult,1,1
0075,332,16,11,5,10,1,alakazam-dudunsparce,Alakazam Dudunsparce,1,0
0075,333,23,15,10,13,0,basic-box-m,Basic Box,0,0
0075,334,27,11,16,11,0,dragapult-ex,Dragapult,0,0
0075,335,27,15,11,16,0,raging-bolt-ogerpon,Raging Bolt Ogerpon,0,0
0075,336,17,10,5,11,1,alakazam-dudunsparce,Alakazam Dudunsparce,0,0
0075,337,26,12,17,9,0,dragapult-blaziken,Dragapult Blaziken,0,0
0075,338,25,16,10,15,0,basic-box-m,Basic Box,0,0
0075,339,26,12,17,9,0,dragapult-blaziken,Dragapult Blaziken,0,0
0075,340,13,7,0,9,4,crustle-dri,Crustle,1,0
0075,341,27,13,13,12,2,slowking-scr,Slowking,1,0
0075,342,27,11,17,10,0,dragapult-ex,Dragapult,1,1
0075,343,27,12,13,12,2,slowking-scr,Slowking,1,0
0075,344,16,9,5,10,1,alakazam-dudunsparce,Alakazam Dudunsparce,0,0
0075,345,27,12,17,10,0,dragapult-ex,Dragapult,0,0
0075,346,21,12,12,9,0,ogerpon-meganium-hydrapple,Ogerpon Meganium Hydrapple,1,0
0075,347,25,15,12,13,0,basic-box-m,Basic Box,0,0
0075,348,26,10,16,10,0,dragapult-ex,Dragapult,0,0
0075,349,11,8,5,5,1,mega-lucario-ex,Mega Lucario,0,0
0075,350,26,10,16,10,0,dragapult-ex,Dragapult,0,0
0075,351,14,6,8,6,0,grimmsnarl-froslass,Grimmsnarl Froslass,0,0
0075,352,22,15,9,13,0,starmie-dusknoir,Starmie Dusknoir,0,0
0075,353,20,12,11,8,1,lopunny-dusknoir,Lopunny Dusknoir,0,0
0075,354,31,16,18,12,1,dragapult-dusknoir,Dragapult Dusknoir,0,0
0075,355,12,6,0,8,4,crustle-dri,Crustle,0,0
0075,356,20,11,17,2,1,lopunny-dusknoir,Lopunny Dusknoir,1,0
0075,357,30,14,18,12,0,dragapult-dusknoir,Dragapult Dusknoir,0,0
0075,358,22,12,12,10,0,ogerpon-meganium-hydrapple,Ogerpon Meganium Hydrapple,0,0
0075,359,15,6,4,6,5,lopunny-dudunsparce,Lopunny Dudunsparce,0,0
0075,360,28,12,18,10,0,dragapult-ex,Dragapult,0,0
0075,361,7,4,0,7,0,cynthia-garchomp-ex,Cynthia's Garchomp,0,0
0075,362,10,6,3,7,0,dhelmise-pbl,Dhelmise,0,0
0075,363,11,6,5,6,0,mega-excadrill-ex,Mega Excadrill,0,0
0075,364,12,6,5,7,0,mega-excadrill-ex,Mega Excadrill,0,0
0075,365,26,12,17,9,0,dragapult-blaziken,Dragapult Blaziken,0,0
0075,366,30,12,15,11,4,seaking-pre,Seaking Festival Lead,0,0
0075,367,31,14,19,12,0,festival-lead,Festival Lead,0,0
0075,368,18,13,7,10,1,alakazam-dudunsparce,Alakazam Dudunsparce,1,0
0075,369,26,10,16,10,0,dragapult-ex,Dragapult,0,0
0075,370,14,8,0,10,4,crustle-dri,Crustle,0,0
0075,371,26,10,12,12,2,slowking-scr,Slowking,0,0
0075,372,26,10,16,10,0,dragapult-ex,Dragapult,1,0
0075,373,18,11,5,12,1,alakazam-dudunsparce,Alakazam Dudunsparce,0,0
0075,374,27,11,17,10,0,dragapult-ex,Dragapult,0,0
0075,375,30,14,19,11,0,dragapult-dusknoir,Dragapult Dusknoir,0,0
0075,376,5,5,0,5,0,rocket-mewtwo-ex,Rocket's Mewtwo,0,0
0075,377,26,11,17,9,0,dragapult-ex,Dragapult,0,0
0075,378,22,13,14,8,0,ogerpon-meganium-hydrapple,Ogerpon Meganium Hydrapple,0,0
0075,379,17,11,7,9,1,alakazam-dudunsparce,Alakazam Dudunsparce,0,0
0075,380,27,16,11,16,0,basic-box-m,Basic Box,0,0
0075,381,26,11,17,9,0,dragapult-ex,Dragapult,1,0
0075,382,26,13,17,9,0,dragapult-blaziken,Dragapult Blaziken,0,0
0075,383,14,8,4,10,0,n-zoroark,N's Zoroark,0,0
0075,384,3,2,0,3,0,lucario-hariyama,Lucario Hariyama,0,0
0075,385,15,11,6,8,1,alakazam-dudunsparce,Alakazam Dudunsparce,0,0
0075,386,26,10,16,10,0,dragapult-ex,Dragapult,0,0
0075,387,28,13,19,9,0,dragapult-dusknoir,Dragapult Dusknoir,0,0
0075,388,26,11,17,9,0,dragapult-ex,Dragapult,0,0
0075,389,16,7,9,7,0,mega-excadrill-ex,Mega Excadrill,1,0
0075,390,21,12,13,8,0,ogerpon-meganium-hydrapple,Ogerpon Meganium Hydrapple,0,0
0075,391,27,11,17,10,0,dragapult-ex,Dragapult,0,0
0075,392,22,12,12,10,0,ogerpon-meganium-hydrapple,Ogerpon Meganium Hydrapple,0,0
0075,393,11,8,4,6,1,dhelmise-pbl,Dhelmise,0,0
0075,394,17,10,5,12,0,n-zoroark,N's Zoroark,0,0
0075,395,27,11,17,10,0,dragapult-ex,Dragapult,0,0
0075,396,25,10,16,9,0,dragapult-ex,Dragapult,0,0
0075,397,31,14,19,12,0,festival-lead,Festival Lead,0,0
0075,398,21,12,12,9,0,ogerpon-meganium-hydrapple,Ogerpon Meganium Hydrapple,0,0
0075,399,14,8,0,10,4,crustle-dri,Crustle,0,0
0075,400,19,10,13,6,0,alakazam-dusknoir,Alakazam Dusknoir,0,0
0075,401,27,13,17,10,0,dragapult-dusknoir,Dragapult Dusknoir,0,0
0075,402,21,13,5,16,0,n-zoroark,N's Zoroark,0,0
0075,403,16,12,4,12,0,n-zoroark,N's Zoroark,0,0
0075,404,27,15,12,15,0,raging-bolt-ogerpon,Raging Bolt Ogerpon,0,0
0075,405,18,9,12,6,0,alakazam-dusknoir,Alakazam Dusknoir,0,0
0075,406,31,14,20,11,0,festival-lead,Festival Lead,1,0
0075,407,28,13,14,14,0,slowking-scr,Slowking,0,0
0075,408,27,11,13,12,2,slowking-scr,Slowking,0,0
0075,409,6,6,2,4,0,stevens-metagross,Steven's Metagross,0,0
0075,410,27,11,17,10,0,dragapult-ex,Dragapult,1,0
0075,411,25,11,16,9,0,dragapult-blaziken,Dragapult Blaziken,0,0
0075,412,28,12,17,11,0,dragapult-ex,Dragapult,0,0
0075,413,31,14,19,12,0,dragapult-dusknoir,Dragapult Dusknoir,0,0
0075,414,15,7,4,6,5,lopunny-dudunsparce,Lopunny Dudunsparce,0,0
0075,415,13,7,0,9,4,crustle-dri,Crustle,1,0
0075,416,16,8,4,12,0,sharpedo-toxtricity,Sharpedo Toxtricity,1,0
0075,417,30,14,19,11,0,dragapult-dusknoir,Dragapult Dusknoir,1,0
0075,418,13,7,0,9,4,crustle-dri,Crustle,0,0
0075,419,11,8,4,7,0,hop-zacian,Hop's Zacian,0,0
0075,420,28,12,18,10,0,dragapult-ex,Dragapult,0,0
0075,421,27,11,17,10,0,dragapult-ex,Dragapult,0,0
0075,422,27,11,17,10,0,dragapult-ex,Dragapult,0,0
0075,423,13,8,4,8,1,alakazam-dudunsparce,Alakazam Dudunsparce,0,0
0075,424,26,11,15,11,0,dragapult-ex,Dragapult,0,0
0075,425,4,3,0,4,0,lucario-hariyama,Lucario Hariyama,0,0
0075,426,27,18,12,15,0,basic-box-m,Basic Box,0,0
0075,427,28,12,17,11,0,dragapult-ex,Dragapult,0,0
0075,428,25,16,11,14,0,basic-box-m,Basic Box,1,0
0075,429,26,11,16,10,0,dragapult-ex,Dragapult,0,0
0075,430,7,4,1,6,0,cynthia-garchomp-ex,Cynthia's Garchomp,0,0
0075,431,11,6,5,6,0,mega-lucario-ex,Mega Lucario,0,0
0075,432,6,4,0,6,0,lucario-hariyama,Lucario Hariyama,0,0
0075,433,9,4,0,9,0,rockets-honchkrow,Rocket's Honchkrow,1,0
0075,434,26,10,16,10,0,dragapult-ex,Dragapult,0,0
0075,435,22,12,12,10,0,ogerpon-meganium-hydrapple,Ogerpon Meganium Hydrapple,0,0
0075,436,17,11,7,9,1,alakazam-dudunsparce,Alakazam Dudunsparce,0,0
0075,437,15,6,9,6,0,mega-excadrill-ex,Mega Excadrill,1,0
0075,438,8,4,0,8,0,cynthia-garchomp-ex,Cynthia's Garchomp,0,0
0075,439,16,9,4,12,0,n-zoroark,N's Zoroark,0,0
0075,440,7,5,2,5,0,dhelmise-pbl,Dhelmise,0,0
0075,441,18,13,7,10,1,alakazam-dudunsparce,Alakazam Dudunsparce,0,0
0075,442,27,11,17,10,0,dragapult-ex,Dragapult,1,0
0075,443,28,12,14,14,0,slowking-scr,Slowking,0,0
0075,444,7,3,0,7,0,rockets-honchkrow,Rocket's Honchkrow,0,0
0075,445,15,7,4,6,5,lopunny-dudunsparce,Lopunny Dudunsparce,0,0
0075,446,12,7,7,4,1,mega-chandelure-ex,Mega Chandelure,0,0
0075,447,17,9,11,6,0,alakazam-dusknoir,Alakazam Dusknoir,0,0
0075,448,15,10,1,10,4,crustle-dri,Crustle,0,0
0075,449,6,3,0,5,1,cynthia-garchomp-ex,Cynthia's Garchomp,0,0
0075,450,18,10,7,10,1,alakazam-dudunsparce,Alakazam Dudunsparce,0,0
0075,451,27,13,17,10,0,dragapult-blaziken,Dragapult Blaziken,0,0
0075,452,19,10,13,6,0,alakazam-dusknoir,Alakazam Dusknoir,0,0
0075,453,14,7,6,8,0,mega-venusaur-ex,Mega Venusaur,0,0
0075,454,20,10,14,6,0,alakazam-dusknoir,Alakazam Dusknoir,1,0
0075,455,17,9,10,6,1,alakazam-dusknoir,Alakazam Dusknoir,0,0
0075,456,28,12,18,10,0,dragapult-ex,Dragapult,0,0
0075,457,30,14,19,11,0,festival-lead,Festival Lead,0,0
0075,458,16,10,6,9,1,alakazam-dudunsparce,Alakazam Dudunsparce,0,0
0075,459,26,16,11,15,0,basic-box-m,Basic Box,1,0
0075,460,28,13,19,9,0,dragapult-dusknoir,Dragapult Dusknoir,0,0
0075,461,12,9,5,6,1,mega-starmie-ex,Mega Starmie,0,0
0075,462,16,8,7,9,0,sharpedo-toxtricity,Sharpedo Toxtricity,1,0
0075,463,26,10,16,10,0,dragapult-ex,Dragapult,1,0
0075,464,27,12,17,10,0,dragapult-ex,Dragapult,0,0
0075,465,8,3,0,7,1,dhelmise-pbl,Dhelmise,0,0
0075,466,20,13,5,15,0,n-zoroark,N's Zoroark,1,0
0075,467,22,12,7,15,0,lillie-clefairy,Lillie's Clefairy,0,0
0075,468,25,10,12,11,2,slowking-scr,Slowking,0,0
0075,469,8,7,2,6,0,mega-excadrill-ex,Mega Excadrill,0,0
0075,470,26,11,16,10,0,dragapult-ex,Dragapult,0,0
0075,471,27,11,17,10,0,dragapult-ex,Dragapult,0,0
0075,472,26,17,11,15,0,basic-box-m,Basic Box,0,0
0075,473,26,10,16,10,0,dragapult-ex,Dragapult,0,0
0075,474,27,13,17,10,0,dragapult-blaziken,Dragapult Blaziken,0,0
0075,475,17,10,8,9,0,ogerpon-meganium-arboliva,Ogerpon Meganium Arboliva,1,1
0075,476,28,12,18,10,0,dragapult-ex,Dragapult,0,0
0075,477,19,12,6,13,0,n-zoroark,N's Zoroark,0,0
0075,478,16,8,6,5,5,lopunny-dudunsparce,Lopunny Dudunsparce,1,0
0075,479,15,10,6,9,0,toxtricity-pfl,Toxtricity,0,0
0075,480,28,14,13,15,0,raging-bolt-ogerpon,Raging Bolt Ogerpon,0,0
0075,481,15,7,6,4,5,lopunny-dudunsparce,Lopunny Dudunsparce,0,0
0075,482,30,13,19,11,0,dragapult-dusknoir,Dragapult Dusknoir,0,0
0075,483,21,14,5,16,0,n-zoroark,N's Zoroark,0,0
0075,484,22,13,12,10,0,ogerpon-meganium-hydrapple,Ogerpon Meganium Hydrapple,0,0
0075,485,30,14,20,10,0,dragapult-ex,Dragapult,0,0
0075,486,27,11,18,9,0,dragapult-dudunsparce,Dragapult Dudunsparce,0,0
0075,487,27,11,17,10,0,dragapult-ex,Dragapult,0,0
0075,488,17,10,7,9,1,alakazam-dudunsparce,Alakazam Dudunsparce,0,0
0075,489,26,17,12,14,0,basic-box-m,Basic Box,0,0
0075,490,8,3,0,8,0,rockets-honchkrow,Rocket's Honchkrow,0,0
0075,491,27,11,16,11,0,dragapult-ex,Dragapult,0,0
0075,492,27,12,17,10,0,dragapult-ex,Dragapult,1,0
0075,493,15,9,4,11,0,beedrill-ex-cri,Beedrill,0,0
0075,494,10,4,5,5,0,mega-excadrill-ex,Mega Excadrill,0,0
0075,495,19,9,8,8,3,ceruledge-ex,Ceruledge,0,0
0075,496,3,2,0,3,0,lucario-hariyama,Lucario Hariyama,0,0
0075,497,28,12,20,8,0,dragapult-dudunsparce,Dragapult Dudunsparce,0,0
0075,498,12,7,3,8,1,alakazam-dudunsparce,Alakazam Dudunsparce,0,0
0075,499,27,11,17,10,0,dragapult-ex,Dragapult,1,0
0075,500,26,10,16,10,0,dragapult-ex,Dragapult,0,0
0075,501,27,17,13,14,0,basic-box-m,Basic Box,0,0
0075,502,27,11,17,10,0,dragapult-ex,Dragapult,0,0
0075,503,15,7,5,5,5,lopunny-dudunsparce,Lopunny Dudunsparce,0,0
0075,504,32,14,20,12,0,festival-lead,Festival Lead,0,0
0075,505,32,14,17,15,0,festival-lead,Festival Lead,0,0
0075,506,21,11,13,8,0,alakazam-dusknoir,Alakazam Dusknoir,0,0
0075,507,7,4,4,3,0,cinccino-ex,Cinccino,1,0
0075,508,26,10,16,10,0,dragapult-ex,Dragapult,0,0
0075,509,9,5,5,4,0,mega-excadrill-ex,Mega Excadrill,0,0
0075,510,26,11,17,9,0,dragapult-ex,Dragapult,0,0
0075,511,13,7,0,9,4,crustle-dri,Crustle,0,0
0075,512,31,14,19,12,0,dragapult-dusknoir,Dragapult Dusknoir,0,0
0075,513,20,11,13,7,0,alakazam-dusknoir,Alakazam Dusknoir,0,0
0075,514,17,9,7,10,0,sharpedo-toxtricity,Sharpedo Toxtricity,0,0
0075,515,26,12,17,9,0,dragapult-ex,Dragapult,0,0
0075,516,14,10,4,9,1,alakazam-dudunsparce,Alakazam Dudunsparce,0,0
0075,517,25,11,12,11,2,slowking-scr,Slowking,0,0
0075,518,22,13,6,16,0,n-zoroark,N's Zoroark,0,0
0075,519,26,10,16,10,0,dragapult-ex,Dragapult,0,0
0075,520,26,10,16,10,0,dragapult-ex,Dragapult,0,0
0075,521,14,6,7,7,0,mega-excadrill-ex,Mega Excadrill,0,0
0075,522,27,18,11,16,0,basic-box-m,Basic Box,0,0
0075,523,27,11,16,11,0,dragapult-ex,Dragapult,1,0
0075,524,28,14,18,10,0,dragapult-dusknoir,Dragapult Dusknoir,0,0
0075,525,32,17,21,11,0,dragapult-dusknoir,Dragapult Dusknoir,0,0
0075,526,9,6,0,9,0,mega-lucario-ex,Mega Lucario,0,0
0075,527,20,11,14,5,1,lopunny-dusknoir,Lopunny Dusknoir,0,0
0075,528,17,9,3,14,0,n-zoroark,N's Zoroark,0,0
0075,529,25,10,16,9,0,dragapult-ex,Dragapult,0,0
0075,530,26,11,16,10,0,dragapult-ex,Dragapult,0,0
0075,531,17,8,9,8,0,mega-excadrill-ex,Mega Excadrill,1,0
0075,532,29,14,19,10,0,dragapult-dusknoir,Dragapult Dusknoir,0,0
0075,533,8,4,0,8,0,rocket-mewtwo-ex,Rocket's Mewtwo,0,0
0075,534,23,16,13,10,0,basic-box-m,Basic Box,0,0
0075,535,26,12,12,12,2,slowking-scr,Slowking,0,0
0075,536,19,10,11,8,0,greninja-ex,Greninja,0,0
0075,537,28,14,16,12,0,festival-lead,Festival Lead,1,0
0075,538,29,14,14,13,2,slowking-scr,Slowking,1,1
0075,539,25,16,11,14,0,basic-box-m,Basic Box,1,0
0075,540,26,10,16,10,0,dragapult-ex,Dragapult,0,0
0075,541,27,13,17,10,0,dragapult-blaziken,Dragapult Blaziken,0,0
0075,543,22,12,12,10,0,ogerpon-meganium-hydrapple,Ogerpon Meganium Hydrapple,1,0
0075,544,3,2,0,3,0,lucario-hariyama,Lucario Hariyama,0,0
0075,545,27,11,17,10,0,dragapult-ex,Dragapult,0,0
0075,546,26,12,17,9,0,dragapult-blaziken,Dragapult Blaziken,0,0
0075,547,14,7,6,8,0,mega-venusaur-ex,Mega Venusaur,0,0
0075,548,27,11,17,10,0,dragapult-ex,Dragapult,1,0
0075,549,20,10,14,6,0,alakazam-dusknoir,Alakazam Dusknoir,0,0
0075,550,20,11,9,10,1,mega-chandelure-ex,Mega Chandelure,0,0
0075,551,30,14,20,10,0,dragapult-dusknoir,Dragapult Dusknoir,0,0
0075,552,4,3,0,4,0,rocket-mewtwo-ex,Rocket's Mewtwo,0,0
0075,553,22,12,12,10,0,ogerpon-meganium-hydrapple,Ogerpon Meganium Hydrapple,1,0
0075,554,28,12,17,11,0,dragapult-ex,Dragapult,0,0
0075,555,27,11,17,10,0,dragapult-ex,Dragapult,0,0
0075,556,10,7,6,4,0,toxtricity-pfl,Toxtricity,0,0
0075,557,28,14,13,13,2,slowking-scr,Slowking,1,0
0075,558,13,7,6,7,0,mega-excadrill-ex,Mega Excadrill,1,0
0075,559,17,10,4,13,0,n-zoroark,N's Zoroark,0,0
0075,560,25,10,15,10,0,dragapult-ex,Dragapult,0,0
0075,561,26,12,16,10,0,dragapult-ex,Dragapult,0,0
0075,562,27,13,19,8,0,dragapult-dusknoir,Dragapult Dusknoir,0,0
0075,563,6,4,0,6,0,rocket-mewtwo-ex,Rocket's Mewtwo,0,0
0075,564,27,11,15,12,0,dragapult-ex,Dragapult,0,0
0075,565,22,13,11,11,0,greninja-ex,Greninja,0,0
0075,566,21,13,4,17,0,n-zoroark,N's Zoroark,1,0
0075,567,28,12,18,10,0,dragapult-ex,Dragapult,0,0
0075,568,15,7,4,6,5,lopunny-dudunsparce,Lopunny Dudunsparce,0,0
0075,569,27,11,17,10,0,dragapult-ex,Dragapult,0,0
0075,570,27,13,17,10,0,dragapult-blaziken,Dragapult Blaziken,0,0
0075,571,7,4,0,7,0,rocket-mewtwo-ex,Rocket's Mewtwo,0,0
0075,572,17,11,5,11,1,alakazam-dudunsparce,Alakazam Dudunsparce,0,0
0075,573,26,10,17,9,0,dragapult-ex,Dragapult,0,0
0075,574,26,10,16,10,0,dragapult-ex,Dragapult,0,0
0075,575,27,11,16,11,0,dragapult-ex,Dragapult,0,0
0075,576,21,14,12,9,0,joltik-box,Joltik Box,0,0
0075,577,17,9,10,7,0,alakazam-dusknoir,Alakazam Dusknoir,0,0
0075,578,28,12,18,10,0,dragapult-ex,Dragapult,1,0
0075,579,14,9,4,10,0,mega-greninja-ex,Mega Greninja,0,0
0075,580,8,4,0,7,1,cynthia-garchomp-ex,Cynthia's Garchomp,0,0
0075,581,26,11,17,9,0,dragapult-ex,Dragapult,0,0
0075,582,10,6,5,5,0,mega-excadrill-ex,Mega Excadrill,0,0
0075,583,13,7,3,6,4,hops-trevenant,Hop's Trevenant,1,0
0075,584,25,14,14,10,1,slowking-scr,Slowking,0,0
0075,585,5,4,2,3,0,ursaluna-lunatone,Ursaluna Lunatone,0,0
0075,586,14,8,4,10,0,n-zoroark,N's Zoroark,0,0
0075,587,11,5,4,7,0,mega-excadrill-ex,Mega Excadrill,0,0
0075,588,26,16,10,16,0,basic-box-m,Basic Box,0,0
0075,589,14,6,7,7,0,mega-excadrill-ex,Mega Excadrill,0,0
0075,590,26,12,17,9,0,dragapult-blaziken,Dragapult Blaziken,0,0
0075,591,17,11,6,10,1,alakazam-dudunsparce,Alakazam Dudunsparce,0,0
0075,592,28,12,18,10,0,dragapult-ex,Dragapult,0,0
0075,593,11,9,7,4,0,mega-absol-box,Mega Absol Box,0,0
0075,594,31,18,17,14,0,raging-bolt-ogerpon,Raging Bolt Ogerpon,0,0
0075,595,20,8,8,11,1,alakazam-dudunsparce,Alakazam Dudunsparce,0,0
0075,596,18,9,8,10,0,sharpedo-toxtricity,Sharpedo Toxtricity,0,0
0075,597,20,12,12,7,1,lopunny-dusknoir,Lopunny Dusknoir,0,0
0075,598,26,16,11,15,0,basic-box-m,Basic Box,0,0
0075,599,21,13,5,16,0,n-zoroark,N's Zoroark,1,0
0075,600,24,15,10,14,0,basic-box-m,Basic Box,1,0
0075,601,4,4,0,4,0,lucario-hariyama,Lucario Hariyama,1,0
0075,602,14,7,8,6,0,diancie-dusknoir,Diancie Dusknoir,0,0
0075,603,15,9,3,12,0,n-zoroark,N's Zoroark,0,0
0075,604,17,11,4,13,0,n-zoroark,N's Zoroark,0,0
0075,605,14,10,4,9,1,alakazam-dudunsparce,Alakazam Dudunsparce,0,0
0075,606,13,7,0,9,4,crustle-dri,Crustle,0,0
0075,607,27,11,17,10,0,dragapult-ex,Dragapult,0,0
0075,608,32,14,19,13,0,festival-lead,Festival Lead,0,0
0075,609,22,14,10,12,0,basic-box-m,Basic Box,0,0
0075,610,17,8,7,10,0,sharpedo-toxtricity,Sharpedo Toxtricity,0,0
0075,611,11,6,7,4,0,mega-excadrill-ex,Mega Excadrill,0,0
0075,612,19,9,9,8,2,ceruledge-ex,Ceruledge,0,0
0075,613,16,10,5,10,1,alakazam-dudunsparce,Alakazam Dudunsparce,1,0
0075,614,29,14,18,11,0,dragapult-dusknoir,Dragapult Dusknoir,0,0
0075,615,10,6,5,5,0,mega-excadrill-ex,Mega Excadrill,0,0
0075,616,8,6,2,5,1,dhelmise-pbl,Dhelmise,0,0
0075,617,25,10,16,9,0,dragapult-ex,Dragapult,0,0
0075,618,26,10,16,10,0,dragapult-ex,Dragapult,0,0
0075,619,12,6,1,7,4,hops-trevenant,Hop's Trevenant,0,0
0075,620,17,10,6,10,1,alakazam-dudunsparce,Alakazam Dudunsparce,0,0
0075,621,18,9,8,10,0,sharpedo-toxtricity,Sharpedo Toxtricity,0,0
0075,622,26,11,12,12,2,slowking-scr,Slowking,0,0
0075,623,37,19,19,18,0,flareon-noctowl,Flareon Noctowl,0,0
0075,624,20,10,6,10,4,kangaskhan-bouffalant,Kangaskhan Bouffalant,1,0
0075,625,26,17,11,15,0,basic-box-m,Basic Box,0,0
0075,626,16,9,6,9,1,alakazam-dudunsparce,Alakazam Dudunsparce,0,0
0075,627,8,5,1,6,1,cynthia-garchomp-ex,Cynthia's Garchomp,0,0
0075,628,29,13,18,11,0,dragapult-ex,Dragapult,0,0
0075,629,10,4,0,10,0,rockets-honchkrow,Rocket's Honchkrow,0,0
0075,630,16,9,8,8,0,sharpedo-toxtricity,Sharpedo Toxtricity,0,0
0075,631,19,12,5,14,0,n-zoroark,N's Zoroark,1,0
0075,632,14,9,5,9,0,ogerpon-meganium-arboliva,Ogerpon Meganium Arboliva,0,0
0075,633,17,10,4,13,0,n-zoroark,N's Zoroark,1,0
0075,634,13,7,6,6,1,mega-chandelure-ex,Mega Chandelure,0,0
0075,635,15,9,5,9,1,alakazam-dudunsparce,Alakazam Dudunsparce,0,0
0075,636,22,12,12,10,0,ogerpon-meganium-hydrapple,Ogerpon Meganium Hydrapple,1,0
0075,637,14,9,5,8,1,alakazam-dudunsparce,Alakazam Dudunsparce,0,0
0075,638,29,14,19,10,0,dragapult-dusknoir,Dragapult Dusknoir,0,0
0075,639,28,13,14,12,2,slowking-scr,Slowking,0,0
0075,640,26,10,16,10,0,dragapult-ex,Dragapult,0,0
0075,641,26,10,12,12,2,slowking-scr,Slowking,0,0
0075,642,15,6,9,6,0,mega-excadrill-ex,Mega Excadrill,1,0
0075,643,3,2,0,3,0,lucario-hariyama,Lucario Hariyama,0,0
0075,644,14,9,5,8,1,alakazam-dudunsparce,Alakazam Dudunsparce,1,0
0075,645,25,16,11,14,0,basic-box-m,Basic Box,0,0
0075,646,14,7,7,7,0,mega-lucario-ex,Mega Lucario,0,0
0075,647,13,8,6,7,0,mega-dragonite-ex,Mega Dragonite,0,0
0075,648,30,13,20,10,0,dragapult-dusknoir,Dragapult Dusknoir,1,0
0075,649,22,12,12,10,0,ogerpon-meganium-hydrapple,Ogerpon Meganium Hydrapple,0,0
0075,650,29,15,15,12,2,slowking-scr,Slowking,0,0
0075,651,27,12,17,10,0,dragapult-ex,Dragapult,1,0
0075,652,26,10,12,12,2,slowking-scr,Slowking,0,0
0075,653,26,15,11,13,2,basic-box-m,Basic Box,1,0
0075,654,28,12,18,10,0,dragapult-ex,Dragapult,0,0
0075,655,16,11,4,12,0,n-zoroark,N's Zoroark,0,0
0075,656,13,6,8,5,0,grimmsnarl-froslass,Grimmsnarl Froslass,0,0
0075,657,27,11,16,11,0,dragapult-ex,Dragapult,0,0
0075,658,27,12,17,10,0,dragapult-ex,Dragapult,1,0
0075,659,26,10,16,10,0,dragapult-ex,Dragapult,0,0
0075,660,26,16,11,15,0,basic-box-m,Basic Box,1,0
0075,661,22,13,6,16,0,n-zoroark,N's Zoroark,0,0
0075,662,26,11,17,9,0,dragapult-dudunsparce,Dragapult Dudunsparce,0,0
0075,663,28,12,18,10,0,dragapult-ex,Dragapult,0,0
0075,664,17,10,5,12,0,alakazam-dudunsparce,Alakazam Dudunsparce,0,0
0075,665,29,13,19,10,0,dragapult-dusknoir,Dragapult Dusknoir,0,0
0075,666,17,10,7,9,1,alakazam-dudunsparce,Alakazam Dudunsparce,1,0
0075,667,26,17,12,14,0,basic-box-m,Basic Box,0,0
0075,668,30,14,20,10,0,festival-lead,Festival Lead,0,0
0075,669,4,2,0,4,0,lucario-hariyama,Lucario Hariyama,1,0
0075,670,7,4,0,6,1,dhelmise-pbl,Dhelmise,0,0
0075,671,18,9,6,10,2,ceruledge-ex,Ceruledge,0,0
0075,672,28,14,17,11,0,dragapult-blaziken,Dragapult Blaziken,0,0
0075,673,26,11,17,9,0,dragapult-ex,Dragapult,0,0
0075,674,16,7,5,6,5,lopunny-dudunsparce,Lopunny Dudunsparce,0,0
0075,675,25,16,10,15,0,basic-box-m,Basic Box,1,0
0075,676,26,13,17,9,0,dragapult-blaziken,Dragapult Blaziken,0,0
0075,677,26,11,15,11,0,dragapult-ex,Dragapult,0,0
0075,678,19,11,6,13,0,n-zoroark,N's Zoroark,1,0
0075,679,12,7,0,8,4,crustle-dri,Crustle,0,0
0075,680,14,10,4,10,0,n-zoroark,N's Zoroark,0,0
0075,681,31,14,20,11,0,dragapult-dusknoir,Dragapult Dusknoir,0,0
0075,682,30,14,19,11,0,dragapult-dusknoir,Dragapult Dusknoir,0,0
0075,683,25,11,12,11,2,slowking-scr,Slowking,1,0
0075,684,27,11,17,10,0,dragapult-ex,Dragapult,0,0
0075,685,26,12,13,11,2,slowking-scr,Slowking,1,0
0075,686,16,11,0,12,4,crustle-dri,Crustle,0,0
0075,687,27,11,16,11,0,dragapult-ex,Dragapult,0,0
0075,688,27,11,16,11,0,dragapult-ex,Dragapult,0,0
0075,689,27,11,17,10,0,dragapult-ex,Dragapult,1,0
0075,690,29,14,19,10,0,dragapult-dusknoir,Dragapult Dusknoir,1,0
0075,691,32,14,20,12,0,dragapult-dusknoir,Dragapult Dusknoir,0,0
0075,692,21,11,19,1,1,lopunny-dusknoir,Lopunny Dusknoir,0,0
0075,693,27,11,16,11,0,dragapult-ex,Dragapult,0,0
0075,694,27,11,17,10,0,dragapult-ex,Dragapult,0,0
0075,695,26,13,16,10,0,dragapult-dudunsparce,Dragapult Dudunsparce,0,0
0075,696,14,9,6,6,2,mega-starmie-ex,Mega Starmie,0,0
0075,697,30,13,19,11,0,dragapult-dusknoir,Dragapult Dusknoir,0,0
0075,698,16,7,5,6,5,lopunny-dudunsparce,Lopunny Dudunsparce,0,0
0075,699,6,3,0,5,1,cynthia-garchomp-ex,Cynthia's Garchomp,0,0
0075,700,8,4,1,7,0,dhelmise-pbl,Dhelmise,0,0
0075,701,22,12,16,5,1,lopunny-dusknoir,Lopunny Dusknoir,0,0
0075,702,26,16,11,15,0,basic-box-m,Basic Box,0,0
0075,703,27,12,17,10,0,dragapult-ex,Dragapult,0,0
0075,704,27,11,16,11,0,dragapult-ex,Dragapult,0,0
0075,705,8,4,2,5,1,dhelmise-pbl,Dhelmise,0,0
0075,706,8,3,0,8,0,rockets-honchkrow,Rocket's Honchkrow,1,1
0075,707,26,10,16,10,0,dragapult-ex,Dragapult,0,0
0075,708,17,11,8,9,0,ethan-typhlosion,Ethan's Typhlosion,0,0
0075,709,7,3,0,7,0,rockets-honchkrow,Rocket's Honchkrow,0,0
0075,710,25,16,11,14,0,basic-box-m,Basic Box,0,0
0075,711,15,8,4,11,0,n-zoroark,N's Zoroark,0,0
0075,712,26,10,12,12,2,slowking-scr,Slowking,1,0
0075,713,21,13,6,15,0,n-zoroark,N's Zoroark,1,0
0075,714,26,13,17,9,0,dragapult-blaziken,Dragapult Blaziken,1,0
0075,715,16,10,7,8,1,alakazam-dudunsparce,Alakazam Dudunsparce,0,0
0075,716,26,12,17,9,0,dragapult-blaziken,Dragapult Blaziken,0,0
0075,717,18,9,12,6,0,alakazam-dusknoir,Alakazam Dusknoir,0,0
0075,718,22,13,14,8,0,ogerpon-meganium-hydrapple,Ogerpon Meganium Hydrapple,0,0
0075,719,26,10,16,10,0,dragapult-ex,Dragapult,1,0
0075,720,25,14,11,14,0,raging-bolt-ogerpon,Raging Bolt Ogerpon,0,0
0075,721,25,16,10,15,0,basic-box-m,Basic Box,1,0
0075,722,26,13,15,11,0,dragapult-blaziken,Dragapult Blaziken,0,0
0075,723,27,11,17,10,0,dragapult-ex,Dragapult,0,0
0075,724,26,12,17,9,0,dragapult-blaziken,Dragapult Blaziken,0,0
0075,725,28,14,16,12,0,festival-lead,Festival Lead,0,0
0075,726,14,7,10,4,0,metagross-cri,Metagross,1,0
0075,727,26,12,17,9,0,dragapult-blaziken,Dragapult Blaziken,0,0
0075,728,8,3,0,8,0,rockets-honchkrow,Rocket's Honchkrow,1,0
0075,729,28,12,17,11,0,dragapult-ex,Dragapult,0,0
0075,730,26,10,16,10,0,dragapult-ex,Dragapult,0,0
0075,731,28,12,18,10,0,dragapult-ex,Dragapult,0,0
0075,732,12,7,3,9,0,ethan-typhlosion,Ethan's Typhlosion,0,0
0075,733,27,11,16,11,0,dragapult-ex,Dragapult,0,0
0075,734,14,8,4,10,0,n-zoroark,N's Zoroark,1,0
0075,735,7,4,4,3,0,mega-excadrill-ex,Mega Excadrill,0,0
0075,736,11,6,6,5,0,mega-lucario-ex,Mega Lucario,0,0
0075,737,13,7,8,5,0,grimmsnarl-froslass,Grimmsnarl Froslass,0,0
0075,738,26,10,16,10,0,dragapult-ex,Dragapult,0,0
0075,739,29,14,19,9,1,dragapult-dusknoir,Dragapult Dusknoir,0,0
0075,740,12,7,0,8,4,crustle-dri,Crustle,1,0
0075,741,23,16,13,10,0,basic-box-m,Basic Box,1,0
0075,742,28,13,13,13,2,slowking-scr,Slowking,0,0
0075,743,7,4,0,7,0,rocket-mewtwo-ex,Rocket's Mewtwo,0,0
0075,744,11,5,5,6,0,mega-excadrill-ex,Mega Excadrill,0,0
0075,745,27,11,17,10,0,dragapult-ex,Dragapult,0,0
0075,746,27,12,18,9,0,dragapult-ex,Dragapult,0,0
0075,747,16,12,7,9,0,ethan-typhlosion,Ethan's Typhlosion,0,0
0075,748,26,10,16,10,0,dragapult-ex,Dragapult,1,0
0075,749,29,14,19,10,0,dragapult-dusknoir,Dragapult Dusknoir,0,0
0075,750,26,17,11,15,0,basic-box-m,Basic Box,0,0
0075,751,14,6,8,6,0,mega-excadrill-ex,Mega Excadrill,1,1
0075,752,27,11,16,11,0,dragapult-ex,Dragapult,0,0
0075,753,15,8,6,4,5,lopunny-dudunsparce,Lopunny Dudunsparce,0,0
0075,754,27,13,17,10,0,dragapult-blaziken,Dragapult Blaziken,0,0
0075,755,16,12,6,9,1,alakazam-dudunsparce,Alakazam Dudunsparce,0,0
0075,756,20,8,7,9,4,kangaskhan-bouffalant,Kangaskhan Bouffalant,0,0
0075,757,26,10,16,10,0,dragapult-ex,Dragapult,0,0
0075,758,5,3,0,5,0,cynthia-garchomp-ex,Cynthia's Garchomp,0,0
0075,759,29,13,20,9,0,dragapult-dusknoir,Dragapult Dusknoir,0,0
0075,760,28,12,18,10,0,dragapult-ex,Dragapult,1,1
0075,761,14,8,6,7,1,mega-lucario-ex,Mega Lucario,0,0
0075,762,11,7,4,7,0,alakazam-meg,Alakazam,0,0
0075,763,18,9,7,11,0,sharpedo-toxtricity,Sharpedo Toxtricity,1,0
0075,764,20,12,14,6,0,alakazam-dusknoir,Alakazam Dusknoir,1,0
0075,765,26,11,16,10,0,dragapult-ex,Dragapult,0,0
0075,766,27,13,13,12,2,slowking-scr,Slowking,0,0
0075,767,22,12,12,10,0,ogerpon-meganium-hydrapple,Ogerpon Meganium Hydrapple,1,0
0075,768,29,14,16,13,0,festival-lead,Festival Lead,1,0
0075,769,31,12,20,11,0,dragapult-ex,Dragapult,0,0
0075,770,11,8,4,6,1,dhelmise-pbl,Dhelmise,0,0
0075,771,26,17,11,15,0,basic-box-m,Basic Box,0,0
0075,772,26,11,17,9,0,dragapult-ex,Dragapult,0,0
0075,773,25,14,14,10,1,slowking-scr,Slowking,0,0
0075,774,27,12,18,9,0,dragapult-ex,Dragapult,1,0
0075,775,30,15,18,12,0,festival-lead,Festival Lead,1,0
0075,776,28,12,17,11,0,dragapult-ex,Dragapult,0,0
0075,777,10,7,3,6,1,dhelmise-pbl,Dhelmise,1,0
0075,778,28,12,18,10,0,dragapult-ex,Dragapult,0,0
0075,779,11,7,4,6,1,dhelmise-pbl,Dhelmise,0,0
0075,780,6,3,0,6,0,rocket-mewtwo-ex,Rocket's Mewtwo,1,0
0075,781,31,14,20,11,0,festival-lead,Festival Lead,1,0
0075,782,28,12,17,11,0,dragapult-ex,Dragapult,0,0
0075,783,7,4,1,6,0,hop-zacian,Hop's Zacian,0,0
0075,784,11,5,5,5,1,mega-chandelure-ex,Mega Chandelure,0,0
0075,785,26,11,12,12,2,slowking-scr,Slowking,1,0
0075,786,13,6,0,9,4,crustle-dri,Crustle,0,0
0075,787,20,10,14,6,0,alakazam-dusknoir,Alakazam Dusknoir,0,0
0075,788,13,7,0,9,4,crustle-dri,Crustle,1,0
0075,789,13,8,0,9,4,crustle-dri,Crustle,0,0
0075,790,26,12,17,9,0,dragapult-ex,Dragapult,0,0
0075,791,3,2,0,3,0,lucario-hariyama,Lucario Hariyama,0,0
0075,792,26,10,16,10,0,dragapult-ex,Dragapult,0,0
0075,793,21,10,13,8,0,alakazam-dusknoir,Alakazam Dusknoir,0,0
0075,794,26,12,17,9,0,dragapult-blaziken,Dragapult Blaziken,0,0
0075,795,6,3,0,5,1,cynthia-garchomp-ex,Cynthia's Garchomp,0,0
0075,796,17,9,7,5,5,lopunny-dudunsparce,Lopunny Dudunsparce,0,0
0075,797,26,10,16,10,0,dragapult-ex,Dragapult,0,0
0075,798,26,16,11,15,0,basic-box-m,Basic Box,0,0
0075,799,12,5,5,7,0,mega-lucario-ex,Mega Lucario,0,0
0075,800,16,10,4,12,0,n-zoroark,N's Zoroark,1,0
0075,801,8,4,0,8,0,rocket-mewtwo-ex,Rocket's Mewtwo,1,0
0075,802,17,10,6,10,1,alakazam-dudunsparce,Alakazam Dudunsparce,0,0
0075,803,3,2,0,3,0,lucario-hariyama,Lucario Hariyama,0,0
0075,804,18,13,11,6,1,alakazam-dusknoir,Alakazam Dusknoir,0,0
0075,805,13,7,5,8,0,mega-venusaur-ex,Mega Venusaur,0,0
0075,806,22,11,6,16,0,mew-ex-30c,Mew Box,0,0
0075,807,26,10,16,10,0,dragapult-ex,Dragapult,0,0
0075,808,7,6,3,4,0,stevens-metagross,Steven's Metagross,0,0
0075,809,27,12,17,10,0,dragapult-ex,Dragapult,1,0
0075,810,11,7,4,6,1,alakazam-dudunsparce,Alakazam Dudunsparce,0,0
0075,811,21,13,4,17,0,n-zoroark,N's Zoroark,1,0
0075,812,22,14,17,4,1,lopunny-dusknoir,Lopunny Dusknoir,0,0
0075,813,24,12,10,12,2,slowking-scr,Slowking,0,0
0075,814,27,13,17,10,0,dragapult-blaziken,Dragapult Blaziken,0,0
0075,815,25,11,16,9,0,dragapult-blaziken,Dragapult Blaziken,1,0
0075,816,18,9,12,6,0,alakazam-dusknoir,Alakazam Dusknoir,1,0
0075,817,29,14,19,10,0,dragapult-dusknoir,Dragapult Dusknoir,0,0
0075,818,18,11,4,14,0,n-zoroark,N's Zoroark,0,0
0075,819,27,12,16,11,0,dragapult-blaziken,Dragapult Blaziken,0,0
0075,820,17,10,5,12,0,n-zoroark,N's Zoroark,1,0
0075,821,25,10,16,9,0,dragapult-ex,Dragapult,0,0
0075,822,7,4,1,5,1,cynthia-garchomp-ex,Cynthia's Garchomp,0,0
0075,823,30,13,20,10,0,dragapult-dusknoir,Dragapult Dusknoir,1,0
0075,824,26,10,16,10,0,dragapult-ex,Dragapult,1,0
0075,825,26,10,16,10,0,dragapult-ex,Dragapult,1,0
0075,826,15,8,7,8,0,beedrill-ex-cri,Beedrill,0,0
0075,827,23,12,7,16,0,mew-ex-30c,Mew Box,1,0
0075,828,26,12,17,9,0,dragapult-blaziken,Dragapult Blaziken,0,0
0075,829,21,12,14,6,1,lopunny-dusknoir,Lopunny Dusknoir,0,0
0075,830,26,12,14,12,0,slowking-scr,Slowking,0,0
0075,831,21,13,13,7,1,lopunny-dusknoir,Lopunny Dusknoir,0,0
0075,832,27,12,18,9,0,dragapult-ex,Dragapult,0,0
0075,833,26,15,11,15,0,basic-box-m,Basic Box,0,0
0075,834,12,7,0,8,4,crustle-dri,Crustle,0,0
0075,835,26,17,11,15,0,basic-box-m,Basic Box,0,0
0075,836,33,14,20,13,0,festival-lead,Festival Lead,1,0
0075,837,26,11,17,9,0,dragapult-ex,Dragapult,0,0
0075,838,21,11,19,1,1,lopunny-dusknoir,Lopunny Dusknoir,0,0
0075,839,30,13,19,11,0,dragapult-dusknoir,Dragapult Dusknoir,0,0
0075,840,22,13,6,16,0,n-zoroark,N's Zoroark,0,0
0075,841,23,13,4,19,0,n-zoroark,N's Zoroark,1,0
0075,842,25,10,16,9,0,dragapult-ex,Dragapult,1,0
0075,843,15,8,6,7,2,mega-absol-box,Mega Absol Box,0,0
0075,844,13,7,0,9,4,crustle-dri,Crustle,0,0
0075,845,27,11,17,10,0,dragapult-ex,Dragapult,0,0
0075,846,27,11,17,10,0,dragapult-ex,Dragapult,0,0
0075,847,26,16,11,15,0,basic-box-m,Basic Box,1,0
0075,848,23,14,18,4,1,other,Other,0,0
0075,849,29,14,19,10,0,dragapult-dusknoir,Dragapult Dusknoir,0,0
0075,850,4,3,0,4,0,lucario-hariyama,Lucario Hariyama,1,0
0075,851,10,5,3,6,1,dhelmise-pbl,Dhelmise,0,0
0075,852,10,6,1,8,1,mega-starmie-ex,Mega Starmie,1,0
0075,853,22,11,15,6,1,starmie-dusknoir,Starmie Dusknoir,0,0
0075,854,26,11,16,10,0,dragapult-ex,Dragapult,0,0
0075,855,9,4,0,9,0,rockets-honchkrow,Rocket's Honchkrow,0,0
0075,856,4,4,1,3,0,mega-lucario-ex,Mega Lucario,0,0
0075,857,31,14,20,11,0,dragapult-dusknoir,Dragapult Dusknoir,0,0
0075,858,25,11,15,10,0,dragapult-ex,Dragapult,0,0
0075,859,15,10,4,11,0,n-zoroark,N's Zoroark,1,0
0075,860,9,5,8,0,1,mega-dragonite-ex,Mega Dragonite,0,0
0075,861,4,2,0,4,0,lucario-hariyama,Lucario Hariyama,0,0
0075,862,26,11,17,9,0,dragapult-dudunsparce,Dragapult Dudunsparce,0,0
0075,863,18,9,12,6,0,alakazam-dusknoir,Alakazam Dusknoir,0,0
0075,864,17,11,5,12,0,n-zoroark,N's Zoroark,0,0
0075,865,27,12,17,10,0,dragapult-ex,Dragapult,0,0
0075,866,27,11,16,11,0,dragapult-ex,Dragapult,0,0
0075,867,4,3,0,4,0,lucario-hariyama,Lucario Hariyama,0,0
0075,868,26,17,12,14,0,basic-box-m,Basic Box,0,0
0075,869,9,5,4,5,0,dhelmise-pbl,Dhelmise,0,0
0075,870,29,12,14,11,4,slowking-scr,Slowking,0,0
0075,871,12,8,6,6,0,mega-lucario-ex,Mega Lucario,0,0
0075,872,28,12,13,13,2,slowking-scr,Slowking,0,0
0075,873,24,15,10,14,0,basic-box-m,Basic Box,1,0
0075,874,18,12,5,13,0,n-zoroark,N's Zoroark,0,0
0075,875,27,13,17,10,0,dragapult-ex,Dragapult,0,0
0075,876,9,4,2,7,0,dhelmise-pbl,Dhelmise,0,0
0075,877,9,6,5,4,0,mega-excadrill-ex,Mega Excadrill,0,0
0075,878,14,8,0,10,4,crustle-dri,Crustle,0,0
0075,879,28,12,18,10,0,dragapult-ex,Dragapult,1,1
0075,880,26,11,16,10,0,dragapult-ex,Dragapult,0,0
0075,881,22,12,12,10,0,ogerpon-meganium-hydrapple,Ogerpon Meganium Hydrapple,0,0
0075,882,10,4,0,10,0,rockets-honchkrow,Rocket's Honchkrow,0,0
0075,883,28,12,18,10,0,dragapult-ex,Dragapult,0,0
0075,884,26,11,17,9,0,dragapult-ex,Dragapult,0,0
0075,885,28,12,18,10,0,dragapult-ex,Dragapult,0,0
0075,886,14,8,9,5,0,grimmsnarl-froslass,Grimmsnarl Froslass,0,0
0075,887,28,14,17,11,0,dragapult-dusknoir,Dragapult Dusknoir,0,0
0075,888,27,11,17,10,0,dragapult-ex,Dragapult,0,0
0075,889,25,15,10,15,0,basic-box-m,Basic Box,0,0
0075,890,28,12,18,10,0,dragapult-ex,Dragapult,0,0
0075,891,27,14,10,15,2,raging-bolt-ogerpon,Raging Bolt Ogerpon,0,0
0075,892,26,10,16,10,0,dragapult-ex,Dragapult,0,0
0075,893,17,10,7,9,1,alakazam-dudunsparce,Alakazam Dudunsparce,0,0
0075,894,16,8,6,5,5,lopunny-dudunsparce,Lopunny Dudunsparce,0,0
0075,895,19,8,8,10,1,ceruledge-ex,Ceruledge,1,0
0075,896,31,14,19,12,0,festival-lead,Festival Lead,0,0
0075,897,28,12,18,10,0,dragapult-ex,Dragapult,1,0
0075,898,15,9,9,6,0,grimmsnarl-froslass,Grimmsnarl Froslass,0,0
0075,899,30,14,19,11,0,dragapult-dusknoir,Dragapult Dusknoir,0,0
0075,900,26,10,16,10,0,dragapult-ex,Dragapult,0,0
0075,901,3,2,0,3,0,lucario-hariyama,Lucario Hariyama,0,0
0075,902,30,14,19,11,0,dragapult-dusknoir,Dragapult Dusknoir,0,0
0075,903,27,13,17,10,0,dragapult-blaziken,Dragapult Blaziken,1,0
0075,904,26,10,16,10,0,dragapult-ex,Dragapult,0,0
0075,905,24,12,13,11,0,dragapult-blaziken,Dragapult Blaziken,0,0
0075,906,16,11,5,10,1,alakazam-dudunsparce,Alakazam Dudunsparce,0,0
0075,907,16,10,7,8,1,alakazam-dudunsparce,Alakazam Dudunsparce,0,0
0075,908,16,10,5,10,1,alakazam-dudunsparce,Alakazam Dudunsparce,0,0
0075,909,8,4,1,7,0,rockets-honchkrow,Rocket's Honchkrow,0,0
0075,910,28,12,18,10,0,dragapult-ex,Dragapult,0,0
0075,911,12,7,0,8,4,crustle-dri,Crustle,0,0
0075,912,26,11,16,10,0,dragapult-ex,Dragapult,0,0
0075,913,28,12,18,10,0,dragapult-ex,Dragapult,0,0
0075,914,17,11,3,14,0,n-zoroark,N's Zoroark,0,0
0075,915,30,14,20,10,0,dragapult-dusknoir,Dragapult Dusknoir,0,0
0075,916,6,4,0,6,0,rocket-mewtwo-ex,Rocket's Mewtwo,1,0
0075,917,20,11,5,15,0,n-zoroark,N's Zoroark,1,0
0075,918,7,5,1,4,2,crustle-dri,Crustle,0,0
0075,919,14,6,8,6,0,grimmsnarl-froslass,Grimmsnarl Froslass,0,0
0075,920,6,4,2,3,1,dhelmise-pbl,Dhelmise,0,0
0075,921,26,10,16,10,0,dragapult-ex,Dragapult,1,0
0075,922,5,4,1,4,0,lucario-hariyama,Lucario Hariyama,0,0
0075,923,3,2,0,3,0,lucario-hariyama,Lucario Hariyama,0,0
0075,924,14,7,4,9,1,starmie-froslass,Starmie Froslass,0,0
0075,925,27,13,17,10,0,dragapult-blaziken,Dragapult Blaziken,0,0
0075,926,31,13,19,12,0,dragapult-dusknoir,Dragapult Dusknoir,0,0
0075,927,27,11,17,10,0,dragapult-ex,Dragapult,0,0
0075,928,29,14,18,11,0,festival-lead,Festival Lead,0,0
0075,929,6,3,0,6,0,cynthia-garchomp-ex,Cynthia's Garchomp,0,0
0075,930,29,13,20,9,0,dragapult-dusknoir,Dragapult Dusknoir,0,0
0075,931,14,6,9,5,0,grimmsnarl-froslass,Grimmsnarl Froslass,0,0
0075,932,27,11,17,10,0,dragapult-ex,Dragapult,0,0
0075,933,26,16,11,15,0,basic-box-m,Basic Box,0,0
0075,934,26,10,16,10,0,dragapult-ex,Dragapult,0,0
0075,935,27,11,12,13,2,slowking-scr,Slowking,0,0
0075,936,17,10,7,10,0,greninja-ex,Greninja,0,0
0075,937,25,15,11,14,0,basic-box-m,Basic Box,0,0
0075,938,16,8,6,5,5,lopunny-dudunsparce,Lopunny Dudunsparce,1,0
0075,939,29,13,19,10,0,dragapult-dusknoir,Dragapult Dusknoir,0,0
0075,940,27,12,17,10,0,dragapult-ex,Dragapult,0,0
0075,941,14,9,2,12,0,n-zoroark,N's Zoroark,0,0
0075,942,27,12,16,11,0,dragapult-ex,Dragapult,0,0
0075,943,12,6,0,8,4,crustle-dri,Crustle,1,0
0075,944,7,3,0,7,0,other,Other,0,0
0075,945,26,13,13,12,1,slowking-scr,Slowking,1,0
0075,946,26,11,16,10,0,dragapult-ex,Dragapult,0,0
0075,947,27,11,17,10,0,dragapult-ex,Dragapult,0,0
0075,948,19,12,6,13,0,n-zoroark,N's Zoroark,1,0
0075,949,9,5,5,4,0,mega-excadrill-ex,Mega Excadrill,0,0
0075,950,14,10,5,8,1,alakazam-dudunsparce,Alakazam Dudunsparce,0,0
0075,951,25,11,16,9,0,dragapult-blaziken,Dragapult Blaziken,0,0
0075,952,19,9,13,6,0,alakazam-dusknoir,Alakazam Dusknoir,0,0
0075,953,25,11,16,9,0,dragapult-ex,Dragapult,0,0
0075,954,9,7,2,7,0,lucario-hariyama,Lucario Hariyama,0,0
0075,955,17,8,5,9,3,lopunny-dudunsparce,Lopunny Dudunsparce,0,0
0075,956,29,13,20,9,0,dragapult-dusknoir,Dragapult Dusknoir,0,0
0075,957,17,11,7,10,0,starmie-froslass,Starmie Froslass,0,0
0075,958,7,3,0,6,1,cynthia-garchomp-ex,Cynthia's Garchomp,0,0
0075,959,26,11,17,9,0,dragapult-ex,Dragapult,0,0
0075,960,12,6,5,5,2,mega-excadrill-ex,Mega Excadrill,0,0
0075,961,26,11,17,9,0,dragapult-ex,Dragapult,0,0
0075,962,26,16,12,14,0,basic-box-m,Basic Box,0,0
0075,963,32,15,19,13,0,festival-lead,Festival Lead,1,0
0075,964,4,3,0,4,0,lucario-hariyama,Lucario Hariyama,0,0
0075,965,31,14,20,11,0,dragapult-dusknoir,Dragapult Dusknoir,0,0
0075,966,17,10,7,9,1,alakazam-dudunsparce,Alakazam Dudunsparce,0,0
0075,967,22,12,12,10,0,ogerpon-meganium-hydrapple,Ogerpon Meganium Hydrapple,0,0
0075,968,24,11,15,9,0,dragapult-ex,Dragapult,0,0
0075,969,14,8,4,10,0,n-zoroark,N's Zoroark,1,0
0075,970,29,14,17,12,0,festival-lead,Festival Lead,0,0
0075,971,27,11,17,10,0,dragapult-ex,Dragapult,0,0
0075,972,24,14,13,11,0,joltik-box,Joltik Box,0,0
0075,973,26,16,11,15,0,basic-box-m,Basic Box,0,0
0075,974,28,16,12,16,0,raging-bolt-ogerpon,Raging Bolt Ogerpon,0,0
0075,975,8,5,1,7,0,cynthia-garchomp-ex,Cynthia's Garchomp,1,0
0075,976,14,9,8,6,0,toxtricity-box,Toxtricity Box,0,0
0075,977,32,16,16,13,3,seaking-pre,Seaking Festival Lead,0,0
0075,978,26,11,16,10,0,dragapult-ex,Dragapult,0,0
0075,979,27,17,11,16,0,basic-box-m,Basic Box,0,0
0075,980,26,12,17,9,0,dragapult-blaziken,Dragapult Blaziken,0,0
0075,981,26,10,16,10,0,dragapult-ex,Dragapult,1,0
0075,982,26,10,16,10,0,dragapult-ex,Dragapult,0,0
0075,983,27,11,17,10,0,dragapult-ex,Dragapult,0,0
0075,984,17,8,7,10,0,sharpedo-toxtricity,Sharpedo Toxtricity,0,0
0075,985,30,14,20,10,0,dragapult-dusknoir,Dragapult Dusknoir,0,0
0075,986,27,11,17,10,0,dragapult-ex,Dragapult,0,0
0075,987,15,7,9,6,0,grimmsnarl-froslass,Grimmsnarl Froslass,0,0
0075,988,17,10,7,9,1,alakazam-dudunsparce,Alakazam Dudunsparce,1,0
0075,989,27,11,16,11,0,dragapult-ex,Dragapult,0,0
0075,990,12,6,8,4,0,mega-excadrill-ex,Mega Excadrill,0,0
0075,991,30,14,19,11,0,dragapult-dusknoir,Dragapult Dusknoir,0,0
0075,992,27,11,17,10,0,dragapult-ex,Dragapult,0,0
0075,993,16,9,6,10,0,mega-darkrai-ex,Mega Darkrai,0,0
0075,994,27,13,12,13,2,slowking-scr,Slowking,0,0
0075,995,18,13,11,6,1,alakazam-dusknoir,Alakazam Dusknoir,0,0
0075,996,27,12,17,10,0,dragapult-ex,Dragapult,1,0
0075,997,18,11,5,13,0,n-zoroark,N's Zoroark,0,0
0075,998,26,12,16,10,0,dragapult-ex,Dragapult,0,0
0075,999,26,12,17,9,0,dragapult-blaziken,Dragapult Blaziken,0,0
0075,1000,27,11,16,11,0,dragapult-ex,Dragapult,1,0
0075,1001,19,9,9,10,0,mega-excadrill-ex,Mega Excadrill,0,0
0075,1002,14,10,4,10,0,n-zoroark,N's Zoroark,0,0
0075,1003,19,11,9,9,1,alakazam-dudunsparce,Alakazam Dudunsparce,0,0
0075,1004,12,6,7,5,0,mega-lucario-ex,Mega Lucario,0,0
0075,1005,16,9,9,7,0,ogerpon-meganium-hydrapple,Ogerpon Meganium Hydrapple,0,0
0075,1006,27,13,17,10,0,dragapult-blaziken,Dragapult Blaziken,0,0
0075,1007,22,12,12,10,0,ogerpon-meganium-hydrapple,Ogerpon Meganium Hydrapple,0,0
0075,1008,25,12,17,8,0,dragapult-blaziken,Dragapult Blaziken,0,0
0075,1009,27,12,18,9,0,dragapult-ex,Dragapult,0,0
0075,1010,13,8,4,8,1,alakazam-dudunsparce,Alakazam Dudunsparce,0,0
0075,1011,27,11,17,10,0,dragapult-ex,Dragapult,1,0
0075,1012,26,11,17,9,0,dragapult-ex,Dragapult,0,0
0075,1013,27,11,17,10,0,dragapult-ex,Dragapult,0,0
0075,1014,15,10,5,9,1,alakazam-dudunsparce,Alakazam Dudunsparce,0,0
0075,1015,26,11,16,10,0,dragapult-ex,Dragapult,0,0
0075,1016,20,10,17,2,1,lopunny-dusknoir,Lopunny Dusknoir,0,0
0075,1017,21,12,12,9,0,ogerpon-meganium-hydrapple,Ogerpon Meganium Hydrapple,0,0
0075,1018,31,14,20,11,0,festival-lead,Festival Lead,0,0
0075,1019,12,7,5,7,0,okidogi-barbaracle,Okidogi Barbaracle,0,0
0075,1020,7,5,1,5,1,lucario-hariyama,Lucario Hariyama,0,0
0075,1021,11,7,6,4,1,dhelmise-pbl,Dhelmise,0,0
0075,1022,25,10,15,10,0,dragapult-ex,Dragapult,0,0
0075,1023,20,11,6,10,4,kangaskhan-bouffalant,Kangaskhan Bouffalant,1,0
0075,1024,14,8,7,7,0,mega-excadrill-ex,Mega Excadrill,0,0
0075,1025,26,12,16,10,0,dragapult-blaziken,Dragapult Blaziken,0,0
0075,1026,20,12,5,15,0,n-zoroark,N's Zoroark,0,0
0075,1027,27,12,13,12,2,slowking-scr,Slowking,1,0
0075,1028,17,8,7,10,0,sharpedo-toxtricity,Sharpedo Toxtricity,0,0
0075,1029,26,16,11,15,0,basic-box-m,Basic Box,0,0
0075,1030,27,11,17,10,0,dragapult-ex,Dragapult,0,0
0075,1031,11,8,4,7,0,toxtricity-pfl,Toxtricity,0,0
0075,1032,16,10,6,9,1,alakazam-dudunsparce,Alakazam Dudunsparce,0,0
0075,1033,14,5,8,6,0,mega-excadrill-ex,Mega Excadrill,0,0
0075,1034,21,13,5,16,0,n-zoroark,N's Zoroark,0,0
0075,1035,26,11,17,9,0,dragapult-ex,Dragapult,0,0
0075,1036,28,12,18,10,0,dragapult-ex,Dragapult,1,0
0075,1037,14,7,7,7,0,grimmsnarl-froslass,Grimmsnarl Froslass,0,0
0075,1038,18,9,8,10,0,sharpedo-toxtricity,Sharpedo Toxtricity,1,0
0075,1039,25,11,16,9,0,dragapult-ex,Dragapult,0,0
0075,1040,16,11,4,12,0,n-zoroark,N's Zoroark,1,0
0075,1041,26,11,16,10,0,dragapult-ex,Dragapult,0,0
0075,1042,13,7,0,9,4,crustle-dri,Crustle,0,0
0075,1043,15,9,6,9,0,starmie-froslass,Starmie Froslass,0,0
0075,1044,31,15,18,13,0,festival-lead,Festival Lead,0,0
0075,1045,10,6,4,6,0,mega-excadrill-ex,Mega Excadrill,0,0
0075,1046,21,13,12,9,0,greninja-ex,Greninja,0,0
0075,1047,6,3,0,6,0,rocket-mewtwo-ex,Rocket's Mewtwo,1,0
0075,1048,6,4,1,5,0,rocket-mewtwo-ex,Rocket's Mewtwo,0,0
0075,1049,9,4,0,9,0,rockets-honchkrow,Rocket's Honchkrow,1,0
0075,1050,14,7,7,7,0,lucario-hariyama,Lucario Hariyama,0,0
0075,1051,14,9,2,12,0,other,Other,0,0
0075,1052,15,9,3,12,0,beedrill-ex-cri,Beedrill,0,0
0075,1053,23,11,12,11,0,ogerpon-meganium-hydrapple,Ogerpon Meganium Hydrapple,0,0
0075,1054,33,18,20,13,0,flareon-noctowl,Flareon Noctowl,0,0
0075,1055,29,13,21,8,0,dragapult-dusknoir,Dragapult Dusknoir,0,0
0075,1056,5,4,2,3,0,hop-zacian,Hop's Zacian,0,0
0075,1057,25,12,17,8,0,dragapult-blaziken,Dragapult Blaziken,0,0
0075,1058,28,12,18,10,0,dragapult-ex,Dragapult,0,0
0075,1059,26,10,16,10,0,dragapult-ex,Dragapult,0,0
0075,1060,16,10,6,9,1,alakazam-dudunsparce,Alakazam Dudunsparce,0,0
0075,1061,25,16,11,14,0,basic-box-m,Basic Box,1,0
0075,1062,15,6,9,6,0,mega-excadrill-ex,Mega Excadrill,0,0
0075,1063,22,13,6,16,0,n-zoroark,N's Zoroark,1,0
0075,1064,21,11,12,9,0,ogerpon-meganium-hydrapple,Ogerpon Meganium Hydrapple,0,0
0075,1065,10,7,4,5,1,dhelmise-pbl,Dhelmise,0,0
0075,1066,31,14,20,11,0,dragapult-dusknoir,Dragapult Dusknoir,0,0
0075,1067,15,10,0,11,4,crustle-dri,Crustle,0,0
0075,1068,27,11,17,10,0,dragapult-ex,Dragapult,1,0
0075,1069,25,12,17,8,0,dragapult-blaziken,Dragapult Blaziken,0,0
0075,1070,15,11,4,11,0,n-zoroark,N's Zoroark,0,0
0075,1071,23,14,10,13,0,clefairy-ogerpon,Clefairy Ogerpon,0,0
0075,1072,4,3,1,3,0,lucario-hariyama,Lucario Hariyama,0,0
0075,1074,26,17,11,15,0,basic-box-m,Basic Box,0,0
